id,clee,nom_estab,raz_social,codigo_act,nombre_act,per_ocu,tipo_vial,nom_vial,tipo_v_e_1,nom_v_e_1,tipo_v_e_2,nom_v_e_2,tipo_v_e_3,nom_v_e_3,numero_ext,letra_ext,edificio,edificio_e,numero_int,letra_int,tipo_asent,nomb_asent,tipoCenCom,nom_CenCom,num_local,cod_postal,cve_ent,entidad,cve_mun,municipio,cve_loc,localidad,ageb,manzana,telefono,correoelec,www,tipoUniEco,latitud,longitud,fecha_alta
6232561,09015722110006034102003628S6,1021 CHILIS REFORMA 222,GASTRO SUR SA DE CV,722511,Restaurantes con servicio de preparación de alimentos a la carta o de comida corrida,31 a 50 personas,AVENIDA,PASEO DE LA REFORMA,CALLE,HAVRE,CALLE,NÁPOLES,CALLE,HAMBURGO,222,NA,NA,NA,NA,R-04 L-101,COLONIA,JUAREZ,EDIFICIO COMERCIAL Y DE SERVICIOS,REFORMA DOS VIENTIDOS,NA,06600,09,Ciudad de México,015,Cuauhtémoc,0001,Cuauhtémoc,0803,008,NA,CH_REFORMA@CHILISMEXICO.COM.MX,WWW.CHILIS.COM.MX,Fijo,19.42903331,-99.16222755,2010-07
6319242,09015722110006124002003628S5,1022 CHILIS ALAMEDA JUAREZ,GASTRO SUR SA DE CV,722511,Restaurantes con servicio de preparación de alimentos a la carta o de comida corrida,31 a 50 personas,AVENIDA,JUÁREZ,CALLE,DOLORES,CALLE,LUIS MOYA,CALLE,INDEPENDENCIA,30,B,NA,NA,NA,NA,COLONIA,CENTRO,NA,NA,NA,06050,09,Ciudad de México,015,Cuauhtémoc,0001,Cuauhtémoc,0748,010,NA,CH_ALAMEDA@CHILISMEXICO.COM.MX,WWW.CHILIS.COM.MX,Fijo,19.43441186,-99.14292139,2010-07
6795157,09015722110007151001003628S7,1033 CHILLIS ZONA ROSA,GASTRO SUR SA DE CV,722511,Restaurantes con servicio de preparación de alimentos a la carta o de comida corrida,31 a 50 personas,CALLE,LONDRES,CALLE,AMBERES,CALLE,GÉNOVA,CALLE,HAMBURGO,127,NA,NA,NA,NA,53 AL 55 Y,COLONIA,JUAREZ,NA,NA,NA,06600,09,Ciudad de México,015,Cuauhtémoc,0001,Cuauhtémoc,095A,008,NA,ZONAROSA@CHILIS.COM.MX,WWW.CHILIS.COM.MX,Fijo,19.42531656,-99.16434183,2017-03
6320506,09015722511000284002003628S2,1041 CHILIS BUENAVISTA,GASTRO SUR SA DE CV,722511,Restaurantes con servicio de preparación de alimentos a la carta o de comida corrida,31 a 50 personas,OTRO(ESPECIFIQUE),NINGUNO,AVENIDA,INSURGENTES NORTE,ANDADOR,NINGUNO,ANDADOR,NINGUNO,259,NA,NA,NA,NA,N1-38,COLONIA,BUENAVISTA,NA,NA,NA,06350,09,Ciudad de México,015,Cuauhtémoc,0001,Cuauhtémoc,049A,001,NA,CH_BUENAVISTA@CHILISMEXICO.COM.MX,WWW.CHILIS.COM.MX,Fijo,19.44689894,-99.15253949,2014-12
6708952,09015722511008133001003628S3,1045 CHILIS PABELLON CUAUHTEMOC,GASTRO SUR SA DE CV,722511,Restaurantes con servicio de preparación de alimentos a la carta o de comida corrida,31 a 50 personas,EJE VIAL,1 PONIENTE (AVENIDA CUAUHTÉMOC),CALLE,HUATABAMPO,CALLE,ANTONIO M  ANZA,CALLE,TOLUCA,20,NA,NA,NA,NA,NA,COLONIA,DOCTORES,NA,NA,NA,06720,09,Ciudad de México,015,Cuauhtémoc,0001,Cuauhtémoc,138A,002,NA,CH_CUAUHTEMOC@CHILISMEXICO.COM.MX,WWW.CHILIS.COM.MX,Fijo,19.41170304,-99.15492427,2016-01
9392977,09015722511017303000003628S1,1070 CHILIS PORTAL CENTRO,GASTRO SUR SA DE CV,722511,Restaurantes con servicio de preparación de alimentos a la carta o de comida corrida,31 a 50 personas,CALLE,LORENZO BOTURINI,CALLE,XOCONGO,CALLE,FRANCISCO J. CLAVIJERO,CALLE,CALLEJÓN SAN ANTONIO ABAD,258,NA,NA,NA,NA,NA,COLONIA,TRANSITO,NA,NA,NA,06820,09,Ciudad de México,015,Cuauhtémoc,0001,Cuauhtémoc,106A,003,NA,CH_PCENTRO@CHILIS.COM.MX,WWW.CHILIS.COM.MX,Fijo,19.41770019,-99.13009055,2023-11
6812948,09015722518005224011028201S8,1500 REFORMA 222,ESPECIALISTAS EN RESTAURANTES DE COMIDA ESTILO ASIATICA SA DE CV,722511,Restaurantes con servicio de preparación de alimentos a la carta o de comida corrida,31 a 50 personas,AVENIDA,PASEO DE LA REFORMA,CALLE,NÁPOLES,CALLE,HAVRE,CALLE,HAMBURGO,222,NA,NA,NA,NA,NA,COLONIA,JUAREZ,CENTRO Y PLAZA COMERCIAL,REFORMA 222,SN,06600,09,Ciudad de México,015,Cuauhtémoc,0001,Cuauhtémoc,0803,008,NA,TUOPINIO@PFCHANGSMEXICO.COM.MX,WWW.PFCHANGSMEXICO.COM.MX,Fijo,19.429225249999998,-99.16181842,2017-11
10788719,09015722511022902000000000U3,1985 AUTIFINE,NA,722511,Restaurantes con servicio de preparación de alimentos a la carta o de comida corrida,6 a 10 personas,CALLE,ORIZABA,CALLE,COLIMA,CALLE,PLAZA RIO DE JANEIRO,CALLE,CORDOBA,76,NA,ORIZABA 76,PLANTA BAJA,NA,NA,COLONIA,ROMA NORTE,EDIFICIO COMERCIAL Y DE SERVICIOS,ORIZABA 76,SN,06700,09,Ciudad de México,015,Cuauhtémoc,0001,Cuauhtémoc,1002,011,NA,ADMINISTRACION@1985ANTIFINEDININ.COM,NA,Fijo,19.42018192,-99.16009886,2024-11
10877693,09015722511022471000000000U9,27 AMIGOS RESTAURANTE,RESTAURANTE DE BICENTENARIO SA DE CV,722511,Restaurantes con servicio de preparación de alimentos a la carta o de comida corrida,0 a 5 personas,AVENIDA,JOSE MARIA PINO SUAREZ,CALLE,RINCONADA DE JESUS,CALLE,REPUBLICA DE URUGUAY,CALLE,20 DE NOVIEMBRE,27,NA,NA,NA,2,NA,CIUDAD,CENTRO HISTORICO,NA,NA,NA,06060,09,Ciudad de México,015,Cuauhtémoc,0001,Cuauhtémoc,0818,017,NA,NA,NA,Fijo,19.42962968,-99.13259707,2024-11
9770626,09015722511022772000000000U0,3 HERMANOS,NA,722511,Restaurantes con servicio de preparación de alimentos a la carta o de comida corrida,6 a 10 personas,CALLE,REPUBLICA DE VENEZUELA,CALLE,CALLE DEL CARMEN,CALLE,REPUBLICA DE ARGENTINA,CALLE,SAN ILDEFONSO,31,NA,NA,NA,NA,NA,COLONIA,CENTRO,NA,NA,NA,06500,09,Ciudad de México,015,Cuauhtémoc,0001,Cuauhtémoc,0659,020,NA,NA,NA,Fijo,19.43724528,-99.13093585,2024-11
6323012,09015722511000165001003580S3,50244 REFORMA 222,ITALCAFE SA DE CV,722511,Restaurantes con servicio de preparación de alimentos a la carta o de comida corrida,11 a 30 personas,AVENIDA,PASEO DE LA REFORMA,CALLE,NÁPOLES,CALLE,HAVRE,CALLE,HAMBURGO,222,NA,NA,NA,NA,NA,COLONIA,JUAREZ,CENTRO Y PLAZA COMERCIAL,REFORMA 222,R01A R01B RA01A,06600,09,Ciudad de México,015,Cuauhtémoc,0001,Cuauhtémoc,0803,008,NA,INFO@ITALIANNIS.COM,WWW.ITALIANNIS.COM,Fijo,19.42919935,-99.16187363,2011-03
6311723,09015722511000145002003155S5,81010 VIPS BUENAVISTA,OPERADORA VIPS S DE RL DE CV,722511,Restaurantes con servicio de preparación de alimentos a la carta o de comida corrida,31 a 50 personas,AVENIDA,INSURGENTES NORTE,CALLE,CARLOS J MENESES,OTRO(ESPECIFIQUE),MANZANA O EDIFICACIÓN CONTIGUA,CALLE,JESÚS GARCÍA,131,NA,NA,NA,NA,NA,COLONIA,GUERRERO,PASAJE Y ANDADOR COMERCIAL,WALMART BUENAVISTA,SN,06300,09,Ciudad de México,015,Cuauhtémoc,0001,Cuauhtémoc,049A,010,NA,DPD@ALSEA.NET,WWW.VIPS.COM.MX,Fijo,19.4441475,-99.15391478,2014-12
6304688,09015722110001141000003155S4,81017 VIPS CHILPANCINGO,OPERADORA VIPS S DE RL DE CV,722511,Restaurantes con servicio de preparación de alimentos a la carta o de comida corrida,31 a 50 personas,AVENIDA,INSURGENTES SUR,CALLE,CULIACÁN,CALLE,QUINTANA ROO,EJE VIAL,4 SUR (TEHUANTEPEC),493,NA,NA,NA,NA,NA,COLONIA,ROMA SUR,NA,NA,NA,06760,09,Ciudad de México,015,Cuauhtémoc,0001,Cuauhtémoc,1430,002,NA,DPD@ALSEA.NET,WWW.VIPS.COM.MX,Fijo,19.40408009,-99.16923135,2010-07
6304732,09015722110001051002003155S5,81020 VIPS HAMBURGO,OPERADORA VIPS S DE RL DE CV,722511,Restaurantes con servicio de preparación de alimentos a la carta o de comida corrida,31 a 50 personas,CALLE,HAMBURGO,CALLE,GÉNOVA,CALLE,AMBERES,CALLE,LONDRES,126,NA,NA,NA,NA,NA,COLONIA,JUAREZ,NA,NA,NA,06600,09,Ciudad de México,015,Cuauhtémoc,0001,Cuauhtémoc,095A,008,NA,DPD@ALSEA.NET,WWW.VIPS.COM.MX,Fijo,19.42596232,-99.16505756,2010-07
6304601,09015722110001221000003155S4,81023 VIPS COLON,OPERADORA VIPS S DE RL DE CV,722511,Restaurantes con servicio de preparación de alimentos a la carta o de comida corrida,31 a 50 personas,CALLE,IGNACIO RAMÍREZ,CALLE,PRIVADA VALLARTA,CALLE,MAESTRO ANTONIO CASO,CALLE,IGNACIO L. VALLARTA,15,NA,NA,NA,NA,NA,COLONIA,SAN RAFAEL,NA,NA,NA,06470,09,Ciudad de México,015,Cuauhtémoc,0001,Cuauhtémoc,070A,010,NA,DPD@ALSEA.NET,WWW.VIPS.COM.MX,Fijo,19.43449057,-99.15461777,2010-07
6304545,09015722110000191002003155S0,81039 VIPS SAN RAFAEL,OPERADORA VIPS S DE RL DE CV,722511,Restaurantes con servicio de preparación de alimentos a la carta o de comida corrida,31 a 50 personas,AVENIDA,INSURGENTES CENTRO,CALLE,MAESTRO ANTONIO CASO,CALLE,VALENTÍN GÓMEZ FARÍAS,CALLE,SADI CARNOT,67,NA,NA,NA,NA,NA,COLONIA,SAN RAFAEL,NA,NA,NA,06470,09,Ciudad de México,015,Cuauhtémoc,0001,Cuauhtémoc,0697,003,NA,DPD@ALSEA.NET,WWW.VIPS.COM.MX,Fijo,19.43644872,-99.15728433,2010-07
6305172,09015722110001581000003155S1,81068 VIPS ASTURIAS,OPERADORA VIPS S DE RL DE CV,722511,Restaurantes con servicio de preparación de alimentos a la carta o de comida corrida,31 a 50 personas,CALLE,JOSÉ ANTONIO TORRES,CALLE,GUMERSINDO ESQUER,EJE VIAL,3 SUR (CALZADA DE CHABACANO),CALLE,FRANCISCO AYALA,647,NA,NA,NA,NA,NA,COLONIA,ASTURIAS,NA,NA,NA,06850,09,Ciudad de México,015,Cuauhtémoc,0001,Cuauhtémoc,1500,007,NA,DPD@ALSEA.NET,WWW.VIPS.COM.MX,Fijo,19.4079219,-99.13364717,2010-07
6305169,09015722110001191001003155S9,81082 VIPS CUAUHTEMOC,OPERADORA VIPS S DE RL DE CV,722511,Restaurantes con servicio de preparación de alimentos a la carta o de comida corrida,31 a 50 personas,EJE VIAL,LIBRAMIENTO MONTERREY A REYNOSA,CALLE,PUEBLA,AVENIDA,CHAPULTEPEC,CALLE,GUAYMAS,19,NA,NA,NA,NA,NA,COLONIA,ROMA NORTE,NA,NA,NA,06700,09,Ciudad de México,015,Cuauhtémoc,0001,Cuauhtémoc,1017,024,NA,DPD@ALSEA.NET,WWW.VIPS.COM.MX,Fijo,19.42453237,-99.15391648,2010-07
6305173,09015722110000071002003155S4,81085 VIPS URUGUAY,OPERADORA VIPS S DE RL DE CV,722511,Restaurantes con servicio de preparación de alimentos a la carta o de comida corrida,31 a 50 personas,CALLE,REPÚBLICA DE URUGUAY,CALLE,ISABEL LA CATÓLICA,CALLE,BOLÍVAR,CALLE,REPÚBLICA DEL SALVADOR,53,NA,NA,NA,NA,NA,COLONIA,CENTRO,NA,NA,NA,06710,09,Ciudad de México,015,Cuauhtémoc,0001,Cuauhtémoc,0818,003,NA,DPD@ALSEA.NET,WWW.VIPS.COM.MX,Fijo,19.43048158,-99.13704327,2010-07
6305363,09015722110000911000003155S1,81130 VIPS MADERO RITZ,OPERADORA VIPS S DE RL DE CV,722511,Restaurantes con servicio de preparación de alimentos a la carta o de comida corrida,31 a 50 personas,CALLE,FRANCISCO I. MADERO,CALLE,BOLÍVAR,CALLE,MOTOLINÍA,CALLE,5 DE MAYO,30,NA,NA,NA,NA,NA,COLONIA,CENTRO,NA,NA,NA,06000,09,Ciudad de México,015,Cuauhtémoc,0001,Cuauhtémoc,0767,002,NA,DPD@ALSEA.NET,WWW.VIPS.COM.MX,Fijo,19.43369717,-99.13783356,2010-07
6305361,09015722110001061002003155S4,81166 VIPS 16 DE SEPTIEMBRE,OPERADORA VIPS S DE RL DE CV,722511,Restaurantes con servicio de preparación de alimentos a la carta o de comida corrida,31 a 50 personas,CALLE,16 DE SEPTIEMBRE,CALLE,5 DE FEBRERO,CALLE,PALMA,CALLE,VENUSTIANO CARRANZA,81,NA,NA,NA,NA,NA,COLONIA,CENTRO,NA,NA,NA,06060,09,Ciudad de México,015,Cuauhtémoc,0001,Cuauhtémoc,0818,009,NA,DPD@ALSEA.NET,WWW.VIPS.COM.MX,Fijo,19.43195553,-99.13491793,2010-07
9230372,09015722511016584000003155S7,81267 VIPS PORTAL CENTRO,OPERADORA VIPS S DE RL DE CV,722511,Restaurantes con servicio de preparación de alimentos a la carta o de comida corrida,31 a 50 personas,CALLE,LORENZO BOTURINI,CALLE,XOCONGO,CALLE,FRANCISCO J. CLAVIJERO,CALLEJON,AGUSTÍN DELGADO,256,20,NA,NA,NA,NA,COLONIA,TRANSITO,CENTRO Y PLAZA COMERCIAL,PORTAL CENTRO,20,06820,09,Ciudad de México,015,Cuauhtémoc,0001,Cuauhtémoc,106A,003,NA,DPD@ALSEA.NET,WWW.VIPS.COM.MX,Fijo,19.41771692,-99.13026265,2020-04
8326211,09015722412004503000000000S2,A DIOS LE PIDO RESTAURANTE BAR,GASTRONOMICA CHURROS LA CONDESA SA DE CV,722511,Restaurantes con servicio de preparación de alimentos a la carta o de comida corrida,11 a 30 personas,CALLE,GENOVA,AVENIDA,PASEO DE LA REFORMA,CALLE,ESTRASBURGO,CALLE,BELGRADO,23,NA,NA,NA,NA,PLANTA ALTA,COLONIA,JUAREZ,NA,NA,NA,06600,09,Ciudad de México,015,Cuauhtémoc,0001,Cuauhtémoc,0945,018,NA,MA.SANCHEZ.CONTABILIDAD@GMAIL.COM,NA,Fijo,19.42718422,-99.16457905,2019-11
10682373,09015722511024351000000000U1,A LA BONNE FRANQUETTE,A LA BONNE SOUPE S DE RL DE CV,722511,Restaurantes con servicio de preparación de alimentos a la carta o de comida corrida,0 a 5 personas,CALLE,RIO SENA,CALLE,RIO NAZAS,CALLE,RIO BALSAS,CALLE,RIO EUFRATES,22,A,NA,NA,NA,NA,COLONIA,CUAHUTEMOC,NA,NA,NA,06500,09,Ciudad de México,015,Cuauhtémoc,0001,Cuauhtémoc,0790,011,NA,ALABONNESOUPE@GMAIL.COM,NA,Fijo,19.43318955,-99.16760687,2024-11
10477067,09015722511019892000000000U1,A LA MEXICANA,A LA MEXICANA SA DE CV,722511,Restaurantes con servicio de preparación de alimentos a la carta o de comida corrida,6 a 10 personas,AVENIDA,JOSE MARIA PINO SUAREZ,CALLE,RINCONADA DE JESUS,CALLE,REPUBLICA DE URUGUAY,CALLE,20 DE NOVIEMBRE,27,NA,NA,NA,NA,NA,CIUDAD,CENTRO HISTORICO,NA,NA,NA,06060,09,Ciudad de México,015,Cuauhtémoc,0001,Cuauhtémoc,0818,017,NA,NA,NA,Fijo,19.4296291,-99.13258842,2024-11
11393047,09015722511021151000000000U8,ABRACADABRA COCINA DEL CORAZON,NA,722511,Restaurantes con servicio de preparación de alimentos a la carta o de comida corrida,0 a 5 personas,CALLE,ALLENDE,CALLE,BELISARIO DOMINGUEZ,CALLE,REPUBLICA DE CUBA,CALLE,CALLEJON DEL 57,24,NA,PLAZA ALLENDE,PLANTA BAJA,NA,NA,COLONIA,CENTRO,CENTRO Y PLAZA COMERCIAL,PLAZA ALLENDE,101,06010,09,Ciudad de México,015,Cuauhtémoc,0001,Cuauhtémoc,0644,020,5531444386,NA,NA,Fijo,19.43782862,-99.13776209,2024-11
10294370,09015722511023283000000000U7,ABURIYA,ABURIYA SHIGE TAKANE COMIDA JAPONESA DE JAPON EN MEXICO SC,722511,Restaurantes con servicio de preparación de alimentos a la carta o de comida corrida,11 a 30 personas,CALLE,RIO LERMA,CALLE,RIO NIAGARA,CALLE,RIO GUADALQUIVIR,CALLE,RIO PANUCO,187,1,NA,NA,NA,NA,COLONIA,CUAHUTEMOC,NA,NA,NA,06500,09,Ciudad de México,015,Cuauhtémoc,0001,Cuauhtémoc,0926,016,5625578479,JESUSBIBIANOCRUZ16@GMAIL.COM,WWW.ABURIYA.COM.MX,Fijo,19.42784772,-99.17039134,2024-11
11112939,09015722511017931000000000S9,ABURIYA,NA,722511,Restaurantes con servicio de preparación de alimentos a la carta o de comida corrida,0 a 5 personas,CALLE,RIO POO,CALLE,RIO PANUCO,CALLE,RIO LERMA,CALLE,RIO DANUBIO,102,NA,NA,NA,NA,NA,COLONIA,CUAUHTEMOC,NA,NA,NA,06500,09,Ciudad de México,015,Cuauhtémoc,0001,Cuauhtémoc,0822,014,NA,SHIGETAKANE@GMAIL.COM,NA,Fijo,19.42999218,-99.16839972,2024-11
6757101,09015722511008971001000000S6,ABURIYA,NA,722511,Restaurantes con servicio de preparación de alimentos a la carta o de comida corrida,6 a 10 personas,CALLE,RIO PANUCO,CALLE,RIO EBRO,EJE VIAL,2 PONIENTE (RIO TIBER),EJE VIAL,2 PONIENTE (RIO TIBER),132,NA,NA,NA,NA,NA,COLONIA,CUAUHTEMOC,NA,NA,NA,06500,09,Ciudad de México,015,Cuauhtémoc,0001,Cuauhtémoc,0822,016,NA,SHIGUETAKANE@MAIL.COM,NA,Fijo,19.42955877,-99.16963177,2016-10
11121663,09015722511020021000000000U4,ACA LAS QUEKAS,NA,722511,Restaurantes con servicio de preparación de alimentos a la carta o de comida corrida,0 a 5 personas,CALLE,TAMPICO,AVENIDA,CHAPULTEPEC,CALLE,PUEBLA,AVENIDA,CHAPULTEPEC,5,NA,NA,NA,NA,NA,COLONIA,ROMA NORTE,NA,NA,NA,06700,09,Ciudad de México,015,Cuauhtémoc,0001,Cuauhtémoc,1089,015,NA,BDOROTEOMIGUEL@GMAIL.COM,NA,Fijo,19.42030595,-99.17537305,2024-11
10481403,09015722511019902000000000U8,ACLOMA,NA,722511,Restaurantes con servicio de preparación de alimentos a la carta o de comida corrida,6 a 10 personas,CALLE,RIO BALSAS,CALLE,RIO TIGRIS,CALLE,RIO SENA,CALLE,RIO NAZAS,32,A,NA,NA,NA,NA,COLONIA,CUAUHTEMOC,NA,NA,NA,06500,09,Ciudad de México,015,Cuauhtémoc,0001,Cuauhtémoc,0822,025,5588488677,NA,NA,Fijo,19.43312948,-99.16819161,2024-11
9357212,09015722511016741000000000U3,ACUYO,NA,722511,Restaurantes con servicio de preparación de alimentos a la carta o de comida corrida,6 a 10 personas,CALLE,DOCTOR MIGUEL FRANCISCO JIMENEZ,CALLE,DOCTOR RAFAEL NORMA,CALLE,DOCTOR MARQUEZ,CALLE,PRIVADA DOCTOR MARQUEZ,292,NA,NA,NA,NA,NA,COLONIA,DOCTORES,NA,NA,NA,06720,09,Ciudad de México,015,Cuauhtémoc,0001,Cuauhtémoc,1233,015,NA,NA,NA,Fijo,19.41076611,-99.15053359,2021-05
889902,09015561110001982011070618S5,ADMINISTRACION DE SUSHI HOKO-KI,GASTRONOMIA FARWA SA DE CV,722511,Restaurantes con servicio de preparación de alimentos a la carta o de comida corrida,0 a 5 personas,AVENIDA,MEXICO TENOCHTITLAN,CALLE,RAMOS ARISPE,CALLE,JOSE DE EMPARAM,CALLE,IGNACIO MARISCAL,42,NA,EDIFICIO COMERCIAL Y DE SERVICIOS SIN NOMBRE,PISO 3,305,NA,COLONIA,TABACALERA,EDIFICIO COMERCIAL Y DE SERVICIOS,EDIFICIO COMERCIAL Y DE SERVICIOS SIN NOMBRE,305,06030,09,Ciudad de México,015,Cuauhtémoc,0001,Cuauhtémoc,0714,008,NA,CH@SUSHIHOKOKI.COM,NA,Fijo,19.43826584,-99.15175869,2010-07
10243489,09015722511023221000000000U7,AEA FASTFOOD,NA,722511,Restaurantes con servicio de preparación de alimentos a la carta o de comida corrida,0 a 5 personas,CALLE,RAFAEL DELGADO,CALZADA,SAN ANTONIO ABAD,CALLE,5 DE FEBRERO,CALLE,ANTONIO DE SOLIS,147,NA,NA,NA,0,NA,COLONIA,OBRERA,NA,NA,NA,06800,09,Ciudad de México,015,Cuauhtémoc,0001,Cuauhtémoc,1407,006,5512473992,NA,NA,Fijo,19.40986458,-99.13631804,2024-11
867200,09015722110003633000000000U8,AGAPI MU RESTAURANTE GRIEGO,AGAPI KUCINA S DE RL DE CV,722511,Restaurantes con servicio de preparación de alimentos a la carta o de comida corrida,11 a 30 personas,CALLE,ALFONSO REYES,CALLE,CUERNAVACA,CALLE,CUAUTLA,AVENIDA,CAMPECHE,96,NA,NA,NA,0,NA,COLONIA,CONDESA,NA,NA,NA,06170,09,Ciudad de México,015,Cuauhtémoc,0001,Cuauhtémoc,1318,018,NA,NA,NA,Fijo,19.4094157,-99.17812621,2010-07
10606602,09015722412005491000000000U9,AGAVITO MEZCAL,AGAVITO MEZCAL SA DE CV,722412,"Bares, cantinas y similares",0 a 5 personas,EJE VIAL,1 PONIENTE AVENIDA CUAUHTEMOC,CALLE,DOCTOR J. NAVARRO,CALLE,DOCTOR ILDELFONSO VELASCO,CALLE,DOCTOR MANUEL CARMONA Y VALLE,96,NA,CUAUHTEMOC 96,PISO 1,NA,NA,COLONIA,DOCTORES,EDIFICIO COMERCIAL Y DE SERVICIOS,CUAUHTEMOC 96,PB,06720,09,Ciudad de México,015,Cuauhtémoc,0001,Cuauhtémoc,1549,046,NA,NA,NA,Fijo,19.42085308,-99.15393386,2024-11
11347818,09015722511023043000000000U5,AGO ANDARRETA,AGO ANDARRETA SA DE CV,722511,Restaurantes con servicio de preparación de alimentos a la carta o de comida corrida,11 a 30 personas,AVENIDA,VERACRUZ,CALLE,ATLIXCO,CALLE,CUERNAVACA,CALLE,JUAN DE LA BARRERA,83,NA,NA,NA,NA,NA,COLONIA,CONDESA,NA,NA,NA,06140,09,Ciudad de México,015,Cuauhtémoc,0001,Cuauhtémoc,1182,001,NA,NA,NA,Fijo,19.41649904,-99.17315479,2024-11
10033460,09015722412005763000000000U1,AGROTAVERNA MONSTRUO DE AGUA,COLECTIVO ATL-XOLOTL SA DE CV,722412,"Bares, cantinas y similares",11 a 30 personas,AVENIDA,AMSTERDAM,AVENIDA,SONORA,CALLE,HUICHAPAN,AVENIDA,MEXICO,46,NA,NA,NA,301,B,COLONIA,HIPODROMO,NA,NA,NA,06100,09,Ciudad de México,015,Cuauhtémoc,0001,Cuauhtémoc,120A,006,5539819869,NA,NA,Fijo,19.41528213,-99.16893543,2024-11
10535100,09015722511022874000000000U4,AHANERA RESTAURANTE,AHANA RESTAURANTE SA DE CV,722511,Restaurantes con servicio de preparación de alimentos a la carta o de comida corrida,31 a 50 personas,CALLE,COLIMA,CALLE,CORDOBA,CALLE,ORIZABA,CALLE,DURANGO,161,NA,COLIMA 161,PISO 6,NA,NA,COLONIA,ROMA NORTE,EDIFICIO COMERCIAL Y DE SERVICIOS,COLIMA 161,SN,06700,09,Ciudad de México,015,Cuauhtémoc,0001,Cuauhtémoc,1002,011,NA,NA,NA,Fijo,19.42002457,-99.15949503,2024-11
11485146,09015722511023603000000000U6,AHUMADOS PELICAN,NA,722511,Restaurantes con servicio de preparación de alimentos a la carta o de comida corrida,11 a 30 personas,CALLE,JAIME TORRES BODET,CALLE,MANUEL CARPIO,CALLE,MARIA ENRIQUETA CAMARILLO,CALLE,NARANJO,204,NA,NA,NA,NA,NA,COLONIA,SANTA MARIA LA RIBERA,NA,NA,NA,06400,09,Ciudad de México,015,Cuauhtémoc,0001,Cuauhtémoc,0466,025,5513430725,NA,NA,Fijo,19.45180642,-99.15722097,2024-11
9848675,09015722511018551000000000U4,AJE AYE,NA,722511,Restaurantes con servicio de preparación de alimentos a la carta o de comida corrida,0 a 5 personas,EJE VIAL,2 A SUR MANUEL PAYNO,EJE VIAL,CENTRAL (LAZARO CARDENAS),CALLE,SIMON BOLIVAR,CALLE,JUAN DE DIOS PEZA,17,NA,NA,NA,NA,NA,COLONIA,OBRERA,NA,NA,NA,06800,09,Ciudad de México,015,Cuauhtémoc,0001,Cuauhtémoc,1248,011,NA,NA,NA,Fijo,19.41409529,-99.14293359,2024-11
895379,09015541820000171011000000U5,AJENO,ROMA NORTE COCKTAIL BAR SA DE CV,722511,Restaurantes con servicio de preparación de alimentos a la carta o de comida corrida,11 a 30 personas,AVENIDA,ALVARO OBREGON,CALLE,JALAPA,CALLE,ORIZABA,CALLE,CHIHUAHUA,126,NA,NA,NA,126,NA,COLONIA,ROMA NORTE,NA,NA,NA,06700,09,Ciudad de México,015,Cuauhtémoc,0001,Cuauhtémoc,1106,010,NA,NA,NA,Fijo,19.41786414,-99.16074357,2014-12
8338693,09015722511010282000000000U4,AKARMAN VEGA FOOD,AKARMAN VEGA FOOD SA DE CV,722511,Restaurantes con servicio de preparación de alimentos a la carta o de comida corrida,0 a 5 personas,CALLE,VIENA,CALLE,LUCERNA,CALLE,ROMA,CALLE,MILAN,22,NA,NA,NA,0,A Y B,COLONIA,JUAREZ,NA,NA,NA,06600,09,Ciudad de México,015,Cuauhtémoc,0001,Cuauhtémoc,0856,015,NA,NA,NA,Fijo,19.42990639,-99.15781679,2019-11
9761080,09015722511021881000000000U0,AKITA RAMEL,NA,722511,Restaurantes con servicio de preparación de alimentos a la carta o de comida corrida,0 a 5 personas,EJE VIAL,CENTRAL LAZARO CARDENAS,CALLE,INDEPENDENCIA,AVENIDA,JUAREZ,CALLE,LOPEZ,9,NA,FAN CENTER,PISO 3,308,NA,COLONIA,CENTRO,CENTRO Y PLAZA COMERCIAL,FRIKIPLAZA,308 Y 310,06000,09,Ciudad de México,015,Cuauhtémoc,0001,Cuauhtémoc,0748,013,NA,VIANEYVAZ00@GMAIL.COM.MX,NA,Fijo,19.43389409,-99.14100886,2024-11
11104642,09015722511020602000000000U1,ALAMBIQUE GREELL,ALAMBIQUE Y AGAVE  SA DE CV,722511,Restaurantes con servicio de preparación de alimentos a la carta o de comida corrida,6 a 10 personas,CALLE,VERSALLES,CALLE,LUCERNA,CALLE,ROMA,CALLE,LISBOA,57,NA,NA,NA,NA,NA,COLONIA,JUAREZ,NA,NA,NA,06600,09,Ciudad de México,015,Cuauhtémoc,0001,Cuauhtémoc,0856,004,NA,NA,NA,Fijo,19.42933133,-99.15517433,2024-11
11454909,09015722511019882000000000U2,ALAS K,VB MANAGMENT SA DE CV,722511,Restaurantes con servicio de preparación de alimentos a la carta o de comida corrida,6 a 10 personas,AVENIDA,PASEO DE LA REFORMA,CALLE,JOSE MARIA LAFRAGUA,CALLE,CALLE DE LA REPUBLICA,CALLE,AVENIDA DE LA REPUBLICA,45,NA,NA,NA,NA,NA,COLONIA,TABACALERA,NA,NA,NA,06030,09,Ciudad de México,015,Cuauhtémoc,0001,Cuauhtémoc,0729,006,NA,ALASKREFORMA45@GMAIL.COM,WWW.REVIENTADEALITAS.COM,Fijo,19.43462599,-99.15189277,2024-11
10750782,09015722412005411000000000U7,ALITAS RICHARD,NA,722412,"Bares, cantinas y similares",0 a 5 personas,PEATONAL,SAN JERONIMO,CALLE,5 DE FEBRERO,CALLE,ISABEL LA CATOLICA,CALLE,REGINA,58,A,NA,NA,0,NA,COLONIA,CUAUHTEMOC,NA,NA,NA,06080,09,Ciudad de México,015,Cuauhtémoc,0001,Cuauhtémoc,0894,004,NA,NA,NA,Fijo,19.42699688,-99.13605285,2024-11
10898864,09015722511023512000000000U9,ALL WOOD,NA,722511,Restaurantes con servicio de preparación de alimentos a la carta o de comida corrida,6 a 10 personas,AVENIDA,YUCATAN,CALLE,CHIAPAS,CALLE,COAHUILA,CALLE,TONALA,147,A,NA,NA,NA,NA,COLONIA,ROMA SUR,NA,NA,NA,06760,09,Ciudad de México,015,Cuauhtémoc,0001,Cuauhtémoc,1375,014,5555025592,DIEGO@ALLWOODBBQ.COM,WWW.ALLWOODBBQ.COM,Fijo,19.41231298,-99.16013929,2024-11
11817711,09015722511024722000000000U3,ALTA COCINA JAPONESA KABUKI SUSHI,NA,722511,Restaurantes con servicio de preparación de alimentos a la carta o de comida corrida,6 a 10 personas,CALLE,Doctor Atl,CALLE,Manuel Carpio,CALLE,Salvador Díaz Mirón,CALLE,Doctor Enrique González Martínez,205,NA,NA,NA,NA,F,COLONIA,SANTA MARIA RIVERA,NA,NA,NA,06400,09,Ciudad de México,015,Cuauhtémoc,0001,Cuauhtémoc,0485,001,5591554889,CAROCABUKI@GMAIL.COM,WWW.KABUKI.MX,Fijo,19.44940236,-99.15608149,2025-04
1029730,09015722219031452001095955S8,ALTA COCINA JAPONESA KABUKI SUSHI,NA,722511,Restaurantes con servicio de preparación de alimentos a la carta o de comida corrida,6 a 10 personas,CALLE,COLIMA,CALLE,CORDOBA,CALLE,MERIDA,CALLE,TABASCO,138,NA,NA,NA,NA,D,COLONIA,ROMA NORTE,NA,NA,NA,06700,09,Ciudad de México,015,Cuauhtémoc,0001,Cuauhtémoc,1017,022,5591554889,CAROCABUKI@GMAIL.COM,WWW.KABUKI.MX,Fijo,19.42008307,-99.15869182,2010-07
9758727,09015722511018061000000000U4,ALUXES,NA,722511,Restaurantes con servicio de preparación de alimentos a la carta o de comida corrida,0 a 5 personas,EJE VIAL,2 SUR AVENIDA YUCATAN,CALLE,MEDELLIN,AVENIDA,ALVARO OBREGON,CALLE,MEDELLIN,26,NA,MERCADO GASTRONOMICO CONDES,PLANTA BAJA,NA,NA,COLONIA,ROMA NORTE,EDIFICIO COMERCIAL Y DE SERVICIOS,MERCADO GASTRONOMICO CONDES,8,06700,09,Ciudad de México,015,Cuauhtémoc,0001,Cuauhtémoc,120A,014,NA,NA,NA,Fijo,19.41612332,-99.16628847,2024-11
10980693,09015722511022701000000000U9,AMANDA COMIDAS,NA,722511,Restaurantes con servicio de preparación de alimentos a la carta o de comida corrida,0 a 5 personas,CALLE,16 DE SEPTIEMBRE,EJE VIAL,CENTRAL (LAZARO CARDENAS),CALLE,FRAY PEDRO DE GANTE,CALLE,FRANCISCO I MADERO,6,NA,PASAJE SAVOY,PLANTA BAJA,16,16 E,COLONIA,CENTRO,PASAJE Y ANDADOR COMERCIAL,PASAJE SAVOY,SN,06000,09,Ciudad de México,015,Cuauhtémoc,0001,Cuauhtémoc,0767,005,NA,NA,NA,Fijo,19.43280001,-99.14065907,2024-11
9951968,09015722511019101000000000U7,AMANECER TAPATIO,NA,722511,Restaurantes con servicio de preparación de alimentos a la carta o de comida corrida,0 a 5 personas,PEATONAL,PLAZA GARIBALDI,EJE VIAL,CENTRAL (LAZARO CARDENAS),CALLE,SAN CAMILITO,CALLE,REPUBLICA DE ECUADOR,4,B,NA,NA,NA,NA,COLONIA,CENTRO,NA,NA,NA,06010,09,Ciudad de México,015,Cuauhtémoc,0001,Cuauhtémoc,0536,014,NA,NA,NA,Fijo,19.44094281,-99.13927462,2024-11
9135216,09015722511015584000000000U8,AMAYA,WISOGÑE SA DE CV,722511,Restaurantes con servicio de preparación de alimentos a la carta o de comida corrida,11 a 30 personas,CALLE,GENERAL PRIM,CALLE,LISBOA,CALLE,MILAN,CALLE,ATENAS,95,NA,NA,NA,NA,NA,COLONIA,JUAREZ,NA,NA,NA,06600,09,Ciudad de México,015,Cuauhtémoc,0001,Cuauhtémoc,0856,007,NA,FACTURASVISONE@GMAIL.COM,NA,Fijo,19.43093126,-99.15633192,2019-11
956412,09015722511006491000000000U7,ANDRICIOS RESTAURANTE,NA,722511,Restaurantes con servicio de preparación de alimentos a la carta o de comida corrida,0 a 5 personas,CALLE,COAHUILA,CALLE,TONALA,EJE VIAL,2 PONIENTE (MONTERREY),CALLE,TAPACHULA,125,A,NA,NA,0,A,COLONIA,ROMA NORTE,NA,NA,NA,06700,09,Ciudad de México,015,Cuauhtémoc,0001,Cuauhtémoc,1375,013,NA,NA,NA,Fijo,19.41157362,-99.16155322,2010-07
6741791,09015722513004183001000000U8,ANGELOPOLITANO ROMA,NA,722511,Restaurantes con servicio de preparación de alimentos a la carta o de comida corrida,11 a 30 personas,CALLE,PUEBLA,AVENIDA,SONORA,CALLE,GUADALAJARA,AVENIDA,CHAPULTEPEC,371,NA,NA,NA,NA,NA,COLONIA,ROMA NORTE,NA,NA,NA,06700,09,Ciudad de México,015,Cuauhtémoc,0001,Cuauhtémoc,1089,011,NA,RFA77@LIVE.COM.MX,NA,Fijo,19.42033676,-99.17319519,2016-10
10947117,09015722511019783000000000U2,ANGUS ZONA ROSA,OPERADORA RESTAURANTERA AHUEHUTE SA DE CV,722511,Restaurantes con servicio de preparación de alimentos a la carta o de comida corrida,11 a 30 personas,CALLE,COPENHAGUE,AVENIDA,PASEO DE LA REFORMA,CALLE,HAMBURGO,CALLE,GENOVA,31,NA,NA,NA,NA,NA,COLONIA,JUAREZ,NA,NA,NA,06600,09,Ciudad de México,015,Cuauhtémoc,0001,Cuauhtémoc,0803,015,5558333950,ANGUSZRFACTURAS@GMAIL.COM,NA,Fijo,19.42690886,-99.16356857,2024-11
10874066,09015722511017581000000000U2,ANTOJERERIA EL AZTECA,NA,722511,Restaurantes con servicio de preparación de alimentos a la carta o de comida corrida,0 a 5 personas,CALLE,LORENZO BOTURINI,CALLE,FRANCISCO J. CLAVIJERO,PRIVADA,ZENTECALCO,CALLE,ALFREDO CHAVERO,259,NA,NA,NA,NA,NA,COLONIA,TRANSITO,NA,NA,NA,06820,09,Ciudad de México,015,Cuauhtémoc,0001,Cuauhtémoc,1163,012,5526576856,NA,NA,Fijo,19.41754928,-99.13038715,2024-11
1045768,09015722511004102000000000U2,ANTOJERIA LA ESPINITA DEL SABOR,NA,722511,Restaurantes con servicio de preparación de alimentos a la carta o de comida corrida,6 a 10 personas,CALLE,JAIME TORRES BODET,CALLE,MARIA ENRIQUETA CAMARILLO,CALLE,ELIGIO ANCONA,CALLE,NARANJO,220,NA,NA,NA,0,NA,COLONIA,SANTA MARIA LA RIBERA,NA,NA,NA,06400,09,Ciudad de México,015,Cuauhtémoc,0001,Cuauhtémoc,0466,024,NA,NA,NA,Fijo,19.45243015,-99.15713228,2010-07
867354,09015722110004003001000000U3,ANTOJERIA LAS CHALUPITAS,NA,722511,Restaurantes con servicio de preparación de alimentos a la carta o de comida corrida,11 a 30 personas,CALLE,ALFONSO REYES,CALLE,ALTATA,EJE VIAL,3 SUR (AVENIDA BAJA CALIFORNIA),CALLE,ALFONSO REYES,275,NA,NA,NA,NA,NA,COLONIA,ROMA SUR,NA,NA,NA,06760,09,Ciudad de México,015,Cuauhtémoc,0001,Cuauhtémoc,1426,015,5555156479,NA,NA,Fijo,19.40641386,-99.17256831,2010-07
8131846,09015812110018431000000000U1,ANTOJITOS MARTINEZ,NA,722511,Restaurantes con servicio de preparación de alimentos a la carta o de comida corrida,0 a 5 personas,AVENIDA,FRAY SERVANDO TERESA DE MIER,EJE VIAL,1 ORIENTE (CALZADA DE LA VIGA),AVENIDA,CALZADA DE LA VIGA,CALLE,CALLEJON DEL CANAL,NA,SN,NA,NA,NA,NA,COLONIA,ESPERANZA,NA,NA,NA,06840,09,Ciudad de México,015,Cuauhtémoc,0001,Cuauhtémoc,1074,020,5543961894,NA,NA,Semifijo,19.42295454,-99.1279428,2019-11
7733562,09015722511011471000000000U2,ANTOJITOS MEXICANOS SIN NOMBRE,NA,722511,Restaurantes con servicio de preparación de alimentos a la carta o de comida corrida,0 a 5 personas,CALLE,DOCTOR RAFAEL LUCIO,EJE VIAL,2 SUR (DOCTOR OLVERA),EJE VIAL,2-A SUR (DOCTOR BALMIS),CALLE,DOCTOR PASTEUR,242,NA,NA,NA,NA,NA,COLONIA,DOCTORES,NA,NA,NA,06720,09,Ciudad de México,015,Cuauhtémoc,0001,Cuauhtémoc,1125,012,NA,NA,NA,Fijo,19.41515019,-99.15281237,2019-11
10977029,09015722511020592000000000S4,ANTOJITOS YUCATECOS KOOBEN,NA,722511,Restaurantes con servicio de preparación de alimentos a la carta o de comida corrida,6 a 10 personas,CALLE,VIOLETA,CALLE,SOTO,CALLE,ZARCO,CALLE,MINA,6,NA,NA,NA,0,NA,COLONIA,GUERRERO,NA,NA,NA,06300,09,Ciudad de México,015,Cuauhtémoc,0001,Cuauhtémoc,0625,006,NA,NA,NA,Fijo,19.44097801,-99.14487075,2024-11
7732378,09015465111012401000000000U8,ANTOJO CHILANGO,NA,722511,Restaurantes con servicio de preparación de alimentos a la carta o de comida corrida,6 a 10 personas,CALLE,TOLEDO,CALLE,LONDRES,CALLE,HAMBURGO,EJE VIAL,3 PONIENTE (SEVILLA),34,B,NA,NA,NA,NA,COLONIA,JUAREZ,NA,NA,NA,06600,09,Ciudad de México,015,Cuauhtémoc,0001,Cuauhtémoc,0983,004,5673409871,NA,NA,Fijo,19.42227811,-99.17173441,2019-11
8326938,09015722511012861000000000U3,ANTONELLA CAFFE,ANTONELLA CAFFE SA DE CV,722511,Restaurantes con servicio de preparación de alimentos a la carta o de comida corrida,6 a 10 personas,EJE VIAL,1 PONIENTE AVENIDA CUAUHTEMOC,AVENIDA,ALVARO OBREGON,CALLE,CHIHUAHUA,CALLE,FRONTERA,13,NA,NA,NA,133,15,COLONIA,ROMA NORTE,NA,NA,NA,06700,09,Ciudad de México,015,Cuauhtémoc,0001,Cuauhtémoc,1110,026,NA,NA,NA,Fijo,19.41891295,-99.15437094,2019-11
10813871,09015722511021571000000000U7,ANTONJERIA VEGAN,NA,722511,Restaurantes con servicio de preparación de alimentos a la carta o de comida corrida,0 a 5 personas,CALLE,DOCTOR MIGUEL FRANCISCO JIMENEZ,CALLE,DOCTOR J. NAVARRO,CALLE,DOCTOR ILDELFONSO VELASCO,AVENIDA,DOCTOR JOSE MARIA VERTIZ,0,SN,NA,NA,0,NA,COLONIA,DOCTORES,NA,NA,NA,06720,09,Ciudad de México,015,Cuauhtémoc,0001,Cuauhtémoc,1036,016,5540917513,NA,NA,Semifijo,19.42015393,-99.14861633,2024-11
10035055,09015722412005993000000000U4,ANTRO TEATRO GARIBALDI,NA,722412,"Bares, cantinas y similares",11 a 30 personas,EJE VIAL,CENTRAL LAZARO CARDENAS,PEATONAL,PLAZA GARIBALDI,CALLE,REPUBLICA DE PERU,PEATONAL,CALLEJON MONTERO,43,A,NA,NA,NA,NA,COLONIA,CENTRO,NA,NA,NA,06000,09,Ciudad de México,015,Cuauhtémoc,0001,Cuauhtémoc,0644,028,NA,PRODUCCIONES.SALAZAR1@GMAIL.COM,NA,Fijo,19.44025018,-99.13977521,2024-11
9088428,09015722511015501000000000U2,APICULTOR LA CASA DEL APICULTOR RESTAURANTE,NA,722511,Restaurantes con servicio de preparación de alimentos a la carta o de comida corrida,0 a 5 personas,CALLE,MAESTRO ANTONIO CASO,AVENIDA,PARQUE VIA,CALLE,JOAQUIN VELAZQUEZ DE LEON,CALLE,FRANCISCO LORENZANA,199,3,NA,NA,NA,NA,COLONIA,SAN RAFAEL,NA,NA,NA,06470,09,Ciudad de México,015,Cuauhtémoc,0001,Cuauhtémoc,0678,018,NA,NA,NA,Fijo,19.43568395,-99.1672206,2019-11
10505601,09015722412006292000000000U0,APOLO CASA ROMA SOCIAL LOUNGE,NA,722412,"Bares, cantinas y similares",6 a 10 personas,CALLE,QUERETARO,EJE VIAL,2 PONIENTE (MONTERREY),EJE VIAL,3 PONIENTE (MEDELLIN),CALLE,SAN LUIS POTOSI,202,A,NA,NA,NA,NA,COLONIA,ROMA NORTE,NA,NA,NA,06700,09,Ciudad de México,015,Cuauhtémoc,0001,Cuauhtémoc,1214,014,5532847987,NA,NA,Fijo,19.41398172,-99.16406376,2024-11
6711226,09015722517002204011003369S5,APPLEBEES,MACFRAN SA DE CV,722511,Restaurantes con servicio de preparación de alimentos a la carta o de comida corrida,11 a 30 personas,AVENIDA,1 NORTE MOSQUETA,AVENIDA,INSURGENTES NORTE,CALLE,JUAN ALDAMA,OTRO(ESPECIFIQUE),MANZANA O EDIFICACIÓN CONTIGUA,259,NA,PLAZA FORUM BUENAVISTA,PISO 2,NA,NA,COLONIA,BUENAVISTA,EDIFICIO COMERCIAL Y DE SERVICIOS,PLAZA FORUM BUENAVISTA,N2-46,NA,09,Ciudad de México,015,Cuauhtémoc,0001,Cuauhtémoc,049A,001,NA,NA,WWW.APPLEBEES.COM,Fijo,19.44696358,-99.15294609,2016-01
880402,09015722219008161000000000U4,AQUI ES JALISCO,NA,722511,Restaurantes con servicio de preparación de alimentos a la carta o de comida corrida,0 a 5 personas,CALLE,ZARCO,EJE VIAL,1 NORTE (MOSQUETA),CALLE,MOCTEZUMA,CALLE,HEROES,116,B,NA,NA,NA,NA,COLONIA,GUERRERO,NA,NA,NA,06300,09,Ciudad de México,015,Cuauhtémoc,0001,Cuauhtémoc,056A,004,NA,NA,NA,Fijo,19.44440601,-99.14534273,2010-07
10423122,09015722511021942000000000U0,AQUI ESTA PIT,NA,722511,Restaurantes con servicio de preparación de alimentos a la carta o de comida corrida,6 a 10 personas,PEATONAL,PLAZA GARIBALDI,EJE VIAL,CENTRAL (LAZARO CARDENAS),CALLE,SAN CAMILITO,CALLE,REPUBLICA DE ECUADOR,4,NA,MERCADO DE SAN CAMILITO,PLANTA BAJA,NA,NA,COLONIA,CENTRO,MERCADO PUBLICO,MERCADO DE SAN CAMILITO,68,06010,09,Ciudad de México,015,Cuauhtémoc,0001,Cuauhtémoc,0536,014,5621564520,NA,NA,Fijo,19.44093651,-99.13913156,2024-11
8626058,09015722511013964000000000U4,ARANGO COCINA RAICES,BISTRO CDMX SA DE CV,722511,Restaurantes con servicio de preparación de alimentos a la carta o de comida corrida,31 a 50 personas,CALLE,CALLE DE LA REPUBLICA,CALLE,ALCAZAR,CALLE,AVENIDA DE LA REPUBLICA,CALLE,TOMAS ALVA EDISON,157,NA,NA,NA,NA,NA,COLONIA,TABACALERA,NA,NA,NA,06030,09,Ciudad de México,015,Cuauhtémoc,0001,Cuauhtémoc,0714,006,5557055731,CONTABILIDAD@ARANGORETAURANTE.COM,WWW.ARANGORESTAURANTE.COM,Fijo,19.43599127,-99.15267554,2019-11
10278651,09015722511018181000000000U0,ARTE GOURMET,NA,722511,Restaurantes con servicio de preparación de alimentos a la carta o de comida corrida,0 a 5 personas,CALLE,CLAUDIO BERNARD,CALLE,DOCTOR C. LICEAGA,CALLE,DOCTOR MIGUEL FRANCISCO JIMENEZ,CALLE,DOCTOR C. LICEAGA,83,1,NA,NA,0,NA,COLONIA,DOCTORES,NA,NA,NA,06720,09,Ciudad de México,015,Cuauhtémoc,0001,Cuauhtémoc,1534,010,5549146457,NA,NA,Fijo,19.42164839,-99.14898318,2024-11
9134863,09015722511015533000069309M5,ASADEROS GRILL REFORMA,EL EFECTIVO DE SONORA SA DE CV,722511,Restaurantes con servicio de preparación de alimentos a la carta o de comida corrida,11 a 30 personas,CALLE,RIO LERMA,CALLE,RIO EBRO,EJE VIAL,2 PONIENTE (RIO TIBER),CALLE,RIO PANUCO,159,NA,NA,NA,1,A,COLONIA,CUAUHTEMOC,NA,NA,NA,06500,09,Ciudad de México,015,Cuauhtémoc,0001,Cuauhtémoc,0822,016,NA,REFORMA@ASADEROSGRILL.COM.MX,NA,Fijo,19.42855576,-99.16888776,2019-11
11143813,09015722412006061000000000U9,ASADOR CONDESA,NA,722412,"Bares, cantinas y similares",0 a 5 personas,CALLE,PACHUCA,CALLE,FERNANDO MONTES DE OCA,CALLE,VICENTE SUAREZ,CALLE,TULA,115,NA,NA,NA,NA,NA,COLONIA,CONDESA,NA,NA,NA,06170,09,Ciudad de México,015,Cuauhtémoc,0001,Cuauhtémoc,1303,010,NA,NA,NA,Fijo,19.41433309,-99.17825943,2024-11
8484838,09015722511014151000000000U7,ASADOR EL GAUCHO,NA,722511,Restaurantes con servicio de preparación de alimentos a la carta o de comida corrida,0 a 5 personas,CALLE,VIRGINIA FABREGAS,CALLE,JOAQUIN GARCIA ICAZBALCETA,AVENIDA,RIBERA DE SAN COSME,CALLE,JOAQUIN VELAZQUEZ DE LEON,8,NA,NA,NA,NA,L-E,COLONIA,SAN RAFAEL,NA,NA,NA,06470,09,Ciudad de México,015,Cuauhtémoc,0001,Cuauhtémoc,0678,013,5536136689,CASADELASADOR@HOTMAIL.COM,NA,Fijo,19.44278527,-99.16521683,2019-11
896294,09015722511001301001000000U3,ASIAN BAY,NA,722511,Restaurantes con servicio de preparación de alimentos a la carta o de comida corrida,11 a 30 personas,CALLE,ATLIXCO,AVENIDA,CAMPECHE,CALLE,VICENTE SUAREZ,AVENIDA,TAMAULIPAS,100,C,NA,NA,NA,NA,COLONIA,CONDESA,NA,NA,NA,06170,09,Ciudad de México,015,Cuauhtémoc,0001,Cuauhtémoc,1318,012,NA,ASIANBAYFACTURAS@GMAIL.COM,WWW.ASIANBAY.COM,Fijo,19.4113026,-99.17520623,2014-12
7733312,09015722511011332000000000U6,ASIAN BAY CONDESA,NA,722511,Restaurantes con servicio de preparación de alimentos a la carta o de comida corrida,11 a 30 personas,AVENIDA,TAMAULIPAS,AVENIDA,CAMPECHE,CALLE,VICENTE SUAREZ,CALLE,ATLIXCO,95,NA,NA,NA,0,NA,COLONIA,CONDESA,NA,NA,NA,06170,09,Ciudad de México,015,Cuauhtémoc,0001,Cuauhtémoc,1318,012,NA,NA,NA,Fijo,19.41077511,-99.17469969,2019-11
10102898,09015722412005741000000000U7,ATOMIKAS MONCHITEKA,NA,722412,"Bares, cantinas y similares",0 a 5 personas,AVENIDA,INSURGENTES SUR,CALLE,DURANGO,EJE VIAL,2 PONIENTE (MONTERREY),EJE VIAL,2 PONIENTE (MONTERREY),219,A,NA,NA,NA,NA,COLONIA,ROMA NORTE,NA,NA,NA,06700,09,Ciudad de México,015,Cuauhtémoc,0001,Cuauhtémoc,1093,016,NA,BOTANASATOMIK@GMAIL.COM,NA,Fijo,19.4197955,-99.16420704,2024-11
9589528,09015722511018861000000000S7,AUXILIAR CALDOS DE GALLINA,NA,722511,Restaurantes con servicio de preparación de alimentos a la carta o de comida corrida,0 a 5 personas,CALLE,ARANDA,CALLE,ERNESTO PUGIBET,CALLE,DELICIAS,CALLE,BUEN TONO,0,SN,NA,NA,NA,NA,COLONIA,CENTRO,NA,NA,NA,06070,09,Ciudad de México,015,Cuauhtémoc,0001,Cuauhtémoc,0875,002,NA,NA,NA,Semifijo,19.42816046,-99.1430592,2024-11
11239865,09015722511020973000000000M6,AVENTURA RESTAURANTE BAR,OPERADORA ALIMENTICIA PASHER SA DE CV,722511,Restaurantes con servicio de preparación de alimentos a la carta o de comida corrida,11 a 30 personas,CALLE,GENOVA,AVENIDA,PASEO DE LA REFORMA,CALLE,HAMBURGO,CALLE,COPENHAGUE,34,NA,NA,NA,NA,A,COLONIA,JUAREZ,NA,NA,NA,06600,09,Ciudad de México,015,Cuauhtémoc,0001,Cuauhtémoc,0803,015,NA,ALVARADOJORGE9006@GMAIL.COM,NA,Fijo,19.4268473,-99.16422175,2024-11
11096785,09015722511020201000000000U2,AXCAN RINCON AZTECA,NA,722511,Restaurantes con servicio de preparación de alimentos a la carta o de comida corrida,0 a 5 personas,CALLE,DOCTOR LAVISTA,EJE VIAL,1 PONIENTE (AVENIDA CUAUHTEMOC),CALLE,DOCTOR MANUEL CARMONA Y VALLE,AVENIDA,DOCTOR RIO DE LA LOZA,31,E,NA,NA,NA,NA,COLONIA,DOCTORES,NA,NA,NA,06720,09,Ciudad de México,015,Cuauhtémoc,0001,Cuauhtémoc,1534,013,NA,NA,NA,Fijo,19.42425524,-99.15326467,2024-11
1013460,09015722412001001000000000U0,AZ DE OROS,NA,722412,"Bares, cantinas y similares",0 a 5 personas,CALLE,ARISTA,CALLE,MINA,CALLE,VIOLETA,CALLE,ZARAGOZA,195,NA,NA,NA,0,NA,COLONIA,BUENAVISTA,NA,NA,NA,06350,09,Ciudad de México,015,Cuauhtémoc,0001,Cuauhtémoc,0610,005,NA,NA,WWW.AZDEOROS.COM.MX,Fijo,19.44042292,-99.15073998,2010-07
6258324,09015722110005754001000000U0,AZUL CONDESA,SOPA DE TORTILLA RESTAURANTE SA DE CV,722511,Restaurantes con servicio de preparación de alimentos a la carta o de comida corrida,51 a 100 personas,AVENIDA,NUEVO LEÓN,CALLE,LAREDO,AVENIDA,MICHOACÁN,AVENIDA,AMSTERDAM,68,NA,NA,NA,0,SN,COLONIA,HIPODROMO,NA,NA,NA,06100,09,Ciudad de México,015,Cuauhtémoc,0001,Cuauhtémoc,1197,005,NA,CUENTASCONDESA@GMAIL.COM,WWW.AZUL.REST,Fijo,19.41284409,-99.17161474,2010-07
11041177,09015722511023174000000000U8,AZULISIMO,AZUL TRADICIONAL S DE RL DE CV,722511,Restaurantes con servicio de preparación de alimentos a la carta o de comida corrida,31 a 50 personas,CALLE,VENUSTIANO CARRANZA,CALLE,ISABEL LA CATOLICA,CALLE,BOLIVAR,CALLE,REPUBLICA DE URUGUAY,57,NA,NA,NA,NA,NA,COLONIA,CENTRO,NA,NA,NA,06000,09,Ciudad de México,015,Cuauhtémoc,0001,Cuauhtémoc,0818,002,NA,NA,AZUL.REST,Fijo,19.43135736,-99.13721247,2024-11
6711208,09015722511008181000000000U2,BAGUETTAPAS,NA,722511,Restaurantes con servicio de preparación de alimentos a la carta o de comida corrida,0 a 5 personas,CALLE,QUERETARO,EJE VIAL,3 PONIENTE (MEDELLIN),EJE VIAL,2 SUR (AVENIDA YUCATAN),CALLE,ZACATECAS,225,NA,MERCADO ROMA,PLANTA BAJA,26,NA,COLONIA,ROMA NORTE,CENTRO Y PLAZA COMERCIAL,MERCADO ROMA,26,06700,09,Ciudad de México,015,Cuauhtémoc,0001,Cuauhtémoc,1214,015,5616928691,JO5535585@GMAIL.COM,BAGUETTAPASGOURMET.COM,Fijo,19.4140631,-99.16441382,2016-01
892022,09015722412003341000000000U8,BALAGAN,NA,722412,"Bares, cantinas y similares",0 a 5 personas,PEATONAL,SAN JERONIMO,CALLE,5 DE FEBRERO,CALLE,ISABEL LA CATOLICA,CALLE,REGINA,56,A,NA,NA,0,NA,COLONIA,CUAUHTEMOC,NA,NA,NA,06080,09,Ciudad de México,015,Cuauhtémoc,0001,Cuauhtémoc,0894,004,NA,NA,NA,Fijo,19.42701268,-99.13629119,2014-12
11376251,09015722511021652000000000U5,BALANDRA,BALANDRA COCINA DE PUERTO  SA DE CV,722511,Restaurantes con servicio de preparación de alimentos a la carta o de comida corrida,6 a 10 personas,CALLE,TONALA,EJE VIAL,2 SUR (AVENIDA QUERETARO),EJE VIAL,2A SUR (SAN LUIS POTOSI),EJE VIAL,2 SUR (AVENIDA YUCATAN),115,NA,NA,NA,NA,NA,COLONIA,ROMA NORTE,NA,NA,NA,06700,09,Ciudad de México,015,Cuauhtémoc,0001,Cuauhtémoc,1214,006,NA,BALANDRA@GMAIL.COM,NA,Fijo,19.41395846,-99.16170374,2024-11
6698144,09015722511008494001000000U9,BALMORI ROOFBAR,BALMORI ROOFBAR SA DE CV,722511,Restaurantes con servicio de preparación de alimentos a la carta o de comida corrida,11 a 30 personas,CALLE,ZACATECAS,CALLE,TONALA,CALLE,JALAPA,CALLE,GUANAJUATO,139,NA,NA,NA,NA,NA,COLONIA,ROMA NORTE,NA,NA,NA,06700,09,Ciudad de México,015,Cuauhtémoc,0001,Cuauhtémoc,1106,003,NA,ADMIN@BALMORIROMA.COM,NA,Fijo,19.41563637,-99.16081871,2016-01
892028,09015722511001581001000000S0,BALTAZAR LOS ARABES DE MEXICO,NA,722511,Restaurantes con servicio de preparación de alimentos a la carta o de comida corrida,0 a 5 personas,PEATONAL,SAN JERONIMO,CALLE,5 DE FEBRERO,CALLE,ISABEL LA CATOLICA,CALLE,REGINA,96,C,NA,NA,0,NA,COLONIA,CUAUHTEMOC,NA,NA,NA,06080,09,Ciudad de México,015,Cuauhtémoc,0001,Cuauhtémoc,0894,004,NA,FACTURACION@PATOMANILA.COM,NA,Fijo,19.4270639,-99.13706379,2014-12
8625214,09015722412004671000000000U7,BALTRA BAR,COCTELES CONDESA SAPI DE CV,722412,"Bares, cantinas y similares",6 a 10 personas,AVENIDA,AMSTERDAM,CALLE,IZTACCIHUATL,AVENIDA,AMSTERDAM,CALLE,CHILPANCINGO,36,NA,NA,NA,NA,D,COLONIA,HIPOROMO,NA,NA,NA,06100,09,Ciudad de México,015,Cuauhtémoc,0001,Cuauhtémoc,1341,009,NA,NA,WWW.BALTRA.BAR,Fijo,19.40951114,-99.16887224,2019-11
10804064,09015722511023841000000000U2,BANDERILLAS COREANAS OPPA,NA,722511,Restaurantes con servicio de preparación de alimentos a la carta o de comida corrida,0 a 5 personas,CALLE,COAHUILA,AVENIDA,INSURGENTES SUR,CALLE,MANZANILLO,CALLE,CHIAPAS,217,NA,NA,NA,NA,NA,COLONIA,ROMA SUR,NA,NA,NA,06760,09,Ciudad de México,015,Cuauhtémoc,0001,Cuauhtémoc,1356,020,NA,LASCOREANASBANDE@GMAIL.COM,NA,Fijo,19.41067405,-99.16610912,2024-11
8327113,09015722511013061000000000U9,BANU BAERY,NA,722511,Restaurantes con servicio de preparación de alimentos a la carta o de comida corrida,0 a 5 personas,CALLE,CULIACAN,CALLE,AGUASCALIENTES,CALLE,TLAXCALA,AVENIDA,NUEVO LEON,43,NA,NA,NA,0,NA,COLONIA,HIPODROMO,NA,NA,NA,06100,09,Ciudad de México,015,Cuauhtémoc,0001,Cuauhtémoc,1341,005,NA,NA,NA,Fijo,19.40676758,-99.17102537,2019-11
9913133,09015722511022083000000000U2,BAO BAO,NA,722511,Restaurantes con servicio de preparación de alimentos a la carta o de comida corrida,11 a 30 personas,CALLE,GUANAJUATO,EJE VIAL,2 PONIENTE (MONTERREY),CALLE,TONALA,CALLE,ZACATECAS,0,SN,NA,NA,NA,NA,COLONIA,ROMA NORTE,NA,NA,NA,06700,09,Ciudad de México,015,Cuauhtémoc,0001,Cuauhtémoc,1106,004,NA,NA,NA,Fijo,19.41590606,-99.16366848,2024-11
11255332,09015722511021301000000000U9,BAO BAO TAIWANESE EATERY,BAO BAO TAIWANESE EATERY SA DE CV,722511,Restaurantes con servicio de preparación de alimentos a la carta o de comida corrida,0 a 5 personas,EJE VIAL,2 PONIENTE MONTERREY,CALLE,ZACATECAS,CALLE,GUANAJUATO,CALLE,TONALA,202,NA,NA,NA,NA,NA,COLONIA,ROMA NORTE,NA,NA,NA,06700,09,Ciudad de México,015,Cuauhtémoc,0001,Cuauhtémoc,1106,004,NA,NA,NA,Fijo,19.41585355,-99.16369853,2024-11
10794632,09015722412005431000000000U5,BAR APOTHECA DE MEZOZI,NA,722412,"Bares, cantinas y similares",0 a 5 personas,CALLE,VERSALLES,AVENIDA,CHAPULTEPEC,CALLE,BERLIN,CALLE,MARSELLA,113,NA,NA,NA,NA,NA,COLONIA,JUAREZ,NA,NA,NA,06600,09,Ciudad de México,015,Cuauhtémoc,0001,Cuauhtémoc,0841,014,NA,NA,NA,Fijo,19.42568509,-99.1564889,2024-11
8337461,09015722412003821000070643S9,BAR BARRA INDEPENDENCIA,GASTRONOMICA INDEPENDENCIA SA DE CV,722412,"Bares, cantinas y similares",0 a 5 personas,CALLE,INDEPENDENCIA,CALLE,SANTOS DEGOLLADO,CALLE,LUIS MOYA,CALLE,ARTICULO 123,40,NA,NA,NA,207,NA,COLONIA,CENTRO,NA,NA,NA,06050,09,Ciudad de México,015,Cuauhtémoc,0001,Cuauhtémoc,0748,001,NA,NA,NA,Fijo,19.43324324,-99.14444065,2019-11
989794,09015722412003153000000000U7,BAR BLACK,NA,722412,"Bares, cantinas y similares",11 a 30 personas,CALLE,FRANCISCO I MADERO,CALLE,FILOMENO MATA,CALLE,BOLIVAR,CALLE,5 DE MAYO,20,NA,PLAZA MADERO,PISO 6,601,NA,COLONIA,CENTRO,EDIFICIO COMERCIAL Y DE SERVICIOS,PLAZA MADERO,601,06000,09,Ciudad de México,015,Cuauhtémoc,0001,Cuauhtémoc,0767,001,5616802031,NA,NA,Fijo,19.4338984,-99.13912624,2010-07
11785814,09015722412006574000000000U1,BAR BUNNY,BSTK POLANCO SA DE CV,722412,"Bares, cantinas y similares",31 a 50 personas,CIRCUITO,Interior (Calzada Melchor Ocampo),CALZADA,Manuel Villalongín,AVENIDA,Parque Vía,CALLE,Río Yang Tse,246,A,NA,NA,201,NA,COLONIA,CUAUHTEOC,NA,NA,NA,06500,09,Ciudad de México,015,Cuauhtémoc,0001,Cuauhtémoc,0790,021,NA,NA,NA,Fijo,19.4353431,-99.16988236,2025-04
11106818,09015722412005651000000000U8,BAR BUSSIFAME,NA,722412,"Bares, cantinas y similares",0 a 5 personas,CALLE,DINAMARCA,CALLE,MARSELLA,AVENIDA,CHAPULTEPEC,CALLE,NAPOLES,75,NA,NA,NA,0,NA,COLONIA,JUAREZ,NA,NA,NA,06600,09,Ciudad de México,015,Cuauhtémoc,0001,Cuauhtémoc,0841,015,NA,NA,NA,Fijo,19.42558406,-99.15770333,2024-11
11357027,09015722412005543000000000U7,BAR CAIMAN,LA MORDIDA DEL CAIMAN SAPI DE CV,722412,"Bares, cantinas y similares",11 a 30 personas,AVENIDA,NUEVO LEON,AVENIDA,MICHOACAN,CALLE,OZULUAMA,AVENIDA,AMSTERDAM,120,NA,NA,NA,0,NA,COLONIA,HIPODROMO,NA,NA,NA,06100,09,Ciudad de México,015,Cuauhtémoc,0001,Cuauhtémoc,1197,012,5510469814,CAIMANFACTURACION@GMAIL.COM,NA,Fijo,19.41036719,-99.17269372,2024-11
657859,09015722412003252001000000U7,BAR CARAPOS,NA,722412,"Bares, cantinas y similares",0 a 5 personas,PEATONAL,REPUBLICA DE HONDURAS,CALLEJON,CALLEJON DE LA AMARGURA,CALLE,ALLENDE,CALLE,REPUBLICA DE ECUADOR,10,C,NA,NA,0,NA,COLONIA,CENTR0,NA,NA,NA,06010,09,Ciudad de México,015,Cuauhtémoc,0001,Cuauhtémoc,0536,008,5571781593,NA,NA,Fijo,19.44088055,-99.1380437,2014-12
1013831,09015722412003272001000000U5,BAR CHAPULTEPEC,CARRASCONTI SA DE CV,722412,"Bares, cantinas y similares",0 a 5 personas,AVENIDA,HIDALGO,CALLE,CALLEJON SOMBREREROS,CALLE,HUMBOLDT,CALLE,DOCTOR BASILIO BADILLO,0,SN,NA,NA,0,NA,COLONIA,TABACALERA,NA,NA,NA,06030,09,Ciudad de México,015,Cuauhtémoc,0001,Cuauhtémoc,0729,010,NA,PYMEF_EDUARDO@HOTMAIL.COM,NA,Fijo,19.43752512,-99.14809491,2010-07
7732678,09015722412004043000000000U9,BAR COCTEL BAR AND GRILL,NA,722412,"Bares, cantinas y similares",11 a 30 personas,CALLE,ESTOCOLMO,AVENIDA,PASEO DE LA REFORMA,CALLE,HAMBURGO,CALLE,AMBERES,16,A,NA,NA,0,NA,COLONIA,JUAREZ,NA,NA,NA,06600,09,Ciudad de México,015,Cuauhtémoc,0001,Cuauhtémoc,0945,012,NA,COCTEL2021@HOTMAIL.COM,NA,Fijo,19.42675261,-99.16639089,2019-11
10316603,09015722412006461000000000U1,BAR COTORRITOS,NA,722412,"Bares, cantinas y similares",0 a 5 personas,CALLE,LONDRES,EJE VIAL,2 PONIENTE (FLORENCIA),CALLE,AMBERES,CALLE,HAMBURGO,167,A,167,PLANTA BAJA,149,NA,COLONIA,JUAREZ,EDIFICIO COMERCIAL Y DE SERVICIOS,167,149,06600,09,Ciudad de México,015,Cuauhtémoc,0001,Cuauhtémoc,095A,007,NA,NA,NA,Fijo,19.42462938,-99.16579888,2024-11
894788,09015722412002743001000000U6,BAR EL ALMACEN,NA,722412,"Bares, cantinas y similares",11 a 30 personas,EJE VIAL,2 PONIENTE FLORENCIA,CALLE,LONDRES,CALLE,HAMBURGO,CALLE,VARSOVIA,37,NA,NA,NA,NA,B Y 37 B,COLONIA,JUAREZ,NA,NA,NA,06600,09,Ciudad de México,015,Cuauhtémoc,0001,Cuauhtémoc,095A,019,5552079424,ALMACERBARZR@GMAIL.COM,NA,Fijo,19.42469912,-99.16655683,2014-12
1031225,09015722412003431001000000U7,BAR EL CAPRICHO,NA,722412,"Bares, cantinas y similares",0 a 5 personas,CALLE,TOPACIO,AVENIDA,SAN PABLO,AVENIDA,FRAY SERVANDO TERESA DE MIER,CALLE,JESUS MARIA,19,NA,NA,NA,NA,NA,COLONIA,CENTRO,NA,NA,NA,06010,09,Ciudad de México,015,Cuauhtémoc,0001,Cuauhtémoc,0979,002,NA,NA,NA,Fijo,19.4254476,-99.12809278,2014-12
7756266,09015722412004802000000000U8,BAR EL DIAMANTE,NA,722412,"Bares, cantinas y similares",0 a 5 personas,AVENIDA,FRAY SERVANDO TERESA DE MIER,CALLE,SAN LUCAS,CALLE,SAN MIGUEL,CALLE,CERRADA NEZAHUALCOYOTL,242,NA,NA,NA,NA,NA,COLONIA,CENTRO,NA,NA,NA,06010,09,Ciudad de México,015,Cuauhtémoc,0001,Cuauhtémoc,0979,011,NA,NA,NA,Fijo,19.42380643,-99.13207929,2019-11
660110,09015722110002342001000000U7,BAR EL GRAN MARQUES,NA,722412,"Bares, cantinas y similares",11 a 30 personas,CALLE,VIOLETA,EJE VIAL,1 PONIENTE (GUERRERO),CALLE,HEROES,CALLE,MINA,72,NA,NA,NA,72,NA,COLONIA,GUERRERO,NA,NA,NA,06300,09,Ciudad de México,015,Cuauhtémoc,0001,Cuauhtémoc,0610,003,NA,ELMARQUES2009@HOTMAIL.COM,WWW.ELGRANMARQUEZSALONBAROFICIAL.COM,Fijo,19.441529,-99.14806858,2011-03
8007554,09015722412004252000000000U6,BAR EL PATIO,NA,722412,"Bares, cantinas y similares",6 a 10 personas,CALLE,CLAVEL,CIRCUITO,INTERIOR (AVENIDA RIO CONSULADO),CALLE,CEDRO,CALLE,HELIOTROPO,237,NA,NA,NA,NA,NA,COLONIA,ATLAMPA,NA,NA,NA,06450,09,Ciudad de México,015,Cuauhtémoc,0001,Cuauhtémoc,017A,006,NA,NA,WWW.ELPATIOPUB,Fijo,19.45806652,-99.16246357,2019-11
11733216,09015722412006561000000000U8,BAR EL REY BOTANERO,NA,722412,"Bares, cantinas y similares",0 a 5 personas,CALLE,López,AVENIDA,Arcos de Belén,CALLE,Delicias,CALLE,Aranda,161,NA,NA,NA,0,NA,COLONIA,CENTRO,NA,NA,NA,NA,09,Ciudad de México,015,Cuauhtémoc,0001,Cuauhtémoc,0875,015,NA,NA,NA,Fijo,19.42698072,-99.14297742,2025-04
9118947,09015722412005042000049171M0,BAR EL TALLER,GRUPO CABARETITO SA DE CV,722412,"Bares, cantinas y similares",11 a 30 personas,EJE VIAL,2 PONIENTE FLORENCIA,CALLE,LONDRES,CALLE,HAMBURGO,CALLE,VARSOVIA,37,NA,NA,NA,NA,NA,COLONIA,JUAREZ,NA,NA,NA,06600,09,Ciudad de México,015,Cuauhtémoc,0001,Cuauhtémoc,095A,019,NA,NA,NA,Fijo,19.42469912,-99.16655683,2019-11
10942876,09015722412006321000000000U7,BAR EL TIGRILLO,EL TIGRILLO SA DE CV,722412,"Bares, cantinas y similares",0 a 5 personas,CALLE,COLIMA,CALLE,CORDOBA,CALLE,ORIZABA,CALLE,DURANGO,159,NA,EDIFICIO SIN NOMBRE,PISO 5,51,NA,COLONIA,ROMA NORTE,EDIFICIO COMERCIAL Y DE SERVICIOS,EDIFICIO COMERCIAL Y DE SERVICIOS SIN NOMBRE,51,06700,09,Ciudad de México,015,Cuauhtémoc,0001,Cuauhtémoc,1002,011,NA,ELTIGRILLOSILENCIOSO@GMAIL.COM,NA,Fijo,19.41999049,-99.15961036,2024-11
865281,09015722412003461001000000U4,BAR EL TRAPIZ,EL CULTO DE LA CERVEZA SA DE CV,722412,"Bares, cantinas y similares",6 a 10 personas,AVENIDA,ALVARO OBREGON,AVENIDA,OAXACA,CALLE,HUICHAPAN,AVENIDA,AMSTERDAM,298,NA,NA,NA,NA,D,COLONIA,HIPODROMO,NA,NA,NA,06100,09,Ciudad de México,015,Cuauhtémoc,0001,Cuauhtémoc,120A,012,5567876547,NA,NA,Fijo,19.4161928,-99.16918339,2010-07
867410,09015722412003131000000000U3,BAR FELINA,FELINA SA DE CV,722412,"Bares, cantinas y similares",6 a 10 personas,CALLE,OMETUSCO,EJE VIAL,4 SUR (BENJAMIN FRANKLIN),EJE VIAL,3 SUR (AVENIDA BAJA CALIFORNIA),CALLE,SULTEPEC,87,NA,NA,NA,NA,NA,COLONIA,HIPODROMO,NA,NA,NA,06100,09,Ciudad de México,015,Cuauhtémoc,0001,Cuauhtémoc,1426,003,NA,NA,WWW.INSTSGRAM.COM._F_E_L_I_N_A,Fijo,19.40541,-99.17412383,2010-07
991986,09015722412001282001000000U6,BAR FLORIDA DEL CENTRO,NA,722412,"Bares, cantinas y similares",6 a 10 personas,CALLE,INDEPENDENCIA,CALLE,LOPEZ,CALLE,DOLORES,CALLE,ARTICULO 123,16,NA,EDIFICIO INDEPENDENCIA 16,PLANTA BAJA,1,16 C,COLONIA,CENTRO,NA,NA,NA,06000,09,Ciudad de México,015,Cuauhtémoc,0001,Cuauhtémoc,0748,004,NA,BARFLORIDA@GMAIL.COM,NA,Fijo,19.43290898,-99.14225109,2010-07
8326154,09015722412004474000000000U6,BAR HIBRIDO,NA,722412,"Bares, cantinas y similares",11 a 30 personas,EJE VIAL,2 PONIENTE FLORENCIA,CALLE,LIVERPOOL,CALLE,LONDRES,CALLE,AMBERES,52,NA,NA,NA,0,NA,COLONIA,JUAREZ,NA,NA,NA,06600,09,Ciudad de México,015,Cuauhtémoc,0001,Cuauhtémoc,095A,006,NA,NA,NA,Fijo,19.42427685,-99.16615039,2019-11
9974296,09015722511018822000000000U9,BAR LA DINA,NA,722511,Restaurantes con servicio de preparación de alimentos a la carta o de comida corrida,6 a 10 personas,CALLE,COLIMA,AVENIDA,OAXACA,CALLE,MEDELLIN,AVENIDA,PLAZA VILLA MADRID,333,NA,NA,NA,NA,NA,COLONIA,LA ROMA,NA,NA,NA,06700,09,Ciudad de México,015,Cuauhtémoc,0001,Cuauhtémoc,1093,008,NA,JARDIN@FACTURACION.GAMIL.COM,NA,Fijo,19.41825633,-99.16731781,2024-11
874137,09015722219027382001000000U3,BAR LA QUEBRADA,NA,722412,"Bares, cantinas y similares",0 a 5 personas,CALLE,ALFREDO CHAVERO,CALLE,SIMON BOLIVAR,CALLE,JOSE TOMAS CUELLAR,CALLE,RAFAEL ANGEL DE LA PEÑA,42,NA,NA,NA,NA,NA,COLONIA,OBRERA,NA,NA,NA,06800,09,Ciudad de México,015,Cuauhtémoc,0001,Cuauhtémoc,1144,016,NA,NA,NA,Fijo,19.41758094,-99.14119836,2010-07
986533,09015722412000241000000000U3,BAR LA REFORMA DE BUCARELI,NA,722412,"Bares, cantinas y similares",6 a 10 personas,CALLE,ARTICULO 123,EJE VIAL,1 PONIENTE (AVENIDA BUCARELI),CALLE,ITURBIDE,AVENIDA,JUAREZ,129,D,NA,NA,30,NA,COLONIA,CUAUHTEMOC,NA,NA,NA,06050,09,Ciudad de México,015,Cuauhtémoc,0001,Cuauhtémoc,0733,009,NA,NA,NA,Fijo,19.43324549,-99.1498854,2010-07
1040395,09015722219028362001000000U4,BAR LAS JACARANDAS,NA,722412,"Bares, cantinas y similares",6 a 10 personas,CALLE,ARANDA,CALLE,VIZCAINAS,CALLE,DELICIAS,CALLE,LOPEZ,50,F,NA,NA,0,NA,COLONIA,CENTRO,NA,NA,NA,06070,09,Ciudad de México,015,Cuauhtémoc,0001,Cuauhtémoc,0875,014,NA,NA,NA,Fijo,19.42888166,-99.14290271,2010-07
1028154,09015722412001903001000000U7,BAR LE TOUCH,BARES PUING SA DE CV,722412,"Bares, cantinas y similares",11 a 30 personas,CALLE,AMBERES,AVENIDA,PASEO DE LA REFORMA,CALLE,HAMBURGO,CALLE,ESTOCOLMO,11,NA,NA,NA,NA,NA,COLONIA,JUAREZ,NA,NA,NA,06600,09,Ciudad de México,015,Cuauhtémoc,0001,Cuauhtémoc,0945,012,5555119973,PALFONSOJAVIER@LIALEI.COM,BARTOUCHZONAROSA.COM.MX,Fijo,19.42681678,-99.16600978,2010-07
11694850,09015722412005811000000000U8,BAR LOS AMIGOS,NA,722412,"Bares, cantinas y similares",0 a 5 personas,CALLE,BUEN TONO,CALLE,DELICIAS,AVENIDA,ARCOS DE BELEN,CALLE,LUIS MOYA,23,NA,NA,NA,0,NA,COLONIA,CENTRO,NA,NA,NA,06070,09,Ciudad de México,015,Cuauhtémoc,0001,Cuauhtémoc,0875,004,NA,NA,NA,Fijo,19.42778373,-99.14375328,2024-11
1044065,09015722412000591000000000U1,BAR LOS CALDOS,NA,722412,"Bares, cantinas y similares",0 a 5 personas,AVENIDA,FRAY SERVANDO TERESA DE MIER,CALLE,SAN LUCAS,CALLE,SAN MIGUEL,CALLE,CERRADA NEZAHUALCOYOTL,242,NA,NA,NA,NA,NA,COLONIA,CENTRO,NA,NA,NA,06010,09,Ciudad de México,015,Cuauhtémoc,0001,Cuauhtémoc,0979,011,NA,NA,NA,Fijo,19.42378654,-99.1319363,2010-07
1014032,09015722412001242001000000U0,BAR LOS VILLAS,BAR LOS VILLAS SA DE CV,722412,"Bares, cantinas y similares",6 a 10 personas,CALLE,REPUBLICA DEL SALVADOR,CALLE,BOLIVAR,CALLE,ISABEL LA CATOLICA,CALLE,REPUBLICA DE URUGUAY,42,G,NA,NA,0,NA,COLONIA,CENNTRO,NA,NA,NA,06600,09,Ciudad de México,015,Cuauhtémoc,0001,Cuauhtémoc,0818,003,NA,JGL741606@GMAIL.COM,NA,Fijo,19.42998251,-99.13883931,2010-07
9200088,09015722412005152000000000U7,BAR MANCERA,NA,722412,"Bares, cantinas y similares",0 a 5 personas,CALLE,VENUSTIANO CARRANZA,CALLE,ISABEL LA CATOLICA,CALLE,BOLIVAR,CALLE,REPUBLICA DE URUGUAY,49,NA,NA,NA,NA,NA,COLONIA,CENTRO,NA,NA,NA,06000,09,Ciudad de México,015,Cuauhtémoc,0001,Cuauhtémoc,0818,002,NA,BARMANCERA@HOTMAIL.COM,NA,Fijo,19.43144926,-99.13786878,2019-11
10687787,09015722511020502000000000U3,BAR MOJITOS TIME,NA,722511,Restaurantes con servicio de preparación de alimentos a la carta o de comida corrida,6 a 10 personas,EJE VIAL,1 PONIENTE AVENIDA CUAUHTEMOC,CALLE,PUEBLA,AVENIDA,CHAPULTEPEC,CALLE,GUAYMAS,19,NA,CENTRO CULTURAL CUAUHTEMOC,PLANTA BAJA,NA,14 18 Y 24,COLONIA,ROMA NORTE,CENTRO Y PLAZA COMERCIAL,CENTRO CULTURAL CUAUHTEMOC,14-18 Y 24,06700,09,Ciudad de México,015,Cuauhtémoc,0001,Cuauhtémoc,1017,024,NA,MOJITOSTIME@GMAIL.COM,WWW.MOJITOSTIME.COM,Fijo,19.42535083,-99.15390057,2024-11
1017471,09015722518003571010000000U4,BAR MOYS,NA,722412,"Bares, cantinas y similares",6 a 10 personas,CALLE,MAESTRO ANTONIO CASO,CALLE,SADI CARNOT,CALLE,SERAPIO RENDON,CALLE,VALENTIN GOMEZ FARIAS,73,1 Y 2,NA,NA,0,NA,COLONIA,SAN RAFAEL,NA,NA,NA,06470,09,Ciudad de México,015,Cuauhtémoc,0001,Cuauhtémoc,0697,004,5530587861,FACTURACION@MYSBURGER.COM,NA,Fijo,19.43464776,-99.15952322,2010-07
1017871,09015722412000841000000000U0,BAR NISOTO,NA,722412,"Bares, cantinas y similares",0 a 5 personas,CALLE,BOLIVAR,CALLE,SAN JERONIMO,AVENIDA,JOSE MARIA IZAZAGA,CALLE,ISABEL LA CATOLICA,104,B,NA,NA,0,NA,COLONIA,CENTRO,NA,NA,NA,06080,09,Ciudad de México,015,Cuauhtémoc,0001,Cuauhtémoc,088A,012,NA,BAR.NI.SOTO@GMAIL.COM,NA,Fijo,19.42673898,-99.1393284,2010-07
8326925,09015722412004582000000000U6,BAR ORIENTE 181,CLUB DURANGO ROMA SA,722412,"Bares, cantinas y similares",11 a 30 personas,CALLE,DURANGO,AVENIDA,PLAZA VILLA MADRID,CALLE,2 PONIENTE (MONTERREY),AVENIDA,OAXACA,181,NA,NA,NA,NA,NA,COLONIA,ROMA NORTE,NA,NA,NA,06700,09,Ciudad de México,015,Cuauhtémoc,0001,Cuauhtémoc,0998,015,NA,TAMARA@RITUALH.COM,NA,Fijo,19.42005695,-99.16529426,2019-11
889903,09015722412002632000000000U1,BAR OXFORD,NA,722412,"Bares, cantinas y similares",0 a 5 personas,CALLE,IGNACIO MARISCAL,CALLE,RAMOS ARISPE,CALLE,JOSE DE EMPARAM,AVENIDA,MEXICO TENOCHTITLAN,67,NA,NA,NA,NA,NA,COLONIA,TABACALERA,NA,NA,NA,06030,09,Ciudad de México,015,Cuauhtémoc,0001,Cuauhtémoc,0714,008,NA,NA,MIDEL1954.COM,Fijo,19.43745794,-99.15210005,2014-12
980942,09015722412003201001000000U4,BAR POLO,NA,722412,"Bares, cantinas y similares",6 a 10 personas,EJE VIAL,CENTRAL LAZARO CARDENAS,CALLE,REPUBLICA DE ECUADOR,PEATONAL,PLAZA GARIBALDI,CALLE,SAN CAMILITO,53,NA,NA,NA,NA,NA,COLONIA,CENTRO,NA,NA,NA,06010,09,Ciudad de México,015,Cuauhtémoc,0001,Cuauhtémoc,0536,014,5610725119,BARPOLO1996@GMAIL.COM,BARPOLO.COM,Fijo,19.44123425,-99.13961576,2010-07
1013540,09015722412001893000000000U0,BAR PULMEZ,NA,722412,"Bares, cantinas y similares",0 a 5 personas,CALLE,IGNACIO MARISCAL,EJE VIAL,1 PONIENTE (AVENIDA ROSALES),CALLE,JESUS DE TERAN,AVENIDA,MEXICO-TENOCHTITLAN,7,NA,NA,NA,0,NA,COLONIA,TABACALERA,NA,NA,NA,06030,09,Ciudad de México,015,Cuauhtémoc,0001,Cuauhtémoc,0714,011,NA,NA,NA,Fijo,19.43718327,-99.14963215,2010-07
1042368,09015722511000833001000000U6,BAR RESTAURANT JERRY HOUSE,NA,722511,Restaurantes con servicio de preparación de alimentos a la carta o de comida corrida,0 a 5 personas,CALLE,BOLIVAR,AVENIDA,JOSE MARIA IZAZAGA,CALLE,NEZAHUALCOYOTL,CALLE,CALLEJON NEZAHUALCOYOTL,161,NA,NA,NA,0,NA,COLONIA,CENTRO,NA,NA,NA,06010,09,Ciudad de México,015,Cuauhtémoc,0001,Cuauhtémoc,0964,008,NA,NA,NA,Fijo,19.42609751,-99.13942044,2010-07
1001598,09015722219026002001000000U8,BAR RESTAURANT LAS PECOSAS,NA,722412,"Bares, cantinas y similares",6 a 10 personas,CALLE,REPUBLICA DE CUBA,CALLE,CALLEJON DEL 57,CALLE,ALLENDE,CALLE,DONCELES,23,NA,NA,NA,0,C Y D,CIUDAD,CIUDAD DE MEXICO,NA,NA,NA,06010,09,Ciudad de México,015,Cuauhtémoc,0001,Cuauhtémoc,0752,014,NA,NA,NA,Fijo,19.4374488,-99.13858359,2010-07
11093128,09015722511021373000000000U8,BAR RESTAURANTE COLONIA,NA,722511,Restaurantes con servicio de preparación de alimentos a la carta o de comida corrida,11 a 30 personas,CALLE,GENERAL PRIM,CALLE,VERSALLES,CALLE,LISBOA,CALLE,LUCERNA,66,NA,NA,NA,0,NA,COLONIA,JUAREZ,NA,NA,NA,06600,09,Ciudad de México,015,Cuauhtémoc,0001,Cuauhtémoc,0856,001,5580316614,NA,NA,Fijo,19.43049557,-99.15515825,2024-11
896692,09015722412002123001000000M1,BAR RESTAURANTE ELDEPOSITO,CERVECERIA CLANDESTINA SA DE CV,722412,"Bares, cantinas y similares",0 a 5 personas,EJE VIAL,3 SUR AVENIDA BAJA CALIFORNIA,CALLE,CHOAPAN,CALLE,CHOLULA,CALLE,GENERAL BENJAMIN HILL,375,NA,NA,NA,NA,NA,COLONIA,HIPODROMO,NA,NA,NA,06100,09,Ciudad de México,015,Cuauhtémoc,0001,Cuauhtémoc,1426,017,5552710716,CONDESA@ELDEPOCITO.COM,NA,Fijo,19.40578316,-99.17611353,2014-12
992014,09015722110002272000000000U6,BAR RESTAURANTE LA MASCOTA,NA,722412,"Bares, cantinas y similares",6 a 10 personas,CALLE,DOLORES,CALLEJON,DOLORES,CALLE,INDEPENDENCIA,CALLE,LOPEZ,20,NA,NA,NA,20,NA,COLONIA,CENTRO,NA,NA,NA,06000,09,Ciudad de México,015,Cuauhtémoc,0001,Cuauhtémoc,0748,004,5555210910,GABYBAUTISTAMX@LIVE.COM.MX,NA,Fijo,19.43296952,-99.14293121,2010-07
10062818,09015722412005941000000000U3,BAR SIN NOMBRE,NA,722412,"Bares, cantinas y similares",0 a 5 personas,CALLE,REPUBLICA DE ARGENTINA,CALLE,REPUBLICA DE BOLIVIA,CALLE,REPUBLICA DE COLOMBIA,CALLE,CALLE DEL CARMEN,51,NA,NA,NA,70,P-3,COLONIA,CENTRO,NA,NA,NA,06000,09,Ciudad de México,015,Cuauhtémoc,0001,Cuauhtémoc,0659,016,5585151900,NA,NA,Fijo,19.43884746,-99.13126488,2024-11
865395,09015722110005874001000000U6,BAR THE SIXTIES,OPERADORA RESTAURANTERA SUVA SA DE CV,722412,"Bares, cantinas y similares",31 a 50 personas,AVENIDA,SONORA,AVENIDA,INSURGENTES SUR,AVENIDA,AMSTERDAM,CALLE,CELAYA,210,NA,EDIFICIO COMERCIAL Y DE SERVICIOS,PLANTA BAJA,NA,NA,COLONIA,HIPODROMO,EDIFICIO COMERCIAL Y DE SERVICIOS,EDIFICIO COMERCIAL Y DE SERVICIOS,SN,06100,09,Ciudad de México,015,Cuauhtémoc,0001,Cuauhtémoc,120A,003,NA,CARLOS.BEAR.SISTIES@GMAIL.COM,WWW.SIXTIES.COM.MX,Fijo,19.41289261,-99.16671835,2010-07
8337504,09015722412003851000000000U6,BAR TINTOS BY OPEN HOUSE,NA,722412,"Bares, cantinas y similares",0 a 5 personas,CALLE,INDEPENDENCIA,CALLE,SANTOS DEGOLLADO,CALLE,LUIS MOYA,CALLE,ARTICULO 123,40,NA,NA,NA,209,NA,COLONIA,CENTRO,NA,NA,NA,06050,09,Ciudad de México,015,Cuauhtémoc,0001,Cuauhtémoc,0748,001,NA,NA,NA,Fijo,19.43324324,-99.14444065,2019-11
998681,09015722412002813001000000U7,BAR UTA DONCELES 58,NA,722412,"Bares, cantinas y similares",6 a 10 personas,CALLE,DONCELES,CALLE,REPUBLICA DE CHILE,CALLE,PALMA NORTE,CALLE,REPUBLICA DE CUBA,58,C,NA,NA,1,NA,COLONIA,CENTRO,NA,NA,NA,06010,09,Ciudad de México,015,Cuauhtémoc,0001,Cuauhtémoc,0752,006,5513043376,NA,NA,Fijo,19.43624892,-99.13551389,2014-12
900016,09015722412002232001000000U0,BAR VILLA HERMOSA,NA,722412,"Bares, cantinas y similares",11 a 30 personas,EJE VIAL,2 SUR MANUEL JOSE OTHON,CALLE,5 DE FEBRERO,CALZADA,SAN ANTONIO ABAD,CALLE,JOSE TOMAS CUELLAR,135,NA,NA,NA,0,NA,COLONIA,OBRERA,NA,NA,NA,06800,09,Ciudad de México,015,Cuauhtémoc,0001,Cuauhtémoc,1159,013,5557403624,VILLA1HERMOSA@YAHOO.COM.MX,NA,Fijo,19.41455484,-99.13641012,2014-12
11124012,09015722412006331000000000U6,BAR Y SNACKS SIN NOMBRE,NA,722412,"Bares, cantinas y similares",0 a 5 personas,PEATONAL,SAN JERONIMO,CALLE,5 DE FEBRERO,CALLE,ISABEL LA CATOLICA,CALLE,REGINA,62,NA,NA,NA,NA,SN,COLONIA,CUAUHTEMOC,NA,NA,NA,06080,09,Ciudad de México,015,Cuauhtémoc,0001,Cuauhtémoc,0894,004,NA,NA,NA,Fijo,19.42698104,-99.13581403,2024-11
1019059,09015722511005252000000000U4,BARAIMA,NA,722511,Restaurantes con servicio de preparación de alimentos a la carta o de comida corrida,6 a 10 personas,CALLE,REGINA,CALLE,5 DE FEBRERO,CALLE,ISABEL LA CATOLICA,PEATONAL,SAN JERONIMO,27,A,NA,NA,0,NA,COLONIA,CUAUHTEMOC,NA,NA,NA,06080,09,Ciudad de México,015,Cuauhtémoc,0001,Cuauhtémoc,0894,004,5557092492,NA,NA,Fijo,19.42783286,-99.13699948,2010-07
7733042,09015722511011241000000000U9,BARBA AZUL,NA,722511,Restaurantes con servicio de preparación de alimentos a la carta o de comida corrida,6 a 10 personas,CALLE,SIMON BOLIVAR,CALLE,MANUEL M. FLORES,CALLE,MANUEL GUTIERREZ NAJERA,EJE VIAL,CENTRAL (LAZARO CARDENAS),291,NA,NA,NA,NA,NA,COLONIA,OBRERA,NA,NA,NA,06800,09,Ciudad de México,015,Cuauhtémoc,0001,Cuauhtémoc,1144,001,NA,BARBA.AZUL.CABARET@GMAIL.COM,NA,Fijo,19.41581727,-99.14112965,2019-11
9921681,09015722412005471000000000U1,BARMANDALA,NA,722412,"Bares, cantinas y similares",0 a 5 personas,AVENIDA,INSURGENTES SUR,CALLE,DURANGO,CALLE,COLIMA,CALLE,TONALA,222,NA,EDIFICIO COMERCIAL Y DE SERVICIOS SIN NOMBRE,PISO 1,NA,NA,COLONIA,ROMA NORTE,EDIFICIO COMERCIAL Y DE SERVICIOS,EDIFICIO COMERCIAL Y DE SERVICIOS SIN NOMBRE,1,06700,09,Ciudad de México,015,Cuauhtémoc,0001,Cuauhtémoc,1002,016,5555211030,NA,NA,Fijo,19.4190973,-99.1642191,2024-11
11306427,09015722511018641000000000U3,BARRA AZUL,NA,722511,Restaurantes con servicio de preparación de alimentos a la carta o de comida corrida,0 a 5 personas,CALLE,REGINA,CALLE,ISABEL LA CATOLICA,CALLEJON,PRIMER DE MESONES,CALLE,MESONES,38,A,NA,NA,3,NA,COLONIA,CUAHUTEMOC,NA,NA,NA,06080,09,Ciudad de México,015,Cuauhtémoc,0001,Cuauhtémoc,0894,005,NA,NA,NA,Fijo,19.42791666,-99.13696873,2024-11
9201065,09015722511015982000000000U4,BARRA DELI EXPRESS,NA,722511,Restaurantes con servicio de preparación de alimentos a la carta o de comida corrida,0 a 5 personas,CALLE,DOCTOR AGUSTIN ANDRADE,CALLE,DOCTOR RUIZ,AVENIDA,DOCTOR RIO DE LA LOZA,CALLE,DOCTOR VALENZUELA,42,NA,NA,NA,0,NA,COLONIA,DOCTORES,NA,NA,NA,06720,09,Ciudad de México,015,Cuauhtémoc,0001,Cuauhtémoc,1036,020,NA,NA,NA,Fijo,19.42447735,-99.14480389,2019-11
7733596,09015722412004161000000000U9,BARRA GAVIA,NA,722412,"Bares, cantinas y similares",0 a 5 personas,CALLE,CHOAPAN,AVENIDA,TAMAULIPAS,CALLE,REYNOSA,CALLE,GENERAL BENJAMIN HILL,29,NA,NA,NA,0,NA,COLONIA,CONDESA,NA,NA,NA,06170,09,Ciudad de México,015,Cuauhtémoc,0001,Cuauhtémoc,1411,003,NA,NA,NA,Fijo,19.40644215,-99.17763406,2019-11
8625299,09015722511013663000000000U2,BARRIO MESTIZO,RESTAURANTES AMIGOS DE BARRO SA DE CV,722511,Restaurantes con servicio de preparación de alimentos a la carta o de comida corrida,6 a 10 personas,CALLE,REGINA,CALLE,ISABEL LA CATOLICA,CALLEJON,PRIMER DE MESONES,CALLE,MESONES,48,NA,NA,NA,NA,NA,COLONIA,CUAHUTEMOC,NA,NA,NA,06080,09,Ciudad de México,015,Cuauhtémoc,0001,Cuauhtémoc,0894,005,NA,BARROMESTIZO@GMAIL.COM,NA,Fijo,19.42780312,-99.13615061,2019-11
8338314,09015722511010203000000000U0,BARRO MESTIZO,NA,722511,Restaurantes con servicio de preparación de alimentos a la carta o de comida corrida,6 a 10 personas,CALLE,MESONES,CALLE,20 DE NOVIEMBRE,AVENIDA,JOSE MARIA PINO SUAREZ,CALLE,REGINA,111,D,NA,NA,0,NA,COLONIA,CENTRO,NA,NA,NA,06090,09,Ciudad de México,015,Cuauhtémoc,0001,Cuauhtémoc,0894,009,NA,NA,NA,Fijo,19.42820945,-99.13323765,2019-11
9499738,09015722511017662000000000U0,BARRO MESTIZO,NA,722511,Restaurantes con servicio de preparación de alimentos a la carta o de comida corrida,6 a 10 personas,CALLE,REPUBLICA DE URUGUAY,CALLE,5 DE FEBRERO,CALLE,20 DE NOVIEMBRE,CALLE,REPUBLICA DEL SALVADOR,93,NA,NA,NA,NA,NA,COLONIA,CENTRO,NA,NA,NA,06000,09,Ciudad de México,015,Cuauhtémoc,0001,Cuauhtémoc,0818,014,NA,BARROMESTIZO@GMAIL.COM,NA,Fijo,19.43007047,-99.13415384,2024-11
9625340,09015722511021241000000000U7,BARRY OH,NA,722511,Restaurantes con servicio de preparación de alimentos a la carta o de comida corrida,0 a 5 personas,EJE VIAL,4 SUR CHILPANCINGO,CALLE,TEHUANTEPEC,CALLE,BAJIO,CALLE,TUXPAN,108,B,NA,NA,3,A,COLONIA,ROMA SUR,NA,NA,NA,06760,09,Ciudad de México,015,Cuauhtémoc,0001,Cuauhtémoc,1445,002,5516454040,NA,NA,Fijo,19.40361392,-99.16859919,2024-11
11126492,09015722511020353000000000M1,BASICO,SE BASICO MEXICO SAPI DE CV,722511,Restaurantes con servicio de preparación de alimentos a la carta o de comida corrida,11 a 30 personas,AVENIDA,SONORA,CALLE,DURANGO,CALLE,COLIMA,CALLE,COZUMEL,84,NA,NA,NA,NA,NA,COLONIA,ROMA NORTE,NA,NA,NA,06700,09,Ciudad de México,015,Cuauhtémoc,0001,Cuauhtémoc,1182,015,NA,ADMI@SEBASICO.COM,WWW.SEBASICO.COM,Fijo,19.41799892,-99.17156561,2024-11
10357214,09015722412005842000000000U3,BBQ WINGS SPORTS BAR,NA,722412,"Bares, cantinas y similares",6 a 10 personas,AVENIDA,INSURGENTES CENTRO,CALLE,MAESTRO ANTONIO CASO,CALLE,JAMES SULLIVAN,CALLE,SADI CARNOT,129,NA,NA,NA,0,NA,COLONIA,SAN RAFAEL,NA,NA,NA,06470,09,Ciudad de México,015,Cuauhtémoc,0001,Cuauhtémoc,0697,011,NA,NA,NA,Fijo,19.43328322,-99.15868829,2024-11
889820,09015722412002193001000000U4,BEEFPLACE,SERVICIOS INMOBILIARIOS CARAMEL SA DE CV,722412,"Bares, cantinas y similares",11 a 30 personas,CALLE,IGNACIO L VALLARTA,CALLE,PRIVADA VALLARTA,CALLE,MAESTRO ANTONIO CASO,CALLE,IGNACIO RAMIREZ,30,NA,NA,NA,NA,NA,COLONIA,TABACALERA,NA,NA,NA,06030,09,Ciudad de México,015,Cuauhtémoc,0001,Cuauhtémoc,070A,010,NA,NA,NA,Fijo,19.43415262,-99.1556753,2014-12
8625548,09015722412004693000000000U1,BEER GARDEN ROMA,NA,722412,"Bares, cantinas y similares",31 a 50 personas,CALLE,PUEBLA,EJE VIAL,2 PONIENTE (MONTERREY),CALLE,MEDELLIN,AVENIDA,CHAPULTEPEC,213,NA,NA,NA,NA,NA,COLONIA,ROMA NORTE,NA,NA,NA,06700,09,Ciudad de México,015,Cuauhtémoc,0001,Cuauhtémoc,0998,010,5579272506,BEERGARDEN21@GMAIL.COM,NA,Fijo,19.42201902,-99.165672,2019-11
867277,09015722511005753001000000U1,BEER STOP,COMERCIALIZADORA SANTA GERTRUDES SA DE CV,722511,Restaurantes con servicio de preparación de alimentos a la carta o de comida corrida,6 a 10 personas,AVENIDA,TAMAULIPAS,CALLE,CHOAPAN,CALLE,GENERAL BENJAMIN HILL,CALLE,REYNOSA,228,F Y G,NA,NA,0,NA,COLONIA,CONDESA,NA,NA,NA,06170,09,Ciudad de México,015,Cuauhtémoc,0001,Cuauhtémoc,1411,003,5552777780,NA,NA,Fijo,19.40694765,-99.17834986,2010-07
11121797,09015722511020883000000000U7,BEER STOP TERRAZA,OPERADORA HOYI SA DE CV,722511,Restaurantes con servicio de preparación de alimentos a la carta o de comida corrida,11 a 30 personas,CALLE,RIO NIAGARA,CALLE,RIO LERMA,CALLE,RIO PANUCO,CALLE,RIO NILO,67,NA,NA,NA,NA,NA,COLONIA,CHUAHUTEMOC,NA,NA,NA,06500,09,Ciudad de México,015,Cuauhtémoc,0001,Cuauhtémoc,0926,010,NA,DIRECCIONGENERAL@BEERSTOP.COM,BEERSTOP.COM.MX,Fijo,19.42775509,-99.17060285,2024-11
9468847,09015722412005342000000000S4,BEICON BAR,JORGE COTA TORRES SA DE CV,722511,Restaurantes con servicio de preparación de alimentos a la carta o de comida corrida,6 a 10 personas,CALLE,FRONTERA,CALLE,ZACATECAS,CALLE,GUANAJUATO,EJE VIAL,1 PONIENTE (AVENIDA CUAUHTEMOC),150,NA,NA,NA,NA,NA,COLONIA,ROMA NORTE,NA,NA,NA,06700,09,Ciudad de México,015,Cuauhtémoc,0001,Cuauhtémoc,1110,010,NA,NA,NA,Fijo,19.41741981,-99.15539205,2023-11
9437039,09015722511016994000000000U8,BELLA AURORA,PANFORTE SA DE CV,722511,Restaurantes con servicio de preparación de alimentos a la carta o de comida corrida,6 a 10 personas,CALLE,MEDELLIN,CALLE,PUEBLA,CALLE,SINALOA,CALLE,VALLADOLID,35,NA,NA,NA,0,NA,COLONIA,ROMA NORTE,NA,NA,NA,06700,09,Ciudad de México,015,Cuauhtémoc,0001,Cuauhtémoc,0998,001,5574833658,INFO@BELLAURORA.MX,NA,Fijo,19.4209784,-99.16685787,2023-11
11528010,09015722511018014000000000M3,BELLA AURORA,PAN FORTEB SA DE CV,722511,Restaurantes con servicio de preparación de alimentos a la carta o de comida corrida,31 a 50 personas,CALLE,MEDELLIN,CALLE,PUEBLA,CALLE,SINALOA,CALLE,VALLADOLID,242,NA,NA,NA,0,NA,COLONIA,ROMA NORTE,NA,NA,NA,06700,09,Ciudad de México,015,Cuauhtémoc,0001,Cuauhtémoc,0998,001,NA,NA,NA,Fijo,19.42119856,-99.16691352,2024-11
11751543,09015722511024703000062187S3,BELLA AURORA,PANFORTE SA DE CV,722511,Restaurantes con servicio de preparación de alimentos a la carta o de comida corrida,11 a 30 personas,CALLE,Puebla,CALLE,Medellín,CALLE,Valladolid,CALLE,Sinaloa,242,NA,NA,NA,NA,NA,COLONIA,ROMA NORTE,NA,NA,NA,06700,09,Ciudad de México,015,Cuauhtémoc,0001,Cuauhtémoc,0998,001,5543447692,GABRIELA@RROSETTA.COM,NA,Fijo,19.42151362,-99.16727852,2025-04
10910600,09015722511019921000000000U8,BENDITA COCHINITA,NA,722511,Restaurantes con servicio de preparación de alimentos a la carta o de comida corrida,0 a 5 personas,CALLE,QUERETARO,EJE VIAL,3 PONIENTE (MEDELLIN),EJE VIAL,2 SUR (AVENIDA YUCATAN),CALLE,ZACATECAS,225,NA,MERCADO ROMA,PLANTA BAJA,41,NA,COLONIA,ROMA NORTE,CENTRO Y PLAZA COMERCIAL,MERCADO ROMA,41,06700,09,Ciudad de México,015,Cuauhtémoc,0001,Cuauhtémoc,1214,015,NA,CHEFREAGOPA@HOTMAIL.COM,NA,Fijo,19.4140631,-99.16441382,2024-11
10448107,09015722511024211000000000U7,BESTIA VERDE,NA,722511,Restaurantes con servicio de preparación de alimentos a la carta o de comida corrida,0 a 5 personas,CALLE,ATLIXCO,AVENIDA,CAMPECHE,CALLE,ALFONSO REYES,CALLE,AMATLAN,155,A1,NA,NA,0,NA,COLONIA,CONDESA,NA,NA,NA,06170,09,Ciudad de México,015,Cuauhtémoc,0001,Cuauhtémoc,1318,014,NA,NA,NA,Fijo,19.40955535,-99.17631952,2024-11
10431619,09015722412005461000000000U2,BIERGARTHEN,CERVEZA Y JARDIN DE MEXICO SA DE CV,722412,"Bares, cantinas y similares",0 a 5 personas,CALLE,QUERETARO,EJE VIAL,3 PONIENTE (MEDELLIN),EJE VIAL,2 SUR (AVENIDA YUCATAN),CALLE,ZACATECAS,225,NA,MERCADO ROMA,PLANTA BAJA,4,R,COLONIA,ROMA NORTE,CENTRO Y PLAZA COMERCIAL,MERCADO ROMA,52,06700,09,Ciudad de México,015,Cuauhtémoc,0001,Cuauhtémoc,1214,015,5552643478,GERENCIA@BIERGARTHENROMA.COM,NA,Fijo,19.4140631,-99.16441382,2024-11
11471068,09015722511023641000000000U6,BISHARA,NA,722511,Restaurantes con servicio de preparación de alimentos a la carta o de comida corrida,0 a 5 personas,CALLE,RIO NAZAS,CALLE,RIO TIGRIS,CALLE,RIO SENA,CALLE,RIO BALSAS,55,A,NA,NA,NA,NA,COLONIA,CUAUHTEMOC,NA,NA,NA,06500,09,Ciudad de México,015,Cuauhtémoc,0001,Cuauhtémoc,0822,025,NA,NA,WWW.BISHARA.MX,Fijo,19.43223394,-99.16725557,2024-11
1013866,09015722511002502001000000M5,BISQUETS JAUJA,NA,722511,Restaurantes con servicio de preparación de alimentos a la carta o de comida corrida,11 a 30 personas,CALLE,TOMAS ALVA EDISON,EJE VIAL,1 PONIENTE (AVENIDA ROSALES),CALLE,JESUS DE TERAN,CALLE,IGNACIO MARISCAL,9,NA,NA,NA,0,NA,COLONIA,TABACALERA,NA,NA,NA,06030,09,Ciudad de México,015,Cuauhtémoc,0001,Cuauhtémoc,0714,012,5538810491,NA,NA,Fijo,19.4363496,-99.14987766,2010-07
1021685,09015722511001383001000000U1,BISTROT ARLEQUIIN,THOMAS ALEXIS HUCK SA DE CV,722511,Restaurantes con servicio de preparación de alimentos a la carta o de comida corrida,6 a 10 personas,CALLE,RIO NILO,CALLE,RIO NAZAS,CALLE,RIO PANUCO,CALLE,RIO NIAGARA,42,D,NA,NA,NA,NA,COLONIA,CUAHUTEMOC,NA,NA,NA,06500,09,Ciudad de México,015,Cuauhtémoc,0001,Cuauhtémoc,0926,009,5552075616,BISTROTARLEQUIN@GMAIL.COM,WWW.BISTROTARLEQUIN.COM,Fijo,19.42882229,-99.17187717,2014-12
8327090,09015722511013042000000000U9,BITCOIN EMBASSY BAR,NA,722511,Restaurantes con servicio de preparación de alimentos a la carta o de comida corrida,0 a 5 personas,EJE VIAL,3 PONIENTE MEDELLIN,CALLE,CHIAPAS,CALLE,TAPACHULA,CALLE,MANZANILLO,191,B,NA,NA,NA,NA,COLONIA,ROMA NORTE,NA,NA,NA,06700,09,Ciudad de México,015,Cuauhtémoc,0001,Cuauhtémoc,1356,027,NA,BITCOIN.EMBASSY.BAR@GMAIL.COM,NA,Fijo,19.41167594,-99.16464414,2019-11
9461057,09015722511017152000000000U2,BIWON,YEHEE SA DE CV,722511,Restaurantes con servicio de preparación de alimentos a la carta o de comida corrida,11 a 30 personas,EJE VIAL,2 PONIENTE FLORENCIA,CALLE,BERNA,CALLE,HAMBURGO,CALLE,ESTOCOLMO,29,NA,NA,NA,NA,NA,COLONIA,JUAREZ,NA,NA,NA,06600,09,Ciudad de México,015,Cuauhtémoc,0001,Cuauhtémoc,0945,009,NA,YEHEEMEX@HOTMAIL.COM,NA,Fijo,19.42558349,-99.16682449,2023-11
7732318,09015722511010793000000000U0,BIZARRO CAFE,NA,722511,Restaurantes con servicio de preparación de alimentos a la carta o de comida corrida,6 a 10 personas,EJE VIAL,2 SUR AVENIDA YUCATAN,CALLE,MEDELLIN,AVENIDA,ALVARO OBREGON,EJE VIAL,2 SUR (AVENIDA YUCATAN),10,NA,NA,NA,NA,NA,COLONIA,ROMA NORTE,NA,NA,NA,06700,09,Ciudad de México,015,Cuauhtémoc,0001,Cuauhtémoc,120A,014,NA,BIZARROCAFEMX@YAHOO.COM.MX,WWW.BIZARROCAFE.COM.MX,Fijo,19.41657186,-99.16706288,2019-11
6756180,09015722511008965000039925S8,BLANCO COLIMA,GOMCARLU SA DE CV,722511,Restaurantes con servicio de preparación de alimentos a la carta o de comida corrida,31 a 50 personas,CALLE,COLIMA,CALLE,ORIZABA,CALLE,CÓRDOBA,CALLE,TABASCO,0,SN,168,PLANTA BAJA,NA,NA,COLONIA,ROMA NORTE,NA,NA,NA,06700,09,Ciudad de México,015,Cuauhtémoc,0001,Cuauhtémoc,1002,012,NA,MCASTILLO@GSGRUPO.COM.MX,NA,Fijo,19.41978798,-99.16000166,2016-10
8625376,09015722511013733000000000U3,BLISS ME,NA,722511,Restaurantes con servicio de preparación de alimentos a la carta o de comida corrida,0 a 5 personas,CALLE,ATLIXCO,CALLE,ALFONSO REYES,AVENIDA,CAMPECHE,AVENIDA,TAMAULIPAS,152,NA,NA,NA,0,NA,COLONIA,CONDESA,NA,NA,NA,06170,09,Ciudad de México,015,Cuauhtémoc,0001,Cuauhtémoc,1318,013,NA,NA,NA,Fijo,19.40919385,-99.17639299,2019-11
11443671,09015722511023351000000000U2,BLUE MAGIC RESTAURANTE KARAOKE BAR,NA,722511,Restaurantes con servicio de preparación de alimentos a la carta o de comida corrida,0 a 5 personas,CALLE,INDEPENDENCIA,CALLE,LUIS MOYA,CALLE,REVILLAGIGEDO,CALLE,ARTICULO 123,66,A,NA,NA,NA,NA,COLONIA,CENTRO,NA,NA,NA,06000,09,Ciudad de México,015,Cuauhtémoc,0001,Cuauhtémoc,0748,008,NA,FERNI_ENSM@HOTMAIL.COM,NA,Fijo,19.43343022,-99.14577415,2024-11
10361781,09015722511019241000000000U1,BOCA NEGRA,NA,722511,Restaurantes con servicio de preparación de alimentos a la carta o de comida corrida,0 a 5 personas,CALLE,MESONES,CALLE,ISABEL LA CATOLICA,CALLEJON,PRIMER DE MESONES,CALLE,REGINA,71,NA,NA,NA,7,NA,COLONIA,CUAHUTEMOC,NA,NA,NA,06080,09,Ciudad de México,015,Cuauhtémoc,0001,Cuauhtémoc,0894,005,5636550554,NA,NA,Fijo,19.4284752,-99.13602153,2024-11
11419261,09015722511020141000000000U0,BOCA ROJA RESTAURANTE ITALIANO,GRUPO BOCA ROJA SAPI DE CV,722511,Restaurantes con servicio de preparación de alimentos a la carta o de comida corrida,0 a 5 personas,CALLE,DINAMARCA,AVENIDA,CHAPULTEPEC,CALLE,MARSELLA,CALLE,BERLIN,86,NA,NA,NA,NA,NA,COLONIA,JUAREZ,NA,NA,NA,06600,09,Ciudad de México,015,Cuauhtémoc,0001,Cuauhtémoc,0841,014,NA,GRUPOBOCAROJA@GMAIL.COM,BOCAROJA.COM,Fijo,19.42543576,-99.15748528,2024-11
1044141,09015722219016341000000000S2,BODEGA,NA,722511,Restaurantes con servicio de preparación de alimentos a la carta o de comida corrida,0 a 5 personas,CALLE,MANUEL GUTIERREZ NAJERA,CALLE,TOPACIO,EJE VIAL,1 ORIENTE (CALZADA DE LA VIGA),CALLE,JOSE MARIA AGREDA Y SANCHEZ,314,NA,NA,NA,NA,NA,COLONIA,TRANSITO,NA,NA,NA,06820,09,Ciudad de México,015,Cuauhtémoc,0001,Cuauhtémoc,1074,012,NA,NA,NA,Fijo,19.41468788,-99.12867111,2014-12
11064721,09015722412006441000000000S3,BODEGA AUXILIAR,NA,722412,"Bares, cantinas y similares",0 a 5 personas,CALLE,REPUBLICA DE ARGENTINA,CALLE,REPUBLICA DE BOLIVIA,CALLE,REPUBLICA DE COLOMBIA,CALLE,CALLE DEL CARMEN,51,NA,NA,NA,78,P-3,COLONIA,CENTRO,NA,NA,NA,06000,09,Ciudad de México,015,Cuauhtémoc,0001,Cuauhtémoc,0659,016,5585151900,NA,NA,Fijo,19.43884746,-99.13126488,2024-11
10431546,09015722511021631000000000S9,BODEGA DE COMIDA,NA,722511,Restaurantes con servicio de preparación de alimentos a la carta o de comida corrida,0 a 5 personas,CALLE,DOCTOR ARCE,AVENIDA,DOCTOR JOSE MARIA VERTIZ,CALLE,DOCTOR AGUSTIN ANDRADE,EJE VIAL,2A SUR (DOCTOR BALMIS),55,NA,PLAZA HIDALGO,PLANTA BAJA,NA,NA,COLONIA,CUAUHTEMOC,CENTRO Y PLAZA COMERCIAL,PLAZA HIDALGO,SN,06800,09,Ciudad de México,015,Cuauhtémoc,0001,Cuauhtémoc,1233,020,NA,NA,NA,Fijo,19.41343576,-99.14730252,2024-11
11825829,09015722511024611000000000S8,BODEGA DE IL RITROVO,NA,722511,Restaurantes con servicio de preparación de alimentos a la carta o de comida corrida,0 a 5 personas,CALLE,Oslo,CALLE,Niza,CALLE,Copenhague,AVENIDA,Paseo de la Reforma,11,NA,NA,NA,2,A,COLONIA,JUAREZ,NA,NA,NA,NA,09,Ciudad de México,015,Cuauhtémoc,0001,Cuauhtémoc,0803,013,NA,NA,NA,Fijo,19.42762999,-99.16379159,2025-04
11050271,09015722511020751000000000U6,BODEGA DOÑA BLANCA,NA,722511,Restaurantes con servicio de preparación de alimentos a la carta o de comida corrida,0 a 5 personas,EJE VIAL,3 PONIENTE RIO MISSISSIPI,CIRCUITO,INTERIOR (CALZADA MELCHOR OCAMPO),CALLE,RIO NAZAS,CALLE,RIO NILO,6,LOC 1,NA,NA,NA,NA,COLONIA,CUAHUTEMOC,NA,NA,NA,06500,09,Ciudad de México,015,Cuauhtémoc,0001,Cuauhtémoc,0926,007,NA,NA,NA,Fijo,19.42938857,-99.17339399,2024-11
10350926,09015722511019321000000000S1,BODEGA MOMOSAS,NA,722511,Restaurantes con servicio de preparación de alimentos a la carta o de comida corrida,0 a 5 personas,CALLE,INDEPENDENCIA,CALLE,SANTOS DEGOLLADO,CALLE,LUIS MOYA,CALLE,ARTICULO 123,40,NA,GASTRONOMICA INDEPENDENCIA,PLANTA BAJA,NA,NA,COLONIA,CENTRO,EDIFICIO COMERCIAL Y DE SERVICIOS,GASTRONOMICA INDEPENDENCIA,SN,06050,09,Ciudad de México,015,Cuauhtémoc,0001,Cuauhtémoc,0748,001,NA,NA,NA,Fijo,19.43323644,-99.14439386,2024-11
887755,09015722511003521001000000U4,BODEGA RESTAURANT CASA ARGENTINA,SABEMOS QUE TE GUSTA NUESTRA CARNE SA DE CV,722511,Restaurantes con servicio de preparación de alimentos a la carta o de comida corrida,11 a 30 personas,CALLE,FRAY PEDRO DE GANTE,CALLE,FRANCISCO I MADERO,CALLE,16 DE SEPTIEMBRE,EJE VIAL,CENTRAL (LAZARO CARDENAS),5,NA,NA,NA,1103,NA,COLONIA,CENTRO,EDIFICIO COMERCIAL Y DE SERVICIOS,EDIFICIO COMERCIAL Y DE SERVICIOS SIN NOMBRE,103,06000,09,Ciudad de México,015,Cuauhtémoc,0001,Cuauhtémoc,0767,005,5555126267,NA,NA,Fijo,19.43333074,-99.13952447,2014-12
9866151,09015722511017571000000000S3,BODEGA SIN NOMBRE,NA,722511,Restaurantes con servicio de preparación de alimentos a la carta o de comida corrida,0 a 5 personas,CALLE,DOCTOR BARRAGAN,CALLE,DOCTOR DURAN,CALLE,DOCTOR ARCE,EJE VIAL,CENTRAL (LAZARO CARDENAS),240,NA,NA,NA,NA,NA,MANZANA,CHUACTEMOC,NA,NA,NA,06720,09,Ciudad de México,015,Cuauhtémoc,0001,Cuauhtémoc,1233,012,NA,NA,NA,Fijo,19.41255564,-99.14543086,2024-11
9693280,09015722511020514000000000U8,BODEGON VICTORIA,BODEGON VICTORIA SA DE CV,722511,Restaurantes con servicio de preparación de alimentos a la carta o de comida corrida,31 a 50 personas,CALLE,PARQUE ESPAÑA,CALLE,GUADALAJARA,AVENIDA,SONORA,CALLE,COLIMA,15,B,NA,NA,NA,NA,COLONIA,ROMA NORTE,NA,NA,NA,06700,09,Ciudad de México,015,Cuauhtémoc,0001,Cuauhtémoc,1182,014,NA,AGUSTIN@BODEGONVICTORIA.COM.MX,WWW.BODEGONVICTORIA.MX,Fijo,19.4162105,-99.17078974,2024-11
11614104,09015722511018293000000000U3,BOLUDO PARRILLA URBANA,NA,722511,Restaurantes con servicio de preparación de alimentos a la carta o de comida corrida,11 a 30 personas,CALLE,ORIZABA,AVENIDA,ALVARO OBREGON,CALLE,CHIHUAHUA,CALLE,CORDOBA,118,NA,NA,NA,NA,NA,COLONIA,ROMA NORTE,NA,NA,NA,06700,09,Ciudad de México,015,Cuauhtémoc,0001,Cuauhtémoc,1110,023,NA,NA,NA,Fijo,19.41800823,-99.15960381,2024-11
1029328,09015722511000523001000000U3,BOMBAY LEVEL B,MESAPRO SA DE CV,722511,Restaurantes con servicio de preparación de alimentos a la carta o de comida corrida,31 a 50 personas,AVENIDA,ÁLVARO OBREGÓN,EJE VIAL,3 PONIENTE (SALAMANCA),CALLE,VALLADOLID,CALLE,TABASCO,291,NA,NA,NA,NA,SN,COLONIA,ROMA NORTE,NA,NA,NA,06700,09,Ciudad de México,015,Cuauhtémoc,0001,Cuauhtémoc,1093,004,NA,CONTACTOROMANORTE@GMAIL.COM,NA,Fijo,19.41668272,-99.16841475,2010-07
1028139,09015722219029452001000000U2,BOOMERS GRILL & BAR,BOOMERS ZONA ROSA SA DE CV,722412,"Bares, cantinas y similares",11 a 30 personas,CALLE,GENOVA,CALLE,ESTRASBURGO,CALLE,HAMBURGO,CALLE,AMBERES,39,NA,NA,NA,0,A,COLONIA,JUAREZ,NA,NA,NA,06600,09,Ciudad de México,015,Cuauhtémoc,0001,Cuauhtémoc,0945,015,5555333723,BZRNORMA@GMAIL.COM,NA,Fijo,19.42683485,-99.16439891,2010-07
631705,09015722412002981001000000U2,BOSFORO,NA,722412,"Bares, cantinas y similares",0 a 5 personas,CALLE,LUIS MOYA,CALLE,INDEPENDENCIA,CALLE,ARTICULO 123,CALLE,REVILLAGIGEDO,31,2,NA,NA,2,B C,COLONIA,CENTRO,NA,NA,NA,06000,09,Ciudad de México,015,Cuauhtémoc,0001,Cuauhtémoc,0748,008,5555121991,BAR.BOSFORO@GMAIL.COM,NA,Fijo,19.43316458,-99.1451177,2010-07
9566380,09015722412006021000000000U3,BOTANERIA ARTESANAL PIXCUHUIL,NA,722412,"Bares, cantinas y similares",0 a 5 personas,CALLE,ALLENDE,CALLE,BELISARIO DOMINGUEZ,CALLE,REPUBLICA DE CUBA,CALLE,CALLEJON DEL 57,24,NA,24,PISO 3,301,304,COLONIA,CENTRO,CENTRO Y PLAZA COMERCIAL,PLAZA ALLENDE,301,06010,09,Ciudad de México,015,Cuauhtémoc,0001,Cuauhtémoc,0644,020,5580802459,PIXCUHUIL@GMAIL.COM,NA,Fijo,19.43782862,-99.13776209,2024-11
8326161,09015722511012531000000000U2,BOTTEGA,NA,722511,Restaurantes con servicio de preparación de alimentos a la carta o de comida corrida,11 a 30 personas,CALLE,ORIZABA,CALLE,PLAZA RIO DE JANEIRO,CALLE,PUEBLA,CALLE,JALAPA,39,A,NA,NA,0,NA,COLONIA,ROMA NORTE,NA,NA,NA,06700,09,Ciudad de México,015,Cuauhtémoc,0001,Cuauhtémoc,1002,001,5571609339,NA,NA,Fijo,19.42214356,-99.16079258,2019-11
10739547,09015722511018573000000000U8,BOTTEGA,GASTRONOMICO BURRO E SAVIA SA DE CV,722511,Restaurantes con servicio de preparación de alimentos a la carta o de comida corrida,11 a 30 personas,CALLE,ORIZABA,CALLE,PLAZA RIO DE JANEIRO,CALLE,PUEBLA,CALLE,PUEBLA,37,NA,NA,NA,NA,NA,COLONIA,ROMA NORTE,NA,NA,NA,06700,09,Ciudad de México,015,Cuauhtémoc,0001,Cuauhtémoc,1002,001,NA,NA,NA,Fijo,19.4222789,-99.16083291,2024-11
11799743,09015722511024781000000000S9,BOXITO LINDO,NA,722511,Restaurantes con servicio de preparación de alimentos a la carta o de comida corrida,0 a 5 personas,CALLE,Independencia,CALLE,Luis Moya,CALLE,Marroquí,CALLE,Artículo 123,40,NA,NA,NA,NA,NA,COLONIA,CENTRO,NA,NA,NA,06050,09,Ciudad de México,015,Cuauhtémoc,0001,Cuauhtémoc,0748,001,NA,NA,NA,Fijo,19.43321382,-99.14423813,2025-04
897321,09015722511005961001000000U0,BRADISON BURGER,NA,722511,Restaurantes con servicio de preparación de alimentos a la carta o de comida corrida,0 a 5 personas,CALLE,DOCTOR AGUSTIN ANDRADE,CALLE,DOCTOR PASCUA,CALLE,DOCTOR LAVISTA,CALLE,DOCTOR VALENZUELA,72,13,NA,NA,0,NA,COLONIA,DOCTORES,NA,NA,NA,06720,09,Ciudad de México,015,Cuauhtémoc,0001,Cuauhtémoc,1036,008,5634265565,NA,NA,Fijo,19.42315793,-99.14501006,2014-12
9662011,09015722511020713000000000U6,BREW BREW COCTELERIA,NA,722511,Restaurantes con servicio de preparación de alimentos a la carta o de comida corrida,11 a 30 personas,CALLE,ORIZABA,AVENIDA,ALVARO OBREGON,CALLE,TABASCO,CALLE,CORDOBA,96,NA,ORIZABA 96,PLANTA BAJA,NA,C,COLONIA,ROMA NORTE,EDIFICIO COMERCIAL Y DE SERVICIOS,ORIZABA 96,C,06700,09,Ciudad de México,015,Cuauhtémoc,0001,Cuauhtémoc,1002,018,5561364487,INFO@BREWBREW.COM.MX,NA,Fijo,19.41904419,-99.15984664,2024-11
11135449,09015722511019361000000000U7,BRIJES AND CAFE,NA,722511,Restaurantes con servicio de preparación de alimentos a la carta o de comida corrida,0 a 5 personas,CALLE,ALLENDE,CALLE,REPUBLICA DE CUBA,CALLE,DONCELES,CALLE,CALLEJON DEL 57,14,NA,NA,NA,NA,NA,CIUDAD,CIUDAD DE MEXICO,NA,NA,NA,06010,09,Ciudad de México,015,Cuauhtémoc,0001,Cuauhtémoc,0752,014,NA,NA,BRIJESANDCAFE.COM.MX,Fijo,19.43691636,-99.13792359,2024-11
894265,09015722219016451000000000U9,BRISTO MICHELLENA,NA,722511,Restaurantes con servicio de preparación de alimentos a la carta o de comida corrida,11 a 30 personas,CALLE,RIO TIGRIS,CALLE,RIO GRIJALVA,CALLE,RIO BALSAS,CALLE,RIO BALSAS,22,NA,NA,NA,NA,NA,CIUDAD INDUSTRIAL,CUAUHTEMOC,NA,NA,NA,06500,09,Ciudad de México,015,Cuauhtémoc,0001,Cuauhtémoc,0822,024,5555112613,MICHELLENAMX@GMAIL.COM,WWW.MICHELLENA.COM.MX,Fijo,19.43371155,-99.16870754,2010-07
8327666,09015722511013523000000000U8,BROKA,BROKA SA DE CV,722511,Restaurantes con servicio de preparación de alimentos a la carta o de comida corrida,11 a 30 personas,CALLE,ZACATECAS,CALLE,JALAPA,CALLE,ORIZABA,EJE VIAL,2 SUR (AVENIDA QUERETARO),126,NA,NA,NA,NA,B,COLONIA,ROMA NORTE,NA,NA,NA,06700,09,Ciudad de México,015,Cuauhtémoc,0001,Cuauhtémoc,1214,019,NA,BISTROT@BROKABISTROT.COM,NA,Fijo,19.41559642,-99.16034324,2019-11
11694445,09015722511019041000000000U5,BRUNCH AND BOWLS,NA,722511,Restaurantes con servicio de preparación de alimentos a la carta o de comida corrida,0 a 5 personas,AVENIDA,PASEO DE LA REFORMA,CALLE,RIO GUADALQUIVIR,CALLE,RIO NILO,CALLE,RIO VOLGA,369,NA,NA,NA,21,NA,COLONIA,CUAUHTEMOC,NA,NA,NA,06500,09,Ciudad de México,015,Cuauhtémoc,0001,Cuauhtémoc,0930,004,NA,NA,NA,Fijo,19.42659535,-99.16937586,2024-11
10941926,09015722511020171000000000U7,BRUNOS,NA,722511,Restaurantes con servicio de preparación de alimentos a la carta o de comida corrida,0 a 5 personas,CALLE,REGINA,CALLE,ISABEL LA CATOLICA,CALLEJON,PRIMER DE MESONES,CALLE,MESONES,38,B,NA,NA,NA,NA,COLONIA,CUAHUTEMOC,NA,NA,NA,06080,09,Ciudad de México,015,Cuauhtémoc,0001,Cuauhtémoc,0894,005,NA,NA,NA,Fijo,19.42788912,-99.13675986,2024-11
7732385,09015722511010832000000000U6,BUEN DIA,NA,722511,Restaurantes con servicio de preparación de alimentos a la carta o de comida corrida,6 a 10 personas,CALLE,TOKIO,CALLE,BURDEOS,CALLE,TOLEDO,CALLE,HAMBURGO,84,NA,NA,NA,0,A,COLONIA,CUAHUTEMOC,NA,NA,NA,06500,09,Ciudad de México,015,Cuauhtémoc,0001,Cuauhtémoc,0945,016,5551361412,ESPINOZASERGIO365@GMAIL.COM,NA,Fijo,19.42296065,-99.17320498,2019-11
894735,09015722511008062000000000U4,BUENA VIDA FONDA,NA,722511,Restaurantes con servicio de preparación de alimentos a la carta o de comida corrida,11 a 30 personas,CALLE,MERIDA,CALLE,COLIMA,CALLE,TABASCO,CALLE,FRONTERA,96,NA,NA,NA,0,NA,COLONIA,ROMA NORTE,NA,NA,NA,06700,09,Ciudad de México,015,Cuauhtémoc,0001,Cuauhtémoc,1017,021,NA,LABUENAVIDA.FONDA@GMAIL.COM,NA,Fijo,19.41975332,-99.15753815,2014-12
9084914,09015722511015342000000000U1,BUFETE CHINO,NA,722511,Restaurantes con servicio de preparación de alimentos a la carta o de comida corrida,0 a 5 personas,CALLE,PRIMERA CERRADA 5 DE MAYO,CALLE,5 DE MAYO,CALLE,PALMA,CALLE,5 DE MAYO,9,KL,NA,NA,14,NA,COLONIA,CENTRO,NA,NA,NA,11470,09,Ciudad de México,015,Cuauhtémoc,0001,Cuauhtémoc,0771,018,NA,OMAR-POSILLO9@HOTMAIL.COM,NA,Fijo,19.43455059,-99.13551249,2019-11
998873,09015722219032973001000000U2,BUFFET MEXICANO EL 9 DE ISABEL,NA,722511,Restaurantes con servicio de preparación de alimentos a la carta o de comida corrida,6 a 10 personas,CALLE,ISABEL LA CATOLICA,CALLE,5 DE MAYO,CALLE,TACUBA,CALLE,MOTOLINIA,9,NA,NA,NA,0,NA,COLONIA,CENTRO,NA,NA,NA,06010,09,Ciudad de México,015,Cuauhtémoc,0001,Cuauhtémoc,0767,010,5555122066,NA,NA,Fijo,19.43491457,-99.13606371,2010-07
1026571,09015722110002763000000000U4,BULLA REFORMA,FOMENTO GASTRONOMICO LA BULLA SA DE CV,722511,Restaurantes con servicio de preparación de alimentos a la carta o de comida corrida,11 a 30 personas,CALLE,RIO ELBA,CALLE,RIO ATOYAC,AVENIDA,PASEO DE LA REFORMA,CALLE,RIO ATOYAC,52,NA,NA,NA,0,NA,COLONIA,CUAUHTEMOC,NA,NA,NA,06500,09,Ciudad de México,015,Cuauhtémoc,0001,Cuauhtémoc,0930,012,NA,FACTURASBULLAREFORMA@BULLA.MX,BULLA.MX,Fijo,19.42486699,-99.17466676,2010-07
10770683,09015722511019612000000000U3,BUSAN,NA,722511,Restaurantes con servicio de preparación de alimentos a la carta o de comida corrida,6 a 10 personas,AVENIDA,TAMAULIPAS,CALLE,FERNANDO MONTES DE OCA,AVENIDA,MICHOACAN,CALLE,PARRAL,0,SN,NA,NA,NA,NA,COLONIA,CUAUHTEMOC,NA,NA,NA,06170,09,Ciudad de México,015,Cuauhtémoc,0001,Cuauhtémoc,1318,022,NA,NA,NA,Fijo,19.41156093,-99.17398801,2024-11
10906999,09015722412006452000000000S0,BUSHER COCDRI S,NA,722412,"Bares, cantinas y similares",6 a 10 personas,CALLE,MANUEL CARPIO,CALLE,DOCTOR ENRIQUE GONZALEZ MARTINEZ,CALLE,DOCTOR ATL,CALLE,ELIGIO ANCONA,89,NA,NA,NA,0,B,COLONIA,SANTA MARIA LA RIBERA,NA,NA,NA,06400,09,Ciudad de México,015,Cuauhtémoc,0001,Cuauhtémoc,0485,008,NA,CARE2923@GMAIL.COM,NA,Fijo,19.45041863,-99.15563933,2024-11
10796226,09015722412006392000000000S8,BUSHER COCDRILS,NA,722412,"Bares, cantinas y similares",6 a 10 personas,CALLE,LONDRES,EJE VIAL,3 PONIENTE (SEVILLA),CERRADA,LONDRES,CALLE,HAMBURGO,275,NA,SEVILLA VENUE,PLANTA BAJA,NA,NA,COLONIA,JUAREZ,EDIFICIO COMERCIAL Y DE SERVICIOS,SEVILLA VENUE,B,06600,09,Ciudad de México,015,Cuauhtémoc,0001,Cuauhtémoc,0983,004,5631266285,NA,NA,Fijo,19.42225888,-99.17079621,2024-11
1029644,09015722219031362000000000U9,BUTCHER AND SONS,NA,722511,Restaurantes con servicio de preparación de alimentos a la carta o de comida corrida,11 a 30 personas,CALLE,ORIZABA,CALLE,COLIMA,CALLE,TABASCO,CALLE,JALAPA,87,BC,NA,NA,NA,NA,COLONIA,ROMA NORTE,NA,NA,NA,06700,09,Ciudad de México,015,Cuauhtémoc,0001,Cuauhtémoc,1002,013,NA,ROMA@BUTCHERANDSONS.COM,WWW.BUTCHERANDSON.COM,Fijo,19.41970443,-99.16019036,2010-07
865412,09015722511004364001000000U8,BUTCHER AND SONS,HAMBURGESERIA LA ALAMEDA SAPI DE CV,722511,Restaurantes con servicio de preparación de alimentos a la carta o de comida corrida,11 a 30 personas,CALLE,TEOTIHUACAN,AVENIDA,MEXICO,AVENIDA,AMSTERDAM,AVENIDA,MICHOACAN,14,NA,NA,NA,0,NA,COLONIA,HIPODROMO,NA,NA,NA,06100,09,Ciudad de México,015,Cuauhtémoc,0001,Cuauhtémoc,1341,021,NA,NA,NA,Fijo,19.4117607,-99.1677545,2010-07
11362705,09015722511017382000000000U5,CA PHE VIETNAM STREET FOOD,NA,722511,Restaurantes con servicio de preparación de alimentos a la carta o de comida corrida,6 a 10 personas,CALLE,JESUS DE TERAN,CALLE,TOMAS ALVA EDISON,CALLE,CALLE DE LA REPUBLICA,CALLE,LOTERIA NACIONAL,42,NA,NA,NA,0,NA,COLONIA,TABACALERA,NA,NA,NA,06030,09,Ciudad de México,015,Cuauhtémoc,0001,Cuauhtémoc,0714,013,5639554693,CAFEVIETNAMX@GMAIL.COM,NA,Fijo,19.43588368,-99.1508985,2024-11
10759127,09015722511021453000000000U8,CAFE COMUNIDAD,OPERADORA OBREGON SA DE CV SAPI DE CV,722511,Restaurantes con servicio de preparación de alimentos a la carta o de comida corrida,11 a 30 personas,CALLE,CAMPECHE,CALLE,CHILPANCINGO,CALLE,CULIACAN,AVENIDA,AMSTERDAM,12,NA,NA,NA,285,NA,COLONIA,HIPODROMO,NA,NA,NA,06100,09,Ciudad de México,015,Cuauhtémoc,0001,Cuauhtémoc,1341,008,NA,NA,NA,Fijo,19.40844875,-99.17067271,2024-11
7756519,09015722412004833000000000U3,CAFE DEL JARDIN,NA,722412,"Bares, cantinas y similares",0 a 5 personas,CALLE,PRIMERA CERRADA 5 DE MAYO,CALLE,5 DE MAYO,CALLE,PALMA,CALLE,ISABEL LA CATOLICA,1,A,NA,NA,0,NA,COLONIA,TACUBA,NA,NA,NA,06010,09,Ciudad de México,015,Cuauhtémoc,0001,Cuauhtémoc,0771,019,NA,NA,NA,Fijo,19.43461581,-99.13559038,2019-11
6304651,09015722110006625000000000U1,CAFÉ EL POPULAR,CAFÉ EL POPULAR DE DON LUIS SA,722511,Restaurantes con servicio de preparación de alimentos a la carta o de comida corrida,51 a 100 personas,CALLE,5 DE MAYO,CALLE,PRIMERA CERRADA 5 DE MAYO,CALLE,PALMA,AVENIDA,5 DE MAYO,50,NA,NA,NA,NA,NA,COLONIA,CENTRO,NA,NA,NA,06000,09,Ciudad de México,015,Cuauhtémoc,0001,Cuauhtémoc,0771,018,NA,GAGUILARGF@HOTMAIL.COM,WWW.CAFEELPOPULAR.COM.MX,Fijo,19.4341946,-99.13540273,2010-07
9276612,09015722511016601000000000U4,CAFE EL POPULAR,GASTRONOMICA POPULAR 3B SA DE CV,722511,Restaurantes con servicio de preparación de alimentos a la carta o de comida corrida,51 a 100 personas,CALLE,5 DE MAYO,CALLE,PRIMERA CERRADA 5 DE MAYO,CALLE,PALMA,CALLE,PALMA,50,PB,NA,NA,NA,NA,COLONIA,CENTRO,NA,NA,NA,06000,09,Ciudad de México,015,Cuauhtémoc,0001,Cuauhtémoc,0771,018,NA,GAGUILARGF@HOTMAIL.COM,NA,Fijo,19.434194,-99.13539592,2020-11
852259,09015722219013561001000000U8,CAFE EL QUETZAL,NA,722511,Restaurantes con servicio de preparación de alimentos a la carta o de comida corrida,0 a 5 personas,CALZADA,CALZADA DE GUADALUPE,CALLE,ESTAÑO,CALLE,COBRE,CALLE,SAN ANDRES DE LA SIERRA,45,NA,NA,NA,NA,NA,COLONIA,MAZA,NA,NA,NA,06270,09,Ciudad de México,015,Cuauhtémoc,0001,Cuauhtémoc,0165,020,5557727013,NA,NA,Fijo,19.45559867,-99.12874986,2010-07
890080,09015722511001742001000000U8,CAFE EXCONVENTO,NA,722511,Restaurantes con servicio de preparación de alimentos a la carta o de comida corrida,11 a 30 personas,AVENIDA,HIDALGO,CALLE,HEROES,CALLE,ZARCO,CALLE,SAN FERNANDO,107,A,NA,NA,NA,NA,COLONIA,GUERRERO,NA,NA,NA,06300,09,Ciudad de México,015,Cuauhtémoc,0001,Cuauhtémoc,0610,020,5555128810,NA,WWW.CAFEEXCONVENTO.COM,Fijo,19.4376416,-99.14705119,2014-12
6325279,09015722110006595000000000U6,CAFE LA PAGODA,COMPAÑIA OPERADORA DE CAFES DE CHINOS SA DE CV,722511,Restaurantes con servicio de preparación de alimentos a la carta o de comida corrida,101 a 250 personas,CALLE,5 DE MAYO,EJE VIAL,LAZARO CARDENAS,CALLE,FILOMENO MATA,CALLE,TACUBA,10,NA,NA,NA,NA,NA,COLONIA,CENTRO,NA,NA,NA,06000,09,Ciudad de México,015,Cuauhtémoc,0001,Cuauhtémoc,0767,007,NA,CAFELAPAGODA@PAGODA.COM.MX,WWW.PAGODA.MX,Fijo,19.43469574,-99.13982189,2010-07
10677297,09015722511023012000000000U0,CAFE LOUNCH,NA,722511,Restaurantes con servicio de preparación de alimentos a la carta o de comida corrida,6 a 10 personas,CALLE,DURANGO,EJE VIAL,1 PONIENTE (AVENIDA CUAUHTEMOC),CALLE,MORELIA,CALLE,COLIMA,12,A,NA,NA,NA,NA,COLONIA,ROMA,NA,NA,NA,06700,09,Ciudad de México,015,Cuauhtémoc,0001,Cuauhtémoc,1017,018,5519989815,NA,NA,Fijo,19.42215971,-99.1553915,2024-11
895058,09015722511000613001000000U2,CAFE NIN,PANPETATO SA DE CV,722511,Restaurantes con servicio de preparación de alimentos a la carta o de comida corrida,31 a 50 personas,CALLE,HAVRE,CALLE,MARSELLA,CALLE,LIVERPOOL,CALLE,VENECIA,71,NA,NA,NA,0,NA,COLONIA,COLONIA,NA,NA,NA,06600,09,Ciudad de México,015,Cuauhtémoc,0001,Cuauhtémoc,095A,013,5552089735,GERENCIA@RROSETTA.COM.MX,NA,Fijo,19.42535958,-99.16064769,2014-12
10779286,09015722511021532000000000U9,CAFE OCAMPO,CAFE OCAMPO SA DE CV,722511,Restaurantes con servicio de preparación de alimentos a la carta o de comida corrida,6 a 10 personas,CALLE,PLAZA MELCHOR OCAMPO,CALLE,RIO NAZAS,CALLE,RIO PANUCO,CALLE,RIO GANGES,14,A,NA,NA,NA,NA,COLONIA,CUAHUTEMOC,NA,NA,NA,06500,09,Ciudad de México,015,Cuauhtémoc,0001,Cuauhtémoc,0926,001,NA,CAFEOCAMPO.ADMON.@GMAIL.COM,WWW.CAFEOCAMPO.COM.MX,Fijo,19.42896123,-99.17309647,2024-11
8326855,09015722518007121000000000U4,CAFE PACIFICO,NA,722511,Restaurantes con servicio de preparación de alimentos a la carta o de comida corrida,0 a 5 personas,CALLE,VARSOVIA,CALLE,LONDRES,CALLE,HAMBURGO,CALLE,PRAGA,37,NA,NA,NA,0,NA,COLONIA,JUAREZ,NA,NA,NA,06600,09,Ciudad de México,015,Cuauhtémoc,0001,Cuauhtémoc,0983,005,NA,NA,NA,Fijo,19.42429978,-99.16798909,2019-11
952930,09015722511000461000000000U6,CAFE PALERMO,NA,722511,Restaurantes con servicio de preparación de alimentos a la carta o de comida corrida,6 a 10 personas,CALLE,DOCTOR MIGUEL FRANCISCO JIMENEZ,CALLE,DOCTOR RAFAEL NORMA,CALLE,DOCTOR MARQUEZ,CALLE,PRIVADA DOCTOR MARQUEZ,310,NA,NA,NA,0,NA,COLONIA,DOCTORES,NA,NA,NA,06720,09,Ciudad de México,015,Cuauhtémoc,0001,Cuauhtémoc,1233,015,NA,NA,NA,Fijo,19.41016201,-99.15065576,2010-07
868736,09015722219005661001000000U6,CAFE RESTAURANT VERDE CAFE,NA,722511,Restaurantes con servicio de preparación de alimentos a la carta o de comida corrida,6 a 10 personas,CALLE,QUINTANA ROO,CALLE,ANAHUAC,CALLE,TLACOTALPAN,CALLE,TEHUANTEPEC,62,C,NA,NA,0,NA,COLONIA,ROMA SUR,NA,NA,NA,06760,09,Ciudad de México,015,Cuauhtémoc,0001,Cuauhtémoc,145A,014,5528997119,NA,NA,Fijo,19.40509976,-99.16640712,2010-07
1016802,09015722219013321000000000U7,CAFE RESTAURANTE LAGO ORIENTAL,NA,722511,Restaurantes con servicio de preparación de alimentos a la carta o de comida corrida,0 a 5 personas,AVENIDA,MEXICO TENOCHTITLAN,CALLE,JOSE MARIA IGLESIAS,CALLE,PONCIANO ARRIAGA,CALLE,IGNACIO MARISCAL,74,NA,NA,NA,0,A,COLONIA,TABACALERA,NA,NA,NA,06030,09,Ciudad de México,015,Cuauhtémoc,0001,Cuauhtémoc,070A,012,5530934522,NA,NA,Fijo,19.43882891,-99.15387407,2010-07
1003262,09015722511006792000000000U8,CAFE RESTAURANTE MANOLO,NA,722511,Restaurantes con servicio de preparación de alimentos a la carta o de comida corrida,0 a 5 personas,CALLE,PALMA NORTE,CALLE,DONCELES,CALLE,TACUBA,CALLE,REPUBLICA DE BRASIL,335,F,NA,NA,0,F,COLONIA,DONCELES,NA,NA,NA,06010,09,Ciudad de México,015,Cuauhtémoc,0001,Cuauhtémoc,0752,004,5555129595,NA,NA,Fijo,19.43596912,-99.13478405,2010-07
10828563,09015722511022193000000000U9,CAFE SAN RAFAEL,NA,722511,Restaurantes con servicio de preparación de alimentos a la carta o de comida corrida,11 a 30 personas,CALLE,MONEDA,CALLE,CORREO MAYOR,CALLE,ACADEMIA,CALLE,MONEDA,19,NA,PLAZA COMERCIAL MONEDA 19,PISO 1,101,107,CIUDAD,CENTRAL,CENTRO Y PLAZA COMERCIAL,PLAZA COMERCIAL MONEDA 19,101 107,06060,09,Ciudad de México,015,Cuauhtémoc,0001,Cuauhtémoc,0771,012,NA,NA,NA,Fijo,19.43323953,-99.12953047,2024-11
6256957,09015722110006655002000000U8,CAFÉ TACUBA CENTRO,CAFÉ TACUBA CENTRO SA DE CV,722511,Restaurantes con servicio de preparación de alimentos a la carta o de comida corrida,101 a 250 personas,CALLE,TACUBA,CALLE,ALLENDE,CALLE,REPÚBLICA DE CHILE,CALLE,DONCELES,28,NA,NA,NA,0,SN,COLONIA,CENTRO,NA,NA,NA,06010,09,Ciudad de México,015,Cuauhtémoc,0001,Cuauhtémoc,0752,009,NA,JMENEZ@CAFEDETACUBA.COM.MX,WWW.CAFETACUBA.COM.MX,Fijo,19.43564816,-99.13741543,2010-07
1028104,09015722219012681000000000U5,CAFE ZU,NA,722511,Restaurantes con servicio de preparación de alimentos a la carta o de comida corrida,6 a 10 personas,CALLE,GENOVA,CALLE,ESTRASBURGO,CALLE,HAMBURGO,CALLE,AMBERES,39,NA,NA,NA,0,F,COLONIA,JUAREZ,NA,NA,NA,06600,09,Ciudad de México,015,Cuauhtémoc,0001,Cuauhtémoc,0945,015,5555336694,CAFEZU01@GMAIL.COM,NA,Fijo,19.42683485,-99.16439891,2012-06
11118465,09015722511021543000000000U6,CAFE-GENOVA RESTAURANTE,GERACHAMA SA DE CV,722511,Restaurantes con servicio de preparación de alimentos a la carta o de comida corrida,11 a 30 personas,AVENIDA,PASEO DE LA REFORMA,CALLE,OXFORD,CALLE,VARSOVIA,CALLE,HAMBURGO,380,1,1,MEZZANINE,1,A,COLONIA,CUAHUTEMOC,NA,NA,NA,06600,09,Ciudad de México,015,Cuauhtémoc,0001,Cuauhtémoc,0945,001,NA,CAFE.GENOVA.REFORMA@GMAIL.COM,NA,Fijo,19.4255769,-99.16950374,2024-11
7743469,09015722511012081000000000U8,CAFETERIA ALBORADA,NA,722511,Restaurantes con servicio de preparación de alimentos a la carta o de comida corrida,0 a 5 personas,CALLE,JOAQUIN GARCIA ICAZBALCETA,CALLE,GABINO BARREDA,CALLE,IGNACIO MANUEL ALTAMIRANO,CALLE,ALFONSO HERRERA,24,NA,NA,NA,24,NA,COLONIA,SAN RAFAEL,NA,NA,NA,06470,09,Ciudad de México,015,Cuauhtémoc,0001,Cuauhtémoc,0682,009,NA,ALBORADASANRAFAEL2016@GMAIL.COM,ALBORADASANRAFAEL.COM,Fijo,19.44113412,-99.16266326,2019-11
865636,09015722219027932000000000U5,CAFETERIA CAFFE TOSSCANO,OPERADORA AMSTERDAM 308 SA DE CV,722511,Restaurantes con servicio de preparación de alimentos a la carta o de comida corrida,11 a 30 personas,AVENIDA,MICHOACAN,AVENIDA,MEXICO,AVENIDA,AMSTERDAM,CALLE,IZTACCIHUATL,30,A,NA,NA,0,NA,COLONIA,HIPODROMO,NA,NA,NA,06100,09,Ciudad de México,015,Cuauhtémoc,0001,Cuauhtémoc,1341,020,NA,T.CONDESA@HOTMAIL.COM,NA,Fijo,19.41092254,-99.16883383,2010-07
1028121,09015722514003092010000000U0,CAFETERIA CHIA,NA,722511,Restaurantes con servicio de preparación de alimentos a la carta o de comida corrida,0 a 5 personas,CALLE,HAMBURGO,CALLE,BURDEOS,CALLE,TOLEDO,CALLE,TOKIO,293,NA,293,PLANTA BAJA,NA,B,COLONIA,CUAHUTEMOC,NA,NA,NA,06500,09,Ciudad de México,015,Cuauhtémoc,0001,Cuauhtémoc,0945,016,5570794344,ARMINDCAMACHO@GMAIL.COM,NA,Fijo,19.42258759,-99.1724506,2010-07
867857,09015722219021591000000000U5,CAFETERIA DONUTS TUXPAN 26,NA,722511,Restaurantes con servicio de preparación de alimentos a la carta o de comida corrida,6 a 10 personas,CALLE,TUXPAN,EJE VIAL,3 SUR (AVENIDA BAJA CALIFORNIA),CALLE,QUINTANA ROO,CALLE,ANAHUAC,26,NA,NA,NA,NA,NA,COLONIA,ROMA SUR,NA,NA,NA,06760,09,Ciudad de México,015,Cuauhtémoc,0001,Cuauhtémoc,145A,025,5528271660,DONUTSTUXPAN26@OUTLOOK.COM,NA,Fijo,19.40544298,-99.16758904,2010-07
898780,09015722219032232001000000U3,CAFETERIA HAGAMOS COMPOSTA,HAGAMOS COMPOSTA SA DE CV,722511,Restaurantes con servicio de preparación de alimentos a la carta o de comida corrida,0 a 5 personas,CALLE,COAHUILA,EJE VIAL,3 PONIENTE (MEDELLIN),EJE VIAL,2 PONIENTE (MONTERREY),CALLE,CAMPECHE,136,NA,NA,NA,NA,NA,COLONIA,ROMA SUR,NA,NA,NA,06070,09,Ciudad de México,015,Cuauhtémoc,0001,Cuauhtémoc,1360,008,NA,HAGAMOSCOMPOSTAJUNTOS@GMAIL.COM,NA,Fijo,19.41111079,-99.16310207,2010-07
8530412,09015722518006592000000000U7,CAFETERIA KFE ROLL,NA,722511,Restaurantes con servicio de preparación de alimentos a la carta o de comida corrida,0 a 5 personas,CALLE,DOCTOR RAFAEL LUCIO,EJE VIAL,2-A SUR (DOCTOR BALMIS),CALLE,DOCTOR PASTEUR,EJE VIAL,2-A SUR (DOCTOR BALMIS),255,C,NA,NA,NA,NA,COLONIA,DOCTORES,NA,NA,NA,06720,09,Ciudad de México,015,Cuauhtémoc,0001,Cuauhtémoc,1125,021,NA,NA,NA,Fijo,19.41422993,-99.15303831,2019-11
8327061,09015722511012972000000000U8,CAFETERIA MOMO,NA,722511,Restaurantes con servicio de preparación de alimentos a la carta o de comida corrida,0 a 5 personas,CALLE,CHOAPAN,CALLE,ENSENADA,CALLE,CAMARGO,CALLE,GENERAL BENJAMIN HILL,5,NA,CHOLULA 102,PLANTA BAJA,NA,LOC 1,COLONIA,HIPODROMO,NA,NA,NA,06100,09,Ciudad de México,015,Cuauhtémoc,0001,Cuauhtémoc,1426,020,NA,NA,NA,Fijo,19.40595684,-99.17676469,2019-11
1024291,09015722110002993001000000U7,CAFETERIA SIENRAS,NA,722511,Restaurantes con servicio de preparación de alimentos a la carta o de comida corrida,0 a 5 personas,CALLE,REPUBLICA DE URUGUAY,CALLE,5 DE FEBRERO,CALLE,20 DE NOVIEMBRE,CALLE,VENUSTIANO CARRANZA,86,NA,NA,NA,1,NA,COLONIA,CENTRO,NA,NA,NA,06000,09,Ciudad de México,015,Cuauhtémoc,0001,Cuauhtémoc,0818,013,5556873422,CAFESIEN@GMAIL.COM,NA,Fijo,19.43021881,-99.13447584,2010-07
9138095,09015722511015641000000000U6,CAFETERIA SIN NOMBRE,NA,722511,Restaurantes con servicio de preparación de alimentos a la carta o de comida corrida,0 a 5 personas,CALLE,SAN MIGUEL,CALLE,CALLEJON HORMIGUERO,AVENIDA,JOSE MARIA IZAZAGA,CALLE,ESCUELA MEDICO MILITAR,0,SN,MERCADO SAN LUCAS,PLANTA BAJA,129,NA,COLONIA,CENTRO,MERCADO PUBLICO,MERCADO SAN LUCAS,129 Y 193,06010,09,Ciudad de México,015,Cuauhtémoc,0001,Cuauhtémoc,0979,007,NA,NA,NA,Fijo,19.42488747,-99.13148497,2019-11
868771,09015722219012491000000000U9,CAFETERIA Y RESTAURANTE LA CUIJI,NA,722511,Restaurantes con servicio de preparación de alimentos a la carta o de comida corrida,6 a 10 personas,CALLE,BAJIO,CALLE,PUERTO MEXICO,CALLE,MANZANILLO,CALLE,TEHUANTEPEC,235,NA,NA,NA,0,NA,COLONIA,ROMA SUR,NA,NA,NA,06760,09,Ciudad de México,015,Cuauhtémoc,0001,Cuauhtémoc,145A,002,NA,NA,NA,Fijo,19.40354732,-99.16456657,2010-07
992896,09015722219030522001069720M9,CALDO DE GALLINA EL PAISA,NA,722511,Restaurantes con servicio de preparación de alimentos a la carta o de comida corrida,0 a 5 personas,CALLE,AYUNTAMIENTO,CALLE,LUIS MOYA,CALLE,JOSE MARIA MARROQUI,CALLE,VICTORIA,43,NA,NA,NA,0,NA,COLONIA,CUAUHTEMOC,NA,NA,NA,06050,09,Ciudad de México,015,Cuauhtémoc,0001,Cuauhtémoc,0748,020,5555214640,NA,NA,Fijo,19.43079366,-99.14449261,2010-07
11252054,09015722511021472000000000S8,CALDO DE GALLINA LOS DOS CARNALES,NA,722511,Restaurantes con servicio de preparación de alimentos a la carta o de comida corrida,6 a 10 personas,AVENIDA,CHAPULTEPEC,CALLE,ACAPULCO,CALLE,TAMPICO,CALLE,CERRADA ACAPULCO,540,B,NA,NA,NA,NA,COLONIA,ROMA NORTE,NA,NA,NA,06700,09,Ciudad de México,015,Cuauhtémoc,0001,Cuauhtémoc,1089,009,NA,CALDOS2CARNALES@GMAIL.COM,WWW.CALDOSDEGALLINA2CARNALES.COM,Fijo,19.42069858,-99.17491685,2024-11
11159891,09015722511019681000000000U8,CALDOS DE GALLINA,NA,722511,Restaurantes con servicio de preparación de alimentos a la carta o de comida corrida,0 a 5 personas,CALLE,ERNESTO PUGIBET,CALLE,ARANDA,CALLE,BUEN TONO,CALLE,DELICIAS,12,NA,NA,NA,8,NA,COLONIA,CENTRO,NA,NA,NA,06070,09,Ciudad de México,015,Cuauhtémoc,0001,Cuauhtémoc,0875,002,NA,NA,NA,Semifijo,19.42944742,-99.14304102,2024-11
7755799,09015722517003501000000000U3,CALDOS DE GALLINA,ORGNIZACION DE CIEGOS SA,722511,Restaurantes con servicio de preparación de alimentos a la carta o de comida corrida,0 a 5 personas,AVENIDA,PARQUE VIA,CALLE,RIO USSURI,CALLE,RIO AMUR,CALZADA,MANUEL VILLALONGIN,0,SN,NA,NA,NA,NA,COLONIA,RENACIMIENTO,NA,NA,NA,06500,09,Ciudad de México,015,Cuauhtémoc,0001,Cuauhtémoc,0790,018,NA,NA,NA,Fijo,19.43566845,-99.16835765,2019-11
9134417,09015722511015711000000000U7,CALDOS DE GALLINA CELLY,NA,722511,Restaurantes con servicio de preparación de alimentos a la carta o de comida corrida,0 a 5 personas,CALLE,DOCTOR MIGUEL FRANCISCO JIMENEZ,CALLE,DOCTOR J. NAVARRO,CALLE,DOCTOR ILDELFONSO VELASCO,AVENIDA,DOCTOR JOSE MARIA VERTIZ,0,SN,NA,NA,NA,NA,COLONIA,DOCTORES,NA,NA,NA,06720,09,Ciudad de México,015,Cuauhtémoc,0001,Cuauhtémoc,1036,016,5525239480,NA,NA,Semifijo,19.42026222,-99.14859471,2019-11
10611679,09015722511018412000000000U9,CALDOS DE GALLINA LA NEGRITA,NA,722511,Restaurantes con servicio de preparación de alimentos a la carta o de comida corrida,6 a 10 personas,CALLE,GONZALEZ ORTEGA,CALLE,DIAZ DE LEON,EJE VIAL,1 NORTE (IGNACIO LOPEZ RAYON)(HEROES DE GRANADITAS),CALLE,MANUEL DOBLADO,57,NA,NA,NA,NA,NA,COLONIA,MORELOS,NA,NA,NA,06200,09,Ciudad de México,015,Cuauhtémoc,0001,Cuauhtémoc,0358,015,NA,NA,NA,Fijo,19.44296322,-99.12562654,2024-11
867860,09015722219004641000000000S9,CALDOS DE GALLINA LUIS,NA,722511,Restaurantes con servicio de preparación de alimentos a la carta o de comida corrida,6 a 10 personas,CALLE,TUXPAN,EJE VIAL,3 SUR (AVENIDA BAJA CALIFORNIA),CALLE,QUINTANA ROO,CALLE,ANAHUAC,24,NA,NA,NA,NA,C,COLONIA,ROMA SUR,NA,NA,NA,06760,09,Ciudad de México,015,Cuauhtémoc,0001,Cuauhtémoc,145A,025,5569118207,IR9706832@GMAIL.COM,NA,Fijo,19.40559715,-99.16762644,2010-07
9847149,09015722511021421000000000U5,CALDOS DE GALLINA LUPITA,NA,722511,Restaurantes con servicio de preparación de alimentos a la carta o de comida corrida,0 a 5 personas,AVENIDA,ARCOS DE BELEN,EJE VIAL,CENTRAL (LAZARO CARDENAS),CALLE,LOPEZ,CALLE,DELICIAS,78,NA,MERCADO SAN JUAN ARCOS DE BELEN,PLANTA BAJA,353,NA,COLONIA,CENTRO,MERCADO PUBLICO,MERCADO SAN JUAN ARCOS DE BELEN,78,06070,09,Ciudad de México,015,Cuauhtémoc,0001,Cuauhtémoc,0875,027,NA,NA,NA,Fijo,19.42694266,-99.14280693,2024-11
11416427,09015722511021041000000000U1,CALDOS DE GALLINA VALE,NA,722511,Restaurantes con servicio de preparación de alimentos a la carta o de comida corrida,0 a 5 personas,CALLE,TURIN,CALLE,ABRAHAM GONZALEZ,EJE VIAL,1 PONIENTE (AVENIDA BUCARELI),AVENIDA,CHAPULTEPEC,8,NA,MERCADO JUAREZ,PASILLO,106,107,COLONIA,JUAREZ,MERCADO PUBLICO,MERCADO JUAREZ,106 107,06600,09,Ciudad de México,015,Cuauhtémoc,0001,Cuauhtémoc,0856,019,NA,NA,NA,Fijo,19.42649305,-99.15480196,2024-11
868384,09015722219029492001000000U8,CALDOS DE POLLOS EVITA,NA,722511,Restaurantes con servicio de preparación de alimentos a la carta o de comida corrida,0 a 5 personas,CALLE,JOSE TOMAS CUELLAR,CALLE,5 DE FEBRERO,CALZADA,SAN ANTONIO ABAD,EJE VIAL,2 SUR (MANUEL JOSE OTHON),130,NA,NA,NA,0,NA,COLONIA,OBRERA,NA,NA,NA,06800,09,Ciudad de México,015,Cuauhtémoc,0001,Cuauhtémoc,1159,013,NA,NA,NA,Fijo,19.41373395,-99.13579637,2010-07
9162610,09015722511015901000000000U4,CALDOS LUPITA,NA,722511,Restaurantes con servicio de preparación de alimentos a la carta o de comida corrida,0 a 5 personas,CALLE,SANTO TOMAS,CALLE,CARRETONES,CALLE,PUENTE SANTO TOMAS,EJE VIAL,1 ORIENTE (ANILLO DE CIRCUNVALACION),1023,NA,NA,NA,3,919,COLONIA,CENTRO,NA,NA,NA,06090,09,Ciudad de México,015,Cuauhtémoc,0001,Cuauhtémoc,0979,014,NA,NA,NA,Fijo,19.42446631,-99.12600923,2019-11
11537368,09015722511019741000000000U0,CAMINITO A OAXACA,NA,722511,Restaurantes con servicio de preparación de alimentos a la carta o de comida corrida,0 a 5 personas,CALLE,LISBOA,CALLE,BRUSELAS,CALLE,ROMA,CALLE,BRUSELAS,56,A,NA,NA,NA,NA,COLONIA,JUAREZ,NA,NA,NA,06600,09,Ciudad de México,015,Cuauhtémoc,0001,Cuauhtémoc,0841,018,NA,NA,NA,Fijo,19.4287346,-99.15621777,2024-11
6803694,09015722511009303000000000U1,CANCINO ALAMEDA,OPERADORA GSTRONOMICA LOW SA DE CV,722511,Restaurantes con servicio de preparación de alimentos a la carta o de comida corrida,11 a 30 personas,CALLE,DOCTOR MORA,AVENIDA,HIDALGO,CALLE,CRISTOBAL COLON,AVENIDA,BALDERAS,9,NA,NA,NA,NA,NA,COLONIA,CENTRO,NA,NA,NA,06050,09,Ciudad de México,015,Cuauhtémoc,0001,Cuauhtémoc,0733,005,5524940084,ALAMEDA@ARCHIPIELAGOMX.COM,WWW.GRUPOARCHIPIELAGO.COM,Fijo,19.43631994,-99.14616818,2017-11
9760529,09015722412005501000000000U5,CANDY BAR YARIS,NA,722412,"Bares, cantinas y similares",0 a 5 personas,CALLE,TURIN,CALLE,ABRAHAM GONZALEZ,EJE VIAL,1 PONIENTE (AVENIDA BUCARELI),AVENIDA,CHAPULTEPEC,8,NA,MERCADO JUAREZ,PLANTA BAJA,417,NA,COLONIA,JUAREZ,MERCADO PUBLICO,MERCADO JUAREZ,417,06600,09,Ciudad de México,015,Cuauhtémoc,0001,Cuauhtémoc,0856,019,NA,NA,NA,Fijo,19.42649305,-99.15480196,2024-11
1003319,09015722511006753000000000U0,CANELA Y ORO,NA,722511,Restaurantes con servicio de preparación de alimentos a la carta o de comida corrida,6 a 10 personas,CALLE,TACUBA,CALLE,PALMA NORTE,CALLE,REPUBLICA DE BRASIL,CALLE,DONCELES,86,NA,NA,NA,3,NA,COLONIA,DONCELES,NA,NA,NA,06010,09,Ciudad de México,015,Cuauhtémoc,0001,Cuauhtémoc,0752,004,NA,CANELAYORO03@GMAIL.COM,NA,Fijo,19.43522216,-99.13427423,2010-07
11426357,09015722412005882000000000U9,CANIBAL,VASOS Y PLATOS ROTOS SA DE CV,722412,"Bares, cantinas y similares",6 a 10 personas,CALLE,QUERETARO,EJE VIAL,3 PONIENTE (MEDELLIN),EJE VIAL,2 SUR (AVENIDA YUCATAN),CALLE,ZACATECAS,227,NA,NA,NA,2,NA,COLONIA,ROMA NORTE,NA,NA,NA,06700,09,Ciudad de México,015,Cuauhtémoc,0001,Cuauhtémoc,1214,015,NA,CANIBALBAR.MX@GMAIL.COM,NA,Fijo,19.41400567,-99.16470168,2024-11
10168280,09015722511021202000000000U9,CANOPIA,CANOPIA SA DE CV,722511,Restaurantes con servicio de preparación de alimentos a la carta o de comida corrida,6 a 10 personas,AVENIDA,MEXICO,AVENIDA,SONORA,CALLE,MEXICO,AVENIDA,SONORA,190,NA,NA,NA,0,NA,COLONIA,HIPODROMO,NA,NA,NA,06100,09,Ciudad de México,015,Cuauhtémoc,0001,Cuauhtémoc,120A,005,NA,NA,NA,Fijo,19.4139934,-99.16789665,2024-11
10469299,09015722511017883000000000U2,CANTARITOS EL COMPA DE JALISCO,NA,722511,Restaurantes con servicio de preparación de alimentos a la carta o de comida corrida,11 a 30 personas,CALLE,MAESTRO ANTONIO CASO,CALLE,IGNACIO L. VALLARTA,CALLE,IGNACIO RAMIREZ,CALLE,PRIVADA VALLARTA,17,NA,NA,NA,0,NA,COLONIA,TABACALERA,NA,NA,NA,06030,09,Ciudad de México,015,Cuauhtémoc,0001,Cuauhtémoc,070A,010,NA,NA,NA,Fijo,19.43394318,-99.15474254,2024-11
992859,09015722219027152001000000U0,CANTINA BAR LA REFORMA PUGIBET,CANTINA BAR LA REFORMA PUGIBET SA DE CV,722412,"Bares, cantinas y similares",11 a 30 personas,CALLE,AYUNTAMIENTO,CALLE,DOLORES,CALLE,ARANDA,CALLE,VICTORIA,25,NA,NA,NA,0,NA,COLONIA,CENTRO HISTORICO,NA,NA,NA,06000,09,Ciudad de México,015,Cuauhtémoc,0001,Cuauhtémoc,0748,018,5555103086,BAR.LAREFORMA@HOTMAIL.COM,NA,Fijo,19.43060375,-99.1432204,2010-07
1013989,09015722412001723001000000U9,CANTINA BAR PORTALES DE TLAQUEPAQUE,NA,722412,"Bares, cantinas y similares",11 a 30 personas,CALLE,REPUBLICA DEL SALVADOR,CALLE,BOLIVAR,CALLE,ISABEL LA CATOLICA,CALLE,REPUBLICA DE URUGUAY,56,NA,NA,NA,0,NA,COLONIA,CENNTRO,NA,NA,NA,06600,09,Ciudad de México,015,Cuauhtémoc,0001,Cuauhtémoc,0818,003,5555186344,PORTALESDETLAQUEPAQUE@GMAIL.COM,NA,Fijo,19.42980847,-99.13759816,2010-07
10184569,09015722511019072000000000U0,CANTINA CALANES,NA,722511,Restaurantes con servicio de preparación de alimentos a la carta o de comida corrida,6 a 10 personas,CALLE,MARSELLA,CALLE,DINAMARCA,CALLE,BERLIN,CALLE,MARSELLA,24,NA,NA,NA,0,NA,COLONIA,JUAREZ,NA,NA,NA,06600,09,Ciudad de México,015,Cuauhtémoc,0001,Cuauhtémoc,0841,014,NA,NA,NA,Fijo,19.42628942,-99.15740456,2024-11
880532,09015722412001923000000000U5,CANTINA CASA ABUNDIO,NA,722412,"Bares, cantinas y similares",0 a 5 personas,CALLE,MOCTEZUMA,CALLE,ZARAGOZA,CALLE,JUAN ALDAMA,EJE VIAL,1 NORTE (MOSQUETA),221,NA,NA,NA,NA,NA,COLONIA,BUENAVISTA,NA,NA,NA,06350,09,Ciudad de México,015,Cuauhtémoc,0001,Cuauhtémoc,0502,014,5524029034,NA,NA,Fijo,19.44473094,-99.14961574,2010-07
9276557,09015722412005221000000000U6,CANTINA CUCHILLEROS C,JRR SERVICIOS GASTRONOMICOS SC,722412,"Bares, cantinas y similares",11 a 30 personas,CALLE,MADRID,CALLE,PARÍS,CALLE,MAESTRO ANTONIO CASO,CALLE,MAESTRO ANTONIO CASO,17,NA,NA,NA,NA,NA,COLONIA,TABACALERA,NA,NA,NA,06030,09,Ciudad de México,015,Cuauhtémoc,0001,Cuauhtémoc,070A,013,NA,CUCHILLEROSCANTINA@HOTMAIL.COM,WWW.CANTINACUCHILLEROS.COM.MX,Fijo,19.43335415,-99.1569141,2020-11
1046406,09015722412000741000000000U2,CANTINA EL BUEN TONO,NA,722412,"Bares, cantinas y similares",0 a 5 personas,CALLE,CLAUDE DEBUSSY,CALLE,FRIEDRICH CHOPIN,CALLE,LUDWING VAN BEETHOVEN,CALZADA,VALLEJO,20,B,NA,NA,0,NA,COLONIA,PERALVILLO,NA,NA,NA,06220,09,Ciudad de México,015,Cuauhtémoc,0001,Cuauhtémoc,0080,007,5557820541,NVIZUETV@HOTMAIL.COM,NA,Fijo,19.46107159,-99.14007873,2010-07
896292,09015722412001973000000000U0,CANTINA EL CENTENARIO,NA,722412,"Bares, cantinas y similares",6 a 10 personas,CALLE,VICENTE SUAREZ,CALLE,ATLIXCO,AVENIDA,TAMAULIPAS,AVENIDA,CAMPECHE,42,38,NA,NA,NA,NA,COLONIA,CONDESA,NA,NA,NA,06170,09,Ciudad de México,015,Cuauhtémoc,0001,Cuauhtémoc,1318,012,NA,NA,WWW.CANTINACENTENARIO.COM,Fijo,19.41126824,-99.17511917,2010-07
1013882,09015722412001693000000000U4,CANTINA EL GALLO DE ORO,NA,722412,"Bares, cantinas y similares",11 a 30 personas,CALLE,VENUSTIANO CARRANZA,CALLE,ISABEL LA CATOLICA,CALLE,BOLIVAR,CALLE,REPUBLICA DE URUGUAY,37,NA,NA,NA,35,NA,COLONIA,CENTRO,NA,NA,NA,06000,09,Ciudad de México,015,Cuauhtémoc,0001,Cuauhtémoc,0818,002,NA,ELGALLODEORO@GMAIL.COM,NA,Fijo,19.4315179,-99.13840285,2010-07
870763,09015722412002512000000000U5,CANTINA EL RECREO,EL RECREO CANTINA RESTAURANTE SA DE CV,722412,"Bares, cantinas y similares",6 a 10 personas,CALLE,ISABEL LA CATOLICA,CALLE,FRAY JUAN DE TORQUEMADA,CALLE,ANGEL DEL CAMPO,CALLE,5 DE FEBRERO,101,NA,NA,NA,0,NA,COLONIA,OBRERA,NA,NA,NA,06800,09,Ciudad de México,015,Cuauhtémoc,0001,Cuauhtémoc,1407,009,NA,NA,NA,Fijo,19.40810897,-99.13939578,2010-07
991968,09015722412000731000000000U3,CANTINA EL TIO PEPE S DE RL,RESTAURANTES BM SA DE CV,722412,"Bares, cantinas y similares",0 a 5 personas,CALLE,INDEPENDENCIA,CALLE,LOPEZ,CALLE,DOLORES,CALLE,INDEPENDENCIA,26,NA,EDIFICIO SIN NOMBRE,PLANTA BAJA,NA,NA,COLONIA,CENTRO,NA,NA,NA,06000,09,Ciudad de México,015,Cuauhtémoc,0001,Cuauhtémoc,0748,004,NA,CONTACTO@CANTINATIOPEPE.COM,NA,Fijo,19.43290263,-99.14225211,2010-07
868200,09015722412001552000000000U2,CANTINA HIJA DE LA PIRATA,NA,722412,"Bares, cantinas y similares",6 a 10 personas,CALLE,MANUEL M FLORES,CALZADA,SAN ANTONIO ABAD,CALLE,5 DE FEBRERO,CALLE,JOSE JOAQUIN ARRIAGA,139,NA,NA,NA,NA,NA,COLONIA,OBRERA,NA,NA,NA,06800,09,Ciudad de México,015,Cuauhtémoc,0001,Cuauhtémoc,1159,002,5557614787,LAHIJADELPIRATA68@GMAIL.COM,CANTINALAHIJADELPIRATA.COM,Fijo,19.41618615,-99.13610854,2010-07
1030757,09015722412000271000000000U0,CANTINA LA CAMPANA,NA,722412,"Bares, cantinas y similares",6 a 10 personas,CALLE,DOCTOR RAFAEL LUCIO,AVENIDA,CHAPULTEPEC,AVENIDA,DOCTOR RIO DE LA LOZA,RETORNO,DOCTOR RIO DE LA LOZA,105,NA,NA,NA,0,NA,COLONIA,DOCTORES,NA,NA,NA,06720,09,Ciudad de México,015,Cuauhtémoc,0001,Cuauhtémoc,0860,019,NA,NA,NA,Fijo,19.42607337,-99.15112952,2010-07
1016966,09015722110005153001000000U5,CANTINA LA CASTELLANA,FERROMAR SA DE CV,722412,"Bares, cantinas y similares",11 a 30 personas,CALLE,MAESTRO ANTONIO CASO,CALLE,SADI CARNOT,AVENIDA,INSURGENTES CENTRO,CALLE,JAMES SULLIVAN,58,NA,NA,NA,NA,NA,COLONIA,SAN RAFAEL,NA,NA,NA,06470,09,Ciudad de México,015,Cuauhtémoc,0001,Cuauhtémoc,0697,011,NA,CONTACTO@CANTINALACASTELLANA.COM,WWW.CANTINALACASTELLANA.COM,Fijo,19.43432312,-99.15825025,2010-07
1030281,09015722412000041001000000U7,CANTINA LA CASTELLANA AYUNTAMIENTO,NA,722412,"Bares, cantinas y similares",11 a 30 personas,CALLE,AYUNTAMIENTO,CALLE,LUIS MOYA,CALLE,PLAZA DE SAN JUAN,CALLE,ERNESTO PUGIBET,64,NA,NA,NA,0,NA,COLONIA,CENTRO,NA,NA,NA,06010,09,Ciudad de México,015,Cuauhtémoc,0001,Cuauhtémoc,0875,009,5555121322,NA,NA,Fijo,19.43076103,-99.14535348,2010-07
1001093,09015722412001532000000000U4,CANTINA LA DOMINICA,NA,722412,"Bares, cantinas y similares",0 a 5 personas,CALLE,BELISARIO DOMINGUEZ,CALLE,PALMA NORTE,CALLE,REPUBLICA DE CHILE,CALLE,REPUBLICA DE CUBA,61,NA,NA,NA,0,NA,CIUDAD INDUSTRIAL,CENTRO,NA,NA,NA,06000,09,Ciudad de México,015,Cuauhtémoc,0001,Cuauhtémoc,0644,013,NA,LADOMINICACENTRO@HOTMAIL.COM,NA,Fijo,19.43788016,-99.13550811,2010-07
7732312,09015722412004013000000000U2,CANTINA LA LLORONA,NA,722511,Restaurantes con servicio de preparación de alimentos a la carta o de comida corrida,6 a 10 personas,AVENIDA,ALVARO OBREGON,AVENIDA,OAXACA,CALLE,HUICHAPAN,AVENIDA,AMSTERDAM,308,NA,NA,NA,NA,NA,COLONIA,HIPODROMO,NA,NA,NA,06100,09,Ciudad de México,015,Cuauhtémoc,0001,Cuauhtémoc,120A,012,NA,NA,WWW.LALLORONACANTINA.COM,Fijo,19.41617588,-99.16927912,2019-11
1060479,09015722412002343000000000U5,CANTINA LA MASCOTA,NA,722412,"Bares, cantinas y similares",6 a 10 personas,CALLE,MESONES,CALLE,BOLIVAR,CALLE,ISABEL LA CATOLICA,CALLE,REPUBLICA DEL SALVADOR,20,NA,NA,NA,0,NA,COLONIA,CENTRO,NA,NA,NA,06080,09,Ciudad de México,015,Cuauhtémoc,0001,Cuauhtémoc,088A,011,5557093414,CANTINA.LA.MASCOTA@MAIL.COM,NA,Fijo,19.42884592,-99.13896542,2010-07
6310968,09015722412002075002002193S3,CANTINA LA NO 20,CANTINAS AUTENTICAS DE MEXICO SA DE CV,722412,"Bares, cantinas y similares",11 a 30 personas,AVENIDA,PASEO DE LA REFORMA,EJE VIAL,2 PONIENTE (FLORENCIA),CALLE,LANCASTER,CALLE,HAMBURGO,342,NA,TORRE NEW YORK LIFE,PLANTA BAJA,NA,NA,COLONIA,JUAREZ,EDIFICIO COMERCIAL Y DE SERVICIOS,TORRE NEW YORK LIFE,SR,06600,09,Ciudad de México,015,Cuauhtémoc,0001,Cuauhtémoc,0945,005,NA,FERNANDA.IBARRI@CINBERSOL.COM,WWW.CANTINALA20.COM.MX,Fijo,19.42606406,-99.16758594,2014-12
1031034,09015722412002313000000000U8,CANTINA LA NUEVA REINA,NA,722412,"Bares, cantinas y similares",11 a 30 personas,CALLE,CLAUDIO BERNARD,AVENIDA,DOCTOR JOSE MARIA VERTIZ,CALLE,DOCTOR AGUSTIN ANDRADE,CALLE,DOCTOR ILDELFONSO VELASCO,46,NA,NA,NA,0,B,COLONIA,DOCTORES,NA,NA,NA,06720,09,Ciudad de México,015,Cuauhtémoc,0001,Cuauhtémoc,1036,015,NA,NA,NA,Fijo,19.42023966,-99.14687741,2010-07
999853,09015722412002732000000000U9,CANTINA LA PENINSULAR,GRUPO ALIMENTICIO ALHONDIGA SA DE CV,722412,"Bares, cantinas y similares",6 a 10 personas,CALLE,ALHONDIGA,CALLE,MANZANARES,CALLE,CORREGIDORA,CALLE,ROLDAN,26,4,NA,NA,0,NA,COLONIA,CENTRO,NA,NA,NA,06060,09,Ciudad de México,015,Cuauhtémoc,0001,Cuauhtémoc,0786,014,5555224089,CANTINALAPENINSULAR@GMAIL.COM,NA,Fijo,19.43095013,-99.12723454,2010-07
872200,09015722412002562000000000U0,CANTINA LA PERLA,LA NUEVA OPERADORA SA DE CV,722412,"Bares, cantinas y similares",6 a 10 personas,CALLE,ELIGIO ANCONA,CALLE,FRESNO,CALLE,CEDRO,CALLE,MANUEL CARPIO,283,NA,NA,NA,0,NA,COLONIA,CANTINA LA PERLA,NA,NA,NA,06400,09,Ciudad de México,015,Cuauhtémoc,0001,Cuauhtémoc,0466,001,NA,NA,NA,Fijo,19.4531527,-99.16132393,2014-12
1008151,09015722412000451000000000U8,CANTINA LA POTOSINA,NA,722412,"Bares, cantinas y similares",0 a 5 personas,CALLE,JESUS MARIA,CALLE,EMILIANO ZAPATA,CALLE,SOLEDAD,CALLE,ACADEMIA,21,NA,EDIFICIO SIN NOMBRE,PLANTA BAJA,0,NA,COLONIA,CENTRO,NA,NA,NA,06060,09,Ciudad de México,015,Cuauhtémoc,0001,Cuauhtémoc,0771,021,NA,NA,NA,Fijo,19.43307479,-99.12792652,2010-07
883516,09015722412000611000000000U7,CANTINA LA PRINCIPAL,NA,722412,"Bares, cantinas y similares",0 a 5 personas,CALLE,JESUS CARRANZA,CALLE,MATAMOROS,CALLE,RIVERO,AVENIDA,PERALVILLO,58,NA,NA,NA,0,NA,COLONIA,MORELOS,NA,NA,NA,06200,09,Ciudad de México,015,Cuauhtémoc,0001,Cuauhtémoc,0339,009,NA,NA,NA,Fijo,19.44724362,-99.13040079,2010-07
854769,09015722412001572000000000U0,CANTINA LA REFORMA,NA,722412,"Bares, cantinas y similares",0 a 5 personas,CALLE,MELESIO MORALES,CALLE,ENRICO CARUSO,CALLE,FLORENCIO CONSTANTINO,CALLE,JUVENTINO ROSAS,2,NA,NA,NA,NA,NA,MANZANA,10,NA,NA,NA,06220,09,Ciudad de México,015,Cuauhtémoc,0001,Cuauhtémoc,0108,010,NA,NA,NA,Fijo,19.45952355,-99.13200241,2010-07
6317816,09015722110006675001000000U6,CANTINA LA RIBERA,CANTINA LA RIBERA SA,722511,Restaurantes con servicio de preparación de alimentos a la carta o de comida corrida,31 a 50 personas,EJE VIAL,1 PONIENTE (AVENIDA CUAUHTÉMOC),CALLE,DOCTOR ILDELFONSO VELASCO,CALLE,DOCTOR IGNACIO ERAZO,CALLE,DOCTOR MANUEL CARMONA Y VALLE,140,NA,NA,NA,0,SN,COLONIA,DOCTORES,NA,NA,NA,06720,09,Ciudad de México,015,Cuauhtémoc,0001,Cuauhtémoc,1125,015,NA,CANTINALARIBERA1@HOTMAIL.COM,WWW.CANTINALARIBERA.COM.MX,Fijo,19.41965692,-99.15403041,2010-07
9576038,09015722412005681000000000U5,CANTINA LA RISA,NA,722412,"Bares, cantinas y similares",0 a 5 personas,CALLEJON,PRIMER DE MESONES,CALLE,MESONES,CALLE,REGINA,CALLE,ISABEL LA CATOLICA,71,NA,NA,NA,NA,NA,COLONIA,CUAHUTEMOC,NA,NA,NA,06080,09,Ciudad de México,015,Cuauhtémoc,0001,Cuauhtémoc,0894,005,NA,GRUPO_ALBERTO_PC@HOTMAIL.COM,NA,Fijo,19.42827049,-99.13596546,2024-11
8327774,09015722412004652000000000U7,CANTINA LA ULTRA MARINA,NA,722412,"Bares, cantinas y similares",6 a 10 personas,CALLE,TONALA,EJE VIAL,2A SUR (SAN LUIS POTOSI),AVENIDA,YUCATAN,CALLE,JALAPA,178,NA,TONALA 178,PLANTA BAJA,NA,NA,COLONIA,ROMA NORTE,EDIFICIO COMERCIAL Y DE SERVICIOS,TONALA 178,PB,06700,09,Ciudad de México,015,Cuauhtémoc,0001,Cuauhtémoc,1214,002,NA,NA,NA,Fijo,19.41332089,-99.1614228,2019-11
7756165,09015722412004783000000000U0,CANTINA LA UNICA DE LA OBRERA,NA,722412,"Bares, cantinas y similares",6 a 10 personas,CALLE,ISABEL LA CATOLICA,CALLE,CHIMALPOPOCA,AVENIDA,FRAY SERVANDO TERESA DE MIER,CALLE,CALLEJON SAN SALVADOR EL VERDE,158,NA,NA,NA,0,NA,COLONIA,CENTRO,NA,NA,NA,06080,09,Ciudad de México,015,Cuauhtémoc,0001,Cuauhtémoc,1055,013,NA,NA,NA,Fijo,19.4231452,-99.13760096,2019-11
951352,09015722412001622000000000U3,CANTINA LA VICTORIA SPEZZIAL,NA,722412,"Bares, cantinas y similares",6 a 10 personas,CALLE,DOCTOR IGNACIO ERAZO,CALLE,DOCTOR AGUSTIN ANDRADE,CALLE,DOCTOR BARRAGAN,CALLE,DOCTOR ILDELFONSO VELASCO,23,B,NA,NA,NA,A,COLONIA,DOCTORES,NA,NA,NA,06720,09,Ciudad de México,015,Cuauhtémoc,0001,Cuauhtémoc,113A,022,NA,NA,SALONVICTORIAESPEZZIAL.COM,Fijo,19.41786374,-99.14485963,2010-07
986526,09015722412000661000000000U2,CANTINA LAS AMERICAS,NA,722412,"Bares, cantinas y similares",0 a 5 personas,CALLE,ITURBIDE,AVENIDA,JUAREZ,CALLE,ARTICULO 123,EJE VIAL,1 PONIENTE (AVENIDA BUCARELI),31,A,NA,NA,31,A,COLONIA,CUAUHTEMOC,NA,NA,NA,06050,09,Ciudad de México,015,Cuauhtémoc,0001,Cuauhtémoc,0733,009,5555128705,NA,NA,Fijo,19.4339834,-99.14915599,2010-07
9947473,09015722412006403000000000U3,CANTINA MONTERREY,FOMENTO GASTRNOMICO SA DE CV,722412,"Bares, cantinas y similares",11 a 30 personas,CALLE,CHIHUAHUA,CALLE,FRONTERA,EJE VIAL,1 PONIENTE (AVENIDA CUAUHTEMOC),AVENIDA,ALVARO OBREGON,21,NA,NA,NA,NA,NA,COLONIA,ROMA NORTE,NA,NA,NA,06700,09,Ciudad de México,015,Cuauhtémoc,0001,Cuauhtémoc,1110,026,5522468860,FACTURASMONTRREY@CANTINAMONTERREY.MX,NA,Fijo,19.41841884,-99.15503017,2024-11
984189,09015722412001031000000000U7,CANTINA NEW YORK,NA,722412,"Bares, cantinas y similares",0 a 5 personas,CALLE,SOTO,EJE VIAL,1 NORTE (MOSQUETA),CALLE,DEGOLLADO,CALLE,LERDO,207,B,NA,NA,0,NA,COLONIA,GUERRERO,NA,NA,NA,06350,09,Ciudad de México,015,Cuauhtémoc,0001,Cuauhtémoc,0574,006,5521321218,NA,NA,Fijo,19.44508871,-99.14361558,2010-07
1024410,09015722412001542001000000U3,CANTINA NUEVO LEON,EL PULQUELE SA DE CV,722412,"Bares, cantinas y similares",11 a 30 personas,AVENIDA,JOSE MARIA PINO SUAREZ,CALLE,VENUSTIANO CARRANZA,CALLE,REPUBLICA DE URUGUAY,CALLE,TABAQUEROS,18,NA,NA,NA,18,NA,COLONIA,CUAUHTEMOC,NA,NA,NA,06060,09,Ciudad de México,015,Cuauhtémoc,0001,Cuauhtémoc,0907,015,NA,LANUEVADONLEON@GMAIL.COM,NA,Fijo,19.43032191,-99.13230548,2010-07
887190,09015722412001172001000000U9,CANTINA RIO DE LA PLATA,NA,722412,"Bares, cantinas y similares",11 a 30 personas,CALLE,REPUBLICA DE CUBA,CALLE,REPUBLICA DE CHILE,CALLE,ALLENDE,CALLE,DONCELES,39,NA,NA,NA,2,Y 3,COLONIA,CENTRO,NA,NA,NA,06010,09,Ciudad de México,015,Cuauhtémoc,0001,Cuauhtémoc,0752,010,5560131586,NA,NA,Fijo,19.4373267,-99.13771656,2014-12
8327089,09015722412004604000000000U8,CANTINA RIVIERA DEL SUR,BAR EL PORVENIR SA DE CV,722412,"Bares, cantinas y similares",11 a 30 personas,CALLE,CHIAPAS,EJE VIAL,2 PONIENTE (MONTERREY),EJE VIAL,3 PONIENTE (MEDELLIN),CALLE,TAPACHULA,174,NA,NA,NA,NA,NA,COLONIA,ROMA NORTE,NA,NA,NA,06700,09,Ciudad de México,015,Cuauhtémoc,0001,Cuauhtémoc,1360,014,NA,GSTNISICH1989@GMAIL.COM,NA,Fijo,19.4119169,-99.16436361,2019-11
951494,09015722412001783000000000U3,CANTINA SALON CASINO,SALON CASINO SA DE CV,722412,"Bares, cantinas y similares",11 a 30 personas,AVENIDA,DOCTOR JOSE MARIA VERTIZ,CALLE,DOCTOR IGNACIO ERAZO,CALLE,DOCTOR JOSE PABLO MARTINEZ DEL RIO,CALLE,DOCTOR MIGUEL FRANCISCO JIMENEZ,199,NA,NA,NA,NA,NA,COLONIA,DOCTORES,NA,NA,NA,08760,09,Ciudad de México,015,Cuauhtémoc,0001,Cuauhtémoc,113A,019,NA,ADMINISTRACION@SALONCASINO.COM.MX,WWW.SALONCASINO.COM.MX,Fijo,19.41791188,-99.14787735,2010-07
1003340,09015722412001753000000000U6,CANTINA SALON ESPAÑA,NA,722412,"Bares, cantinas y similares",6 a 10 personas,CALLE,LUIS GONZALEZ OBREGON,CALLE,REPUBLICA DE ARGENTINA,CALLE,REPUBLICA DE BRASIL,CALLE,DONCELES,25,A,NA,NA,0,NA,COLONIA,CENTR0,NA,NA,NA,06020,09,Ciudad de México,015,Cuauhtémoc,0001,Cuauhtémoc,0752,002,5557021719,CANTINASALONESPANIA@GMAIL.COM,NA,Fijo,19.43652084,-99.13168722,2010-07
1013529,09015722412001472001000000U3,CANTINA SALON PALACIO,NA,722412,"Bares, cantinas y similares",6 a 10 personas,EJE VIAL,1 PONIENTE AVENIDA ROSALES,CALLE,IGNACIO MARISCAL,AVENIDA,MEXICO-TENOCHTITLAN,CALLE,JESUS DE TERAN,5,NA,NA,NA,0,NA,COLONIA,TABACALERA,NA,NA,NA,06030,09,Ciudad de México,015,Cuauhtémoc,0001,Cuauhtémoc,0714,011,NA,NA,NA,Fijo,19.43743235,-99.14941427,2010-07
10596571,09015722412005952000000000U0,CANTINA SAN LUIS,NA,722412,"Bares, cantinas y similares",6 a 10 personas,PEATONAL,PLAZA GARIBALDI,EJE VIAL,CENTRAL (LAZARO CARDENAS),CALLE,SAN CAMILITO,CALLE,REPUBLICA DE ECUADOR,4,C,NA,NA,NA,NA,COLONIA,CENTRO,NA,NA,NA,06010,09,Ciudad de México,015,Cuauhtémoc,0001,Cuauhtémoc,0536,014,5610146491,NA,NA,Fijo,19.44094537,-99.13933183,2024-11
6259240,09015722412002064002000000U7,CANTINA U D E G,OPERADORA DE RESTAURANTES Y BARES LA UNICA DE GUERERO SA DE CV,722412,"Bares, cantinas y similares",11 a 30 personas,EJE VIAL,1 PONIENTE GUERRERO,CALLE,ESTRELLA,CALLE,MARTE,CALLE,ZARAGOZA,258,NA,NA,NA,0,NA,COLONIA,BUENAVISTA,NA,NA,NA,06530,09,Ciudad de México,015,Cuauhtémoc,0001,Cuauhtémoc,0502,017,NA,NA,WWW.LAUNICADEGUERRERO.COM.MX,Fijo,19.45060501,-99.1463481,2010-07
1015694,09015722110002463000000000U1,CANTO AZUL DEL ABUELO POMPEYO,NA,722511,Restaurantes con servicio de preparación de alimentos a la carta o de comida corrida,6 a 10 personas,CALLE,MAESTRO ANTONIO CASO,AVENIDA,INSURGENTES CENTRO,CALLE,SADI CARNOT,CALLE,VALENTIN GOMEZ FARIAS,65,NA,NA,NA,0,NA,COLONIA,SAN RAFAEL,NA,NA,NA,06470,09,Ciudad de México,015,Cuauhtémoc,0001,Cuauhtémoc,0697,003,NA,NA,NA,Fijo,19.43448174,-99.15839952,2010-07
10578312,09015722511021282000000000U1,CAPRICHO CAFE,GRUPO CAPRICHO BLANCO SA DE CV,722511,Restaurantes con servicio de preparación de alimentos a la carta o de comida corrida,6 a 10 personas,CALLE,CHILPANCINGO,AVENIDA,AMSTERDAM,AVENIDA,MEXICO,CALLE,CITLALTEPETL,9,A,NA,NA,NA,NA,COLONIA,HIPODROMO,NA,NA,NA,06100,09,Ciudad de México,015,Cuauhtémoc,0001,Cuauhtémoc,1341,018,NA,NA,NA,Fijo,19.40956047,-99.17023804,2024-11
866932,09015722219031012000000000U0,CARBONVINO,ENTRETENIDOS Y VINO SA DE CV,722511,Restaurantes con servicio de preparación de alimentos a la carta o de comida corrida,11 a 30 personas,AVENIDA,TAMAULIPAS,CALLE,FERNANDO MONTES DE OCA,AVENIDA,MICHOACAN,CALLE,PARRAL,63,NA,NA,NA,0,NA,COLONIA,CUAUHTEMOC,NA,NA,NA,06170,09,Ciudad de México,015,Cuauhtémoc,0001,Cuauhtémoc,1318,022,5552862471,ANGEL_ZURITA@HOTMAIL.COM,WWW.CARBONVINO.COM,Fijo,19.41192615,-99.17367442,2010-07
10176762,09015722511023722000000000U4,CARMEL,NA,722511,Restaurantes con servicio de preparación de alimentos a la carta o de comida corrida,6 a 10 personas,CALLE,CORDOBA,AVENIDA,ALVARO OBREGON,CALLE,TABASCO,CALLE,ORIZABA,95,NA,NA,NA,0,NA,COLONIA,ROMA NORTE,NA,NA,NA,06700,09,Ciudad de México,015,Cuauhtémoc,0001,Cuauhtémoc,1002,018,5554324375,NA,NA,Fijo,19.41881494,-99.15867147,2024-11
6758845,09015722511009014000000000U4,CASA 1900,CASA 1900 SC,722511,Restaurantes con servicio de preparación de alimentos a la carta o de comida corrida,31 a 50 personas,CALLE,DURANGO,CALLE,VALLADOLID,AVENIDA,PLAZA VILLA MADRID,AVENIDA,OAXACA,204,NA,NA,NA,NA,NA,COLONIA,ROMA NORTE,NA,NA,NA,06700,09,Ciudad de México,015,Cuauhtémoc,0001,Cuauhtémoc,1093,007,NA,NA,WWW.CASAMILNOVECINTOS.MX,Fijo,19.41952281,-99.1674619,2016-10
894043,09015722518002471000000000U7,CASA ALAFARO,NA,722511,Restaurantes con servicio de preparación de alimentos a la carta o de comida corrida,6 a 10 personas,PEATONAL,PLAZA GARIBALDI,EJE VIAL,CENTRAL (LAZARO CARDENAS),CALLE,SAN CAMILITO,CALLE,REPUBLICA DE ECUADOR,4,NA,MERCADO DE SAN CAMILITO,PLANTA BAJA,33,NA,COLONIA,CENTRO,MERCADO PUBLICO,MERCADO DE SAN CAMILITO,33,06010,09,Ciudad de México,015,Cuauhtémoc,0001,Cuauhtémoc,0536,014,5532484737,NA,NA,Fijo,19.44093651,-99.13913156,2014-12
6318341,09015722110005924002000000U9,CASA BELL,CASA BELL SA,722511,Restaurantes con servicio de preparación de alimentos a la carta o de comida corrida,11 a 30 personas,CALLE,PRAGA,AVENIDA,PASEO DE LA REFORMA,CALLE,DRESDE,CALLE,OXFORD,14,NA,EDIFICIO SIN NOMBRE,PLANTA BAJA,NA,NA,COLONIA,JUAREZ,NA,NA,NA,06600,09,Ciudad de México,015,Cuauhtémoc,0001,Cuauhtémoc,0983,005,NA,CASABELL@BELLINGHAUSEN.MX,BELLINGHAUSEN.MX/CASA-BELL,Fijo,19.42335671,-99.16898228,2010-07
11445128,09015722511019282000000000U5,CASA CHAVITA,NA,722511,Restaurantes con servicio de preparación de alimentos a la carta o de comida corrida,6 a 10 personas,CALLE,PACHUCA,CALLE,JUAN DE LA BARRERA,CALLE,AGUSTIN MELGAR,CALLE,ZAMORA,23,NA,NA,NA,NA,NA,COLONIA,CONDESA,NA,NA,NA,06140,09,Ciudad de México,015,Cuauhtémoc,0001,Cuauhtémoc,1178,011,NA,NA,NA,Fijo,19.41781866,-99.17630916,2024-11
887990,09015722511007984000066155S0,CASA CHURRA,CASA CHURRA SA DE CV,722511,Restaurantes con servicio de preparación de alimentos a la carta o de comida corrida,11 a 30 personas,CALLE,16 DE SEPTIEMBRE,CALLE,BOLIVAR,CALLE,FRAY PEDRO DE GANTE,CALLE,FRANCISCO I. MADERO,12,NA,NA,NA,0,NA,COLONIA,CENTRO,NA,NA,NA,06000,09,Ciudad de México,015,Cuauhtémoc,0001,Cuauhtémoc,0767,004,5555103435,CASACHURRACH@GMAIL.COM,NA,Fijo,19.43260589,-99.13922976,2014-12
1021647,09015722511000881001000000U5,CASA DE FUEGO,NA,722511,Restaurantes con servicio de preparación de alimentos a la carta o de comida corrida,0 a 5 personas,CALLE,RIO NAZAS,CALLE,RIO SENA,AVENIDA,RIO RHIN,CALLE,RIO SENA,50,NA,NA,NA,NA,NA,COLONIA,CUAUHTEMOC,NA,NA,NA,06500,09,Ciudad de México,015,Cuauhtémoc,0001,Cuauhtémoc,0790,003,5565450771,LLEIROSOMEXICO1@YAHOO.COM.MX,WWW.ALBEKDELICE.COM,Fijo,19.4323256,-99.16682386,2010-07
8337225,09015722511010052000000000U1,CASA DE ITALIA,COCINA DEL CENTRO SA DE CV,722511,Restaurantes con servicio de preparación de alimentos a la carta o de comida corrida,0 a 5 personas,CALLE,INDEPENDENCIA,CALLE,REVILLAGIGEDO,CALLE,LUIS MOYA,AVENIDA,JUAREZ,18,NA,NA,NA,18,10,COLONIA,CENTRO,NA,NA,NA,06010,09,Ciudad de México,015,Cuauhtémoc,0001,Cuauhtémoc,0748,009,NA,NA,NA,Fijo,19.43348062,-99.14510454,2019-11
10739543,09015722511020463000000000U8,CASA DE ITALIA,NA,722511,Restaurantes con servicio de preparación de alimentos a la carta o de comida corrida,11 a 30 personas,CALLE,AGUSTIN MELGAR,CALLE,MATEHUALA,AVENIDA,MAZATLAN,CALLE,NINGUNO,6,LOCAL 16,NA,NA,NA,NA,COLONIA,CONDESA,NA,NA,NA,06140,09,Ciudad de México,015,Cuauhtémoc,0001,Cuauhtémoc,1178,017,NA,NA,NA,Fijo,19.41802591,-99.17549483,2024-11
8625707,09015722412004713000046801S7,CASA FRANCA,OPERADORA FRANCA SA DE CV,722412,"Bares, cantinas y similares",6 a 10 personas,CALLE,MERIDA,CALLE,TABASCO,AVENIDA,ALVARO OBREGON,CALLE,CORDOBA,109,NA,NA,NA,NA,NA,COLONIA,ROMA NORTE,NA,NA,NA,06700,09,Ciudad de México,015,Cuauhtémoc,0001,Cuauhtémoc,1017,028,NA,NA,NA,Fijo,19.41930097,-99.15754445,2019-11
7732871,09015722412004071000000000U0,CASA INDIO,NA,722412,"Bares, cantinas y similares",0 a 5 personas,AVENIDA,CHAPULTEPEC,EJE VIAL,1 PONIENTE (AVENIDA CUAUHTEMOC),CALLE,GUAYMAS,CALLE,PUEBLA,92,NA,PLAZA CHAPULTEPEC,PLANTA BAJA,6,NA,COLONIA,ROMA NORTE,EDIFICIO COMERCIAL Y DE SERVICIOS,PLAZA CHAPULTEPEC,6,06700,09,Ciudad de México,015,Cuauhtémoc,0001,Cuauhtémoc,1017,024,NA,NA,NA,Fijo,19.42553464,-99.15407012,2019-11
8326583,09015722511012703000000000U7,CASA JARANA,CASA JARANA SA DE CV,722511,Restaurantes con servicio de preparación de alimentos a la carta o de comida corrida,0 a 5 personas,CALLE,DURANGO,CALLE,COZUMEL,EJE VIAL,3 PONIENTE (SALAMANCA),CALLE,SINALOA,0,SN,NA,NA,NA,NA,COLONIA,ROMA NORTE,NA,NA,NA,06700,09,Ciudad de México,015,Cuauhtémoc,0001,Cuauhtémoc,0998,016,NA,CASAJARANA@GMAIL.COM,NA,Fijo,19.41920491,-99.17030529,2019-11
9128029,09015722511015622000000000U6,CASA PECHE,NA,722511,Restaurantes con servicio de preparación de alimentos a la carta o de comida corrida,11 a 30 personas,EJE VIAL,3 SUR AVENIDA BAJA CALIFORNIA,CALLE,TLACOTALPAN,CALLE,MANZANILLO,CALLE,TEPIC,193,NA,BAJA CALIFORNIA 193,PLANTA BAJA,193,NA,COLONIA,ROMA SUR,NA,NA,NA,06760,09,Ciudad de México,015,Cuauhtémoc,0001,Cuauhtémoc,1356,023,NA,CASAPECHEMEXICO@GMAIL.COM,NA,Fijo,19.40602785,-99.16605275,2019-11
8131260,09015722511010321000000000U0,CASA SANTA MARIA,NA,722511,Restaurantes con servicio de preparación de alimentos a la carta o de comida corrida,0 a 5 personas,CALLE,SABINO,CALLE,ACACIAS,CALLE,ELIGIO ANCONA,CALLE,NARANJO,255,NA,NA,NA,0,NA,COLONIA,SANTA MARIA LA RIBERA,NA,NA,NA,06400,09,Ciudad de México,015,Cuauhtémoc,0001,Cuauhtémoc,0470,006,NA,CASA.SANTAMARIA255@GMAIL.COM,NA,Fijo,19.45329242,-99.15910456,2019-11
10892467,09015722511019461000000000U5,CASA TARIACURI,NA,722511,Restaurantes con servicio de preparación de alimentos a la carta o de comida corrida,0 a 5 personas,CALLE,PUEBLA,AVENIDA,SONORA,CALLE,ACAPULCO,CALLE,SINALOA,376,B,NA,NA,NA,NA,COLONIA,ROMA NORTE,NA,NA,NA,06700,09,Ciudad de México,015,Cuauhtémoc,0001,Cuauhtémoc,1089,001,NA,NA,NA,Fijo,19.42012574,-99.17350491,2024-11
8326351,09015722511012613000000000U8,CASA VIRGINIA,CASA MONTERREY 116 SA DE CV,722511,Restaurantes con servicio de preparación de alimentos a la carta o de comida corrida,11 a 30 personas,EJE VIAL,2 PONIENTE MONTERREY,AVENIDA,ALVARO OBREGON,CALLE,CHIHUAHUA,CALLE,TONALA,116,NA,NA,NA,NA,NA,COLONIA,ROMA NORTE,NA,NA,NA,06700,09,Ciudad de México,015,Cuauhtémoc,0001,Cuauhtémoc,1106,008,NA,NA,NA,Fijo,19.41716438,-99.16401504,2019-11
11433624,09015722511020834000000000U0,CASINO ESPAÑOL RESTAURANT,COORPORATIVO EUROPEO CASSATT SA DE CV,722511,Restaurantes con servicio de preparación de alimentos a la carta o de comida corrida,31 a 50 personas,CALLE,ISABEL LA CATOLICA,CALLE,16 DE SEPTIEMBRE,CALLE,FRANCISCO I. MADERO,CALLE,MOTOLINIA,31,NA,NA,NA,NA,NA,COLONIA,CENTRO,NA,NA,NA,06000,09,Ciudad de México,015,Cuauhtémoc,0001,Cuauhtémoc,0767,012,NA,CASINOESPANOLADMON@HOTMAIL.COM,NA,Fijo,19.43286433,-99.13639749,2024-11
9806181,09015722511022793000000000U6,CASTIZO,NA,722511,Restaurantes con servicio de preparación de alimentos a la carta o de comida corrida,11 a 30 personas,CALLE,CHILPANCINGO,CALLE,AGUASCALIENTES,CALLE,CAMPECHE,CALLE,IZTACCIHUATL,46,NA,NA,NA,NA,NA,COLONIA,HIPODROMO,NA,NA,NA,06100,09,Ciudad de México,015,Cuauhtémoc,0001,Cuauhtémoc,1341,002,NA,NA,WWW.RESTAURANTACASTIZO,Fijo,19.40791157,-99.16974518,2024-11
11111154,09015722511020011000000000U5,CATRINA RESTAURANT,NA,722511,Restaurantes con servicio de preparación de alimentos a la carta o de comida corrida,0 a 5 personas,CALLE,MONTE DE PIEDAD,CALLE,5 DE MAYO,CALLE,FRANCISCO I. MADERO,CALLE,PALMA,5,NA,CENTRO JOYERO CATEDRAL,PISO 1,109,108,MANZANA,CENTRO,PASAJE Y ANDADOR COMERCIAL,CENTRO JOYERO CATEDRAL,108-109,06000,09,Ciudad de México,015,Cuauhtémoc,0001,Cuauhtémoc,0771,006,7298517179,NA,NA,Fijo,19.43380777,-99.13409582,2024-11
11275839,09015722412006131000000000U0,CAVA ROMA,NA,722412,"Bares, cantinas y similares",0 a 5 personas,CALLE,QUERETARO,EJE VIAL,3 PONIENTE (MEDELLIN),EJE VIAL,2 SUR (AVENIDA YUCATAN),CALLE,ZACATECAS,225,NA,MERCADO ROMA,PISO 1,33,NA,COLONIA,ROMA NORTE,CENTRO Y PLAZA COMERCIAL,MERCADO ROMA,33,06700,09,Ciudad de México,015,Cuauhtémoc,0001,Cuauhtémoc,1214,015,NA,NA,NA,Fijo,19.4140631,-99.16441382,2024-11
11032556,09015722511023913000000000U9,CELTICS PUB,Y VUPELE SA DE CV,722511,Restaurantes con servicio de preparación de alimentos a la carta o de comida corrida,11 a 30 personas,AVENIDA,TAMAULIPAS,CALLE,FERNANDO MONTES DE OCA,EJE VIAL,2 SUR (JUAN ESCUTIA),CALLE,TENANCINGO,37,NA,NA,NA,NA,NA,COLONIA,CONDESA,NA,NA,NA,06140,09,Ciudad de México,015,Cuauhtémoc,0001,Cuauhtémoc,1322,008,NA,OSCARMENDCES@CELTICSPUB.COMC,WWW.CELTICPUB.COM,Fijo,19.41298639,-99.17272554,2024-11
9581155,09015722511017371000000000U8,CENTLI RESTAURANT,NA,722511,Restaurantes con servicio de preparación de alimentos a la carta o de comida corrida,0 a 5 personas,CALLE,ARTICULO 123,CALLE,LUIS MOYA,CALLE,REVILLAGIGEDO,CALLE,VICTORIA,66,A 1,66,PLANTA BAJA,NA,NA,COLONIA,CENTRO,NA,NA,NA,06000,09,Ciudad de México,015,Cuauhtémoc,0001,Cuauhtémoc,0748,007,5545890146,CENTLI.RESTAURANT27@GMAIL.COM,NA,Fijo,19.43256317,-99.14564007,2024-11
9196613,09015722412005101000000000U4,CENTRAL FONK,NA,722412,"Bares, cantinas y similares",0 a 5 personas,CALLE,SAN JERONIMO,CALLE,CORREO MAYOR,AVENIDA,JOSE MARIA PINO SUAREZ,CALLE,REGINA,110,D,NA,NA,0,NA,COLONIA,CENTRO,NA,NA,NA,06090,09,Ciudad de México,015,Cuauhtémoc,0001,Cuauhtémoc,0907,013,NA,NA,NA,Fijo,19.42649074,-99.13250957,2019-11
9613710,09015722412005611000000000U2,CENTRICO GASTROMEX,CENTRO GASTROMEX SA DE CV,722412,"Bares, cantinas y similares",0 a 5 personas,PEATONAL,SAN JERONIMO,CALLE,5 DE FEBRERO,CALLE,ISABEL LA CATOLICA,CALLE,REGINA,96,NA,NA,NA,NA,D,COLONIA,CUAUHTEMOC,NA,NA,NA,06080,09,Ciudad de México,015,Cuauhtémoc,0001,Cuauhtémoc,0894,004,NA,NA,NA,Fijo,19.42705823,-99.13697815,2024-11
895230,09015722511001533000000000U1,CENTRO GALLEGO,CENTRO GALLEGO AC,722511,Restaurantes con servicio de preparación de alimentos a la carta o de comida corrida,0 a 5 personas,CALLE,COLIMA,CALLE,ORIZABA,CALLE,JALAPA,CALLE,TABASCO,194,B,NA,NA,0,NA,COLONIA,ROMA NORTE,NA,NA,NA,06700,09,Ciudad de México,015,Cuauhtémoc,0001,Cuauhtémoc,1002,013,NA,NA,NA,Fijo,19.41949596,-99.16126348,2014-12
11542171,09015722511018802000000000U1,CERROJO,NA,722511,Restaurantes con servicio de preparación de alimentos a la carta o de comida corrida,6 a 10 personas,CALLE,REPUBLICA DE CUBA,CALLE,CALLEJON DEL 57,CALLE,ALLENDE,CALLE,DONCELES,33,NA,NA,NA,NA,NA,CIUDAD,CIUDAD DE MEXICO,NA,NA,NA,06010,09,Ciudad de México,015,Cuauhtémoc,0001,Cuauhtémoc,0752,014,NA,NA,NA,Fijo,19.43737349,-99.13806007,2024-11
10868641,09015722412005921000000000U5,CERVECERIA,NA,722412,"Bares, cantinas y similares",0 a 5 personas,EJE VIAL,CENTRAL LAZARO CARDENAS,CALLE,VIZCAINAS,CALLE,MEAVE,CALLE,ALDACO,8082,NA,PLAZA MEAVE,PLANTA BAJA,NA,ISLA,COLONIA,CENTRO,CENTRO Y PLAZA COMERCIAL,PLAZA MEAVE,ISLA,06082,09,Ciudad de México,015,Cuauhtémoc,0001,Cuauhtémoc,088A,008,NA,NA,NA,Fijo,19.42942529,-99.14142656,2024-11
6697987,09015722412003583002000000U5,CERVECERIA,NA,722412,"Bares, cantinas y similares",0 a 5 personas,CALLE,QUERETARO,EJE VIAL,3 PONIENTE (MEDELLIN),EJE VIAL,2 SUR (AVENIDA YUCATAN),CALLE,ZACATECAS,225,NA,MERCADO ROMA,PISO 1,31,NA,COLONIA,ROMA NORTE,CENTRO Y PLAZA COMERCIAL,MERCADO ROMA,31,06700,09,Ciudad de México,015,Cuauhtémoc,0001,Cuauhtémoc,1214,015,NA,NA,NA,Fijo,19.4140631,-99.16441382,2016-01
7756185,09015722412004791000000000U3,CERVECERIA GALLO NEGRO,NA,722412,"Bares, cantinas y similares",0 a 5 personas,CALLE,FRAY PEDRO DE GANTE,CALLE,FRANCISCO I. MADERO,CALLE,16 DE SEPTIEMBRE,CALLE,BOLIVAR,12,C,NA,NA,0,NA,COLONIA,CENTRO,NA,NA,NA,06000,09,Ciudad de México,015,Cuauhtémoc,0001,Cuauhtémoc,0767,004,NA,NA,NA,Fijo,19.43319309,-99.13939998,2019-11
865164,09015722219028622000000000U1,CERVECERIA KANTINFLAS,NA,722412,"Bares, cantinas y similares",0 a 5 personas,CALLE,CAMELIA,CALLE,ZARCO,CALLE,HEROES,CALLE,SOL,175,NA,NA,NA,0,C,COLONIA,GUERRERO,NA,NA,NA,06300,09,Ciudad de México,015,Cuauhtémoc,0001,Cuauhtémoc,056A,014,5554019959,NA,NA,Fijo,19.44681318,-99.14526394,2010-07
870743,09015722412000681000000000U0,CERVECERIA LA PLAYA,NA,722412,"Bares, cantinas y similares",0 a 5 personas,CALLE,FRAY JUAN DE TORQUEMADA,CALLE,5 DE FEBRERO,CALZADA,SAN ANTONIO ABAD,CALLE,MANUEL CABALLERO,404,NA,NA,NA,0,NA,COLONIA,OBRERA,NA,NA,NA,06800,09,Ciudad de México,015,Cuauhtémoc,0001,Cuauhtémoc,1407,003,NA,NA,NA,Fijo,19.40848421,-99.13741173,2010-07
8625432,09015722511013761000000000S4,CERVECERIA METZ,OPERADORA DE JESUS SA DE CV,722511,Restaurantes con servicio de preparación de alimentos a la carta o de comida corrida,11 a 30 personas,CALLE,BELGRADO,AVENIDA,PASEO DE LA REFORMA,CALLE,ESTRASBURGO,CALLE,AMBERES,19,NA,NA,NA,NA,NA,COLONIA,JUAREZ,NA,NA,NA,06600,09,Ciudad de México,015,Cuauhtémoc,0001,Cuauhtémoc,0945,014,NA,MA.SANCHEZ.CONTABILIDSD@GMAIL.COM,NA,Fijo,19.42690071,-99.16542644,2019-11
8485122,09015722412004741000000000U8,CERVECERIA MICHELANDIA,NA,722412,"Bares, cantinas y similares",0 a 5 personas,CALLE,MATAMOROS,CALLE,TENOCHTITLAN,CALLE,TOLTECAS,CALLE,FRAY BARTOLOME DE LAS CASAS,164,31A,NA,NA,0,NA,COLONIA,MORELOS,NA,NA,NA,06200,09,Ciudad de México,015,Cuauhtémoc,0001,Cuauhtémoc,0343,007,NA,NA,NA,Fijo,19.44684778,-99.12820239,2019-11
1046441,09015722412000391000000000U6,CERVECERIA NIGHT AND BEER,NA,722412,"Bares, cantinas y similares",0 a 5 personas,CALLE,FRIEDRICH CHOPIN,CALLE,CLAUDE DEBUSSY,CALZADA,VALLEJO,CALLE,JUVENTINO ROSAS,220,C,NA,NA,0,NA,COLONIA,EXHIPODROMO PERALVILLO,NA,NA,NA,06250,09,Ciudad de México,015,Cuauhtémoc,0001,Cuauhtémoc,0080,001,NA,NA,NA,Fijo,19.46093137,-99.14036387,2010-07
11277241,09015722412005971000000000U0,CERVECERIA THE BEER BOX,NA,722412,"Bares, cantinas y similares",0 a 5 personas,EJE VIAL,1 NORTE JOSE ANTONIO ALZATE,CALLE,DOCTOR ATL,CALLE,DOCTOR ENRIQUE GONZALEZ MARTINEZ,CALLE,SALVADOR DIAZ MIRON,149,NA,NA,NA,NA,NA,COLONIA,SANTA MARIA LA RIBERA,NA,NA,NA,06400,09,Ciudad de México,015,Cuauhtémoc,0001,Cuauhtémoc,0485,004,NA,NA,NA,Fijo,19.44687412,-99.15612441,2024-11
874880,09015722219010701000000000U3,CERVECERIA TITAN,NA,722511,Restaurantes con servicio de preparación de alimentos a la carta o de comida corrida,0 a 5 personas,CALLE,FERNANDO RAMIREZ,EJE VIAL,CENTRAL (LAZARO CARDENAS),CALLE,BOLIVAR,CALLE,JUAN DE DIOS PEZA,150,H,NA,NA,NA,NA,COLONIA,OBRERA,NA,NA,NA,06800,09,Ciudad de México,015,Cuauhtémoc,0001,Cuauhtémoc,1248,009,NA,NA,NA,Fijo,19.41330053,-99.14383321,2010-07
956492,09015722412000901000000000U2,CERVECERIA VILLA DESARRIA,NA,722412,"Bares, cantinas y similares",6 a 10 personas,EJE VIAL,2 PONIENTE MONTERREY,CALLE,CAMPECHE,CALLE,NAYARIT,CALLE,TONALA,254,C,NA,NA,0,NA,COLONIA,ROMA SUR,NA,NA,NA,06760,09,Ciudad de México,015,Cuauhtémoc,0001,Cuauhtémoc,1375,001,5534976604,CERVESERIA_LAVIADESARRIIA@HOTMAIL.COM,NA,Fijo,19.41016275,-99.1621686,2010-07
892406,09015722412001091000000000U1,CERVECERIA VISCAYA,NA,722412,"Bares, cantinas y similares",0 a 5 personas,EJE VIAL,1 PONIENTE AVENIDA BUCARELI,CALLE,TOLSA,CALLE,GENERAL PRIM,CALLE,TRES GUERRAS,128,NA,NA,NA,NA,E,COLONIA,CENTRO,NA,NA,NA,06040,09,Ciudad de México,015,Cuauhtémoc,0001,Cuauhtémoc,0860,006,NA,NA,NA,Fijo,19.42882521,-99.15238478,2010-07
877187,09015722412001302000000000U2,CERVECERIA ZACATECAS,NA,722412,"Bares, cantinas y similares",6 a 10 personas,CALLE,NOGAL,CALLE,SALVADOR DIAZ MIRON,CALLE,SEGUNDA CERRADA DE LA QUINTA DE NOGAL,CIRCUITO,INTERIOR (INSTITUTO TECNICO INDUSTRIAL),164,NA,NA,NA,0,NA,COLONIA,SANTA MARIA RIVERA,NA,NA,NA,06400,09,Ciudad de México,015,Cuauhtémoc,0001,Cuauhtémoc,0555,017,NA,NA,WWW.PIERROT.COM.MX,Fijo,19.44970558,-99.16359806,2010-07
11568830,09015722412005521000000000U3,CERVEZA ARTESANAL XOLOTL,NA,722412,"Bares, cantinas y similares",0 a 5 personas,CALLE,ALLENDE,CALLE,BELISARIO DOMINGUEZ,CALLE,REPUBLICA DE CUBA,CALLE,CALLEJON DEL 57,24,NA,PLAZA ALLENDE,PISO 1,NA,103 Y 104,COLONIA,CENTRO,CENTRO Y PLAZA COMERCIAL,PLAZA ALLENDE,103,06010,09,Ciudad de México,015,Cuauhtémoc,0001,Cuauhtémoc,0644,020,5523327797,CERVECERIAXOLOTL@GMAIL.COM,NA,Fijo,19.43782862,-99.13776209,2024-11
899841,09015722511000942001000000U5,CEVICHEANDO,NA,722511,Restaurantes con servicio de preparación de alimentos a la carta o de comida corrida,11 a 30 personas,AVENIDA,INSURGENTES SUR,EJE VIAL,4 SUR (TEHUANTEPEC),CALLE,BAJIO,EJE VIAL,4 SUR (CHILPANCINGO),516,NA,NA,NA,2,NA,COLONIA,ROMA SUR,NA,NA,NA,06760,09,Ciudad de México,015,Cuauhtémoc,0001,Cuauhtémoc,1445,001,5545492100,NA,NA,Fijo,19.40299181,-99.16935988,2014-12
10371828,09015722511017751000000000U1,CHAMA VEGANO,NA,722511,Restaurantes con servicio de preparación de alimentos a la carta o de comida corrida,0 a 5 personas,CALLE,RAMON FABIE,CALLE,JUAN HERNANDEZ Y DAVALOS,CALLE,SUR 88-A,CALLE,JOSE MARIA CORREA,197,NA,NA,NA,NA,NA,COLONIA,RAMON FABE,NA,NA,NA,06850,09,Ciudad de México,015,Cuauhtémoc,0001,Cuauhtémoc,1500,010,5572419542,NA,NA,Fijo,19.40494914,-99.13280067,2024-11
9904731,09015722511024221000054422S6,CHANG HING,GRUPO CHANG HING SA DE CV,722511,Restaurantes con servicio de preparación de alimentos a la carta o de comida corrida,0 a 5 personas,AVENIDA,JUAREZ,CALLE,AZUETA,AVENIDA,BALDERAS,CALLE,INDEPENDENCIA,76,NA,PARQUE ALAMEDA,CORREDOR,NA,NA,COLONIA,CENTRO,CENTRO Y PLAZA COMERCIAL,PARQUE ALAMEDA,B,06010,09,Ciudad de México,015,Cuauhtémoc,0001,Cuauhtémoc,0748,026,5534945913,CHRISTFERREYES927@GMAIL.COM,NA,Fijo,19.43500224,-99.14671647,2024-11
7743529,09015722412004331000000000U8,CHANOS BAR,NA,722412,"Bares, cantinas y similares",0 a 5 personas,CALLE,CEDRO,CALLE,SOR JUANA INES DE LA CRUZ,CALLEJON,CALLEJON DEL CEDRO,CALLE,FRESNO,107,C,NA,NA,0,NA,COLONIA,SANTA MARIA LA RIBERA,NA,NA,NA,06400,09,Ciudad de México,015,Cuauhtémoc,0001,Cuauhtémoc,0555,004,NA,NA,NA,Fijo,19.44656353,-99.16272993,2019-11
10379469,09015722412005901000000000U7,CHAPATA IL BUONO,NA,722412,"Bares, cantinas y similares",0 a 5 personas,CALLE,ISABEL LA CATOLICA,CALLE,JUAN HERNANDEZ Y DAVALOS,EJE VIAL,3 SUR (JOSE PEON CONTRERAS),CALLE,BERNARDO COUTO,454,NA,ISABEL LA CATOLICA,PLANTA BAJA,NA,NA,COLONIA,ALGARIN,MERCADO PUBLICO,ISABEL LA CATOLICA,36,06880,09,Ciudad de México,015,Cuauhtémoc,0001,Cuauhtémoc,1498,010,5533184750,NA,NA,Fijo,19.40704271,-99.13952441,2024-11
10138605,09015722511020452000000000U1,CHAPATAS,NA,722511,Restaurantes con servicio de preparación de alimentos a la carta o de comida corrida,6 a 10 personas,CIRCUITO,INTERIOR JOSE VASCONCELOS,CALLE,AGUSTIN MELGAR,CALLE,JUAN DE LA BARRERA,CALLE,ZAMORA,48,B,NA,NA,NA,NA,COLONIA,CONDESA,NA,NA,NA,06140,09,Ciudad de México,015,Cuauhtémoc,0001,Cuauhtémoc,1178,010,NA,NA,NA,Fijo,19.41849231,-99.17781786,2024-11
11174242,09015722412006302000000000U7,CHECKIN BAR,NA,722412,"Bares, cantinas y similares",6 a 10 personas,AVENIDA,INSURGENTES SUR,CALLE,HUATUSCO,CALLE,NOGALES,EJE VIAL,4 SUR (CHILPANCINGO),540,NA,CONGLOMERADO SIN NOMBRE,PLANTA BAJA,NA,NA,COLONIA,ROMA SUR,EDIFICIO COMERCIAL Y DE SERVICIOS,OTRO CONGLOMERADO SIN NOMBRE,1,06760,09,Ciudad de México,015,Cuauhtémoc,0001,Cuauhtémoc,1445,009,NA,CARLOS.MONTES@BESTOCK.MZX,NA,Fijo,19.40130785,-99.16989353,2024-11
8625657,09015722412004701000000000U2,CHEER PUB CAFE,NA,722511,Restaurantes con servicio de preparación de alimentos a la carta o de comida corrida,6 a 10 personas,EJE VIAL,1 PONIENTE AVENIDA CUAUHTEMOC,CALLE,REAL DE ROMITA,CALLE,PUEBLA,CALLE,GUAYMAS,43,NA,NA,NA,NA,NA,COLONIA,ROMS,NA,NA,NA,06700,09,Ciudad de México,015,Cuauhtémoc,0001,Cuauhtémoc,1017,015,NA,NA,WWW.CHEERSPUB.MX,Fijo,19.42358242,-99.1540293,2019-11
10771265,09015722412006512000000000U1,CHELAS RING,NA,722412,"Bares, cantinas y similares",6 a 10 personas,EJE VIAL,CENTRAL LAZARO CARDENAS,AVENIDA,PASEO DE LA REFORMA,CALLE,JAIME NUNO,EJE VIAL,CENTRAL (LAZARO CARDENAS),155,NA,NA,NA,NA,NA,COLONIA,GUERRERO,NA,NA,NA,06300,09,Ciudad de México,015,Cuauhtémoc,0001,Cuauhtémoc,0521,010,NA,NA,NA,Fijo,19.44501132,-99.13904857,2024-11
7744534,09015722412004441000000000U5,CHELERIA CARRANZA,NA,722412,"Bares, cantinas y similares",0 a 5 personas,CALLE,JESUS CARRANZA,CALLE,FRAY BARTOLOME DE LAS CASAS,EJE VIAL,1 NORTE (IGNACIO LOPEZ RAYON)(HEROES DE GRANADITAS),CALLE,TENOCHTITLAN,43,NA,NA,NA,NA,NA,COLONIA,MORELOS,NA,NA,NA,06200,09,Ciudad de México,015,Cuauhtémoc,0001,Cuauhtémoc,0343,013,NA,NA,NA,Fijo,19.44590943,-99.13044758,2019-11
9592769,09015722412006191000000000U4,CHELERIA LA CLANDESTINA,NA,722412,"Bares, cantinas y similares",0 a 5 personas,CALLE,FLORIDA,CALLE,CARIDAD,EJE VIAL,1 NORTE (IGNACIO LOPEZ RAYON)(HEROES DE GRANADITAS),CALLE,AZTECAS,68,A,NA,NA,NA,NA,COLONIA,MORELOS,NA,NA,NA,06200,09,Ciudad de México,015,Cuauhtémoc,0001,Cuauhtémoc,0358,009,NA,NA,NA,Fijo,19.44504287,-99.12729768,2024-11
11568678,09015722511019693000000000U3,CHICAMA RESTAURANTE,CHICAMA  SA DE CV,722511,Restaurantes con servicio de preparación de alimentos a la carta o de comida corrida,11 a 30 personas,AVENIDA,ALVARO OBREGON,CALLE,JALAPA,CALLE,ORIZABA,CALLE,CHIHUAHUA,130,NA,NA,NA,NA,NA,COLONIA,ROMA NORTE,NA,NA,NA,06700,09,Ciudad de México,015,Cuauhtémoc,0001,Cuauhtémoc,1106,010,NA,NA,NA,Fijo,19.41783912,-99.1608587,2024-11
11170322,09015722412005691000000000U4,CHICKEN AND CHELAS,NA,722412,"Bares, cantinas y similares",0 a 5 personas,EJE VIAL,1 PONIENTE AVENIDA CUAUHTEMOC,CALLE,DOCTOR J. NAVARRO,CALLE,DOCTOR ILDELFONSO VELASCO,CALLE,DOCTOR MANUEL CARMONA Y VALLE,96,NA,CUAUHTEMOC 96,PLANTA BAJA,NA,NA,COLONIA,DOCTORES,EDIFICIO COMERCIAL Y DE SERVICIOS,CUAUHTEMOC 96,3,06720,09,Ciudad de México,015,Cuauhtémoc,0001,Cuauhtémoc,1549,046,NA,NA,NA,Fijo,19.42085308,-99.15393386,2024-11
11071269,09015722412006101000000000U3,CHICKEN Y CHELAS,NA,722412,"Bares, cantinas y similares",0 a 5 personas,CALLE,BOLIVAR,CALLE,FERNANDO RAMIREZ,CALLE,JUAN DE DIOS PEZA,CALLE,ISABEL LA CATOLICA,340,NA,NA,NA,NA,NA,COLONIA,OBRERA,NA,NA,NA,06800,09,Ciudad de México,015,Cuauhtémoc,0001,Cuauhtémoc,1252,009,NA,NA,NA,Fijo,19.41324743,-99.14129729,2024-11
863054,09015722219022421001000000U4,CHICO JULIO,NA,722511,Restaurantes con servicio de preparación de alimentos a la carta o de comida corrida,6 a 10 personas,CALLE,JALAPA,CALLE,CHIHUAHUA,CALLE,GUANAJUATO,CALLE,ORIZABA,126,NA,NA,NA,NA,NA,COLONIA,ROMA NORTE,NA,NA,NA,06700,09,Ciudad de México,015,Cuauhtémoc,0001,Cuauhtémoc,1106,011,NA,FACTURACIONCHICOJULIO@GMAIL.COM,NA,Fijo,19.41694172,-99.16079758,2010-07
10929621,09015722511018381000000000U6,CHIDA LA AREPA,CHIDA LA AREPA SA DE CV,722511,Restaurantes con servicio de preparación de alimentos a la carta o de comida corrida,0 a 5 personas,CALLE,YAUTEPEC,CALLE,ALFONSO REYES,AVENIDA,CAMPECHE,CALLE,CUAUTLA,126,NA,NA,NA,0,NA,COLONIA,CONDESA,NA,NA,NA,06170,09,Ciudad de México,015,Cuauhtémoc,0001,Cuauhtémoc,1318,019,NA,AREPACHIDA@GMAIL.COM,NA,Fijo,19.41109428,-99.17807743,2024-11
11667587,09015722511018711000000000U4,CHIHUAHUA GRILL,NA,722511,Restaurantes con servicio de preparación de alimentos a la carta o de comida corrida,0 a 5 personas,PEATONAL,PLAZA GARIBALDI,EJE VIAL,CENTRAL (LAZARO CARDENAS),CALLE,SAN CAMILITO,CALLE,REPUBLICA DE ECUADOR,4,NA,MERCADO DE SAN CAMILITO,PLANTA BAJA,NA,NA,COLONIA,CENTRO,MERCADO PUBLICO,MERCADO DE SAN CAMILITO,62,06010,09,Ciudad de México,015,Cuauhtémoc,0001,Cuauhtémoc,0536,014,5532484737,NA,NA,Fijo,19.44093651,-99.13913156,2024-11
8392474,09015722518005621000000000U5,CHILAQUILES IRE,NA,722511,Restaurantes con servicio de preparación de alimentos a la carta o de comida corrida,0 a 5 personas,CALLE,JUAN A MATEOS,CALLE,BOLIVAR,CALLE,ISABEL LA CATOLICA,CALLE,RAFAEL DELGADO,47,NA,NA,NA,0,NA,COLONIA,OBRERA,NA,NA,NA,06800,09,Ciudad de México,015,Cuauhtémoc,0001,Cuauhtémoc,1252,002,NA,NA,NA,Fijo,19.4105933,-99.14147891,2019-11
10235672,09015722511021081000000000U7,CHILES VERDES,NA,722511,Restaurantes con servicio de preparación de alimentos a la carta o de comida corrida,0 a 5 personas,CALLE,5 DE FEBRERO,CALLE,NEZAHUALCOYOTL,AVENIDA,JOSE MARIA IZAZAGA,CALLE,ISABEL LA CATOLICA,95,NA,PLAZA DIAMANTE,PLANTA BAJA,9,NA,COLONIA,CENTRO,CENTRO Y PLAZA COMERCIAL,PLAZA DIAMANTE,4,06010,09,Ciudad de México,015,Cuauhtémoc,0001,Cuauhtémoc,0964,002,5518102365,CHILES.VERDES@GMAIL.COM,NA,Fijo,19.42526988,-99.13545148,2024-11
6414458,31050722110002564001003750M5,CHILIS,LAS NUEVAS DELICIAS GASTRONOMICAS S DE RL DE CV,722511,Restaurantes con servicio de preparación de alimentos a la carta o de comida corrida,0 a 5 personas,CALLE,HAVRE,AVENIDA,PASEO DE LA REFORMA,CALLE,HAMBURGO,CALLE,NÁPOLES,30,NA,NA,NA,NA,NA,COLONIA,JUAREZ,NA,NA,NA,NA,09,Ciudad de México,015,Cuauhtémoc,0001,Cuauhtémoc,0803,008,NA,KDELGADO@CMR.MX,WWW.CHILISS.COM.MX,Fijo,19.42782009,-99.1617804,2010-07
9186010,09015722511016113000000000U5,CHILPA,NA,722511,Restaurantes con servicio de preparación de alimentos a la carta o de comida corrida,11 a 30 personas,CALLE,CHILPANCINGO,CALLE,AGUASCALIENTES,CALLE,CAMPECHE,CALLE,CULIACAN,35,NA,NA,NA,2,NA,COLONIA,HIPODROMO,NA,NA,NA,06100,09,Ciudad de México,015,Cuauhtémoc,0001,Cuauhtémoc,1341,001,NA,COTACTO@CHILPA.MX,WWW.CHILPA.MX,Fijo,19.40841633,-99.16999663,2019-11
1029480,09015722219025622001000000U4,CHITOS FONDA MEXICANA,NA,722511,Restaurantes con servicio de preparación de alimentos a la carta o de comida corrida,6 a 10 personas,CALLE,COLIMA,CALLE,COZUMEL,EJE VIAL,3 PONIENTE (SALAMANCA),CALLE,CERRADA SALAMANCA,389,NA,NA,NA,NA,NA,COLONIA,LA ROMA,NA,NA,NA,06700,09,Ciudad de México,015,Cuauhtémoc,0001,Cuauhtémoc,1093,013,NA,BELEMMELGAREJO@LIVE.COM,NA,Fijo,19.4175435,-99.17044581,2010-07
8616348,09015722511014323000000000U2,CHOCOLATE MAYORDOMO DE OAXACA,CHOCOLATE MAYORDOMO DE OAXACA SA DE CV,722511,Restaurantes con servicio de preparación de alimentos a la carta o de comida corrida,0 a 5 personas,CALLE,ISABEL LA CATOLICA,PEATONAL,SAN JERONIMO,CALLE,REGINA,CALLE,5 DE FEBRERO,96,NA,NA,NA,0,NA,COLONIA,CUAUHTEMOC,NA,NA,NA,06080,09,Ciudad de México,015,Cuauhtémoc,0001,Cuauhtémoc,0894,004,NA,CHOCOLATEMAYORDOMO@GMAIL.COM,WWW.CHOCOLATEMAYORDOMO.COM.MX,Fijo,19.42720597,-99.13715656,2019-11
8326254,09015722412004511000000000U5,CHOPPERIA DE SINALOA,NA,722412,"Bares, cantinas y similares",0 a 5 personas,CALLE,BELGRADO,AVENIDA,PASEO DE LA REFORMA,CALLE,ESTRASBURGO,CALLE,AMBERES,19,NA,NA,NA,0,NA,COLONIA,JUAREZ,NA,NA,NA,06600,09,Ciudad de México,015,Cuauhtémoc,0001,Cuauhtémoc,0945,014,NA,NA,NA,Fijo,19.42690071,-99.16542644,2019-11
10544302,09015722511022591000000000U4,CHORIPA BODEGON ARGENTINO,NA,722511,Restaurantes con servicio de preparación de alimentos a la carta o de comida corrida,0 a 5 personas,CALLE,ZACATECAS,CALLE,TONALA,CALLE,JALAPA,CALLE,GUANAJUATO,143,NA,NA,NA,NA,NA,COLONIA,ROMA NORTE,NA,NA,NA,06700,09,Ciudad de México,015,Cuauhtémoc,0001,Cuauhtémoc,1106,003,5579399779,NA,NA,Fijo,19.4155639,-99.16122172,2024-11
10075315,09015722511017331000000000U2,CHUAN BAI WEI,NA,722511,Restaurantes con servicio de preparación de alimentos a la carta o de comida corrida,0 a 5 personas,CALLE,HAMBURGO,CALLE,PRAGA,CALLE,BIARRITZ,CALLE,LONDRES,234,NA,NA,NA,0,NA,COLONIA,JUAREZ,NA,NA,NA,06600,09,Ciudad de México,015,Cuauhtémoc,0001,Cuauhtémoc,0983,002,NA,NA,NA,Fijo,19.42373844,-99.16976459,2024-11
6799991,09015722412003731001000000U0,CIGARPOINT,BAR EL FESTIVALITO SA DE CV,722412,"Bares, cantinas y similares",0 a 5 personas,CALLE,QUERETARO,EJE VIAL,3 PONIENTE (MEDELLIN),EJE VIAL,2 SUR (AVENIDA YUCATAN),CALLE,ZACATECAS,225,NA,MERCADO ROMA,PLANTA BAJA,NA,R5,COLONIA,ROMA NORTE,CENTRO Y PLAZA COMERCIAL,MERCADO ROMA,R5,06700,09,Ciudad de México,015,Cuauhtémoc,0001,Cuauhtémoc,1214,015,NA,NA,NA,Fijo,19.4140631,-99.16441382,2017-11
10290078,09015722511024303000000000U2,CIN 4 44,NA,722511,Restaurantes con servicio de preparación de alimentos a la carta o de comida corrida,11 a 30 personas,CALLE,HAMBURGO,CALLE,BURDEOS,AVENIDA,LIEJA,AVENIDA,CHAPULTEPEC,328,NA,NA,NA,NA,NA,COLONIA,SIN 444,NA,NA,NA,06600,09,Ciudad de México,015,Cuauhtémoc,0001,Cuauhtémoc,0983,008,NA,NA,WWW.CIN_4.44.COM,Fijo,19.4217983,-99.17386141,2024-11
894411,09015722110006064000000000U3,CIRCULO DEL SURESTE,CIRCULO DEL SURESTE SA DE CV,722511,Restaurantes con servicio de preparación de alimentos a la carta o de comida corrida,11 a 30 personas,CALLE,LUCERNA,CALLE,ABRAHAM GONZALEZ,EJE VIAL,1 PONIENTE (AVENIDA BUCARELI),CALLE,BARCELONA,12,NA,NA,NA,NA,NA,COLONIA,JUAREZ,NA,NA,NA,06600,09,Ciudad de México,015,Cuauhtémoc,0001,Cuauhtémoc,0856,012,NA,NA,NA,Fijo,19.42874085,-99.15317126,2010-07
8859714,09015812410012031000000000U9,CLAROOSCURO,NA,722511,Restaurantes con servicio de preparación de alimentos a la carta o de comida corrida,0 a 5 personas,CALLE,ELIGIO ANCONA,CALLE,EUCALIPTO,AVENIDA,INSURGENTES NORTE,CALLE,BUGAMBILIA,33,NA,NA,NA,0,NA,COLONIA,SANTA MARIA LA RIBERA,NA,NA,NA,06400,09,Ciudad de México,015,Cuauhtémoc,0001,Cuauhtémoc,0470,014,NA,NA,NA,Fijo,19.45180066,-99.15261093,2019-11
10400061,09015722511018851000000000S8,CLAUDIA PALACIOS ZAGOYA,NA,722511,Restaurantes con servicio de preparación de alimentos a la carta o de comida corrida,0 a 5 personas,AVENIDA,JOSE MARIA PINO SUAREZ,CALLE,REPUBLICA DEL SALVADOR,CALLE,CALLEJON PARQUE DEL CARMEN,AVENIDA,JOSE MARIA PINO SUAREZ,125,NA,L 16,PLANTA BAJA,NA,L. 16,COLONIA,CENTRO,CENTRO Y PLAZA COMERCIAL,OAXACA LA PAJA,3,06010,09,Ciudad de México,015,Cuauhtémoc,0001,Cuauhtémoc,0907,014,NA,NA,NA,Fijo,19.42897452,-99.13249011,2024-11
9429569,09015722511016855000000000U1,CLUB 51,CLUB DE NEGOCIOS GSFA SA DE CV,722511,Restaurantes con servicio de preparación de alimentos a la carta o de comida corrida,31 a 50 personas,AVENIDA,PASEO DE LA REFORMA,CALLE,RIO ELBA,CALLE,RIO RODANO,CALLE,RIO ATOYAC,505,NA,NA,NA,51,NA,COLONIA,CUAUHTEMOC,NA,NA,NA,06500,09,Ciudad de México,015,Cuauhtémoc,0001,Cuauhtémoc,0930,014,NA,CONTABILIDAD@CLUB51.MX,WWW.CLUB51.MX,Fijo,19.42392891,-99.17517548,2023-11
10303749,09015722511022953000000000U6,CLUB DEL PATIO ROMA,GRUPO SAIFOR SAPI DE CV,722511,Restaurantes con servicio de preparación de alimentos a la carta o de comida corrida,11 a 30 personas,CALLE,CHIAPAS,EJE VIAL,1 PONIENTE (AVENIDA CUAUHTEMOC),CALLE,MERIDA,CALLE,COAHUILA,18,16,NA,NA,NA,NA,COLONIA,ROMA NORTE,NA,NA,NA,06700,09,Ciudad de México,015,Cuauhtémoc,0001,Cuauhtémoc,1110,020,NA,PATIOROMA@CLUBDELPATIO.COM,WWW.PATIOROMA.COM,Fijo,19.41367686,-99.15545583,2024-11
9975404,09015722511021601000000000U2,CLUB XXXI,NA,722511,Restaurantes con servicio de preparación de alimentos a la carta o de comida corrida,0 a 5 personas,CALLE,AMBERES,AVENIDA,PASEO DE LA REFORMA,CALLE,ESTRASBURGO,CALLE,BELGRADO,31,NA,NA,NA,NA,NA,COLONIA,JUAREZ,NA,NA,NA,06600,09,Ciudad de México,015,Cuauhtémoc,0001,Cuauhtémoc,0945,014,5514064016,FACTURAS.HOMEXXXI@GMAIL.COM.MX,NA,Fijo,19.42659547,-99.16576449,2024-11
10386230,09015722511022721000000000U7,COCINA,NA,722511,Restaurantes con servicio de preparación de alimentos a la carta o de comida corrida,0 a 5 personas,CALLE,DEBUSSY,CALLE,FRANZ LISZT,CALLE,FRANZ SCHUBERT,CALLE,ERNESTO ELORDUY,50,NA,MERCADO 22 SAN JOAQUIN ZONA,PLANTA BAJA,327,NA,COLONIA,PERALVILLO,MERCADO PUBLICO,MERCADO 22 SAN JOAQUIN ZONA,327,06220,09,Ciudad de México,015,Cuauhtémoc,0001,Cuauhtémoc,0080,018,NA,NA,NA,Fijo,19.46262382,-99.13878243,2024-11
1045498,09015722212005651000000000U2,COCINA 4,NA,722511,Restaurantes con servicio de preparación de alimentos a la carta o de comida corrida,0 a 5 personas,CALLE,FRESNO,CALLE,ELIGIO ANCONA,CALLE,MANUEL CARPIO,CALLE,SABINO,230,NA,MERCADO LA DALIA,PLANTA BAJA,410,NA,COLONIA,SANTA MARIA LA RIVERA,MERCADO PUBLICO,MERCADO LA DALIA,410,06400,09,Ciudad de México,015,Cuauhtémoc,0001,Cuauhtémoc,0466,002,NA,NA,NA,Fijo,19.45209401,-99.16044664,2010-07
8625371,09015722511013721000000000U8,COCINA ALI,NA,722511,Restaurantes con servicio de preparación de alimentos a la carta o de comida corrida,0 a 5 personas,CALLE,LONDRES,EJE VIAL,2 PONIENTE (FLORENCIA),CALLE,AMBERES,CALLE,LIVERPOOL,154,NA,MERCADO INSURGENTES,PLANTA BAJA,96,NA,COLONIA,JUAREZ,MERCADO PUBLICO,MERCADO INSURGENTES,96,06600,09,Ciudad de México,015,Cuauhtémoc,0001,Cuauhtémoc,095A,006,NA,NA,NA,Fijo,19.42457883,-99.16561745,2019-11
1021798,09015722212009501000000000U5,COCINA ALVAREZ,NA,722511,Restaurantes con servicio de preparación de alimentos a la carta o de comida corrida,0 a 5 personas,CALLE,RIO LERMA,CALLE,RIO TIGRIS,CALLE,RIO DANUBIO,CALLE,RIO PANUCO,113,NA,MERCADO 98 CUAUHTEMOC,PLANTA BAJA,0,70 Y 71,COLONIA,CUAUHTEMOC,MERCADO PUBLICO,MERCADO 98 CUAUHTEMOC,70 Y 71,06500,09,Ciudad de México,015,Cuauhtémoc,0001,Cuauhtémoc,0822,013,NA,NA,NA,Fijo,19.42956592,-99.16675523,2010-07
894938,09015465915001711010000000U7,COCINA BO,NA,722511,Restaurantes con servicio de preparación de alimentos a la carta o de comida corrida,0 a 5 personas,CALLE,LONDRES,EJE VIAL,2 PONIENTE (FLORENCIA),CALLE,AMBERES,CALLE,LIVERPOOL,154,NA,MERCADO INSURGENTES,PLANTA BAJA,210,NA,COLONIA,JUAREZ,MERCADO PUBLICO,MERCADO INSURGENTES,210,06600,09,Ciudad de México,015,Cuauhtémoc,0001,Cuauhtémoc,095A,006,NA,NA,NA,Fijo,19.42457883,-99.16561745,2014-12
893686,09015722511006981000000000U7,COCINA BUTCHER,NA,722511,Restaurantes con servicio de preparación de alimentos a la carta o de comida corrida,6 a 10 personas,CALLE,DOCTOR ENRIQUE GONZALEZ MARTINEZ,EJE VIAL,1 NORTE (JOSE ANTONIO ALZATE),PRIVADA,MARTINEZ,CALLE,DOCTOR MARIANO AZUELA,115,NA,NA,NA,NA,NA,COLONIA,SANTA MARIA LA RIBERA,NA,NA,NA,06400,09,Ciudad de México,015,Cuauhtémoc,0001,Cuauhtémoc,0485,018,NA,BUTCHER.23.12.20@GMAIL.COM,NA,Fijo,19.44654524,-99.15550497,2014-12
10151395,09015722511023071000000000U6,COCINA CLARITA,NA,722511,Restaurantes con servicio de preparación de alimentos a la carta o de comida corrida,0 a 5 personas,CALLE,SAN MIGUEL,CALLE,CALLEJON HORMIGUERO,AVENIDA,JOSE MARIA IZAZAGA,CALLE,ESCUELA MEDICO MILITAR,0,SN,MERCADO SAN LUCAS,PLANTA BAJA,5,NA,COLONIA,CENTRO,MERCADO PUBLICO,MERCADO SAN LUCAS,5 Y 6,06010,09,Ciudad de México,015,Cuauhtémoc,0001,Cuauhtémoc,0979,007,NA,NA,NA,Fijo,19.42488747,-99.13148497,2024-11
10767033,09015722511019911000000000U9,COCINA COMEDOR SIN NOMBRE,NA,722511,Restaurantes con servicio de preparación de alimentos a la carta o de comida corrida,0 a 5 personas,CALLE,TURIN,CALLE,ABRAHAM GONZALEZ,EJE VIAL,1 PONIENTE (AVENIDA BUCARELI),AVENIDA,CHAPULTEPEC,8,NA,MERCADO JUAREZ,PLANTA BAJA,97,98,COLONIA,JUAREZ,MERCADO PUBLICO,MERCADO JUAREZ,97 98 99,06600,09,Ciudad de México,015,Cuauhtémoc,0001,Cuauhtémoc,0856,019,NA,NA,NA,Fijo,19.42649305,-99.15480196,2024-11
8529095,09015722511011671000000000U7,COCINA CONTRERAS,NA,722511,Restaurantes con servicio de preparación de alimentos a la carta o de comida corrida,0 a 5 personas,AVENIDA,ARCOS DE BELEN,EJE VIAL,CENTRAL (LAZARO CARDENAS),CALLE,LOPEZ,CALLE,DELICIAS,78,NA,MERCADO SAN JUAN ARCOS DE BELEN,PLANTA BAJA,354,NA,COLONIA,CENTRO,MERCADO PUBLICO,MERCADO SAN JUAN ARCOS DE BELEN,354,06070,09,Ciudad de México,015,Cuauhtémoc,0001,Cuauhtémoc,0875,027,NA,NA,NA,Fijo,19.42694266,-99.14280693,2019-11
1058290,09015722219027632000000000U1,COCINA CRISTAL,NA,722511,Restaurantes con servicio de preparación de alimentos a la carta o de comida corrida,0 a 5 personas,CALLE,TOLTECAS,CALLE,LA RINCONADA,PRIVADA,MATAMOROS,CALLE,GONZALEZ ORTEGA,14,NA,MERCADO 14 DE ZONA,PLANTA BAJA,440,NA,COLONIA,TEPITO MORELOS,MERCADO PUBLICO,MERCADO 14 DE ZONA,440,06200,09,Ciudad de México,015,Cuauhtémoc,0001,Cuauhtémoc,0358,003,NA,NA,NA,Fijo,19.44657311,-99.12773536,2010-07
1011729,09015722219016961001000000U7,COCINA CRISTINA,NA,722511,Restaurantes con servicio de preparación de alimentos a la carta o de comida corrida,0 a 5 personas,AVENIDA,RIBERA DE SAN COSME,CALLE,GABINO BARREDA,CALLE,IGNACIO MANUEL ALTAMIRANO,CALLE,JOAQUIN GARCIA ICAZBALCETA,6,NA,SAN COSME,PLANTA BAJA,146,NA,COLONIA,SAN RAFAEL,MERCADO PUBLICO,SAN COSME,"146, 147 Y 148",07460,09,Ciudad de México,015,Cuauhtémoc,0001,Cuauhtémoc,0682,013,NA,NA,NA,Fijo,19.44227418,-99.16214177,2010-07
1016947,09015722212016621000000000U2,COCINA DIANA,NA,722511,Restaurantes con servicio de preparación de alimentos a la carta o de comida corrida,0 a 5 personas,CALLE,EZEQUIEL MONTES,CALLE,AVENIDA DE LA REPUBLICA,CALLE,TOMAS ALVA EDISON,CALLE,AVENIDA DE LA REPUBLICA,64,D,NA,NA,0,C,COLONIA,TABACALERA,NA,NA,NA,06030,09,Ciudad de México,015,Cuauhtémoc,0001,Cuauhtémoc,070A,001,5555665037,NA,NA,Fijo,19.43727478,-99.15599635,2010-07
1020199,09015722219004341000000000U6,COCINA DON GOYO,NA,722511,Restaurantes con servicio de preparación de alimentos a la carta o de comida corrida,0 a 5 personas,CALZADA,MANUEL VILLALONGIN,AVENIDA,RIO RHIN,CALLE,RIO NAZAS,CALZADA,MANUEL VILLALONGIN,4,F,NA,NA,0,NA,COLONIA,RENACIMIENTO,NA,NA,NA,06500,09,Ciudad de México,015,Cuauhtémoc,0001,Cuauhtémoc,0790,001,5557054239,NA,NA,Fijo,19.43354982,-99.16608779,2010-07
1042729,09015722219003381000000000U3,COCINA DOÑA CHOLE,NA,722511,Restaurantes con servicio de preparación de alimentos a la carta o de comida corrida,0 a 5 personas,CALLE,TURIN,CALLE,ABRAHAM GONZALEZ,EJE VIAL,1 PONIENTE (AVENIDA BUCARELI),AVENIDA,CHAPULTEPEC,8,NA,MERCADO JUAREZ,PLANTA BAJA,218,NA,COLONIA,JUAREZ,MERCADO PUBLICO,MERCADO JUAREZ,218 219 Y 220,06600,09,Ciudad de México,015,Cuauhtémoc,0001,Cuauhtémoc,0856,019,NA,NA,NA,Fijo,19.42649305,-99.15480196,2010-07
971069,09015722219013951000000000U1,COCINA DOÑA LUCHA,NA,722511,Restaurantes con servicio de preparación de alimentos a la carta o de comida corrida,0 a 5 personas,CALLE,REPUBLICA DE VENEZUELA,CALLE,CALLE DEL CARMEN,CALLE,RODRIGUEZ PUEBLA,CALLE,CALLEJON DE GIRON,72,NA,MERCADO ABELARDO RODRIGUEZ,PLANTA BAJA,40,NA,COLONIA,CENTRO,MERCADO PUBLICO,MERCADO ABELARDO RODRIGUEZ,L 40 Y 62,06020,09,Ciudad de México,015,Cuauhtémoc,0001,Cuauhtémoc,0663,017,5517528997,NA,NA,Fijo,19.4369476,-99.1278763,2010-07
9826550,09015722511023951000000000U9,COCINA ECONOMICA,NA,722511,Restaurantes con servicio de preparación de alimentos a la carta o de comida corrida,0 a 5 personas,EJE VIAL,1 NORTE IGNACIO LOPEZ RAYON,CALLE,COMONFORT,CALLE,PALMA NORTE,CALLE,LIBERTAD,33,NA,MERCADO 2 LAGUNILLA ZONA,PLANTA BAJA,565,NA,COLONIA,MORELOS,MERCADO PUBLICO,MERCADO 2 LAGUNILLA ZONA,565,06200,09,Ciudad de México,015,Cuauhtémoc,0001,Cuauhtémoc,0540,005,NA,NA,NA,Fijo,19.44370115,-99.13512769,2024-11
1029478,09015722219026632000000000U2,COCINA ECONOMICA 99,NA,722511,Restaurantes con servicio de preparación de alimentos a la carta o de comida corrida,0 a 5 personas,CALLE,COLIMA,CALLE,COZUMEL,EJE VIAL,3 PONIENTE (SALAMANCA),CALLE,CERRADA SALAMANCA,385,NA,NA,NA,NA,NA,COLONIA,LA ROMA,NA,NA,NA,06700,09,Ciudad de México,015,Cuauhtémoc,0001,Cuauhtémoc,1093,013,NA,MAIRIM773@HOTMAIL.COM,NA,Fijo,19.41759907,-99.17019547,2010-07
11746874,09015722511024741000000000U3,COCINA ECONOMICA COMIDAS TERRA,NA,722511,Restaurantes con servicio de preparación de alimentos a la carta o de comida corrida,0 a 5 personas,CALLE,FERNANDO DE ALVA IXTLIXOCHITL,CALLE,REFUGIO BARRAGAN DE TOSCANO,CALLE,MAYAS,CALLE,LORENZO BOTURINI,0,SN,NA,NA,NA,LOCAL,COLONIA,OBRERA,NA,NA,NA,06800,09,Ciudad de México,015,Cuauhtémoc,0001,Cuauhtémoc,1040,016,5528626784,NA,NA,Fijo,19.4198154,-99.13933626,2025-04
10828702,09015722511018651000000000S2,COCINA ECONOMICA EL EDEN,NA,722511,Restaurantes con servicio de preparación de alimentos a la carta o de comida corrida,0 a 5 personas,EJE VIAL,1 NORTE MOSQUETA,CALLE,ZARCO,CALLE,SOTO,CALLE,DEGOLLADO,0,SN,MERCADO MARTINEZ DE LA TORRE,PLANTA BAJA,172,NA,COLONIA,GUERRERO,MERCADO PUBLICO,MERCADO MARTINEZ DE LA TORRE,172,06300,09,Ciudad de México,015,Cuauhtémoc,0001,Cuauhtémoc,056A,002,5516557881,NA,NA,Fijo,19.44491623,-99.14446424,2024-11
10444014,09015722511023731000000000S5,COCINA ECONOMICA EL EDEN,NA,722511,Restaurantes con servicio de preparación de alimentos a la carta o de comida corrida,0 a 5 personas,EJE VIAL,1 NORTE MOSQUETA,CALLE,ZARCO,CALLE,SOTO,CALLE,DEGOLLADO,0,SN,MERCADO MARTINEZ DE LA TORRE,PLANTA BAJA,173,NA,COLONIA,GUERRERO,MERCADO PUBLICO,MERCADO MARTINEZ DE LA TORRE,173,06300,09,Ciudad de México,015,Cuauhtémoc,0001,Cuauhtémoc,056A,002,5516557881,NA,NA,Fijo,19.44491623,-99.14446424,2024-11
9816989,09015722511018681000000000U9,COCINA ECONOMICA EL GUERO,NA,722511,Restaurantes con servicio de preparación de alimentos a la carta o de comida corrida,0 a 5 personas,CALLE,LONDRES,CALLE,VARSOVIA,CALLE,PRAGA,CALLE,HAMBURGO,211,NA,EDIFICIO COMERCIAL Y DE SERVICIOS SIN NOMBRE,PLANTA BAJA,NA,NA,COLONIA,JUAREZ,EDIFICIO COMERCIAL Y DE SERVICIOS,EDIFICIO COMERCIAL Y DE SERVICIOS SIN NOMBRE,SN,06600,09,Ciudad de México,015,Cuauhtémoc,0001,Cuauhtémoc,0983,005,NA,NA,NA,Fijo,19.42357091,-99.16802074,2024-11
855654,09015722219003911000000000U7,COCINA ECONOMICA LA VERACRUZANA,NA,722511,Restaurantes con servicio de preparación de alimentos a la carta o de comida corrida,0 a 5 personas,PEATONAL,NINGUNO,EJE VIAL,2 NORTE (MANUEL GONZALEZ),PEATONAL,NINGUNO,EJE VIAL,2 NORTE (MANUEL GONZALEZ),302,5,NA,NA,19,NA,COLONIA,TLATELOLCO,NA,NA,NA,06900,09,Ciudad de México,015,Cuauhtémoc,0001,Cuauhtémoc,024A,002,NA,NA,NA,Fijo,19.45534239,-99.14332826,2010-07
11218703,09015722511018931000000000U8,COCINA ECONOMICA LOS GUEROS DE ROLDAN,NA,722511,Restaurantes con servicio de preparación de alimentos a la carta o de comida corrida,0 a 5 personas,CALLE,ROLDAN,CALLE,CORREGIDORA,CALLE,MANZANARES,CALLE,SEGUNDO CALLEJON MANZANARES,10,NA,PLAZA ROLDAN,PISO 1,NA,NA,COLONIA,CENTRO,PASAJE Y ANDADOR COMERCIAL,PLAZA ROLDAN,9 Y 10,06060,09,Ciudad de México,015,Cuauhtémoc,0001,Cuauhtémoc,0786,013,NA,NA,NA,Fijo,19.43044627,-99.12693012,2024-11
1013788,09015722219013781000000000U2,COCINA ECONOMICA MAYMAR,NA,722511,Restaurantes con servicio de preparación de alimentos a la carta o de comida corrida,0 a 5 personas,EJE VIAL,1 PONIENTE GUERRERO,CALLE,MINA,AVENIDA,HIDALGO,CALLE,HEROES,35,NA,NA,NA,NA,NA,COLONIA,GUERRERO,NA,NA,NA,06300,09,Ciudad de México,015,Cuauhtémoc,0001,Cuauhtémoc,0610,014,NA,NA,NA,Fijo,19.43912344,-99.14880083,2010-07
9113148,09015722511015541000000000U8,COCINA EL BUEN COMER,NA,722511,Restaurantes con servicio de preparación de alimentos a la carta o de comida corrida,6 a 10 personas,CALLE,REPUBLICA DE URUGUAY,AVENIDA,JOSE MARIA PINO SUAREZ,CALLE,TABAQUEROS,CALLE,VENUSTIANO CARRANZA,112,NA,112,PISO 1,3,L.3,COLONIA,CUAUHTEMOC,CENTRO Y PLAZA COMERCIAL,PLAZA NUEVO VOLADOR,3,06060,09,Ciudad de México,015,Cuauhtémoc,0001,Cuauhtémoc,0907,015,NA,NA,NA,Fijo,19.42991196,-99.13233235,2019-11
9153928,09015722511015881000000000U8,COCINA EL BUEN SAZON,NA,722511,Restaurantes con servicio de preparación de alimentos a la carta o de comida corrida,0 a 5 personas,CALLE,REPUBLICA DE VENEZUELA,CALLE,CALLE DEL CARMEN,CALLE,RODRIGUEZ PUEBLA,CALLE,CALLEJON DE GIRON,72,NA,MERCADO ABELARDO RODRIGUEZ,PLANTA BAJA,41,INT,COLONIA,CENTRO,MERCADO PUBLICO,MERCADO ABELARDO RODRIGUEZ,L 41 INT,06020,09,Ciudad de México,015,Cuauhtémoc,0001,Cuauhtémoc,0663,017,5540322737,NA,NA,Fijo,19.4369476,-99.1278763,2019-11
1029989,09015722219009541000000000U6,COCINA EL PAISA CARLOS,NA,722511,Restaurantes con servicio de preparación de alimentos a la carta o de comida corrida,0 a 5 personas,CALLE,DOCTOR RAFAEL LUCIO,CALLE,CLAUDIO BERNARD,CALLE,DOCTOR C. LICEAGA,CALLE,DOCTOR MANUEL CARMONA Y VALLE,67,NA,NA,NA,0,NA,COLONIA,DOCTORES,NA,NA,NA,06720,09,Ciudad de México,015,Cuauhtémoc,0001,Cuauhtémoc,1534,004,5547798662,NA,NA,Fijo,19.42297771,-99.15176742,2010-07
866966,09015722511006741000000000U5,COCINA EL SHADAI,NA,722511,Restaurantes con servicio de preparación de alimentos a la carta o de comida corrida,0 a 5 personas,AVENIDA,MICHOACAN,CALLE,VICENTE SUAREZ,AVENIDA,TAMAULIPAS,AVENIDA,MICHOACAN,153,NA,NA,NA,35,NA,COLONIA,CUAHUTEMOC,NA,NA,NA,06170,09,Ciudad de México,015,Cuauhtémoc,0001,Cuauhtémoc,1318,011,5552118122,NA,NA,Fijo,19.4113746,-99.17485343,2010-07
1058354,09015722212001721000000000U7,COCINA EL VALEDOR,NA,722511,Restaurantes con servicio de preparación de alimentos a la carta o de comida corrida,6 a 10 personas,CALLE,TOLTECAS,CALLE,LA RINCONADA,PRIVADA,MATAMOROS,CERRADA,PRIMERA RIVERO,14,NA,MERCADO 14 DE ZONA,PLANTA BAJA,172,-173-174-175,COLONIA,TEPITO MORELOS,MERCADO PUBLICO,MERCADO 14 DE ZONA,-173-174-175,06200,09,Ciudad de México,015,Cuauhtémoc,0001,Cuauhtémoc,0358,003,5621937611,NA,NA,Fijo,19.44657311,-99.12773536,2010-07
10753793,09015722511023971000000000U7,COCINA ESTHER,NA,722511,Restaurantes con servicio de preparación de alimentos a la carta o de comida corrida,0 a 5 personas,CALLE,MANUEL DOBLADO,CALLE,DIAZ DE LEON,EJE VIAL,1 NORTE (IGNACIO LOPEZ RAYON)(HEROES DE GRANADITAS),EJE VIAL,1 ORIENTE (AVENIDA DEL TRABAJO),159,NA,NA,NA,NA,NA,COLONIA,MORELOS,NA,NA,NA,06200,09,Ciudad de México,015,Cuauhtémoc,0001,Cuauhtémoc,0358,014,NA,NA,NA,Fijo,19.44308,-99.12464383,2024-11
1042038,09015461122000061000000000U5,COCINA FAMILIAR FLORES ESCOBAR,NA,722511,Restaurantes con servicio de preparación de alimentos a la carta o de comida corrida,0 a 5 personas,AVENIDA,ARCOS DE BELEN,EJE VIAL,CENTRAL (LAZARO CARDENAS),CALLE,LOPEZ,CALLE,DELICIAS,78,NA,MERCADO SAN JUAN ARCOS DE BELEN,PLANTA BAJA,269,NA,COLONIA,CENTRO,MERCADO PUBLICO,MERCADO SAN JUAN ARCOS DE BELEN,269,06070,09,Ciudad de México,015,Cuauhtémoc,0001,Cuauhtémoc,0875,027,NA,NA,NA,Fijo,19.42694135,-99.14280716,2014-12
1031093,09015722511003111000000000U4,COCINA FATIMA,NA,722511,Restaurantes con servicio de preparación de alimentos a la carta o de comida corrida,0 a 5 personas,CALLE,SAN MIGUEL,CALLE,CALLEJON HORMIGUERO,AVENIDA,JOSE MARIA IZAZAGA,CALLE,ESCUELA MEDICO MILITAR,0,SN,MERCADO SAN LUCAS,PLANTA BAJA,133,NA,COLONIA,CENTRO,MERCADO PUBLICO,MERCADO SAN LUCAS,133,06010,09,Ciudad de México,015,Cuauhtémoc,0001,Cuauhtémoc,0979,007,NA,NA,NA,Fijo,19.42488747,-99.13148497,2014-12
10074224,09015722511017361000000000U9,COCINA FELI,NA,722511,Restaurantes con servicio de preparación de alimentos a la carta o de comida corrida,0 a 5 personas,CALLE,ARTICULO 123,CALLE,LUIS MOYA,CALLE,MARROQUI,CALLE,INDEPENDENCIA,57,NA,EDIFICIO CARRANZA,PLANTA BAJA,8,NA,COLONIA,CENTRO,NA,NA,NA,06050,09,Ciudad de México,015,Cuauhtémoc,0001,Cuauhtémoc,0748,001,5522182509,NA,NA,Fijo,19.43245104,-99.1443334,2024-11
9219496,09015722511016131000000000U7,COCINA FER,NA,722511,Restaurantes con servicio de preparación de alimentos a la carta o de comida corrida,6 a 10 personas,CALLE,SAN MIGUEL,CALLE,CALLEJON HORMIGUERO,AVENIDA,JOSE MARIA IZAZAGA,CALLE,ESCUELA MEDICO MILITAR,0,SN,MERCADO SAN LUCAS,PLANTA BAJA,14,NA,COLONIA,CENTRO,MERCADO PUBLICO,MERCADO SAN LUCAS,"14,18,19Y10",06010,09,Ciudad de México,015,Cuauhtémoc,0001,Cuauhtémoc,0979,007,NA,NA,NA,Fijo,19.42488747,-99.13148497,2019-11
1042079,09015722212025231001000000U9,COCINA GAVIOTA,NA,722511,Restaurantes con servicio de preparación de alimentos a la carta o de comida corrida,0 a 5 personas,AVENIDA,ARCOS DE BELEN,EJE VIAL,CENTRAL (LAZARO CARDENAS),CALLE,LOPEZ,CALLE,DELICIAS,78,NA,MERCADO SAN JUAN ARCOS DE BELEN,PLANTA BAJA,110,77,COLONIA,CENTRO,MERCADO PUBLICO,MERCADO SAN JUAN ARCOS DE BELEN,77,06070,09,Ciudad de México,015,Cuauhtémoc,0001,Cuauhtémoc,0875,027,NA,NA,NA,Fijo,19.42694266,-99.14280693,2010-07
8385846,09015722511015131000000000U8,COCINA GODINEZ,NA,722511,Restaurantes con servicio de preparación de alimentos a la carta o de comida corrida,11 a 30 personas,AVENIDA,CAMPECHE,CALLE,OMETUSCO,AVENIDA,CAMPECHE,AVENIDA,NUEVO LEON,335,A,NA,NA,0,NA,COLONIA,CUAUHTEMOC,NA,NA,NA,06170,09,Ciudad de México,015,Cuauhtémoc,0001,Cuauhtémoc,1337,009,NA,NA,NA,Fijo,19.40892591,-99.17305836,2019-11
10598794,09015722511019631000000000U3,COCINA GODINEZ,NA,722511,Restaurantes con servicio de preparación de alimentos a la carta o de comida corrida,0 a 5 personas,AVENIDA,CAMPECHE,CALLE,OMETUSCO,AVENIDA,CAMPECHE,AVENIDA,NUEVO LEON,335,NA,NA,NA,135,NA,COLONIA,CUAUHTEMOC,NA,NA,NA,06170,09,Ciudad de México,015,Cuauhtémoc,0001,Cuauhtémoc,1337,009,NA,IRENE.G2109@GMAIL.COM,NA,Fijo,19.40892411,-99.17305464,2024-11
7743716,09015722511012201000000000U2,COCINA GOURMET,NA,722511,Restaurantes con servicio de preparación de alimentos a la carta o de comida corrida,6 a 10 personas,CALLE,MAESTRO ANTONIO CASO,CALLE,SADI CARNOT,CALLE,SERAPIO RENDON,CALLE,VALENTIN GOMEZ FARIAS,73,1 BIS,NA,NA,0,NA,COLONIA,SAN RAFAEL,NA,NA,NA,06470,09,Ciudad de México,015,Cuauhtémoc,0001,Cuauhtémoc,0697,004,5520691459,NA,NA,Fijo,19.43463296,-99.15941897,2019-11
1011394,09015722212017621000000000U1,COCINA IMMITA,NA,722511,Restaurantes con servicio de preparación de alimentos a la carta o de comida corrida,0 a 5 personas,CALLE,NOGAL,CALLE,TERCERA CERRADA DE LA PRIMERA DEL NOGAL,CALLE,HORTENSIA,CALLE,NOGAL,54,NA,NA,NA,0,NA,COLONIA,SANTA MARIA LA RIBERA,NA,NA,NA,06400,09,Ciudad de México,015,Cuauhtémoc,0001,Cuauhtémoc,0593,015,5555478708,NA,NA,Fijo,19.44546472,-99.16452974,2010-07
898539,09015722511004661000000000U7,COCINA ISAC,NA,722511,Restaurantes con servicio de preparación de alimentos a la carta o de comida corrida,0 a 5 personas,AVENIDA,DOCTOR JOSE MARIA VERTIZ,CALLE,DOCTOR FEDERICO GOMEZ UGARTE SANTOS,CALLE,DOCTOR RAFAEL NORMA,CALLE,PRIVADA DOCTOR MARQUEZ,0,SN,NA,NA,56,54 55,COLONIA,DOCTORES,NA,NA,NA,06720,09,Ciudad de México,015,Cuauhtémoc,0001,Cuauhtémoc,1394,016,5574084064,NA,NA,Fijo,19.4085903,-99.14951851,2014-12
1042070,09015722219027112000000000U4,COCINA JORGE,NA,722511,Restaurantes con servicio de preparación de alimentos a la carta o de comida corrida,6 a 10 personas,AVENIDA,ARCOS DE BELEN,EJE VIAL,CENTRAL (LAZARO CARDENAS),CALLE,LOPEZ,CALLE,DELICIAS,78,NA,MERCADO SAN JUAN ARCOS DE BELEN,PLANTA BAJA,294,281-282-283-294-295,COLONIA,CENTRO,MERCADO PUBLICO,MERCADO SAN JUAN ARCOS DE BELEN,281-282-283-294-295,06070,09,Ciudad de México,015,Cuauhtémoc,0001,Cuauhtémoc,0875,027,5574174727,NA,NA,Fijo,19.42694266,-99.14280693,2010-07
864216,09015722219018581000000000U1,COCINA LA ABUELITA,NA,722511,Restaurantes con servicio de preparación de alimentos a la carta o de comida corrida,6 a 10 personas,CALLE,CAMPECHE,EJE VIAL,3 PONIENTE (MEDELLIN),EJE VIAL,2 PONIENTE (MONTERREY),CALLE,COAHUILA,NA,DOMICILIO CONOCIDO,MERCADO NO 20 MELCHOR OCAMPO,PLANTA BAJA,495,496,COLONIA,ROMA SUR,MERCADO PUBLICO,MERCADO NO 20 MELCHOR OCAMPO,495,06070,09,Ciudad de México,015,Cuauhtémoc,0001,Cuauhtémoc,1360,008,5516950438,NA,NA,Fijo,19.41002604,-99.16405911,2010-07
980894,09015722219019451001000000U6,COCINA LA GUERA,NA,722511,Restaurantes con servicio de preparación de alimentos a la carta o de comida corrida,6 a 10 personas,PEATONAL,PLAZA GARIBALDI,EJE VIAL,CENTRAL (LAZARO CARDENAS),CALLE,SAN CAMILITO,CALLE,REPUBLICA DE ECUADOR,4,NA,MERCADO DE SAN CAMILITO,PLANTA BAJA,55,NA,COLONIA,CENTRO,MERCADO PUBLICO,MERCADO DE SAN CAMILITO,55,06010,09,Ciudad de México,015,Cuauhtémoc,0001,Cuauhtémoc,0536,014,5565399757,NA,NA,Fijo,19.44093651,-99.13913156,2014-12
7732563,09015722511010971000000000U2,COCINA LA GUERA,NA,722511,Restaurantes con servicio de preparación de alimentos a la carta o de comida corrida,0 a 5 personas,CALLE,LONDRES,EJE VIAL,2 PONIENTE (FLORENCIA),CALLE,AMBERES,CALLE,LIVERPOOL,154,NA,MERCADO INSURGENTES,PLANTA BAJA,NA,NA,COLONIA,JUAREZ,MERCADO PUBLICO,MERCADO INSURGENTES,ACC2,06600,09,Ciudad de México,015,Cuauhtémoc,0001,Cuauhtémoc,095A,006,5552084165,NA,NA,Fijo,19.42457883,-99.16561745,2019-11
1028856,09015722212026972000000000U7,COCINA LA GUERA,NA,722511,Restaurantes con servicio de preparación de alimentos a la carta o de comida corrida,0 a 5 personas,CALLE,LONDRES,EJE VIAL,2 PONIENTE (FLORENCIA),CALLE,AMBERES,CALLE,LIVERPOOL,154,NA,MERCADO INSURGENTES,PLANTA BAJA,2,NA,COLONIA,JUAREZ,MERCADO PUBLICO,MERCADO INSURGENTES,2,06600,09,Ciudad de México,015,Cuauhtémoc,0001,Cuauhtémoc,095A,006,NA,NA,NA,Fijo,19.42457883,-99.16561745,2010-07
980783,09015722511007351000000000U2,COCINA LA MORENA,NA,722511,Restaurantes con servicio de preparación de alimentos a la carta o de comida corrida,0 a 5 personas,EJE VIAL,1 NORTE IGNACIO LOPEZ RAYON,CALLE,ALLENDE,EJE VIAL,CENTRAL (LAZARO CARDENAS),CALLE,LIBERTAD,26,NA,NA,NA,NA,H 3,COLONIA,MORELOS,NA,NA,NA,06200,09,Ciudad de México,015,Cuauhtémoc,0001,Cuauhtémoc,0536,005,5541395178,NA,NA,Fijo,19.4439608,-99.13817908,2010-07
880298,09015722212013091000077641M1,COCINA LA OAXAQUEÑITA,NA,722511,Restaurantes con servicio de preparación de alimentos a la carta o de comida corrida,0 a 5 personas,EJE VIAL,1 NORTE MOSQUETA,CALLE,ZARCO,CALLE,SOTO,CALLE,DEGOLLADO,0,SN,MERCADO MARTINEZ DE LA TORRE,PLANTA BAJA,128,NA,COLONIA,GUERRERO,MERCADO PUBLICO,MERCADO MARTINEZ DE LA TORRE,128,06300,09,Ciudad de México,015,Cuauhtémoc,0001,Cuauhtémoc,056A,002,NA,NA,NA,Fijo,19.44491623,-99.14446424,2010-07
1042803,09015722219004011001000000U5,COCINA LA TERRAZA,NA,722511,Restaurantes con servicio de preparación de alimentos a la carta o de comida corrida,0 a 5 personas,CALLE,TURIN,CALLE,ABRAHAM GONZALEZ,EJE VIAL,1 PONIENTE (AVENIDA BUCARELI),AVENIDA,CHAPULTEPEC,8,NA,MERCADO JUAREZ,PASILLO,63,NA,COLONIA,JUAREZ,MERCADO PUBLICO,MERCADO JUAREZ,63 64 65 33 34 Y 35,06600,09,Ciudad de México,015,Cuauhtémoc,0001,Cuauhtémoc,0856,019,NA,NA,NA,Fijo,19.42649305,-99.15480196,2014-12
1045997,09015722219026732000000000U0,COCINA LAS DELICIAS,NA,722511,Restaurantes con servicio de preparación de alimentos a la carta o de comida corrida,0 a 5 personas,CALLE,TILOS,CALLE,PIRUL,CALLE,POPLE,AVENIDA,INSURGENTES NORTE,4,BIS,NA,NA,0,NA,COLONIA,SANTA MARIA INSURGENTES,NA,NA,NA,06430,09,Ciudad de México,015,Cuauhtémoc,0001,Cuauhtémoc,0061,004,5520850281,NA,NA,Fijo,19.46226732,-99.14578164,2010-07
896962,09015722212008521000000000U4,COCINA LAS GUERAS,NA,722511,Restaurantes con servicio de preparación de alimentos a la carta o de comida corrida,0 a 5 personas,CALLE,SAN MIGUEL,CALLE,CALLEJON HORMIGUERO,AVENIDA,JOSE MARIA IZAZAGA,CALLE,ESCUELA MEDICO MILITAR,0,SN,MERCADO SAN LUCAS,PLANTA BAJA,77,NA,COLONIA,CENTRO,MERCADO PUBLICO,MERCADO SAN LUCAS,77 78,06010,09,Ciudad de México,015,Cuauhtémoc,0001,Cuauhtémoc,0979,007,NA,NA,NA,Fijo,19.42488747,-99.13148497,2010-07
7765708,09015722511010581000000000U9,COCINA LAS MARIAS,NA,722511,Restaurantes con servicio de preparación de alimentos a la carta o de comida corrida,0 a 5 personas,CALLE,MIMOSAS,CALLE,PINO,CALLE,CIPRES,CIRCUITO,INTERIOR (AVENIDA RIO CONSULADO),193,B,NA,NA,NA,NA,COLONIA,ATLAMPA,NA,NA,NA,06450,09,Ciudad de México,015,Cuauhtémoc,0001,Cuauhtémoc,0042,007,NA,ALI_RIVERA64@HOTMAIL.COM,NA,Fijo,19.46194635,-99.15516074,2019-11
10438830,09015722511019141000000000U3,COCINA LOPEZ,NA,722511,Restaurantes con servicio de preparación de alimentos a la carta o de comida corrida,0 a 5 personas,CALLE,ROLDAN,CALLE,CORREGIDORA,CALLE,MANZANARES,CALLE,SEGUNDO CALLEJON MANZANARES,10,NA,PLAZA ROLDAN,PISO 1,39,NA,COLONIA,CENTRO,PASAJE Y ANDADOR COMERCIAL,PLAZA ROLDAN,39,06060,09,Ciudad de México,015,Cuauhtémoc,0001,Cuauhtémoc,0786,013,NA,NA,NA,Fijo,19.43044627,-99.12693012,2024-11
1042685,09015722212008061000000000U1,COCINA LOS RECUERDOS,NA,722511,Restaurantes con servicio de preparación de alimentos a la carta o de comida corrida,0 a 5 personas,CALLE,TURIN,CALLE,ABRAHAM GONZALEZ,EJE VIAL,1 PONIENTE (AVENIDA BUCARELI),AVENIDA,CHAPULTEPEC,8,NA,MERCADO JUAREZ,PASILLO,276,NA,COLONIA,JUAREZ,MERCADO PUBLICO,MERCADO JUAREZ,277 Y 276,06600,09,Ciudad de México,015,Cuauhtémoc,0001,Cuauhtémoc,0856,019,NA,NA,NA,Fijo,19.42649305,-99.15480196,2010-07
963346,09015722219029242001000000U7,COCINA LUPITA,NA,722511,Restaurantes con servicio de preparación de alimentos a la carta o de comida corrida,6 a 10 personas,EJE VIAL,1 NORTE IGNACIO LOPEZ RAYON HEROES DE GRANADITAS,CALLE,AZTECAS,CALLE,REPUBLICA DE ARGENTINA,CALLE,REPUBLICA DE COSTA RICA,60,NA,MERCADO 60 TEPITO ROPA Y TELAS GRANADITAS,PLANTA BAJA,703,NA,COLONIA,MORELOS,MERCADO PUBLICO,MERCADO 60 TEPITO ROPA Y TELAS GRANADITAS,702,06200,09,Ciudad de México,015,Cuauhtémoc,0001,Cuauhtémoc,0589,013,NA,NA,NA,Fijo,19.44302663,-99.12961093,2010-07
11470561,09015722310000431000000000U6,COCINA LUPITA,NA,722511,Restaurantes con servicio de preparación de alimentos a la carta o de comida corrida,0 a 5 personas,CALLE,FRANCISCO I MADERO,CALLE,ISABEL LA CATOLICA,CALLE,PALMA,CALLE,16 DE SEPTIEMBRE,61,NA,CENTRO JOYERO,PISO 1,105,NA,COLONIA,CENTRO HISTORICO DE LA CIUDAD DE MEXICO,CENTRO Y PLAZA COMERCIAL,CENTRO JOYERO,105,06000,09,Ciudad de México,015,Cuauhtémoc,0001,Cuauhtémoc,0771,015,NA,NA,NA,Fijo,19.43328966,-99.13557577,2024-11
9127842,09015722511015611000000000U9,COCINA MARI CARMEN,NA,722511,Restaurantes con servicio de preparación de alimentos a la carta o de comida corrida,0 a 5 personas,CALLE,TURIN,CALLE,ABRAHAM GONZALEZ,EJE VIAL,1 PONIENTE (AVENIDA BUCARELI),AVENIDA,CHAPULTEPEC,8,NA,MERCADO JUAREZ,PLANTA BAJA,170,NA,COLONIA,JUAREZ,MERCADO PUBLICO,MERCADO JUAREZ,170,06600,09,Ciudad de México,015,Cuauhtémoc,0001,Cuauhtémoc,0856,019,NA,NA,NA,Fijo,19.42649305,-99.15480196,2019-11
11615880,09015722511017521000071784M8,COCINA MARIA CARMEN,NA,722511,Restaurantes con servicio de preparación de alimentos a la carta o de comida corrida,0 a 5 personas,EJE VIAL,2 A SUR DOCTOR BALMIS,CALLE,DOCTOR AGUSTIN ANDRADE,CALLE,DOCTOR BARRAGAN,CALLE,DOCTOR ARCE,0,SN,MERCADO HIDALGO,PLANTA BAJA,812,NA,COLONIA,DOCTORES,MERCADO PUBLICO,MERCADO HIDALGO,812,06720,09,Ciudad de México,015,Cuauhtémoc,0001,Cuauhtémoc,1233,021,NA,NA,NA,Fijo,19.41433528,-99.14647181,2024-11
11684676,09015722511017531000071784S7,COCINA MARIA CARMEN,NA,722511,Restaurantes con servicio de preparación de alimentos a la carta o de comida corrida,0 a 5 personas,EJE VIAL,2 A SUR DOCTOR BALMIS,CALLE,DOCTOR AGUSTIN ANDRADE,CALLE,DOCTOR BARRAGAN,CALLE,DOCTOR ARCE,0,SN,MERCADO HIDALGO,PLANTA BAJA,813,NA,COLONIA,DOCTORES,MERCADO PUBLICO,MERCADO HIDALGO,813,06720,09,Ciudad de México,015,Cuauhtémoc,0001,Cuauhtémoc,1233,021,NA,NA,NA,Fijo,19.41433528,-99.14647181,2024-11
10138585,09015722511019411000071784S0,COCINA MARIA CARMEN,NA,722511,Restaurantes con servicio de preparación de alimentos a la carta o de comida corrida,0 a 5 personas,EJE VIAL,2 A SUR DOCTOR BALMIS,CALLE,DOCTOR AGUSTIN ANDRADE,CALLE,DOCTOR BARRAGAN,CALLE,DOCTOR ARCE,0,SN,MERCADO HIDALGO,PLANTA BAJA,814,NA,COLONIA,DOCTORES,MERCADO PUBLICO,MERCADO HIDALGO,814,06720,09,Ciudad de México,015,Cuauhtémoc,0001,Cuauhtémoc,1233,021,NA,NA,NA,Fijo,19.41433528,-99.14647181,2024-11
7757173,09015722511015011000000000U2,COCINA MI BUEN ESTRELLA,NA,722511,Restaurantes con servicio de preparación de alimentos a la carta o de comida corrida,6 a 10 personas,CALLE,SAN ANTONIO TOMATLAN,CALLE,RODRIGUEZ PUEBLA,CALLE,LEONA VICARIO,CALLE,REPUBLICA DE VENEZUELA,10,46,PLAZA DAMAS,PISO 1,67,NA,COLONIA,CENTRO,EDIFICIO COMERCIAL Y DE SERVICIOS,PLAZA DAMAS,67,06020,09,Ciudad de México,015,Cuauhtémoc,0001,Cuauhtémoc,0663,006,5511121493,NA,NA,Fijo,19.43598043,-99.12706567,2019-11
894574,09015722511007011000000000U2,COCINA PILAR,NA,722511,Restaurantes con servicio de preparación de alimentos a la carta o de comida corrida,0 a 5 personas,CALLE,TURIN,CALLE,ABRAHAM GONZALEZ,EJE VIAL,1 PONIENTE (AVENIDA BUCARELI),AVENIDA,CHAPULTEPEC,8,NA,MERCADO JUAREZ,PASILLO,284,NA,COLONIA,JUAREZ,MERCADO PUBLICO,MERCADO JUAREZ,284,06600,09,Ciudad de México,015,Cuauhtémoc,0001,Cuauhtémoc,0856,019,5532332773,NA,NA,Fijo,19.42649305,-99.15480196,2014-12
875760,09015722219030882001000000U7,COCINA PILI,NA,722511,Restaurantes con servicio de preparación de alimentos a la carta o de comida corrida,6 a 10 personas,CALLE,JOSE MARIA ROA BARCENAS,CALLE,BOLIVAR,CALLE,ISABEL LA CATOLICA,CALLE,EFREN REBOLLEDO,54,NA,NA,NA,0,NA,COLONIA,OBRERA,NA,NA,NA,06800,09,Ciudad de México,015,Cuauhtémoc,0001,Cuauhtémoc,1252,005,NA,NA,NA,Fijo,19.41179724,-99.14125276,2010-07
898544,09015722511002471000000000U3,COCINA RAMOS,NA,722511,Restaurantes con servicio de preparación de alimentos a la carta o de comida corrida,0 a 5 personas,AVENIDA,DOCTOR JOSE MARIA VERTIZ,CALLE,DOCTOR FEDERICO GOMEZ UGARTE SANTOS,CALLE,DOCTOR RAFAEL NORMA,CALLE,PRIVADA DOCTOR MARQUEZ,24,NA,MERCADO MORELIA,PLANTA BAJA,4,NA,COLONIA,DOCTORES,MERCADO PUBLICO,MERCADO MORELIA,4,06720,09,Ciudad de México,015,Cuauhtémoc,0001,Cuauhtémoc,1394,016,NA,NA,NA,Fijo,19.40859128,-99.14952439,2014-12
971054,09015722212023981010000000U1,COCINA ROSY,NA,722511,Restaurantes con servicio de preparación de alimentos a la carta o de comida corrida,0 a 5 personas,CALLE,REPUBLICA DE VENEZUELA,CALLE,CALLE DEL CARMEN,CALLE,RODRIGUEZ PUEBLA,CALLE,REPUBLICA DE COLOMBIA,72,NA,MERCADO ABELARDO L RODRIGUEZ,PLANTA BAJA,61,NA,COLONIA,CENTRO,MERCADO PUBLICO,MERCADO ABELARDO L RODRIGUEZ,L 60 Y 61,06010,09,Ciudad de México,015,Cuauhtémoc,0001,Cuauhtémoc,0663,017,5571492742,NA,NA,Fijo,19.4369476,-99.1278763,2010-07
11413319,09015722511020561000000000U9,COCINA SAN JERONIMO,NA,722511,Restaurantes con servicio de preparación de alimentos a la carta o de comida corrida,0 a 5 personas,CALLE,SAN JERONIMO,CALLE,5 DE FEBRERO,CALLE,20 DE NOVIEMBRE,AVENIDA,JOSE MARIA IZAZAGA,77,NA,NA,NA,1,NA,COLONIA,CENTRO,NA,NA,NA,06000,09,Ciudad de México,015,Cuauhtémoc,0001,Cuauhtémoc,0894,013,NA,NA,NA,Fijo,19.42673284,-99.13513322,2024-11
7765883,09015722518005791000000000U6,COCINA SAN JORGE,NA,722511,Restaurantes con servicio de preparación de alimentos a la carta o de comida corrida,6 a 10 personas,CALLE,ZOLTAN KODALY,CALLE,TOLNAHUAC,CALLE,ANTONIO ROJAS,CALLE,ANTONIO ROJAS,73,NA,ANTONIO ROJAS,PLANTA BAJA,NA,NA,COLONIA,SAN SIMON,NA,NA,NA,06900,09,Ciudad de México,015,Cuauhtémoc,0001,Cuauhtémoc,0076,015,5627607627,NA,NA,Fijo,19.45954408,-99.14271183,2019-11
971041,09015722219020791001000000U2,COCINA SILVIA,NA,722511,Restaurantes con servicio de preparación de alimentos a la carta o de comida corrida,0 a 5 personas,CALLE,REPUBLICA DE VENEZUELA,CALLE,CALLE DEL CARMEN,CALLE,RODRIGUEZ PUEBLA,CALLE,RODRIGUEZ PUEBLA,72,NA,MERCADO ABELARDO L RODRIGUEZ,PLANTA BAJA,78,NA,COLONIA,CENTRO,MERCADO PUBLICO,MERCADO ABELARDO L RODRIGUEZ,L 78,06010,09,Ciudad de México,015,Cuauhtémoc,0001,Cuauhtémoc,0663,017,5630431136,NA,NA,Fijo,19.4369476,-99.1278763,2010-07
9754085,09015722511021401000000000U7,COCINA SIN NOMBRE,NA,722511,Restaurantes con servicio de preparación de alimentos a la carta o de comida corrida,0 a 5 personas,CALLE,LONDRES,EJE VIAL,2 PONIENTE (FLORENCIA),CALLE,AMBERES,CALLE,LIVERPOOL,154,NA,MERCADO INSURGENTES,PLANTA BAJA,67,NA,COLONIA,JUAREZ,MERCADO PUBLICO,MERCADO INSURGENTES,67,06600,09,Ciudad de México,015,Cuauhtémoc,0001,Cuauhtémoc,095A,006,NA,NA,NA,Fijo,19.42457883,-99.16561745,2024-11
11172288,09015722511021391000000000U0,COCINA SIN NOMBRE,NA,722511,Restaurantes con servicio de preparación de alimentos a la carta o de comida corrida,0 a 5 personas,CALLE,LONDRES,EJE VIAL,2 PONIENTE (FLORENCIA),CALLE,AMBERES,CALLE,LIVERPOOL,154,NA,MERCADO INSURGENTES,PLANTA BAJA,64,NA,COLONIA,JUAREZ,MERCADO PUBLICO,MERCADO INSURGENTES,64 65,06600,09,Ciudad de México,015,Cuauhtémoc,0001,Cuauhtémoc,095A,006,NA,NA,NA,Fijo,19.42457883,-99.16561745,2024-11
998619,09015722219031342001000000U1,COCINA VERONICA,NA,722511,Restaurantes con servicio de preparación de alimentos a la carta o de comida corrida,11 a 30 personas,CALLE,REPUBLICA DE CUBA,CALLE,REPUBLICA DE CHILE,CALLE,PALMA NORTE,CALLE,DONCELES,75,A B,NA,NA,0,NA,COLONIA,CENTRO,NA,NA,NA,06010,09,Ciudad de México,015,Cuauhtémoc,0001,Cuauhtémoc,0752,006,NA,NA,NA,Fijo,19.43704084,-99.13559245,2010-07
7743972,09015722511012301000000000U0,COCINA VICKY,NA,722511,Restaurantes con servicio de preparación de alimentos a la carta o de comida corrida,0 a 5 personas,CALLE,SALVADOR DIAZ MIRON,CALLE,CEDRO,CERRADA,SALVADOR DIAZ MIRON,CALLE,MANUEL CARPIO,193,A,NA,NA,0,NA,COLONIA,SANTA MARIA RIVERRA,NA,NA,NA,06400,09,Ciudad de México,015,Cuauhtémoc,0001,Cuauhtémoc,0466,004,NA,NA,NA,Fijo,19.44958027,-99.16187662,2019-11
897445,09015722511002771000000000S6,COCINAS COCO,NA,722511,Restaurantes con servicio de preparación de alimentos a la carta o de comida corrida,0 a 5 personas,CALLE,5 DE FEBRERO,CALLE,LUCAS ALAMAN,DIAGONAL,20 DE NOVIEMBRE,DIAGONAL,20 DE NOVIEMBRE,161,NA,MERCADO PUBLICO NO 6 PEQUEÑO COMERCIO,PLANTA BAJA,18,NA,COLONIA,OBRERA,MERCADO PUBLICO,MERCADO PUBLICO NO 6 PEQUEÑO COMERCIO,18,06800,09,Ciudad de México,015,Cuauhtémoc,0001,Cuauhtémoc,1055,006,NA,NA,NA,Fijo,19.4216071,-99.1358,2014-12
10128607,09015722511019171000000000S0,COCINAS DE COCO,NA,722511,Restaurantes con servicio de preparación de alimentos a la carta o de comida corrida,0 a 5 personas,CALLE,5 DE FEBRERO,CALLE,LUCAS ALAMAN,DIAGONAL,20 DE NOVIEMBRE,DIAGONAL,20 DE NOVIEMBRE,161,NA,MERCADO PUBLICO NO 6 PEQUEÑO COMERCIO,PLANTA BAJA,17,NA,COLONIA,OBRERA,MERCADO PUBLICO,MERCADO PUBLICO NO 6 PEQUEÑO COMERCIO,17,06800,09,Ciudad de México,015,Cuauhtémoc,0001,Cuauhtémoc,1055,006,NA,NA,NA,Fijo,19.4216071,-99.1358,2024-11
11445908,09015722511022581000000000U5,COCINITA PRO,NA,722511,Restaurantes con servicio de preparación de alimentos a la carta o de comida corrida,0 a 5 personas,CALLE,LOTERIA NACIONAL,CALLE,TOMAS ALVA EDISON,CALLE,CALLE DE LA REPUBLICA,CALLE,JESUS DE TERAN,7,A Y B,NA,NA,NA,NA,COLONIA,TABACALERA,NA,NA,NA,06030,09,Ciudad de México,015,Cuauhtémoc,0001,Cuauhtémoc,0714,013,NA,NA,NA,Fijo,19.43602009,-99.1504207,2024-11
1042211,09015722219026572011000000U0,COCOLICHE,COCOLICHE SA DE CV,722511,Restaurantes con servicio de preparación de alimentos a la carta o de comida corrida,0 a 5 personas,CALLE,VERSALLES,CALLE,LUCERNA,CALLE,ROMA,CALLE,LISBOA,57,NA,NA,NA,NA,NA,COLONIA,JUAREZ,NA,NA,NA,06600,09,Ciudad de México,015,Cuauhtémoc,0001,Cuauhtémoc,0856,004,NA,COCOLICHE.@COCOLICHE.COM,NA,Fijo,19.42933133,-99.15517433,2010-07
9544421,09015722511021093000000000U2,COLONIAL,NA,722511,Restaurantes con servicio de preparación de alimentos a la carta o de comida corrida,11 a 30 personas,EJE VIAL,2 PONIENTE RIO TIBER,CALLE,RIO PANUCO,CALLE,RIO LERMA,CALLE,RIO POO,104,NA,NA,NA,NA,C,COLONIA,CUAUHTEMOC,NA,NA,NA,06500,09,Ciudad de México,015,Cuauhtémoc,0001,Cuauhtémoc,0822,015,NA,RESTIBER.13@GMAIL.COM,NA,Fijo,19.42891688,-99.16857513,2024-11
11435828,09015722511023982000000000U4,COLOSO,NA,722511,Restaurantes con servicio de preparación de alimentos a la carta o de comida corrida,6 a 10 personas,CALLE,ENRICO MARTINEZ,CALLE,TOLSA,AVENIDA,CHAPULTEPEC,CALLE,FRANCISCO DE GARAY,0,SN,NA,NA,NA,NA,COLONIA,CENTRO,NA,NA,NA,06010,09,Ciudad de México,015,Cuauhtémoc,0001,Cuauhtémoc,0860,012,5515606416,COLOSOBAHIA@GMAIL.COM,NA,Fijo,19.42729321,-99.15090681,2024-11
11700917,09015722511022812000000000U4,COLUMBA CAFE,ALIMENTOS NSM SA DE CV,722511,Restaurantes con servicio de preparación de alimentos a la carta o de comida corrida,6 a 10 personas,CALLE,GUAYMAS,CALLE,PUEBLA,CALLE,REAL DE ROMITA,CALLE,REAL DE ROMITA,33,NA,NA,NA,NA,NA,COLONIA,ROMA,NA,NA,NA,06700,09,Ciudad de México,015,Cuauhtémoc,0001,Cuauhtémoc,1017,003,NA,ATENCION@COLUMBACAFE.COM.MX,WWW.COLUMBACAFE.MX,Fijo,19.42372686,-99.15494767,2024-11
10079808,09015722511021361000000000U3,COMA POLLOS ROMA Y COCINA URBANA,NA,722511,Restaurantes con servicio de preparación de alimentos a la carta o de comida corrida,0 a 5 personas,CALLE,ROMA,CALLE,VERSALLES,CALLE,LISBOA,CALLE,LISBOA,6,B,NA,NA,NA,NA,COLONIA,JUAREZ,NA,NA,NA,06600,09,Ciudad de México,015,Cuauhtémoc,0001,Cuauhtémoc,0841,018,NA,NA,NA,Fijo,19.42883113,-99.15580443,2024-11
893400,09015722511001801000000000S2,COMEDOR 1 2 Y 3,NA,722511,Restaurantes con servicio de preparación de alimentos a la carta o de comida corrida,0 a 5 personas,EJE VIAL,1 NORTE MOSQUETA,CALLE,ZARCO,CALLE,SOTO,CALLE,DEGOLLADO,0,SN,MERCADO MARTINEZ DE LA TORRE,PLANTA BAJA,3,NA,COLONIA,GUERRERO,MERCADO PUBLICO,MERCADO MARTINEZ DE LA TORRE,3,06300,09,Ciudad de México,015,Cuauhtémoc,0001,Cuauhtémoc,056A,002,NA,NA,NA,Fijo,19.44491623,-99.14446424,2014-12
893401,09015722110001902000000000M9,COMEDOR 1 2 Y 3,NA,722511,Restaurantes con servicio de preparación de alimentos a la carta o de comida corrida,6 a 10 personas,EJE VIAL,1 NORTE MOSQUETA,CALLE,ZARCO,CALLE,SOTO,CALLE,DEGOLLADO,0,SN,MERCADO MARTINEZ DE LA TORRE,PLANTA BAJA,2,NA,COLONIA,GUERRERO,MERCADO PUBLICO,MERCADO MARTINEZ DE LA TORRE,2,06300,09,Ciudad de México,015,Cuauhtémoc,0001,Cuauhtémoc,056A,002,5513306333,NA,NA,Fijo,19.44491448,-99.14445352,2014-12
893402,09015722110002012000000000S6,COMEDOR 1 2 Y 3,NA,722511,Restaurantes con servicio de preparación de alimentos a la carta o de comida corrida,0 a 5 personas,EJE VIAL,1 NORTE MOSQUETA,CALLE,ZARCO,CALLE,SOTO,CALLE,DEGOLLADO,0,SN,MERCADO MARTINEZ DE LA TORRE,PLANTA BAJA,1,NA,COLONIA,GUERRERO,MERCADO PUBLICO,MERCADO MARTINEZ DE LA TORRE,1,06300,09,Ciudad de México,015,Cuauhtémoc,0001,Cuauhtémoc,056A,002,NA,NA,NA,Fijo,19.44491448,-99.14445352,2014-12
893442,09015722511001911000000000S9,COMEDOR ADRIANA,NA,722511,Restaurantes con servicio de preparación de alimentos a la carta o de comida corrida,0 a 5 personas,EJE VIAL,1 NORTE MOSQUETA,CALLE,ZARCO,CALLE,SOTO,CALLE,DEGOLLADO,0,SN,MERCADO MARTINEZ DE LA TORRE,PLANTA BAJA,88,NA,COLONIA,GUERRERO,MERCADO PUBLICO,MERCADO MARTINEZ DE LA TORRE,88,06300,09,Ciudad de México,015,Cuauhtémoc,0001,Cuauhtémoc,056A,002,5553234102,NA,NA,Fijo,19.44491623,-99.14446424,2014-12
880268,09015722518003491010000000S5,COMEDOR ADRIANA,NA,722511,Restaurantes con servicio de preparación de alimentos a la carta o de comida corrida,0 a 5 personas,EJE VIAL,1 NORTE MOSQUETA,CALLE,ZARCO,CALLE,SOTO,CALLE,DEGOLLADO,0,SN,MERCADO MARTINEZ DE LA TORRE,PLANTA BAJA,80,NA,COLONIA,GUERRERO,MERCADO PUBLICO,MERCADO MARTINEZ DE LA TORRE,80,06300,09,Ciudad de México,015,Cuauhtémoc,0001,Cuauhtémoc,056A,002,NA,NA,NA,Fijo,19.44491623,-99.14446424,2010-07
9801699,09015722511018751000091979S0,COMEDOR ALEX,NA,722511,Restaurantes con servicio de preparación de alimentos a la carta o de comida corrida,0 a 5 personas,CALLE,TOMAS ALVA EDISON,CALLE,ANTONIO DEL CASTILLO,CALLE,SADI CARNOT,AVENIDA,RIBERA DE SAN COSME,163,NA,NA,NA,2,NA,COLONIA,SAN RAFAEL,NA,NA,NA,06470,09,Ciudad de México,015,Cuauhtémoc,0001,Cuauhtémoc,0697,009,NA,NA,NA,Fijo,19.43877644,-99.15794568,2024-11
10793857,09015722511024361000000000U0,COMEDOR CEDROS,GRUPO CEDROS SC,722511,Restaurantes con servicio de preparación de alimentos a la carta o de comida corrida,0 a 5 personas,CALLE,CEDRO,AVENIDA,RIBERA DE SAN COSME,CALLE,AMADO NERVO,CALLE,NOGAL,28,NA,NA,NA,NA,NA,COLONIA,SANTA MARIA LA RIBERA,NA,NA,NA,06400,09,Ciudad de México,015,Cuauhtémoc,0001,Cuauhtémoc,0593,006,NA,NA,NA,Fijo,19.44415851,-99.16347137,2024-11
1010936,09015722219027892000000000U1,COMEDOR ECONOMICO CANO,NA,722511,Restaurantes con servicio de preparación de alimentos a la carta o de comida corrida,0 a 5 personas,CALLE,VENUSTIANO CARRANZA,EJE VIAL,CENTRAL (LAZARO CARDENAS),CALLE,BOLIVAR,CALLE,REPUBLICA DE URUGUAY,31,NA,NA,NA,31,NA,COLONIA,CENTRO,NA,NA,NA,06000,09,Ciudad de México,015,Cuauhtémoc,0001,Cuauhtémoc,0818,001,NA,NA,NA,Fijo,19.43166253,-99.13943038,2010-07
880306,09015722212007571000000000S0,COMEDOR EL EDEN,NA,722511,Restaurantes con servicio de preparación de alimentos a la carta o de comida corrida,0 a 5 personas,EJE VIAL,1 NORTE MOSQUETA,CALLE,ZARCO,CALLE,SOTO,CALLE,DEGOLLADO,0,SN,MERCADO MARTINEZ DE LA TORRE,PLANTA BAJA,177,NA,COLONIA,GUERRERO,MERCADO PUBLICO,MERCADO MARTINEZ DE LA TORRE,177,06300,09,Ciudad de México,015,Cuauhtémoc,0001,Cuauhtémoc,056A,002,5555298080,NA,NA,Fijo,19.44491623,-99.14446424,2010-07
880307,09015722212011971000000000S6,COMEDOR EL EDEN,NA,722511,Restaurantes con servicio de preparación de alimentos a la carta o de comida corrida,0 a 5 personas,EJE VIAL,1 NORTE MOSQUETA,CALLE,ZARCO,CALLE,SOTO,CALLE,DEGOLLADO,0,SN,MERCADO MARTINEZ DE LA TORRE,PLANTA BAJA,176,NA,COLONIA,GUERRERO,MERCADO PUBLICO,MERCADO MARTINEZ DE LA TORRE,SN,06300,09,Ciudad de México,015,Cuauhtémoc,0001,Cuauhtémoc,056A,002,NA,NA,NA,Fijo,19.44491623,-99.14446424,2010-07
879799,09015722511005701000000000S0,COMEDOR EL EDEN,NA,722511,Restaurantes con servicio de preparación de alimentos a la carta o de comida corrida,0 a 5 personas,EJE VIAL,1 NORTE MOSQUETA,CALLE,ZARCO,CALLE,SOTO,CALLE,DEGOLLADO,0,SN,MERCADO MARTINEZ DE LA TORRE,PLANTA BAJA,185,NA,COLONIA,GUERRERO,MERCADO PUBLICO,MERCADO MARTINEZ DE LA TORRE,185,06300,09,Ciudad de México,015,Cuauhtémoc,0001,Cuauhtémoc,056A,002,NA,NA,NA,Fijo,19.44491623,-99.14446424,2010-07
880323,09015722212022611000000000M5,COMEDOR EL EDEN,NA,722511,Restaurantes con servicio de preparación de alimentos a la carta o de comida corrida,11 a 30 personas,EJE VIAL,1 NORTE MOSQUETA,CALLE,ZARCO,CALLE,SOTO,CALLE,DEGOLLADO,0,SN,MERCADO MARTINEZ DE LA TORRE,PLANTA BAJA,184,NA,COLONIA,GUERRERO,MERCADO PUBLICO,MERCADO MARTINEZ DE LA TORRE,184,06300,09,Ciudad de México,015,Cuauhtémoc,0001,Cuauhtémoc,056A,002,5516557881,NA,NA,Fijo,19.44491623,-99.14446424,2010-07
893446,09015722518002451010000000S0,COMEDOR EL HIDALGUENCE,NA,722511,Restaurantes con servicio de preparación de alimentos a la carta o de comida corrida,0 a 5 personas,EJE VIAL,1 NORTE MOSQUETA,CALLE,ZARCO,CALLE,SOTO,CALLE,DEGOLLADO,0,SN,MERCADO MARTINEZ DE LA TORRE,PLANTA BAJA,234,NA,COLONIA,GUERRERO,MERCADO PUBLICO,MERCADO MARTINEZ DE LA TORRE,234,06300,09,Ciudad de México,015,Cuauhtémoc,0001,Cuauhtémoc,056A,002,NA,NA,NA,Fijo,19.44491623,-99.14446424,2010-07
893447,09015722219029962000000000S0,COMEDOR EL HIDALGUENCE,NA,722511,Restaurantes con servicio de preparación de alimentos a la carta o de comida corrida,0 a 5 personas,EJE VIAL,1 NORTE MOSQUETA,CALLE,ZARCO,CALLE,SOTO,CALLE,DEGOLLADO,0,SN,MERCADO MARTINEZ DE LA TORRE,PLANTA BAJA,236,NA,COLONIA,GUERRERO,MERCADO PUBLICO,MERCADO MARTINEZ DE LA TORRE,236,06300,09,Ciudad de México,015,Cuauhtémoc,0001,Cuauhtémoc,056A,002,NA,NA,NA,Fijo,19.44491623,-99.14446424,2010-07
893403,09015722514005221000000000S3,COMEDOR EL HIDALGUENSE,NA,722511,Restaurantes con servicio de preparación de alimentos a la carta o de comida corrida,0 a 5 personas,EJE VIAL,1 NORTE MOSQUETA,CALLE,ZARCO,CALLE,SOTO,CALLE,DEGOLLADO,0,SN,MERCADO MARTINEZ DE LA TORRE,PLANTA BAJA,83,NA,COLONIA,GUERRERO,MERCADO PUBLICO,MERCADO MARTINEZ DE LA TORRE,83,06300,09,Ciudad de México,015,Cuauhtémoc,0001,Cuauhtémoc,056A,002,NA,NA,NA,Fijo,19.44491623,-99.14446424,2014-12
880331,09015722219000731000000000S2,COMEDOR EL HIDALGUENSE,NA,722511,Restaurantes con servicio de preparación de alimentos a la carta o de comida corrida,0 a 5 personas,EJE VIAL,1 NORTE MOSQUETA,CALLE,ZARCO,CALLE,SOTO,CALLE,DEGOLLADO,NA,SN,MERCADO MARTINEZ DE LA TORRE,PLANTA BAJA,237,NA,COLONIA,GUERRERO,MERCADO PUBLICO,MERCADO MARTINEZ DE LA TORRE,237,06300,09,Ciudad de México,015,Cuauhtémoc,0001,Cuauhtémoc,056A,002,NA,NA,NA,Fijo,19.44491623,-99.14446424,2010-07
880372,09015722219025152000000000M2,COMEDOR EL HIDALGUENSE,NA,722511,Restaurantes con servicio de preparación de alimentos a la carta o de comida corrida,6 a 10 personas,EJE VIAL,1 NORTE MOSQUETA,CALLE,ZARCO,CALLE,SOTO,CALLE,DEGOLLADO,0,SN,MERCADO MARTINEZ DE LA TORRE,PLANTA BAJA,235,NA,COLONIA,GUERRERO,MERCADO PUBLICO,MERCADO MARTINEZ DE LA TORRE,235,06300,09,Ciudad de México,015,Cuauhtémoc,0001,Cuauhtémoc,056A,002,NA,NA,NA,Fijo,19.44491623,-99.14446424,2010-07
9599082,09015722511020851000000000S4,COMEDOR EL HIDALGUENSE,NA,722511,Restaurantes con servicio de preparación de alimentos a la carta o de comida corrida,0 a 5 personas,EJE VIAL,1 NORTE MOSQUETA,CALLE,ZARCO,CALLE,SOTO,CALLE,DEGOLLADO,0,SN,MERCADO MARTINEZ DE LA TORRE,PLANTA BAJA,313,NA,COLONIA,GUERRERO,MERCADO PUBLICO,MERCADO MARTINEZ DE LA TORRE,313,06300,09,Ciudad de México,015,Cuauhtémoc,0001,Cuauhtémoc,056A,002,NA,NA,NA,Fijo,19.44491623,-99.14446424,2024-11
893397,09015722511001351000000000S8,COMEDOR FAMILIAR CONCHITA,NA,722511,Restaurantes con servicio de preparación de alimentos a la carta o de comida corrida,6 a 10 personas,EJE VIAL,1 NORTE MOSQUETA,CALLE,ZARCO,CALLE,SOTO,CALLE,DEGOLLADO,0,SN,MERCADO MARTINEZ DE LA TORRE,PLANTA BAJA,8,NA,COLONIA,GUERRERO,MERCADO PUBLICO,MERCADO MARTINEZ DE LA TORRE,8,06300,09,Ciudad de México,015,Cuauhtémoc,0001,Cuauhtémoc,056A,002,NA,NA,NA,Fijo,19.44491623,-99.14446424,2010-07
893399,09015722511005851000000000M3,COMEDOR FAMILIAR CONCHITA,NA,722511,Restaurantes con servicio de preparación de alimentos a la carta o de comida corrida,11 a 30 personas,EJE VIAL,1 NORTE MOSQUETA,CALLE,ZARCO,CALLE,SOTO,CALLE,DEGOLLADO,0,SN,MERCADO MARTINEZ DE LA TORRE,PLANTA BAJA,6,NA,COLONIA,GUERRERO,MERCADO PUBLICO,MERCADO MARTINEZ DE LA TORRE,6,06300,09,Ciudad de México,015,Cuauhtémoc,0001,Cuauhtémoc,056A,002,NA,NA,WWW.COMEDORFAMILIARMAMACONCHITA.COM,Fijo,19.44491623,-99.14446424,2010-07
872103,09015722219022891000000000U3,COMEDOR FAMILIAR EL TAPATIO,NA,722511,Restaurantes con servicio de preparación de alimentos a la carta o de comida corrida,0 a 5 personas,CALLE,CEDRO,AVENIDA,RICARDO FLORES MAGON,CALLE,ELIGIO ANCONA,CALLE,FRESNO,313,NA,NA,NA,0,NA,COLONIA,SANTA MARIA LA RIBERA,NA,NA,NA,06400,09,Ciudad de México,015,Cuauhtémoc,0001,Cuauhtémoc,0470,015,NA,NA,NA,Fijo,19.45452593,-99.1611275,2010-07
900088,09015722212005411000000000U1,COMEDOR FAMILIAR HUARACHI VELOZ,NA,722511,Restaurantes con servicio de preparación de alimentos a la carta o de comida corrida,0 a 5 personas,CALLE,5 DE FEBRERO,CALLE,JUAN A. MATEOS,CALLE,FRANCISCO OLAGUIBEL,CALZADA,SAN ANTONIO ABAD,368,AB,NA,NA,0,C,COLONIA,OBRERA,NA,NA,NA,06800,09,Ciudad de México,015,Cuauhtémoc,0001,Cuauhtémoc,1267,013,5534110140,NA,NA,Fijo,19.41051431,-99.13717819,2014-12
879588,09015722219000651001000000M2,COMEDOR FAMILIAR LOS GUEROS,NA,722511,Restaurantes con servicio de preparación de alimentos a la carta o de comida corrida,6 a 10 personas,EJE VIAL,1 NORTE MOSQUETA,CALLE,ZARCO,CALLE,SOTO,CALLE,DEGOLLADO,0,SN,MERCADO MARTINEZ DE LA TORRE,PLANTA BAJA,308,NA,COLONIA,GUERRERO,MERCADO PUBLICO,MERCADO MARTINEZ DE LA TORRE,308,06300,09,Ciudad de México,015,Cuauhtémoc,0001,Cuauhtémoc,056A,002,NA,NA,NA,Fijo,19.44491623,-99.14446424,2010-07
879589,09015722219011411000000000S8,COMEDOR FAMILIAR LOS GUEROS,NA,722511,Restaurantes con servicio de preparación de alimentos a la carta o de comida corrida,0 a 5 personas,EJE VIAL,1 NORTE MOSQUETA,CALLE,ZARCO,CALLE,SOTO,CALLE,DEGOLLADO,0,SN,MERCADO MARTINEZ DE LA TORRE,PLANTA BAJA,307,NA,COLONIA,GUERRERO,MERCADO PUBLICO,MERCADO MARTINEZ DE LA TORRE,307,06300,09,Ciudad de México,015,Cuauhtémoc,0001,Cuauhtémoc,056A,002,NA,NA,NA,Fijo,19.44491623,-99.14446424,2010-07
879590,09015722110000431010000000S0,COMEDOR FAMILIAR LOS GUEROS,NA,722511,Restaurantes con servicio de preparación de alimentos a la carta o de comida corrida,0 a 5 personas,EJE VIAL,1 NORTE MOSQUETA,CALLE,ZARCO,CALLE,SOTO,CALLE,DEGOLLADO,0,SN,MERCADO MARTINEZ DE LA TORRE,PLANTA BAJA,328,NA,COLONIA,GUERRERO,MERCADO PUBLICO,MERCADO MARTINEZ DE LA TORRE,328,06300,09,Ciudad de México,015,Cuauhtémoc,0001,Cuauhtémoc,056A,002,NA,NA,NA,Fijo,19.44491623,-99.14446424,2010-07
879591,09015722110000921000000000S0,COMEDOR FAMILIAR LOS GUEROS,NA,722511,Restaurantes con servicio de preparación de alimentos a la carta o de comida corrida,0 a 5 personas,EJE VIAL,1 NORTE MOSQUETA,CALLE,ZARCO,CALLE,SOTO,CALLE,DEGOLLADO,0,SN,MERCADO MARTINEZ DE LA TORRE,PLANTA BAJA,327,NA,COLONIA,GUERRERO,MERCADO PUBLICO,MERCADO MARTINEZ DE LA TORRE,327,06300,09,Ciudad de México,015,Cuauhtémoc,0001,Cuauhtémoc,056A,002,NA,NA,NA,Fijo,19.44491623,-99.14446424,2010-07
879605,09015722511001701000000000S4,COMEDOR FAMILIAR LOS LIMONES,NA,722511,Restaurantes con servicio de preparación de alimentos a la carta o de comida corrida,0 a 5 personas,EJE VIAL,1 NORTE MOSQUETA,CALLE,ZARCO,CALLE,SOTO,CALLE,DEGOLLADO,0,SN,MERCADO MARTINEZ DE LA TORRE,PLANTA BAJA,181,NA,COLONIA,GUERRERO,MERCADO PUBLICO,MERCADO MARTINEZ DE LA TORRE,181,06300,09,Ciudad de México,015,Cuauhtémoc,0001,Cuauhtémoc,056A,002,NA,NA,NA,Fijo,19.44491623,-99.14446424,2010-07
879614,09015722511002411000069007M9,COMEDOR FAMILIAR LOS LIMONES,NA,722511,Restaurantes con servicio de preparación de alimentos a la carta o de comida corrida,6 a 10 personas,EJE VIAL,1 NORTE MOSQUETA,CALLE,ZARCO,CALLE,SOTO,CALLE,DEGOLLADO,0,SN,MERCADO MARTINEZ DE LA TORRE,PLANTA BAJA,231,NA,COLONIA,GUERRERO,MERCADO PUBLICO,MERCADO MARTINEZ DE LA TORRE,231,06300,09,Ciudad de México,015,Cuauhtémoc,0001,Cuauhtémoc,056A,002,NA,NA,NA,Fijo,19.44491623,-99.14446424,2010-07
879612,09015722511007691000069007S1,COMEDOR FAMILIAR LOS LIMONES,NA,722511,Restaurantes con servicio de preparación de alimentos a la carta o de comida corrida,0 a 5 personas,EJE VIAL,1 NORTE MOSQUETA,CALLE,ZARCO,CALLE,SOTO,CALLE,DEGOLLADO,0,SN,MERCADO MARTINEZ DE LA TORRE,PLANTA BAJA,230,NA,COLONIA,GUERRERO,MERCADO PUBLICO,MERCADO MARTINEZ DE LA TORRE,230,06300,09,Ciudad de México,015,Cuauhtémoc,0001,Cuauhtémoc,056A,002,NA,NA,NA,Fijo,19.44491623,-99.14446424,2010-07
880327,09015722219022591000069007S4,COMEDOR FAMILIAR LOS LIMONES,NA,722511,Restaurantes con servicio de preparación de alimentos a la carta o de comida corrida,0 a 5 personas,EJE VIAL,1 NORTE MOSQUETA,CALLE,ZARCO,CALLE,SOTO,CALLE,DEGOLLADO,0,SN,MERCADO MARTINEZ DE LA TORRE,PLANTA BAJA,228,NA,COLONIA,GUERRERO,MERCADO PUBLICO,MERCADO MARTINEZ DE LA TORRE,228,06300,09,Ciudad de México,015,Cuauhtémoc,0001,Cuauhtémoc,056A,002,NA,NA,NA,Fijo,19.44491623,-99.14446424,2010-07
879739,09015722511002271000069007S7,COMEDOR FAMILIAR LOS LIMONES,NA,722511,Restaurantes con servicio de preparación de alimentos a la carta o de comida corrida,0 a 5 personas,EJE VIAL,1 NORTE MOSQUETA,CALLE,ZARCO,CALLE,SOTO,CALLE,DEGOLLADO,0,SN,MERCADO MARTINEZ DE LA TORRE,MEZZANINE,229,NA,COLONIA,GUERRERO,MERCADO PUBLICO,MERCADO MARTINEZ DE LA TORRE,229,06300,09,Ciudad de México,015,Cuauhtémoc,0001,Cuauhtémoc,056A,002,NA,NA,NA,Fijo,19.44491623,-99.14446424,2010-07
880302,09015722511007591000000000S3,COMEDOR FAMILIAR LOS LIMONES,NA,722511,Restaurantes con servicio de preparación de alimentos a la carta o de comida corrida,0 a 5 personas,EJE VIAL,1 NORTE MOSQUETA,CALLE,ZARCO,CALLE,SOTO,CALLE,DEGOLLADO,NA,SN,MERCADO MARTINEZ DE LA TORRE,PLANTA BAJA,182,NA,COLONIA,GUERRERO,MERCADO PUBLICO,MERCADO MARTINEZ DE LA TORRE,182,06300,09,Ciudad de México,015,Cuauhtémoc,0001,Cuauhtémoc,056A,002,NA,NA,NA,Fijo,19.44491623,-99.14446424,2010-07
11315264,09015722511017921000000000U0,COMEDOR FAMILIAR SIN NOMBRE,NA,722511,Restaurantes con servicio de preparación de alimentos a la carta o de comida corrida,0 a 5 personas,CERRADA,GONZALEZ ORTEGA,PRIVADA,DIAZ DE LEON,CALLE,CARIDAD,CALLE,FLORIDA,6,NA,NA,NA,NA,NA,COLONIA,MORELOS,NA,NA,NA,06200,09,Ciudad de México,015,Cuauhtémoc,0001,Cuauhtémoc,0358,008,NA,NA,NA,Fijo,19.44432083,-99.1260774,2024-11
898237,09015722511005541000000000U0,COMEDOR GUILLE,NA,722511,Restaurantes con servicio de preparación de alimentos a la carta o de comida corrida,0 a 5 personas,EJE VIAL,2 A SUR DOCTOR BALMIS,CALLE,DOCTOR AGUSTIN ANDRADE,CALLE,DOCTOR BARRAGAN,CALLE,DOCTOR ARCE,0,SN,MERCADO HIDALGO,PLANTA BAJA,NA,NA,COLONIA,DOCTORES,MERCADO PUBLICO,MERCADO HIDALGO,"348, 349",06720,09,Ciudad de México,015,Cuauhtémoc,0001,Cuauhtémoc,1233,021,NA,NA,NA,Fijo,19.41429876,-99.14600464,2014-12
7744482,09015722511012401000000000U8,COMEDOR LA CHINA,NA,722511,Restaurantes con servicio de preparación de alimentos a la carta o de comida corrida,0 a 5 personas,CALLE,LIBERTAD,CALLE,JESUS CARRANZA,AVENIDA,PERALVILLO,CALLE,ESTANQUILLO,144,A,NA,NA,0,NA,COLONIA,MORELOS,NA,NA,NA,06200,09,Ciudad de México,015,Cuauhtémoc,0001,Cuauhtémoc,0540,002,NA,NA,NA,Fijo,19.44412133,-99.13201427,2019-11
880308,09015722511005461000000000S1,COMEDOR LAS 2 HERMANAS,NA,722511,Restaurantes con servicio de preparación de alimentos a la carta o de comida corrida,0 a 5 personas,EJE VIAL,1 NORTE MOSQUETA,CALLE,ZARCO,CALLE,SOTO,CALLE,DEGOLLADO,0,SN,MERCADO MARTINEZ DE LA TORRE,PLANTA BAJA,175,NA,COLONIA,GUERRERO,MERCADO PUBLICO,MERCADO MARTINEZ DE LA TORRE,175,06300,09,Ciudad de México,015,Cuauhtémoc,0001,Cuauhtémoc,056A,002,5511980782,NA,NA,Fijo,19.44491623,-99.14446424,2010-07
880299,09015722212023061001000000S2,COMEDOR LAS 2 HERMANAS,NA,722511,Restaurantes con servicio de preparación de alimentos a la carta o de comida corrida,0 a 5 personas,EJE VIAL,1 NORTE MOSQUETA,CALLE,ZARCO,CALLE,SOTO,CALLE,DEGOLLADO,0,SN,MERCADO MARTINEZ DE LA TORRE,PLANTA BAJA,138,NA,COLONIA,GUERRERO,MERCADO PUBLICO,MERCADO MARTINEZ DE LA TORRE,138,06300,09,Ciudad de México,015,Cuauhtémoc,0001,Cuauhtémoc,056A,002,5511980782,NA,NA,Fijo,19.44491623,-99.14446424,2010-07
879721,09015722511006782001000000U9,COMEDOR MARCELA,NA,722511,Restaurantes con servicio de preparación de alimentos a la carta o de comida corrida,6 a 10 personas,EJE VIAL,1 NORTE MOSQUETA,CALLE,ZARCO,CALLE,SOTO,CALLE,DEGOLLADO,0,SN,MERCADO MARTINEZ DE LA TORRE,PLANTA BAJA,495,NA,COLONIA,GUERRERO,MERCADO PUBLICO,MERCADO MARTINEZ DE LA TORRE,495,06300,09,Ciudad de México,015,Cuauhtémoc,0001,Cuauhtémoc,056A,002,NA,NA,NA,Fijo,19.44491529,-99.14446441,2010-07
879665,09015722219019761000000000S8,COMEDOR MARIANA,NA,722511,Restaurantes con servicio de preparación de alimentos a la carta o de comida corrida,6 a 10 personas,EJE VIAL,1 NORTE MOSQUETA,CALLE,ZARCO,CALLE,SOTO,CALLE,DEGOLLADO,0,SN,MERCADO MARTINEZ DE LA TORRE,PLANTA BAJA,10,NA,COLONIA,GUERRERO,MERCADO PUBLICO,MERCADO MARTINEZ DE LA TORRE,10,06300,09,Ciudad de México,015,Cuauhtémoc,0001,Cuauhtémoc,056A,002,NA,NA,NA,Fijo,19.44491448,-99.14445352,2010-07
879666,09015722219022601000000000S1,COMEDOR MARIANA,NA,722511,Restaurantes con servicio de preparación de alimentos a la carta o de comida corrida,0 a 5 personas,EJE VIAL,1 NORTE MOSQUETA,CALLE,ZARCO,CALLE,SOTO,CALLE,DEGOLLADO,0,SN,MERCADO MARTINEZ DE LA TORRE,PLANTA BAJA,9,NA,COLONIA,GUERRERO,MERCADO PUBLICO,MERCADO MARTINEZ DE LA TORRE,9,06300,09,Ciudad de México,015,Cuauhtémoc,0001,Cuauhtémoc,056A,002,NA,NA,NA,Fijo,19.44491448,-99.14445352,2010-07
853086,09015722219003291000000000U4,COMEDOR ROSITA,NA,722511,Restaurantes con servicio de preparación de alimentos a la carta o de comida corrida,0 a 5 personas,CALLE,ERNESTO ELORDUY,CALLE,FRANZ LISZT,CALLE,FRANZ SCHUBERT,CALLE,CLAUDE DEBUSSY,NA,SN,MERCADO 22 SAN JOAQUIN ZONA,PLANTA BAJA,387,NA,COLONIA,PERALVILLO,MERCADO PUBLICO,MERCADO 22 SAN JOAQUIN ZONA,387,06220,09,Ciudad de México,015,Cuauhtémoc,0001,Cuauhtémoc,0080,018,NA,NA,NA,Fijo,19.46262382,-99.13878243,2010-07
896761,09015722511005211000000000U0,COMEDOR VEGETARIANO,NA,722511,Restaurantes con servicio de preparación de alimentos a la carta o de comida corrida,0 a 5 personas,CALLE,NEZAHUALCOYOTL,CALLE,CALLEJON IGUALDAD,CALLE,BOLIVAR,AVENIDA,JOSE MARIA IZAZAGA,40,NA,NA,NA,0,NA,COLONIA,CENTRO,NA,NA,NA,06080,09,Ciudad de México,015,Cuauhtémoc,0001,Cuauhtémoc,0964,013,NA,NA,NA,Fijo,19.42557656,-99.14014171,2014-12
879547,09015722511003652000068930M7,COMEDOR YOLANDA,NA,722511,Restaurantes con servicio de preparación de alimentos a la carta o de comida corrida,6 a 10 personas,EJE VIAL,1 NORTE MOSQUETA,CALLE,ZARCO,CALLE,SOTO,CALLE,DEGOLLADO,0,SN,MERCADO MARTINEZ DE LA TORRE,PLANTA BAJA,563,561.562.564,COLONIA,GUERRERO,MERCADO PUBLICO,MERCADO MARTINEZ DE LA TORRE,561.562.564,06300,09,Ciudad de México,015,Cuauhtémoc,0001,Cuauhtémoc,056A,002,NA,NA,NA,Fijo,19.44491448,-99.14445352,2010-07
879559,09015722511007802001000000S4,COMEDOR YOLANDA,NA,722511,Restaurantes con servicio de preparación de alimentos a la carta o de comida corrida,0 a 5 personas,EJE VIAL,1 NORTE MOSQUETA,CALLE,ZARCO,CALLE,SOTO,CALLE,DEGOLLADO,0,SN,MERCADO MARTINEZ DE LA TORRE,PLANTA BAJA,564,563.561.562,COLONIA,GUERRERO,MERCADO PUBLICO,MERCADO MARTINEZ DE LA TORRE,563.561.562,06300,09,Ciudad de México,015,Cuauhtémoc,0001,Cuauhtémoc,056A,002,NA,NA,NA,Fijo,19.44491448,-99.14445352,2010-07
10812092,09015722511020192000068930S3,COMEDOR YOLANDA,NA,722511,Restaurantes con servicio de preparación de alimentos a la carta o de comida corrida,6 a 10 personas,EJE VIAL,1 NORTE MOSQUETA,CALLE,ZARCO,CALLE,SOTO,CALLE,DEGOLLADO,0,SN,MERCADO MARTINEZ DE LA TORRE,PLANTA BAJA,562,NA,COLONIA,GUERRERO,MERCADO PUBLICO,MERCADO MARTINEZ DE LA TORRE,562,06300,09,Ciudad de México,015,Cuauhtémoc,0001,Cuauhtémoc,056A,002,NA,NA,NA,Fijo,19.44491623,-99.14446424,2024-11
11828555,09015722511024751000000000U2,COMIDA CACERA LA ABUNDANCIA,NA,722511,Restaurantes con servicio de preparación de alimentos a la carta o de comida corrida,0 a 5 personas,EJE VIAL,1 Norte (Ignacio López Rayón),CALLE,Comonfort,CALLE,Allende,CALLE,República de Ecuador,18,NA,CALLE COMONFORT,NA,18,I,COLONIA,ANGEL,NA,CALLE COMONFORT,SN,06010,09,Ciudad de México,015,Cuauhtémoc,0001,Cuauhtémoc,0536,002,NA,NA,NA,Fijo,19.44364164,-99.1368678,2025-04
7744837,09015722511012461000000000U2,COMIDA CASERA ELI,NA,722511,Restaurantes con servicio de preparación de alimentos a la carta o de comida corrida,0 a 5 personas,CALLE,MINA,CALLE,PLAZA 2 DE ABRIL,CALLE,2 DE ABRIL,CALLE,PENSADOR MEXICANO,10,64,MERCADO DOS DE ABRIL,PLANTA BAJA,14,NA,COLONIA,GUERRERO,MERCADO PUBLICO,MERCADO DOS DE ABRIL,56,06300,09,Ciudad de México,015,Cuauhtémoc,0001,Cuauhtémoc,063A,005,5610021213,NA,NA,Fijo,19.43880669,-99.14157273,2019-11
11837457,09015722511024831000000000U2,COMIDA CHINA,JIM XI SA DE CV,722511,Restaurantes con servicio de preparación de alimentos a la carta o de comida corrida,0 a 5 personas,CALLE,VERSALLES,CALLE,GENERAL PRIM,CALLE,ATENAS,CALLE,LISBOA,15,NA,NA,NA,0,NA,COLONIA,JUAREZ,NA,NA,NA,06600,09,Ciudad de México,015,Cuauhtémoc,0001,Cuauhtémoc,0856,008,NA,NA,NA,Fijo,19.4317421,-99.15427099,2025-04
11778678,09015722511024571000000000U4,COMIDA CHINA,NA,722511,Restaurantes con servicio de preparación de alimentos a la carta o de comida corrida,0 a 5 personas,CALLE,Luis Moya,AVENIDA,Arcos de Belén,CALLE,Márquez Sterling,CALLE,Revillagigedo,115,NA,NA,NA,1,A Y 1 A,COLONIA,CENTRO,NA,NA,NA,06070,09,Ciudad de México,015,Cuauhtémoc,0001,Cuauhtémoc,0875,005,5547912814,NA,NA,Fijo,19.4277909,-99.14607143,2025-04
1019220,09015722516000331010000000U0,COMIDA CHINA CHANG TONG,NA,722511,Restaurantes con servicio de preparación de alimentos a la carta o de comida corrida,0 a 5 personas,CALLE,MESONES,CALLE,20 DE NOVIEMBRE,AVENIDA,JOSE MARIA PINO SUAREZ,CALLE,REGINA,113,NA,NA,NA,0,NA,COLONIA,CENTRO,NA,NA,NA,06090,09,Ciudad de México,015,Cuauhtémoc,0001,Cuauhtémoc,0894,009,5555223823,NA,NA,Fijo,19.42820601,-99.13319973,2010-07
1041937,09015465111001321000000000U1,COMIDA CHINA CHEN,NA,722511,Restaurantes con servicio de preparación de alimentos a la carta o de comida corrida,0 a 5 personas,CALLE,LOPEZ,AVENIDA,ARCOS DE BELEN,CALLE,DELICIAS,CALLE,ARANDA,153,A,NA,NA,163,NA,COLONIA,CENTRO,NA,NA,NA,06070,09,Ciudad de México,015,Cuauhtémoc,0001,Cuauhtémoc,0875,015,NA,NA,NA,Fijo,19.42751347,-99.14289632,2010-07
864068,09015722219019931000000000U7,COMIDA CHINA LA FE,NA,722511,Restaurantes con servicio de preparación de alimentos a la carta o de comida corrida,6 a 10 personas,AVENIDA,INSURGENTES SUR,CALLE,SAN LUIS POTOSI,CALLE,MANZANILLO,EJE VIAL,3 PONIENTE (MEDELLIN),214,NA,PLAZA INSURGENTE,PLANTA BAJA,NA,NA,COLONIA,ROMA NORTE,CENTRO Y PLAZA COMERCIAL,PLAZA INSURGENTE,5,06700,09,Ciudad de México,015,Cuauhtémoc,0001,Cuauhtémoc,1214,025,NA,UCHIASASUKE201@HOTMAIL.COM,NA,Fijo,19.41253847,-99.16623814,2010-07
10088745,09015722511019371000000000U6,COMIDA CHINA LOON CHIY PARA LLEVAR,NA,722511,Restaurantes con servicio de preparación de alimentos a la carta o de comida corrida,0 a 5 personas,EJE VIAL,1 NORTE MOSQUETA,EJE VIAL,1 PONIENTE (GUERRERO),CALLE,HEROES,CALLE,MOCTEZUMA,180,NA,NA,NA,NA,NA,COLONIA,GUERRERO,NA,NA,NA,06300,09,Ciudad de México,015,Cuauhtémoc,0001,Cuauhtémoc,056A,005,NA,NA,NA,Fijo,19.44512994,-99.14706748,2024-11
9792390,09015722511023402000000000U3,COMIDA CHINA XIN WANG,NA,722511,Restaurantes con servicio de preparación de alimentos a la carta o de comida corrida,6 a 10 personas,CALLE,CALLEJON DE GIRON,CALLE,RODRIGUEZ PUEBLA,CALLE,REPUBLICA DE COLOMBIA,CALLE,CALLEJON DE GIRON,93,NA,PLAZA VERDE,PISO 1,NA,SN,COLONIA,CENTRO,NA,NA,NA,06000,09,Ciudad de México,015,Cuauhtémoc,0001,Cuauhtémoc,0663,018,5582098668,NA,NA,Fijo,19.43761476,-99.12821813,2024-11
1047375,09015722511006281000000000U2,COMIDA CHINO PAN,NA,722511,Restaurantes con servicio de preparación de alimentos a la carta o de comida corrida,6 a 10 personas,CALLE,GONZALEZ ORTEGA,CALLE,BERRIOZABAL,CALLE,MANUEL DE LA PEÑA Y PEÑA,CALLE,MANUEL DOBLADO,9,8,NA,NA,36,NA,COLONIA,CENTRO,NA,NA,NA,06020,09,Ciudad de México,015,Cuauhtémoc,0001,Cuauhtémoc,0589,004,NA,NA,NA,Fijo,19.44044753,-99.1258104,2014-12
8616410,09015722511014332000000000U3,COMIDA CORRIDA SIN NOMBRE,NA,722511,Restaurantes con servicio de preparación de alimentos a la carta o de comida corrida,0 a 5 personas,CALLE,MEAVE,CALLE,ALDACO,EJE VIAL,CENTRAL (LAZARO CARDENAS),CALLE,VIZCAINAS,11,NA,EL BALDIO,PLANTA BAJA,NA,NA,COLONIA,CENTRO,PASAJE Y ANDADOR COMERCIAL,EL BALDIO,SN,06000,09,Ciudad de México,015,Cuauhtémoc,0001,Cuauhtémoc,088A,008,NA,NA,NA,Semifijo,19.42946625,-99.14065272,2019-11
8368799,09015722511009901000000000U2,COMIDA CORRIDA SOL Y LUNA,NA,722511,Restaurantes con servicio de preparación de alimentos a la carta o de comida corrida,6 a 10 personas,CALLE,ISABEL LA CATOLICA,CALLE,JUAN HERNANDEZ Y DAVALOS,EJE VIAL,3 SUR (JOSE PEON CONTRERAS),CALLE,BERNARDO COUTO,96,NA,ISABEL LA CATOLICA,PLANTA BAJA,NA,51 Y 50 Y 51,COLONIA,ALGARIN,MERCADO PUBLICO,ISABEL LA CATOLICA,50 Y 51,06880,09,Ciudad de México,015,Cuauhtémoc,0001,Cuauhtémoc,1498,010,5538756857,NA,NA,Fijo,19.40688936,-99.13954165,2019-11
879509,09015466312003701000000000S5,COMIDA DEL 490,NA,722511,Restaurantes con servicio de preparación de alimentos a la carta o de comida corrida,6 a 10 personas,EJE VIAL,1 NORTE MOSQUETA,CALLE,ZARCO,CALLE,SOTO,CALLE,DEGOLLADO,0,SN,MERCADO MARTINEZ DE LA TORRE,PLANTA BAJA,489,NA,COLONIA,GUERRERO,MERCADO PUBLICO,MERCADO MARTINEZ DE LA TORRE,489,06300,09,Ciudad de México,015,Cuauhtémoc,0001,Cuauhtémoc,056A,002,NA,NA,NA,Fijo,19.44491623,-99.14446424,2010-07
857407,09015722212001701000000000U9,COMIDA ECONOMICA,NA,722511,Restaurantes con servicio de preparación de alimentos a la carta o de comida corrida,0 a 5 personas,CALLE,BUGAMBILIA,CALLE,DOCTOR MARIANO AZUELA,CALLE,EUCALIPTO,AVENIDA,RICARDO FLORES MAGON,163,NA,MERCADO BUGAMBILIA,PLANTA BAJA,65,NA,COLONIA,SANTA MARIA LA RIBERA,MERCADO PUBLICO,MERCADO BUGAMBILIA,65,06400,09,Ciudad de México,015,Cuauhtémoc,0001,Cuauhtémoc,0470,010,NA,NA,NA,Fijo,19.4532464,-99.15287697,2010-07
1046389,09015722219022431000000000U3,COMIDA ELY,NA,722511,Restaurantes con servicio de preparación de alimentos a la carta o de comida corrida,0 a 5 personas,CALLE,CLAUDE DEBUSSY,CALLE,FRANZ SCHUBERT,CALLE,LUDWING VAN BEETHOVEN,CALZADA,VALLEJO,36,A,NA,NA,0,NA,COLONIA,PERALVILLO,NA,NA,NA,06220,09,Ciudad de México,015,Cuauhtémoc,0001,Cuauhtémoc,0080,013,5514992199,NA,NA,Fijo,19.46192241,-99.14003867,2010-07
10382845,09015722511017411000000000U2,COMIDA JAPONESA,NA,722511,Restaurantes con servicio de preparación de alimentos a la carta o de comida corrida,0 a 5 personas,CALLE,REPUBLICA DE VENEZUELA,CALLE,CALLE DEL CARMEN,CALLE,REPUBLICA DE ARGENTINA,CALLE,SAN ILDEFONSO,41,NA,NA,NA,NA,NA,COLONIA,CENTRO,NA,NA,NA,06500,09,Ciudad de México,015,Cuauhtémoc,0001,Cuauhtémoc,0659,020,NA,NA,NA,Fijo,19.43718598,-99.13047924,2024-11
1030010,09015722219015551000000000U7,COMIDA JAPONESA,NA,722511,Restaurantes con servicio de preparación de alimentos a la carta o de comida corrida,0 a 5 personas,CALLE,DOCTOR ILDELFONSO VELASCO,AVENIDA,DOCTOR JOSE MARIA VERTIZ,CALLE,DOCTOR MIGUEL FRANCISCO JIMENEZ,CALLE,DOCTOR J. NAVARRO,0,SN,NA,NA,0,NA,COLONIA,DOCTORES,NA,NA,NA,06720,09,Ciudad de México,015,Cuauhtémoc,0001,Cuauhtémoc,1036,016,5525337365,NA,NA,Semifijo,19.41948099,-99.14869091,2010-07
1042260,09015722219020521000000000U3,COMIDA JAPONESA,NA,722511,Restaurantes con servicio de preparación de alimentos a la carta o de comida corrida,0 a 5 personas,CALLE,ATENAS,CALLE,ABRAHAM GONZALEZ,CALLE,VERSALLES,CALLE,GENERAL PRIM,0,SN,NA,NA,NA,NA,COLONIA,JUAREZ,NA,NA,NA,06600,09,Ciudad de México,015,Cuauhtémoc,0001,Cuauhtémoc,0856,009,5523084458,NA,NA,Semifijo,19.43160713,-99.15343357,2010-07
1030827,09015722219004221000000000U0,COMIDA JAPONESA DAIMO SUSHI,NA,722511,Restaurantes con servicio de preparación de alimentos a la carta o de comida corrida,6 a 10 personas,AVENIDA,DOCTOR JOSE MARIA VERTIZ,CALLE,DOCTOR C. LICEAGA,CALLE,DOCTOR LAVISTA,CALLE,DOCTOR MIGUEL FRANCISCO JIMENEZ,0,SN,NA,NA,0,NA,COLONIA,DOCTORES,NA,NA,NA,06720,09,Ciudad de México,015,Cuauhtémoc,0001,Cuauhtémoc,1036,006,5541506790,NA,NA,Semifijo,19.42337311,-99.14681046,2010-07
1030063,09015722219011021011000000M5,COMIDA JAPONESA KIODAY,NA,722511,Restaurantes con servicio de preparación de alimentos a la carta o de comida corrida,6 a 10 personas,CALLE,DOCTOR C LICEAGA,CALLE,DOCTOR MIGUEL FRANCISCO JIMENEZ,CALLE,CLAUDIO BERNARD,CALLE,CLAUDIO BERNARD,0,SN,NA,NA,0,NA,COLONIA,DOCTORES,NA,NA,NA,06720,09,Ciudad de México,015,Cuauhtémoc,0001,Cuauhtémoc,1534,010,5537141273,NA,NA,Semifijo,19.42203856,-99.14924219,2010-07
953060,09015722212005441001000000U8,COMIDA LA CONCHITA,NA,722511,Restaurantes con servicio de preparación de alimentos a la carta o de comida corrida,0 a 5 personas,EJE VIAL,2 A SUR DOCTOR BALMIS,CALLE,DOCTOR AGUSTIN ANDRADE,CALLE,DOCTOR BARRAGAN,CALLE,DOCTOR ARCE,0,SN,MERCADO HIDALGO,PLANTA BAJA,NA,NA,COLONIA,DOCTORES,MERCADO PUBLICO,MERCADO HIDALGO,617 618,06720,09,Ciudad de México,015,Cuauhtémoc,0001,Cuauhtémoc,1233,021,NA,NA,NA,Fijo,19.41429876,-99.14600464,2010-07
11093029,09015722511019011000000000U8,COMIDA LAS CAZUELITAS,NA,722511,Restaurantes con servicio de preparación de alimentos a la carta o de comida corrida,0 a 5 personas,CALLE,MAESTRO ANTONIO CASO,CALLE,MIGUEL SCHULTZ,CALLE,SERAPIO RENDON,CALLE,JAMES SULLIVAN,96,B,NA,NA,NA,NA,COLONIA,SAN RFAEL,NA,NA,NA,06470,09,Ciudad de México,015,Cuauhtémoc,0001,Cuauhtémoc,0697,013,NA,NA,NA,Fijo,19.43467013,-99.16091788,2024-11
10379161,09015722511019391000000000U4,COMIDA MEXICANA,NA,722511,Restaurantes con servicio de preparación de alimentos a la carta o de comida corrida,0 a 5 personas,PEATONAL,PLAZA GARIBALDI,EJE VIAL,CENTRAL (LAZARO CARDENAS),CALLE,SAN CAMILITO,CALLE,REPUBLICA DE ECUADOR,4,NA,MERCADO DE SAN CAMILITO,PLANTA BAJA,65,NA,COLONIA,CENTRO,MERCADO PUBLICO,MERCADO DE SAN CAMILITO,65,06010,09,Ciudad de México,015,Cuauhtémoc,0001,Cuauhtémoc,0536,014,5587370313,NA,NA,Fijo,19.44093651,-99.13913156,2024-11
9916152,09015722511018831000000000U0,COMIDA MEXICANA Y ARABE,NA,722511,Restaurantes con servicio de preparación de alimentos a la carta o de comida corrida,0 a 5 personas,AVENIDA,JOSE MARIA IZAZAGA,CALLE,ISABEL LA CATOLICA,CALLE,5 DE FEBRERO,CALLE,NEZAHUALCOYOTL,89,NA,PLAZA IZAZAGA 89,PISO 15,NA,NA,COLONIA,CENTRO,CENTRO Y PLAZA COMERCIAL,PLAZA IZAZAGA 89,N-1609-B,06000,09,Ciudad de México,015,Cuauhtémoc,0001,Cuauhtémoc,0964,002,NA,NA,NA,Fijo,19.42606825,-99.13642522,2024-11
7755874,09015722511014601000000000U1,COMIDA OAXAQUEÑA,NA,722511,Restaurantes con servicio de preparación de alimentos a la carta o de comida corrida,0 a 5 personas,AVENIDA,NIÑOS HEROES,CALLE,DOCTOR ILDELFONSO VELASCO,CALLE,DOCTOR J. NAVARRO,CALLE,DOCTOR RAFAEL LUCIO,0,SN,NA,NA,NA,NA,COLONIA,DOCTORES,NA,NA,NA,06720,09,Ciudad de México,015,Cuauhtémoc,0001,Cuauhtémoc,1549,044,5547790105,NA,NA,Semifijo,19.42007913,-99.15037825,2019-11
8007222,09015722412004221000000000U1,COMIDA PARA MONTRUOS,NA,722412,"Bares, cantinas y similares",0 a 5 personas,CALLE,MANUEL CARPIO,CALLE,NARANJO,CALLE,SABINO,CALLE,SALVADOR DIAZ MIRON,144,NA,144,PLANTA BAJA,NA,NA,COLONIA,SANTA MARIA RIVERRA,EDIFICIO COMERCIAL Y DE SERVICIOS,144,O,06400,09,Ciudad de México,015,Cuauhtémoc,0001,Cuauhtémoc,0466,013,NA,NA,NA,Fijo,19.45090831,-99.15915465,2019-11
11088544,09015722511021101000000000U3,COMIDA SIN NOMBRE,NA,722511,Restaurantes con servicio de preparación de alimentos a la carta o de comida corrida,0 a 5 personas,CALLE,LONDRES,EJE VIAL,2 PONIENTE (FLORENCIA),CALLE,AMBERES,CALLE,LIVERPOOL,154,NA,MERCADO INSURGENTES,PLANTA BAJA,NA,NA,COLONIA,JUAREZ,MERCADO PUBLICO,MERCADO INSURGENTES,70,06600,09,Ciudad de México,015,Cuauhtémoc,0001,Cuauhtémoc,095A,006,NA,NA,NA,Fijo,19.42457883,-99.16561745,2024-11
9664017,09015722511021511000000000U3,COMIDA VENEZOLANA,NA,722511,Restaurantes con servicio de preparación de alimentos a la carta o de comida corrida,0 a 5 personas,CALLE,RIO MARNE,CALLE,PLAZA CARLOS FINLAY,AVENIDA,PASEO DE LA REFORMA,CALLE,RIO TAMESIS,0,SN,NA,NA,NA,NA,COLONIA,CUAUHTEMOC,NA,NA,NA,06500,09,Ciudad de México,015,Cuauhtémoc,0001,Cuauhtémoc,0837,007,5628124553,JORGELUISCASTILLOSILVA@GMAIL.COM,NA,Fijo,19.43065206,-99.16105974,2024-11
11372809,09015722511019501000000000U8,COMIDA VENOZOLANA SIN NOMBRE,NA,722511,Restaurantes con servicio de preparación de alimentos a la carta o de comida corrida,0 a 5 personas,CALLE,LUDWING VAN BEETHOVEN,CALLE,ADELINA PATTI,CALLE,RICHARD WAGNER,CALLE,WOLFGANG AMADEUS MOZART,17,NA,MERCADO BEETHOVEN,PASILLO,18518,NA,COLONIA,PERALVILLO,MERCADO PUBLICO,MERCADO BEETHOVEN,185 186,06220,09,Ciudad de México,015,Cuauhtémoc,0001,Cuauhtémoc,0112,008,NA,NA,NA,Fijo,19.45989847,-99.13011383,2024-11
7757193,09015722518007971000000000U2,COMIDAS CORRIDAS,NA,722511,Restaurantes con servicio de preparación de alimentos a la carta o de comida corrida,0 a 5 personas,CALLE,ECHEVESTE,CALLE,JIMENEZ,CALLE,BOLIVAR,CALLE,SAN JERONIMO,7,Z,NA,NA,0,NA,COLONIA,CENTRO,NA,NA,NA,06080,09,Ciudad de México,015,Cuauhtémoc,0001,Cuauhtémoc,088A,005,NA,NA,NA,Fijo,19.42808804,-99.13943004,2019-11
1025921,09015722219032072000000000U3,COMPAÑIA DE RESTAURANTES LIBANESES,COMPAÑIA DE RESTAURANTES LIBANESES SA DE CV,722511,Restaurantes con servicio de preparación de alimentos a la carta o de comida corrida,11 a 30 personas,CALLE,VENUSTIANO CARRANZA,CALLE,CORREO MAYOR,CALLE,JESUS MARIA,CALLE,CORREGIDORA,148,NA,NA,NA,101,NA,COLONIA,CENTRO,NA,NA,NA,06060,09,Ciudad de México,015,Cuauhtémoc,0001,Cuauhtémoc,0771,014,NA,EDHEN.CARRANZA@GMAIL.COM,NA,Fijo,19.43031989,-99.12900928,2010-07
7756490,09015722511014811000000000S6,CON VISTA AL MAR,NA,722511,Restaurantes con servicio de preparación de alimentos a la carta o de comida corrida,6 a 10 personas,CALLE,MILAN,CALLE,ROMA,CALLE,LUCERNA,CALLE,LISBOA,36,NA,NA,NA,0,NA,COLONIA,JUAREZ,NA,NA,NA,06600,09,Ciudad de México,015,Cuauhtémoc,0001,Cuauhtémoc,0856,005,NA,JUAREZCONVISTAALMAR@GMAIL.COM,NA,Fijo,19.42970721,-99.15688354,2019-11
7733599,09015722511011482000000000U9,CONDE DEL MAR,ANBARI ASOCIADOS S DE RL DE CV,722511,Restaurantes con servicio de preparación de alimentos a la carta o de comida corrida,6 a 10 personas,AVENIDA,TAMAULIPAS,CALLE,SALVADOR ALVARADO,CALLE,GENERAL BENJAMIN HILL,AVENIDA,TAMAULIPAS,NA,SN,NA,NA,NA,NA,COLONIA,CUAUHTEMOC,NA,NA,NA,06170,09,Ciudad de México,015,Cuauhtémoc,0001,Cuauhtémoc,1411,002,NA,NA,NA,Fijo,19.40725335,-99.17825023,2019-11
9425454,09015722412005351000000000U5,CONSALERO,GATE 2 GATE SA DE CV,722412,"Bares, cantinas y similares",0 a 5 personas,EJE VIAL,2 PONIENTE MONTERREY,CALLE,NAYARIT,CALLE,AGUASCALIENTES,CALLE,TONALA,276,NA,NA,NA,NA,B,COLONIA,ROMA SUR,NA,NA,NA,06760,09,Ciudad de México,015,Cuauhtémoc,0001,Cuauhtémoc,1375,004,NA,FSCALANTE1947@GMAIL.COM,NA,Fijo,19.40948769,-99.16200711,2023-11
1029582,09015722511000702001000000M3,CONSTELA CAFE,NA,722511,Restaurantes con servicio de preparación de alimentos a la carta o de comida corrida,6 a 10 personas,CALLE,COLIMA,CALLE,JALAPA,CALLE,TONALA,CALLE,DURANGO,209,NA,NA,NA,NA,NA,COLONIA,ROMA NORTE,NA,NA,NA,06700,09,Ciudad de México,015,Cuauhtémoc,0001,Cuauhtémoc,1002,004,NA,GERENCIA.COLIMA@CONSTELACAFE.COM,NA,Fijo,19.4195447,-99.16166485,2010-07
867062,09015722110002803001000000U8,COOK RAMEL,CONSALERO SA DE CV,722511,Restaurantes con servicio de preparación de alimentos a la carta o de comida corrida,11 a 30 personas,AVENIDA,CAMPECHE,CALLE,OMETUSCO,AVENIDA,CAMPECHE,AVENIDA,NUEVO LEON,NA,SN,NA,NA,NA,NA,COLONIA,CUAUHTEMOC,NA,NA,NA,06170,09,Ciudad de México,015,Cuauhtémoc,0001,Cuauhtémoc,1337,009,NA,NA,NA,Fijo,19.40888362,-99.1729709,2010-07
8625274,09015722511013651000000000U7,COOK RAMEN,NA,722511,Restaurantes con servicio de preparación de alimentos a la carta o de comida corrida,11 a 30 personas,AVENIDA,NUEVO LEON,CALLE,OMETUSCO,CALLE,SALTILLO,AVENIDA,CAMPECHE,139,NA,NA,NA,0,C,COLONIA,CUAUHTEMOC,NA,NA,NA,06170,09,Ciudad de México,015,Cuauhtémoc,0001,Cuauhtémoc,1337,009,5521995904,COOKRAMENCONDESA@GMAIL.COM,NA,Fijo,19.40951062,-99.17286194,2019-11
10452118,09015722511020123000000000U8,COOK RAMEN,NA,722511,Restaurantes con servicio de preparación de alimentos a la carta o de comida corrida,11 a 30 personas,CALLE,AMBERES,AVENIDA,PASEO DE LA REFORMA,CALLE,HAMBURGO,CALLE,ESTOCOLMO,33,NA,NA,NA,NA,NA,COLONIA,JUAREZ,NA,NA,NA,06600,09,Ciudad de México,015,Cuauhtémoc,0001,Cuauhtémoc,0945,012,NA,NA,NA,Fijo,19.42597647,-99.16557524,2024-11
7254647,09015722511010481000000000U2,CORAZONCITO HUASTECO,NA,722511,Restaurantes con servicio de preparación de alimentos a la carta o de comida corrida,6 a 10 personas,CALLE,JUAN HERNANDEZ Y DAVALOS,CALLE,MANUEL NAVARRETE,CALLE,ENRIQUE GRANADOS,CALLE,JOSE TORIBIO MEDINA,25,2,NA,NA,0,NA,COLONIA,JUAN HERNANDEZ Y DAVALOS,NA,NA,NA,06880,09,Ciudad de México,015,Cuauhtémoc,0001,Cuauhtémoc,1498,020,5521248201,NA,NA,Fijo,19.40667148,-99.14327083,2019-11
11641814,09015722511018601000000000U7,COSECHA NATURAL,NA,722511,Restaurantes con servicio de preparación de alimentos a la carta o de comida corrida,0 a 5 personas,CALLE,SAN LUIS POTOSI,EJE VIAL,2 PONIENTE (MONTERREY),EJE VIAL,3 PONIENTE (MEDELLIN),CALLE,QUERETARO,181,NA,NA,NA,NA,NA,COLONIA,ROMA NORTE,NA,NA,NA,06700,09,Ciudad de México,015,Cuauhtémoc,0001,Cuauhtémoc,1214,014,NA,NA,NA,Fijo,19.41328242,-99.1639448,2024-11
10532492,09015722511020332000000000U5,COSINA ECONOMICA LAS CASUELAS,NA,722511,Restaurantes con servicio de preparación de alimentos a la carta o de comida corrida,6 a 10 personas,CALLE,TALAVERA,CALLE,REPUBLICA DE URUGUAY,CALLE,ALONSO GARCIA BRAVO,CALLE,ROLDAN,4,141,NA,NA,NA,NA,COLONIA,CENTRO,NA,NA,NA,06020,09,Ciudad de México,015,Cuauhtémoc,0001,Cuauhtémoc,0911,019,5585524025,NA,NA,Fijo,19.429432,-99.12745047,2024-11
7743408,09015722412004321000000000U9,COSMIC FRIZZER,UKUMBU SOY POR QUE ERES TU SA SA DE CV,722412,"Bares, cantinas y similares",0 a 5 personas,AVENIDA,RIBERA DE SAN COSME,CALLE,IGNACIO MANUEL ALTAMIRANO,CALLE,JOSE ROSAS MORENO,CALLE,JOAQUIN GARCIA ICAZBALCETA,86,NA,NA,NA,1,NA,COLONIA,SAN RAFAEL,NA,NA,NA,06470,09,Ciudad de México,015,Cuauhtémoc,0001,Cuauhtémoc,0682,014,NA,NA,NA,Fijo,19.44193836,-99.1613573,2019-11
1025425,09015722110003593001000000U4,COSTIARRACHERAS,NA,722511,Restaurantes con servicio de preparación de alimentos a la carta o de comida corrida,6 a 10 personas,CALLE,REPUBLICA DE URUGUAY,CALLE,5 DE FEBRERO,CALLE,ISABEL LA CATOLICA,CALLE,VENUSTIANO CARRANZA,84,NA,NA,NA,101,NA,COLONIA,CENTRO,NA,NA,NA,06000,09,Ciudad de México,015,Cuauhtémoc,0001,Cuauhtémoc,0818,010,NA,COSTIARRACHERAS@OUTLOOK.COM,WWW.COSTIARRACHERAS.MX,Fijo,19.43027629,-99.13487517,2010-07
1025426,09015722110002663001000000U6,COSTILLAS EL SITIO,NA,722511,Restaurantes con servicio de preparación de alimentos a la carta o de comida corrida,6 a 10 personas,CALLE,REPUBLICA DE URUGUAY,CALLE,5 DE FEBRERO,CALLE,ISABEL LA CATOLICA,CALLE,VENUSTIANO CARRANZA,82,NA,NA,NA,0,NA,COLONIA,CENTRO,NA,NA,NA,06000,09,Ciudad de México,015,Cuauhtémoc,0001,Cuauhtémoc,0818,010,5555120295,QVTECH-23@HOTMAIL.COM,NA,Fijo,19.43028178,-99.13491386,2010-07
10682987,09015722511018332000000000U9,COSTILLAS FUENTES,NA,722511,Restaurantes con servicio de preparación de alimentos a la carta o de comida corrida,6 a 10 personas,CALLE,MERIDA,CALLE,COLIMA,CALLE,DURANGO,CALLE,FRONTERA,68,NA,NA,NA,0,NA,COLONIA,ROMA NORTE,NA,NA,NA,06700,09,Ciudad de México,015,Cuauhtémoc,0001,Cuauhtémoc,1017,006,NA,NA,NA,Fijo,19.42117268,-99.15787367,2024-11
6799286,09015722511009183001000000U7,COTORRITOS,ALIMENTOS CIBELES 187 SA DE CV,722511,Restaurantes con servicio de preparación de alimentos a la carta o de comida corrida,11 a 30 personas,CALLE,DURANGO,AVENIDA,PLAZA VILLA MADRID,EJE VIAL,2 PONIENTE (MONTERREY),AVENIDA,OAXACA,187,NA,NA,NA,NA,NA,COLONIA,ROMA NORTE,NA,NA,NA,06700,09,Ciudad de México,015,Cuauhtémoc,0001,Cuauhtémoc,0998,015,NA,MAR_FICACHI@YAHOO.COM,NA,Fijo,19.4199837,-99.16561305,2017-11
11201767,09015722511018911000000000U0,COYOTA JE RESPONSABLE,NA,722511,Restaurantes con servicio de preparación de alimentos a la carta o de comida corrida,0 a 5 personas,CALLE,SANTA MARIA LA RIBERA,CALLE,AMADO NERVO,AVENIDA,RIBERA DE SAN COSME,CALLE,JAIME TORRES BODET,12,NA,NA,NA,10,NA,COLONIA,SANTA MARIALA RIBERA,NA,NA,NA,06400,09,Ciudad de México,015,Cuauhtémoc,0001,Cuauhtémoc,0606,012,5527169179,COYOTA@SEXTO.COM,NA,Fijo,19.44217592,-99.15828539,2024-11
10672202,09015722511019161000000000U1,CREOLE,NA,722511,Restaurantes con servicio de preparación de alimentos a la carta o de comida corrida,0 a 5 personas,AVENIDA,MEXICO,AVENIDA,SONORA,CALLE,MEXICO,AVENIDA,SONORA,196,NA,NA,NA,NA,NA,COLONIA,HIPODROMO,NA,NA,NA,06100,09,Ciudad de México,015,Cuauhtémoc,0001,Cuauhtémoc,120A,005,NA,NA,NA,Fijo,19.41414745,-99.1679053,2024-11
887277,09015722412002622001000000U2,CRISTOBAL IGNACIO ORTIZ HERNANDEZ,NA,722412,"Bares, cantinas y similares",6 a 10 personas,CALLE,TACUBA,CALLE,REPUBLICA DE CHILE,CALLE,PALMA NORTE,CALLE,DONCELES,64,NA,NA,NA,0,NA,COLONIA,CENTRO,NA,NA,NA,06000,09,Ciudad de México,015,Cuauhtémoc,0001,Cuauhtémoc,0752,005,NA,NA,NA,Fijo,19.43537292,-99.13544589,2014-12
9178831,09015336360000021000000000U8,CROOKED HORNS,NA,722412,"Bares, cantinas y similares",0 a 5 personas,CALLE,VERSALLES,CALLE,BARCELONA,CALLE,TURIN,CALLE,ABRAHAM GONZALEZ,78,NA,NA,NA,0,NA,COLONIA,JUAREZ,NA,NA,NA,06600,09,Ciudad de México,015,Cuauhtémoc,0001,Cuauhtémoc,0856,014,NA,ACCESORIOSD-MAR@HOTMAIL.COM,NA,Fijo,19.42822313,-99.15537145,2019-11
9738003,09015722511020181000000000U6,CUCINA MATTE 82,NA,722511,Restaurantes con servicio de preparación de alimentos a la carta o de comida corrida,0 a 5 personas,CALLE,GABINO BARREDA,CALLE,FRANCISCO PIMENTEL,CALLE,GUILLERMO PRIETO,CALLE,IGNACIO MANUEL ALTAMIRANO,82,B,NA,NA,NA,NA,COLONIA,SAN RAFAEL,NA,NA,NA,06470,09,Ciudad de México,015,Cuauhtémoc,0001,Cuauhtémoc,0682,001,5519575290,CUCINAMATTE@GMAIL.COM,NA,Fijo,19.43809921,-99.16372415,2024-11
10546610,09015722511017901000000000U2,CUERVO BLACO PUB,NA,722511,Restaurantes con servicio de preparación de alimentos a la carta o de comida corrida,0 a 5 personas,CALLEJON,DOLORES,CALLE,ARTICULO 123,CALLE,INDEPENDENCIA,CALLE,ARTICULO 123,8,NA,EDIFICIO CALLEJON 2 DOLORES,PLANTA BAJA,8,NA,COLONIA,CENTRO,NA,NA,NA,06000,09,Ciudad de México,015,Cuauhtémoc,0001,Cuauhtémoc,0748,004,5549338355,NA,NA,Fijo,19.43248798,-99.14274764,2024-11
9425891,09015722511016944000000000U3,CUINA RESTAURAT,CUINA CONCEPTOS GASTRONOMICOS SA DE CV,722511,Restaurantes con servicio de preparación de alimentos a la carta o de comida corrida,31 a 50 personas,CALLE,TABASCO,CALLE,MORELIA,CALLE,FRONTERA,AVENIDA,ALVARO OBREGON,46,NA,NA,NA,NA,NA,COLONIA,BENITO JUAREZ,NA,NA,NA,06700,09,Ciudad de México,015,Cuauhtémoc,0001,Cuauhtémoc,1017,026,NA,CUINARESTAURAT@CUINA.COM.MX,WWW.CUINA.COM.MX,Fijo,19.41995828,-99.15569638,2023-11
11348787,09015722412006122000000000U9,CUTRE,OSTIONES Y VINOS SA DE CV,722412,"Bares, cantinas y similares",6 a 10 personas,CALLE,RIO EBRO,CIRCUITO,INTERIOR (CALZADA MELCHOR OCAMPO),CALLE,RIO GRIJALVA,CIRCUITO,INTERIOR (CALZADA MELCHOR OCAMPO),288,NA,NA,NA,NA,NA,COLONIA,CAUHTEMOC,NA,NA,NA,06500,09,Ciudad de México,015,Cuauhtémoc,0001,Cuauhtémoc,0822,021,NA,CONTACTO@CUTRE.MX,NA,Fijo,19.432846,-99.17152081,2024-11
9055272,09015722511014411000000000U5,DA TOTO,NA,722511,Restaurantes con servicio de preparación de alimentos a la carta o de comida corrida,11 a 30 personas,CALLE,AMATLAN,AVENIDA,CAMPECHE,AVENIDA,MICHOACAN,CALLE,CUERNAVACA,109,NA,NA,NA,1,NA,COLONIA,CONDESA,NA,NA,NA,06170,09,Ciudad de México,015,Cuauhtémoc,0001,Cuauhtémoc,1318,002,5533218598,NA,NA,Fijo,19.41070524,-99.17618448,2019-11
10730643,09015722511018232000000000U1,DAIKOKU,NA,722511,Restaurantes con servicio de preparación de alimentos a la carta o de comida corrida,6 a 10 personas,AVENIDA,MICHOACAN,AVENIDA,MEXICO,AVENIDA,AMSTERDAM,CALLE,TEOTIHUACAN,23,NA,NA,NA,NA,NA,COLONIA,HIPODROMO,NA,NA,NA,06100,09,Ciudad de México,015,Cuauhtémoc,0001,Cuauhtémoc,1341,021,NA,NA,NA,Fijo,19.41092009,-99.16837342,2024-11
866011,09015722110003863000000000S1,DAIKOKU,RESTAURANTERA JYUNPAKU SA DE CV,722511,Restaurantes con servicio de preparación de alimentos a la carta o de comida corrida,11 a 30 personas,AVENIDA,NUEVO LEON,AVENIDA,CAMPECHE,CALLE,CITLALTEPETL,AVENIDA,NUEVO LEON,160,B,NA,NA,0,NA,COLONIA,HIPODROMO,NA,NA,NA,06100,09,Ciudad de México,015,Cuauhtémoc,0001,Cuauhtémoc,1341,015,NA,MIIIYANG@HOTMAIL.COM,WWW.DAIKOKU.COM.MX,Fijo,19.40830077,-99.17216445,2010-07
7732048,09015722516001151000000000U1,DAL,ONCE PLATOS SA DE CV,722511,Restaurantes con servicio de preparación de alimentos a la carta o de comida corrida,0 a 5 personas,CALLE,MEDELLIN,CALLE,PUEBLA,CALLE,SINALOA,EJE VIAL,2 PONIENTE (MONTERREY),32,NA,NA,NA,NA,NA,COLONIA,LA ROMA,NA,NA,NA,06700,09,Ciudad de México,015,Cuauhtémoc,0001,Cuauhtémoc,0998,002,NA,1PLATOSFB@GMAIL.COM,NA,Fijo,19.42137769,-99.1668566,2019-11
10629396,09015722511022131000000000U9,DAN KINDY,NA,722511,Restaurantes con servicio de preparación de alimentos a la carta o de comida corrida,0 a 5 personas,AVENIDA,INSURGENTES SUR,CALLE,TLAXCALA,CALLE,AGUASCALIENTES,CALLE,TLACOTALPAN,420,NA,NA,NA,0,NA,COLONIA,ROMA SUR,NA,NA,NA,06760,09,Ciudad de México,015,Cuauhtémoc,0001,Cuauhtémoc,1356,018,NA,NA,NA,Fijo,19.40775686,-99.1678108,2024-11
10251862,09015722412006171000000000U6,DANNY CHELAS,NA,722412,"Bares, cantinas y similares",0 a 5 personas,CALLE,DOCTOR NEVA,EJE VIAL,CENTRAL (LAZARO CARDENAS),PRIVADA,DOCTOR VELEZ,CALLE,DOCTOR FEDERICO GOMEZ UGARTE SANTOS,18,NA,NA,NA,NA,NA,COLONIA,DOCTORES,NA,NA,NA,06720,09,Ciudad de México,015,Cuauhtémoc,0001,Cuauhtémoc,1394,023,NA,NA,NA,Fijo,19.40903175,-99.14517022,2024-11
1026558,09015722219015441011000000U1,DAY LIGHT SALADS,NA,722511,Restaurantes con servicio de preparación de alimentos a la carta o de comida corrida,0 a 5 personas,CALLE,RIO LERMA,CALLE,RIO ELBA,CALLE,RIO RODANO,CALLE,RIO ATOYAC,328,NA,NA,NA,NA,NA,COLONIA,CUAUHTEMOC,NA,NA,NA,06500,09,Ciudad de México,015,Cuauhtémoc,0001,Cuauhtémoc,0930,015,NA,DAYLIGHTRIOLERMA@GMAIL.COM,WWW.DAYLIGHTSALADS.COM,Fijo,19.42520818,-99.17558494,2010-07
7744840,09015722511012471000000000U1,DE DIEZ Y MAS,NA,722511,Restaurantes con servicio de preparación de alimentos a la carta o de comida corrida,0 a 5 personas,CALLE,MINA,CALLE,TRUJANO,CALLE,GALEANA,CALLE,MINA,33,G,NA,NA,0,NA,COLONIA,GUERRERO,NA,NA,NA,06300,09,Ciudad de México,015,Cuauhtémoc,0001,Cuauhtémoc,063A,007,NA,ELYGUT519@GMAIL.COM,NA,Fijo,19.43901277,-99.14258148,2019-11
11078375,09015722511020362000000000U2,DE DOG HOUS,LUPIDE HOWWL SA DE CV,722511,Restaurantes con servicio de preparación de alimentos a la carta o de comida corrida,6 a 10 personas,CALLE,SINALOA,CALLE,MEDELLIN,EJE VIAL,2 PONIENTE (MONTERREY),CALLE,PUEBLA,61,NA,NA,NA,NA,C,COLONIA,LA ROMA,NA,NA,NA,06700,09,Ciudad de México,015,Cuauhtémoc,0001,Cuauhtémoc,0998,002,NA,GWENFB31@GMAIL.COM,WWW.DEDOHGHOUS.COM,Fijo,19.42097518,-99.16642027,2024-11
865385,09015722219019631001000000U3,DEGU,CASAS DE COMIDA DEGU,722511,Restaurantes con servicio de preparación de alimentos a la carta o de comida corrida,0 a 5 personas,AVENIDA,AMSTERDAM,AVENIDA,SONORA,CALLE,HUICHAPAN,AVENIDA,SONORA,46,NA,NA,NA,NA,A,COLONIA,HIPODROMO,NA,NA,NA,06100,09,Ciudad de México,015,Cuauhtémoc,0001,Cuauhtémoc,120A,006,NA,INFO@DEGU.MX,WWW.DEGU.MX,Fijo,19.41528116,-99.16893476,2010-07
11681998,09015722511017623000000000S2,DEIGO RAMEN,GRUPO MENYA SAPI DE CV SA DE CV,722511,Restaurantes con servicio de preparación de alimentos a la carta o de comida corrida,11 a 30 personas,CALLE,TLAXCALA,CALLE,CHILPANCINGO,AVENIDA,INSURGENTES SUR,CALLE,AGUASCALIENTES,165,NA,NA,NA,NA,NA,COLONIA,HIPODROMO,NA,NA,NA,06100,09,Ciudad de México,015,Cuauhtémoc,0001,Cuauhtémoc,1341,003,NA,NA,NA,Fijo,19.40680268,-99.16935102,2024-11
10227293,09015722511020631000000000U0,DEJAVU,NA,722511,Restaurantes con servicio de preparación de alimentos a la carta o de comida corrida,0 a 5 personas,CALLE,REGINA,CALLE,5 DE FEBRERO,CALLE,ISABEL LA CATOLICA,PEATONAL,SAN JERONIMO,31,B,NA,NA,NA,NA,COLONIA,CUAUHTEMOC,NA,NA,NA,06080,09,Ciudad de México,015,Cuauhtémoc,0001,Cuauhtémoc,0894,004,5569615948,NA,NA,Fijo,19.42782628,-99.13695143,2024-11
10373819,09015722511020531000000000U2,DEL AMOR A LA COCINA,NA,722511,Restaurantes con servicio de preparación de alimentos a la carta o de comida corrida,0 a 5 personas,CALLE,RAMON I ALDANA,CALLE,JUAN DE DIOS ARIAS,CALLE,FRANCISCO AYALA,CALLE,JOSE MARIA ROA BARCENAS,19,NA,NA,NA,NA,NA,COLONIA,VISTA ALEGRE,NA,NA,NA,06860,09,Ciudad de México,015,Cuauhtémoc,0001,Cuauhtémoc,1271,008,NA,NA,NA,Fijo,19.41203688,-99.13419022,2024-11
8326901,09015722511012821000000000U7,DELI MX,NA,722511,Restaurantes con servicio de preparación de alimentos a la carta o de comida corrida,0 a 5 personas,CALLE,HAMBURGO,CALLE,VARSOVIA,CALLE,PRAGA,CALLE,LONDRES,214,NA,EDIFICIO COMERCIAL Y DE SERVICIOS SIN NOMBRE,PLANTA BAJA,NA,NA,COLONIA,JUAREZ,EDIFICIO COMERCIAL Y DE SERVICIOS,EDIFICIO COMERCIAL Y DE SERVICIOS SIN NOMBRE,SN,06600,09,Ciudad de México,015,Cuauhtémoc,0001,Cuauhtémoc,0983,005,NA,NA,NA,Fijo,19.42410849,-99.16898049,2019-11
7743147,09015722511011972000000000U9,DELICIA SELENE,NA,722511,Restaurantes con servicio de preparación de alimentos a la carta o de comida corrida,6 a 10 personas,CALLE,VIOLETA,CALLE,ZARAGOZA,CALLE,ARISTA,CALLE,MINA,72,NA,NA,NA,1,NA,COLONIA,BUENAVISTA,NA,NA,NA,06350,09,Ciudad de México,015,Cuauhtémoc,0001,Cuauhtémoc,0610,005,5548669038,NA,NA,Fijo,19.44184122,-99.14995438,2019-11
9503773,09015722511021021000000000U3,DELICIAS DE LA TIA DACIA,NA,722511,Restaurantes con servicio de preparación de alimentos a la carta o de comida corrida,0 a 5 personas,CALLE,JUAN SEBASTIAN BACH,CALLE,JULIAN CARRILLO,CALLE,HECTOR BERLIOZ,CALLE,RICARDO BELL,45,NA,NA,NA,NA,NA,COLONIA,EXHIPODROMO DE PERALVILLO,NA,NA,NA,06250,09,Ciudad de México,015,Cuauhtémoc,0001,Cuauhtémoc,0095,009,5636693051,NA,NA,Fijo,19.45924548,-99.13650831,2024-11
8896405,09015722514010373000000000U5,DELICIAS DE YUYA,NA,722511,Restaurantes con servicio de preparación de alimentos a la carta o de comida corrida,0 a 5 personas,CALLE,BAJIO,CALLE,MONCLOVA,EJE VIAL,3 PONIENTE (MEDELLIN),CALLE,TEHUANTEPEC,189,C,NA,NA,NA,NA,COLONIA,ROMA SUR,NA,NA,NA,06760,09,Ciudad de México,015,Cuauhtémoc,0001,Cuauhtémoc,145A,020,5589689239,NA,NA,Fijo,19.40389229,-99.16281109,2019-11
877515,09015722219025932001000000U7,DELICIAS MARYS,NA,722511,Restaurantes con servicio de preparación de alimentos a la carta o de comida corrida,0 a 5 personas,CALLE,BUENAVISTA,AVENIDA,MEXICO-TENOCHTITLAN,CALLE,OROZCO Y BERRA,CALLE,FRAY BERNARDINO DE SAHAGUN,0,SN,NA,NA,NA,NA,COLONIA,BUENAVISTA,NA,NA,NA,06350,09,Ciudad de México,015,Cuauhtémoc,0001,Cuauhtémoc,049A,017,NA,NA,NA,Fijo,19.43930893,-99.1533473,2010-07
9821931,09015722511020291000000000U3,DELIGHT,NA,722511,Restaurantes con servicio de preparación de alimentos a la carta o de comida corrida,0 a 5 personas,EJE VIAL,3 SUR CALZADA DE CHABACANO,CALLE,ALBINO GARCIA,CALLE,JOSE SOTERO CASTAÑEDA,CALLE,JUAN A. MATEOS,70,NA,NA,NA,NA,NA,COLONIA,VISTA ALEGRE,NA,NA,NA,06860,09,Ciudad de México,015,Cuauhtémoc,0001,Cuauhtémoc,1286,004,NA,NA,NA,Fijo,19.40870868,-99.13146268,2024-11
6258703,09015722511000252002003485M9,DELY OPELINIS,DELY OPELINIS SA DE CV,722511,Restaurantes con servicio de preparación de alimentos a la carta o de comida corrida,0 a 5 personas,CALLE,RÍO NAZAS,CALLE,RÍO SENA,CALLE,RÍO RHIN,CALLE,RÍO PÁNUCO,42,NA,EDIFICIO SIN NOMBRE,PISO 2,4,A,COLONIA,CUAUHTEMOC,NA,NA,NA,06500,09,Ciudad de México,015,Cuauhtémoc,0001,Cuauhtémoc,0790,003,NA,CONTADOR@LYNIS.NET,NA,Fijo,19.4325071,-99.16643159,2010-07
8327268,09015722511013164000000000U1,DEPARTAMENTO RESTAURANTE BAR,IMPRIVISION OP SA DE CV,722511,Restaurantes con servicio de preparación de alimentos a la carta o de comida corrida,11 a 30 personas,AVENIDA,ALVARO OBREGON,CALLE,TONALA,CALLE,JALAPA,CALLE,CHIHUAHUA,154,NA,NA,NA,NA,A,COLONIA,ROMA NORTE,NA,NA,NA,06700,09,Ciudad de México,015,Cuauhtémoc,0001,Cuauhtémoc,1106,009,5539622235,DEPARTAMENTO.MX@GMAIL.COM,NA,Fijo,19.41765959,-99.16181797,2019-11
11654212,09015722412005601000000000S3,DEPOSITO DE LA PURISIMA,NA,722412,"Bares, cantinas y similares",0 a 5 personas,CALLE,REPUBLICA DE CUBA,CALLE,CALLEJON DEL 57,CALLE,ALLENDE,CALLE,BELISARIO DOMINGUEZ,18,NA,NA,NA,0,NA,COLONIA,CENTRO,NA,NA,NA,06010,09,Ciudad de México,015,Cuauhtémoc,0001,Cuauhtémoc,0644,020,NA,NA,NA,Fijo,19.4375936,-99.13888568,2024-11
9706758,09015722511021591000000000U5,DESAYUNADOR EL ARBOLITO,NA,722511,Restaurantes con servicio de preparación de alimentos a la carta o de comida corrida,0 a 5 personas,CALLE,MAGNOLIA,CALLE,LERDO,CALLE,SOTO,CALLE,MOCTEZUMA,81,NA,NA,NA,NA,NA,COLONIA,GUERRERO,NA,NA,NA,06300,09,Ciudad de México,015,Cuauhtémoc,0001,Cuauhtémoc,0574,014,5532409977,NA,NA,Fijo,19.44264593,-99.1431071,2024-11
981604,09015541890001171010000000U7,DESAYUNOS,NA,722511,Restaurantes con servicio de preparación de alimentos a la carta o de comida corrida,0 a 5 personas,CALLE,REPUBLICA DE PARAGUAY,CALLE,REPUBLICA DE BRASIL,CALLE,REPUBLICA DE ARGENTINA,CALLE,REPUBLICA DE ECUADOR,62,NA,NA,NA,NA,B,COLONIA,COLONIA CENTRO,NA,NA,NA,06010,09,Ciudad de México,015,Cuauhtémoc,0001,Cuauhtémoc,0644,019,NA,NA,NA,Fijo,19.44150472,-99.13185868,2010-07
11092938,09015722511018111000000000U7,DESAYUNOS,NA,722511,Restaurantes con servicio de preparación de alimentos a la carta o de comida corrida,0 a 5 personas,EJE VIAL,2 A SUR DOCTOR BALMIS,CALLE,DOCTOR AGUSTIN ANDRADE,CALLE,DOCTOR BARRAGAN,CALLE,DOCTOR ARCE,0,SN,MERCADO HIDALGO,PASILLO,416,NA,COLONIA,DOCTORES,MERCADO PUBLICO,MERCADO HIDALGO,416 417,06720,09,Ciudad de México,015,Cuauhtémoc,0001,Cuauhtémoc,1233,021,NA,NA,NA,Fijo,19.41430395,-99.14607112,2024-11
11605106,09015722511020901000000000U7,DESAYUNOS,NA,722511,Restaurantes con servicio de preparación de alimentos a la carta o de comida corrida,0 a 5 personas,CALLE,RAFAEL ANGEL DE LA PEÑA,CALLE,SIMON BOLIVAR,CALLE,RAFAEL ANGEL DE LA PEÑA,CALLE,ALFREDO CHAVERO,65,NA,NA,NA,NA,NA,COLONIA,OBRERA,NA,NA,NA,06800,09,Ciudad de México,015,Cuauhtémoc,0001,Cuauhtémoc,1144,017,NA,NA,NA,Fijo,19.41794609,-99.14026403,2024-11
7743545,09015722518006821000000000U0,DESAYUNOS COMIDA CORRIDA,NA,722511,Restaurantes con servicio de preparación de alimentos a la carta o de comida corrida,0 a 5 personas,CALLE,IGNACIO MARISCAL,EJE VIAL,1 PONIENTE (AVENIDA ROSALES),CALLE,JESUS DE TERAN,CALLE,TOMAS ALVA EDISON,NA,SN,NA,NA,NA,NA,COLONIA,TABACALERA,NA,NA,NA,06030,09,Ciudad de México,015,Cuauhtémoc,0001,Cuauhtémoc,0714,012,5539871117,NA,NA,Semifijo,19.43711579,-99.15008231,2019-11
9563721,09015722511021251000000000U6,DESAYUNOS GISELA,NA,722511,Restaurantes con servicio de preparación de alimentos a la carta o de comida corrida,0 a 5 personas,CALLE,PALMA,CALLE,PRIMERA CERRADA 5 DE MAYO,CALLE,5 DE MAYO,CALLE,PRIMERA CERRADA 5 DE MAYO,9,NA,EDIFICIO COMERCIAL Y DE SERVICIOS SIN NOMBRE,PISO 1,110,4,COLONIA,CENTRO,EDIFICIO COMERCIAL Y DE SERVICIOS,EDIFICIO COMERCIAL Y DE SERVICIOS SIN NOMBRE,DESPACHO 110,11470,09,Ciudad de México,015,Cuauhtémoc,0001,Cuauhtémoc,0771,018,NA,NA,NA,Fijo,19.43451575,-99.13508134,2024-11
11096846,09015722511020801000000000U9,DESAYUNOS MI FE,NA,722511,Restaurantes con servicio de preparación de alimentos a la carta o de comida corrida,0 a 5 personas,CALLE,JOAQUIN VELAZQUEZ DE LEON,CALLE,FRANCISCO DIAZ COVARRUBIAS,CALLE,MAESTRO ANTONIO CASO,CALLE,MANUEL MARIA CONTRERAS,0,SN,NA,NA,NA,NA,COLONIA,SAN RAFAEL,NA,NA,NA,06470,09,Ciudad de México,015,Cuauhtémoc,0001,Cuauhtémoc,0678,017,5579914448,THANIAMORALESTORRES2503@GMAIL.COM,NA,Semifijo,19.43689138,-99.16642013,2024-11
9197901,09015722518009061000000000U0,DESAYUNOS SARAHI,NA,722511,Restaurantes con servicio de preparación de alimentos a la carta o de comida corrida,0 a 5 personas,CALLE,BOLIVAR,AVENIDA,FRAY SERVANDO TERESA DE MIER,PRIVADA,SAN SALVADOR EL SECO,CALLE,ISABEL LA CATOLICA,1,B,NA,NA,0,NA,COLONIA,OBRERA,NA,NA,NA,06080,09,Ciudad de México,015,Cuauhtémoc,0001,Cuauhtémoc,0964,004,NA,NA,NA,Fijo,19.42454211,-99.13962236,2019-11
10762218,09015722412005422000000000U4,DIABLO NEGRO MEZCAL Y COCKTAIL,NA,722412,"Bares, cantinas y similares",6 a 10 personas,EJE VIAL,2 PONIENTE MONTERREY,CALLE,DURANGO,AVENIDA,INSURGENTES SUR,AVENIDA,INSURGENTES SUR,80,NA,NA,NA,NA,NA,COLONIA,ROMA NORTE,NA,NA,NA,06700,09,Ciudad de México,015,Cuauhtémoc,0001,Cuauhtémoc,1093,016,NA,NA,WWW.DIABLONEGRO.COM.MX,Fijo,19.4195238,-99.16463101,2024-11
865605,09015722219028312001000000U9,DIENTE DE ORO WHISKEY BAR,SERVICIOS UNIVERSALES CINCO ESTRELLAS SA DE CV,722511,Restaurantes con servicio de preparación de alimentos a la carta o de comida corrida,6 a 10 personas,AVENIDA,AMSTERDAM,CALLE,IZTACCIHUATL,AVENIDA,AMSTERDAM,CALLE,CAMPECHE,36,B,NA,NA,NA,NA,COLONIA,HIPOROMO,NA,NA,NA,06100,09,Ciudad de México,015,Cuauhtémoc,0001,Cuauhtémoc,1341,009,NA,NA,NA,Fijo,19.40953193,-99.16893819,2010-07
9445501,09015722511017202000000000U5,DISTRITO URBANO,SHOT 45 SA DE CV,722511,Restaurantes con servicio de preparación de alimentos a la carta o de comida corrida,11 a 30 personas,CALLE,5 DE MAYO,CALLE,MOTOLINIA,CALLE,ISABEL LA CATOLICA,CALLE,TACUBA,42,NA,NA,NA,0,NA,COLONIA,CENTRO,NA,NA,NA,06010,09,Ciudad de México,015,Cuauhtémoc,0001,Cuauhtémoc,0767,010,NA,NA,NA,Fijo,19.43426295,-99.13624326,2023-11
7733761,09015722511011521000000000U4,DON CALDO,NA,722511,Restaurantes con servicio de preparación de alimentos a la carta o de comida corrida,0 a 5 personas,AVENIDA,NUEVO LEON,EJE VIAL,3 SUR (AVENIDA BAJA CALIFORNIA),CALLE,QUINTANA ROO,CALLE,CULIACAN,216,L 2,NA,NA,2,NA,COLONIA,HIPODROMO,NA,NA,NA,06100,09,Ciudad de México,015,Cuauhtémoc,0001,Cuauhtémoc,1430,005,NA,NA,NA,Fijo,19.40500096,-99.17148858,2019-11
1003221,09015722219024182000000000U0,DON CAMPIRANO,NA,722511,Restaurantes con servicio de preparación de alimentos a la carta o de comida corrida,6 a 10 personas,CALLE,DONCELES,CALLE,PALMA NORTE,CALLE,REPUBLICA DE BRASIL,CALLE,TACUBA,85,4,NA,NA,85,4,COLONIA,DONCELES,NA,NA,NA,06010,09,Ciudad de México,015,Cuauhtémoc,0001,Cuauhtémoc,0752,004,5521565455,NA,NA,Fijo,19.43594111,-99.13391514,2010-07
8530017,09015722511011771000000000U5,DON DIABLO CHILAQUILES,NA,722511,Restaurantes con servicio de preparación de alimentos a la carta o de comida corrida,0 a 5 personas,CALLE,LONDRES,EJE VIAL,2 PONIENTE (FLORENCIA),CALLE,VARSOVIA,CALLE,LIVERPOOL,204,NA,NA,NA,3,NA,COLONIA,JUAREZ,NA,NA,NA,06600,09,Ciudad de México,015,Cuauhtémoc,0001,Cuauhtémoc,095A,018,5514089112,NA,NA,Fijo,19.42375603,-99.1673096,2019-11
9813666,09015722511018893000070639S0,DON TORIBIO,GASTRONOMICA DON TORIBIO SC,722511,Restaurantes con servicio de preparación de alimentos a la carta o de comida corrida,11 a 30 personas,CALLE,DOCTOR MORA,AVENIDA,HIDALGO,CALLE,CRISTOBAL COLON,AVENIDA,BALDERAS,9,NA,NA,NA,NA,NA,COLONIA,CENTRO,NA,NA,NA,06050,09,Ciudad de México,015,Cuauhtémoc,0001,Cuauhtémoc,0733,005,NA,OFICINADONTORIBIO@HOTMAIL.COM,NA,Fijo,19.43631994,-99.14616818,2024-11
8326377,09015722511012631000000000U0,DON URUGUAYO,NA,722511,Restaurantes con servicio de preparación de alimentos a la carta o de comida corrida,6 a 10 personas,CALLE,PUEBLA,CALLE,TAMPICO,AVENIDA,VERACRUZ,CALLE,SINALOA,410,NA,NA,NA,0,NA,COLONIA,ROMA NORTE,NA,NA,NA,06700,09,Ciudad de México,015,Cuauhtémoc,0001,Cuauhtémoc,1089,014,NA,NA,NA,Fijo,19.41968635,-99.17550163,2019-11
894656,09015722511005591001000000S5,DOÑA CHELA,NA,722511,Restaurantes con servicio de preparación de alimentos a la carta o de comida corrida,0 a 5 personas,EJE VIAL,1 PONIENTE AVENIDA CUAUHTEMOC,CALLE,REAL DE ROMITA,CALLE,PUEBLA,CALLE,GUAYMAS,41,NA,NA,NA,NA,NA,COLONIA,ROMS,NA,NA,NA,06700,09,Ciudad de México,015,Cuauhtémoc,0001,Cuauhtémoc,1017,015,5525254038,NA,NA,Fijo,19.42366406,-99.15402166,2014-12
10308666,09015722511022161000000000S6,DOÑA CHELA,NA,722511,Restaurantes con servicio de preparación de alimentos a la carta o de comida corrida,0 a 5 personas,CALLE,NARANJO,CALLE,MANUEL CARPIO,CALLE,MARIA ENRIQUETA CAMARILLO,CALLE,JAIME TORRES BODET,169,NA,NA,NA,0,NA,COLONIA,SANTA MARIA LA RIBERA,NA,NA,NA,06400,09,Ciudad de México,015,Cuauhtémoc,0001,Cuauhtémoc,0466,025,NA,NA,NA,Fijo,19.45092223,-99.15839507,2024-11
866798,09015722219031482000000000U5,DONKESO,NA,722511,Restaurantes con servicio de preparación de alimentos a la carta o de comida corrida,0 a 5 personas,AVENIDA,AMSTERDAM,CALLE,PARRAS,CALLE,LAREDO,AVENIDA,NUEVO LEON,73,C,NA,NA,0,NA,COLONIA,HIPODROMO,NA,NA,NA,06100,09,Ciudad de México,015,Cuauhtémoc,0001,Cuauhtémoc,1197,001,NA,DONKESO@YAHOO.COM.MX,NA,Fijo,19.41425513,-99.17023734,2010-07
9429560,09015722412005295000000000M4,DRUNKENDOG,ARTIS CERVISIA SA DE CV,722412,"Bares, cantinas y similares",11 a 30 personas,AVENIDA,OAXACA,AVENIDA,SONORA,AVENIDA,ALVARO OBREGON,AVENIDA,AMSTERDAM,4,A,NA,NA,NA,NA,COLONIA,HIPODROMO,NA,NA,NA,06100,09,Ciudad de México,015,Cuauhtémoc,0001,Cuauhtémoc,120A,012,NA,ADMIN@DRUNKENDOG.COM,WWW.DRUNKENDOG.MX,Fijo,19.41595072,-99.16977272,2023-11
9664053,09015722412005961000000000U1,DULCE PECADO CAFE,NA,722412,"Bares, cantinas y similares",0 a 5 personas,CALLE,DOCTOR LAVISTA,CALLE,DOCTOR MANUEL CARMONA Y VALLE,CALLE,DOCTOR RAFAEL LUCIO,CALLE,CLAUDIO BERNARD,184,NA,NA,NA,0,NA,COLONIA,DOCTORES,NA,NA,NA,06720,09,Ciudad de México,015,Cuauhtémoc,0001,Cuauhtémoc,1534,005,NA,NA,NA,Fijo,19.42405058,-99.15212286,2024-11
8343701,09015461160005101000000000S4,DULCERIA SIN NOMBRE,NA,722511,Restaurantes con servicio de preparación de alimentos a la carta o de comida corrida,0 a 5 personas,CALLE,DOCTOR AGUSTIN ANDRADE,EJE VIAL,2A SUR (DOCTOR BALMIS),CALLE,DOCTOR ARCE,AVENIDA,DOCTOR JOSE MARIA VERTIZ,211,C,NA,NA,NA,NA,COLONIA,CUAUHTEMOC,NA,NA,NA,06800,09,Ciudad de México,015,Cuauhtémoc,0001,Cuauhtémoc,1233,020,NA,NA,NA,Fijo,19.41373456,-99.14694805,2019-11
10820418,09015722511020041000000000U2,EATBETTER FUNCIONAL KITCHEN,NA,722511,Restaurantes con servicio de preparación de alimentos a la carta o de comida corrida,0 a 5 personas,AVENIDA,PASEO DE LA REFORMA,CALLE,RIO ELBA,CALLE,RIO RODANO,CALLE,RIO ELBA,505,NA,NA,NA,12,NA,COLONIA,CUAUHTEMOC,NA,NA,NA,06500,09,Ciudad de México,015,Cuauhtémoc,0001,Cuauhtémoc,0930,014,NA,RSARBAH@GMAIL.COM,EATBETTER.COM,Fijo,19.42392891,-99.17517548,2024-11
894365,09015722511002971000000000U2,EBISU-HI,NA,722511,Restaurantes con servicio de preparación de alimentos a la carta o de comida corrida,0 a 5 personas,CALLE,MADRID,CALLE,PARIS,CALLE,MAESTRO ANTONIO CASO,AVENIDA,PASEO DE LA REFORMA,NA,SN,NA,NA,NA,NA,COLONIA,TABACALERA,NA,NA,NA,06030,09,Ciudad de México,015,Cuauhtémoc,0001,Cuauhtémoc,0729,003,5545513663,NA,NA,Semifijo,19.43316353,-99.15701451,2014-12
867389,09015722219026232000000000S1,EL 10 COMIDA ARGENTINA,NANCY MENDEZ HERRERA SA DE CV,722511,Restaurantes con servicio de preparación de alimentos a la carta o de comida corrida,11 a 30 personas,EJE VIAL,3 SUR AVENIDA BAJA CALIFORNIA,CALLE,CHOAPAN,CALLE,CHOLULA,CALLE,CAMARGO,373,NA,NA,NA,NA,NA,COLONIA,HIPODROMO,NA,NA,NA,06100,09,Ciudad de México,015,Cuauhtémoc,0001,Cuauhtémoc,1426,017,5555119396,NA,NA,Fijo,19.40578234,-99.1760848,2010-07
7733435,09015722412004113000000000U0,EL 152,NA,722412,"Bares, cantinas y similares",6 a 10 personas,CALLE,MEXICALI,AVENIDA,TAMAULIPAS,CALLE,ENSENADA,CALLE,ALFONSO REYES,NA,SN,NA,NA,NA,NA,COLONIA,CUAUTEMOC,NA,NA,NA,06170,09,Ciudad de México,015,Cuauhtémoc,0001,Cuauhtémoc,1337,012,NA,NA,NA,Fijo,19.40895843,-99.17540353,2019-11
11527709,09015722511017783000000000U4,EL 9 ARGENTINO,NA,722511,Restaurantes con servicio de preparación de alimentos a la carta o de comida corrida,11 a 30 personas,EJE VIAL,2 PONIENTE RIO TIBER,CALLE,RIO PANUCO,CALLE,RIO LERMA,CALLE,RIO POO,96,NA,NA,NA,NA,NA,COLONIA,CUAUHTEMOC,NA,NA,NA,06500,09,Ciudad de México,015,Cuauhtémoc,0001,Cuauhtémoc,0822,015,NA,EL9TBER@HOTMAIL.COM,NA,Fijo,19.42942042,-99.16884135,2024-11
11681592,09015722511023311000000000U6,EL ABUELO,NA,722511,Restaurantes con servicio de preparación de alimentos a la carta o de comida corrida,0 a 5 personas,CALLE,LONDRES,CERRADA,LONDRES,CALLE,TOLEDO,CALLE,HAMBURGO,280,NA,EDIFICIO COMERCIAL Y DE SERVICIOS SIN NOMBRE,PLANTA BAJA,NA,NA,COLONIA,JUAREZ,EDIFICIO COMERCIAL Y DE SERVICIOS,EDIFICIO COMERCIAL Y DE SERVICIOS SIN NOMBRE,A,06600,09,Ciudad de México,015,Cuauhtémoc,0001,Cuauhtémoc,0983,004,NA,NA,NA,Fijo,19.42202043,-99.1712961,2024-11
10971510,09015722511020032000000000U1,EL AGUACHILON,NA,722511,Restaurantes con servicio de preparación de alimentos a la carta o de comida corrida,6 a 10 personas,CALLE,COAHUILA,AVENIDA,INSURGENTES SUR,CALLE,MANZANILLO,CALLE,CHIAPAS,217,NA,NA,NA,NA,NA,COLONIA,ROMA SUR,NA,NA,NA,06760,09,Ciudad de México,015,Cuauhtémoc,0001,Cuauhtémoc,1356,020,5531616992,NA,NA,Fijo,19.41067405,-99.16610912,2024-11
892030,09015722511004522001000000U1,EL ALJIBE,NA,722511,Restaurantes con servicio de preparación de alimentos a la carta o de comida corrida,0 a 5 personas,CALLE,REGINA,CALLE,ISABEL LA CATOLICA,CALLEJON,PRIMER DE MESONES,CALLE,MESONES,46,A,NA,NA,0,NA,COLONIA,CUAHUTEMOC,NA,NA,NA,06080,09,Ciudad de México,015,Cuauhtémoc,0001,Cuauhtémoc,0894,005,NA,NA,NA,Fijo,19.42783006,-99.1363117,2014-12
9605270,09015722511020662000000000U5,EL AMERICANO,NA,722511,Restaurantes con servicio de preparación de alimentos a la carta o de comida corrida,6 a 10 personas,CALLE,JUAN DE LA BARRERA,CALLE,ZAMORA,CALLE,PACHUCA,CALLE,AGUSTIN MELGAR,101,NA,NA,NA,0,NA,COLONIA,CONDESA,NA,NA,NA,06140,09,Ciudad de México,015,Cuauhtémoc,0001,Cuauhtémoc,1178,011,NA,NA,NA,Fijo,19.41737434,-99.17687265,2024-11
1020245,09015722511001161000000000U1,EL ANTOJITO FRANCES BISTROT,NA,722511,Restaurantes con servicio de preparación de alimentos a la carta o de comida corrida,0 a 5 personas,CALLE,RIO LERMA,CALLE,RIO NEVA,CALLE,RIO AMAZONAS,CALLE,RIO PANUCO,19,3,NA,NA,0,NA,COLONIA,CUAHUTEMOC,NA,NA,NA,06500,09,Ciudad de México,015,Cuauhtémoc,0001,Cuauhtémoc,0790,007,NA,NA,NA,Fijo,19.4314675,-99.16267655,2010-07
866937,09015722412002323000000000U0,EL ASERRIN,ACERINACERAN SA DE CV,722412,"Bares, cantinas y similares",0 a 5 personas,CALLE,FERNANDO MONTES DE OCA,AVENIDA,NUEVO LEON,AVENIDA,TAMAULIPAS,AVENIDA,MICHOACAN,18,A,NA,NA,0,NA,COLONIA,HIPODROMO,NA,NA,NA,06100,09,Ciudad de México,015,Cuauhtémoc,0001,Cuauhtémoc,1322,012,NA,LORENA@MUHASABI.COM,NA,Fijo,19.41205029,-99.17320101,2010-07
10126890,09015722511022331000000000U5,EL AUTENTICO PATO MANILA,NA,722511,Restaurantes con servicio de preparación de alimentos a la carta o de comida corrida,0 a 5 personas,CALLE,QUERETARO,EJE VIAL,3 PONIENTE (MEDELLIN),EJE VIAL,2 SUR (AVENIDA YUCATAN),CALLE,ZACATECAS,225,NA,MERCADO ROMA,PLANTA BAJA,7,NA,COLONIA,ROMA NORTE,CENTRO Y PLAZA COMERCIAL,MERCADO ROMA,7,06700,09,Ciudad de México,015,Cuauhtémoc,0001,Cuauhtémoc,1214,015,NA,NA,NA,Semifijo,19.4140631,-99.16441382,2024-11
1017707,09015722219021681000000000U4,EL BALCON,NA,722511,Restaurantes con servicio de preparación de alimentos a la carta o de comida corrida,0 a 5 personas,CALLE,ISABEL LA CATOLICA,CALLE,MESONES,CALLE,REGINA,CALLEJON,PRIMER DE MESONES,86,NA,NA,NA,11,NA,COLONIA,CUAHUTEMOC,NA,NA,NA,06080,09,Ciudad de México,015,Cuauhtémoc,0001,Cuauhtémoc,0894,005,5557095611,NA,NA,Fijo,19.42823516,-99.13700236,2010-07
10662138,09015722412006523000000000U8,EL BANDAZO TABERNA BAR,NA,722412,"Bares, cantinas y similares",11 a 30 personas,CALLE,LONDRES,EJE VIAL,2 PONIENTE (FLORENCIA),CALLE,AMBERES,CALLE,LIVERPOOL,148,A,NA,NA,NA,NA,COLONIA,JUAREZ,NA,NA,NA,06600,09,Ciudad de México,015,Cuauhtémoc,0001,Cuauhtémoc,095A,006,NA,NA,NA,Fijo,19.42458784,-99.16559832,2024-11
894975,09015722511001122000000000U3,EL BAR DE LA SALUD,NA,722511,Restaurantes con servicio de preparación de alimentos a la carta o de comida corrida,0 a 5 personas,CALLE,HAMBURGO,CALLE,NIZA,CALLE,GENOVA,CALLE,LONDRES,96,C,NA,NA,96,NA,COLONIA,JUAREZ,NA,NA,NA,06600,09,Ciudad de México,015,Cuauhtémoc,0001,Cuauhtémoc,095A,009,NA,NA,NA,Fijo,19.42663987,-99.16362874,2014-12
10687351,09015722511024051000000000U7,EL BODEGON RESTAURANT,NA,722511,Restaurantes con servicio de preparación de alimentos a la carta o de comida corrida,0 a 5 personas,AVENIDA,PASEO DE LA REFORMA,CALLE,RIO GUADALQUIVIR,CALLE,RIO NILO,CALLE,RIO VOLGA,369,NA,EDIFICIO SIN NOMBRE,PLANTA BAJA,NA,NA,COLONIA,CUAUHTEMOC,NA,NA,NA,06500,09,Ciudad de México,015,Cuauhtémoc,0001,Cuauhtémoc,0930,004,NA,BODEGAREFORMA@GMAIL.COM,NA,Fijo,19.42659535,-99.16937586,2024-11
896730,09015722412002463000000000U1,EL BOTELLON,SPANISHTAPASBAR SC DE RL,722412,"Bares, cantinas y similares",6 a 10 personas,AVENIDA,TAMAULIPAS,CALLE,VICENTE SUAREZ,AVENIDA,CAMPECHE,CALLE,ENSENADA,106,NA,NA,NA,0,NA,COLONIA,CUAUHTEMOC,NA,NA,NA,06170,09,Ciudad de México,015,Cuauhtémoc,0001,Cuauhtémoc,1337,014,NA,INFO@ELBOTELLON.COM.MX,WWW.ELBOTELLON.COM.MX,Fijo,19.4101093,-99.17499883,2014-12
10962906,09015722511020411000000000U7,EL BUEN COMER,NA,722511,Restaurantes con servicio de preparación de alimentos a la carta o de comida corrida,0 a 5 personas,CALLE,LONDRES,EJE VIAL,2 PONIENTE (FLORENCIA),CALLE,AMBERES,CALLE,LIVERPOOL,154,NA,MERCADO INSURGENTES,PLANTA BAJA,NA,NA,COLONIA,JUAREZ,MERCADO PUBLICO,MERCADO INSURGENTES,72,06600,09,Ciudad de México,015,Cuauhtémoc,0001,Cuauhtémoc,095A,006,NA,NA,NA,Fijo,19.42457883,-99.16561745,2024-11
900441,09015722511005531000000000U1,EL BUEN SAZON,NA,722511,Restaurantes con servicio de preparación de alimentos a la carta o de comida corrida,0 a 5 personas,CALLE,JUAN A MATEOS,CALLE,BOLIVAR,CALLE,CENTRAL (LAZARO CARDENAS),CALLE,RAFAEL DELGADO,41,NA,NA,NA,NA,NA,COLONIA,OBRERA,NA,NA,NA,06800,09,Ciudad de México,015,Cuauhtémoc,0001,Cuauhtémoc,1248,002,NA,NA,NA,Fijo,19.41061801,-99.14197509,2014-12
10845397,09015722511020441000000000U4,EL BUEN SAZON,NA,722511,Restaurantes con servicio de preparación de alimentos a la carta o de comida corrida,0 a 5 personas,CALLE,MORELIA,CALLE,COLIMA,CERRADA,MORELIA,EJE VIAL,1 PONIENTE (AVENIDA CUAUHTEMOC),82,NA,NA,NA,NA,NA,COLONIA,ROMA,NA,NA,NA,06700,09,Ciudad de México,015,Cuauhtémoc,0001,Cuauhtémoc,1017,018,NA,NA,NA,Fijo,19.42139699,-99.15534785,2024-11
1024239,09015722219033003000000000U7,EL CABRITO ASTUR,NA,722511,Restaurantes con servicio de preparación de alimentos a la carta o de comida corrida,6 a 10 personas,CALLE,PALMA,CALLE,16 DE SEPTIEMBRE,CALLE,VENUSTIANO CARRANZA,CALLE,5 DE FEBRERO,40,NA,NA,NA,0,NA,COLONIA,CENTRO,NA,NA,NA,06000,09,Ciudad de México,015,Cuauhtémoc,0001,Cuauhtémoc,0818,009,5555185002,ELCABRITOASTUR@GMAIL.COM,NA,Fijo,19.43176504,-99.13533502,2010-07
6318028,09015722110006946001000000M1,EL CARDENAL,ALIMENTOS LA ALAMEDA SA DE CV,722511,Restaurantes con servicio de preparación de alimentos a la carta o de comida corrida,31 a 50 personas,AVENIDA,JUAREZ,CALLE,AZUETA,CALLE,REVILLAGIGEDO,CALLE,INDEPENDENCIA,70,NA,NA,NA,NA,NA,COLONIA,CENTRO,NA,NA,NA,06050,09,Ciudad de México,015,Cuauhtémoc,0001,Cuauhtémoc,0748,027,NA,NORMAMAGANANEZ777@HOTMAIL.COM,WWW.ELCARDENAL.COM,Fijo,19.4350065,-99.14624748,2010-07
9885342,09015722511018782000000000U5,EL CHERAN,NA,722511,Restaurantes con servicio de preparación de alimentos a la carta o de comida corrida,6 a 10 personas,AVENIDA,ARCOS DE BELEN,CALLE,BUEN TONO,CALLE,LUIS MOYA,CALLE,DELICIAS,31,NA,NA,NA,0,NA,COLONIA,CENTRO,NA,NA,NA,06070,09,Ciudad de México,015,Cuauhtémoc,0001,Cuauhtémoc,0875,004,NA,NA,NA,Fijo,19.42710679,-99.14456063,2024-11
10784502,09015722511018371000000000U7,EL CHILE MEXICANO,NA,722511,Restaurantes con servicio de preparación de alimentos a la carta o de comida corrida,0 a 5 personas,CALLE,SAN JERONIMO,CALLE,CORREO MAYOR,AVENIDA,JOSE MARIA PINO SUAREZ,AVENIDA,JOSE MARIA IZAZAGA,137,A,NA,NA,0,NA,COLONIA,CENTRO,NA,NA,NA,06090,09,Ciudad de México,015,Cuauhtémoc,0001,Cuauhtémoc,0907,019,NA,NA,NA,Fijo,19.4262977,-99.13160668,2024-11
11577396,09015722511023051000000000U8,EL CHIRINGUITO,NA,722511,Restaurantes con servicio de preparación de alimentos a la carta o de comida corrida,0 a 5 personas,CALLE,NARANJO,CALLE,MANUEL CARPIO,CALLE,SALVADOR DIAZ MIRON,CALLE,SABINO,158,NA,NA,NA,0,NA,COLONIA,SANTA MARIA RIVERRA,NA,NA,NA,06400,09,Ciudad de México,015,Cuauhtémoc,0001,Cuauhtémoc,0466,013,NA,NA,NA,Fijo,19.45024862,-99.15867239,2024-11
1017491,09015722110002603000000000U2,EL CHIVITO,NA,722511,Restaurantes con servicio de preparación de alimentos a la carta o de comida corrida,11 a 30 personas,CALLE,ALFONSO HERRERA,CALLE,MIGUEL SCHULTZ,CALLE,SERAPIO RENDON,AVENIDA,RIBERA DE SAN COSME,11,NA,NA,NA,0,A,COLONIA,SAN RAFAEL,NA,NA,NA,06470,09,Ciudad de México,015,Cuauhtémoc,0001,Cuauhtémoc,0697,007,NA,ALFREDOCHIVITO24@YAHOO.COM,NA,Fijo,19.43927903,-99.15934109,2010-07
1010470,09015722518002201010000000U9,EL COLIBRI,NA,722511,Restaurantes con servicio de preparación de alimentos a la carta o de comida corrida,0 a 5 personas,CALLE,SANTA MARIA LA RIBERA,AVENIDA,RIBERA DE SAN COSME,CALLE,AMADO NERVO,CALLE,DOCTOR ATL,23,NA,NA,NA,0,NA,COLONIA,SANTA MARIA LA RIVERA,NA,NA,NA,06400,09,Ciudad de México,015,Cuauhtémoc,0001,Cuauhtémoc,0606,005,NA,NA,NA,Fijo,19.44215553,-99.15815351,2010-07
11683039,09015722511022762000000000U1,EL COMAL DE VILLA,PROMOTORA MEXICANA DE ALIMENTOS RODAH SA DE CV,722511,Restaurantes con servicio de preparación de alimentos a la carta o de comida corrida,6 a 10 personas,CALLE,AVENIDA DE LA REPUBLICA,CALLE,AVENIDA DE LA REPUBLICA,CALLE,EZEQUIEL MONTES,CALLE,TOMAS ALVA EDISON,55,NA,PLAZA DE LA REPUBLICA 55,PLANTA BAJA,NA,B,COLONIA,TABACALERA,NA,NA,NA,06030,09,Ciudad de México,015,Cuauhtémoc,0001,Cuauhtémoc,070A,001,NA,NA,NA,Fijo,19.43650707,-99.15573003,2024-11
10645237,09015722511022241000000000U6,EL COMAL TERRAZA,NA,722511,Restaurantes con servicio de preparación de alimentos a la carta o de comida corrida,0 a 5 personas,CALLE,NEPTUNO,CALLE,JUAN ALDAMA,CALLE,PROLONGACION ZARAGOZA,CALLE,VENUS,NA,SN,CALLE DE VENUS,PLANTA BAJA,33,NA,COLONIA,SAN SIMON,NA,NA,NA,06900,09,Ciudad de México,015,Cuauhtémoc,0001,Cuauhtémoc,0076,018,5531456563,NA,NA,Fijo,19.45808703,-99.14653774,2024-11
11280070,09015722511020961000000000U1,EL COMEDOR,NA,722511,Restaurantes con servicio de preparación de alimentos a la carta o de comida corrida,0 a 5 personas,CALLE,FRIEDRICH CHOPIN,EJE VIAL,CENTRAL (LAZARO CARDENAS),CALLE,JUAN SEBASTIAN BACH,CALLE,LUDWING VAN BEETHOVEN,173,NA,NA,NA,NA,NA,MANZANA,26,NA,NA,NA,06220,09,Ciudad de México,015,Cuauhtémoc,0001,Cuauhtémoc,0095,026,NA,NA,NA,Fijo,19.46090995,-99.13747887,2024-11
953894,09015722511003972001000000U9,EL COMEDOR DE MARI,NA,722511,Restaurantes con servicio de preparación de alimentos a la carta o de comida corrida,0 a 5 personas,CALLE,MARCELINO DAVALOS,EJE VIAL,3 SUR (JOSE PEON CONTRERAS),CALLE,JUAN HERNANDEZ Y DAVALOS,CALLE,5 DE FEBRERO,17,NA,NA,NA,NA,NA,COLONIA,ALGARIN,NA,NA,NA,06880,09,Ciudad de México,015,Cuauhtémoc,0001,Cuauhtémoc,1498,022,NA,ELEMAB1483@HOTMAIL.COM,NA,Fijo,19.40714001,-99.13698646,2010-07
7756039,09015722511014662000000000U3,EL COMEDOR DEL BARRIO,NA,722511,Restaurantes con servicio de preparación de alimentos a la carta o de comida corrida,0 a 5 personas,CALLE,DOCTOR AGUSTIN ANDRADE,AVENIDA,ARCOS DE BELEN,AVENIDA,DOCTOR RIO DE LA LOZA,AVENIDA,DOCTOR JOSE MARIA VERTIZ,15,NA,NA,NA,0,D,COLONIA,CENTRO,NA,NA,NA,06010,09,Ciudad de México,015,Cuauhtémoc,0001,Cuauhtémoc,0875,017,NA,NA,NA,Fijo,19.42592439,-99.14461502,2019-11
11458608,09015722412005821000000000U7,EL CONJURO,NA,722412,"Bares, cantinas y similares",0 a 5 personas,CALLE,QUERETARO,EJE VIAL,3 PONIENTE (MEDELLIN),EJE VIAL,2 SUR (AVENIDA YUCATAN),CALLE,ZACATECAS,225,NA,MERCADO ROMA,PLANTA BAJA,55,NA,COLONIA,ROMA NORTE,CENTRO Y PLAZA COMERCIAL,MERCADO ROMA,55,06700,09,Ciudad de México,015,Cuauhtémoc,0001,Cuauhtémoc,1214,015,NA,FARO54@YAHOO.COM,NA,Fijo,19.4140631,-99.16441382,2024-11
11571145,09015722412006082000000000U5,EL CORTE NUMERO 7,NA,722412,"Bares, cantinas y similares",6 a 10 personas,CALLE,TONALA,CALLE,CHIAPAS,CALLE,COAHUILA,AVENIDA,YUCATAN,184,NA,NA,NA,NA,NA,COLONIA,ROMA SUR,NA,NA,NA,06760,09,Ciudad de México,015,Cuauhtémoc,0001,Cuauhtémoc,1375,014,NA,NA,NA,Fijo,19.41249218,-99.16119975,2024-11
6258673,09015722110006304000000000U3,EL DANUBIO,EL DANUBIO SA DE CV,722511,Restaurantes con servicio de preparación de alimentos a la carta o de comida corrida,11 a 30 personas,CALLE,REPUBLICA DE URUGUAY,EJE VIAL,CENTRAL (LAZARO CARDENAS),CALLE,BOLIVAR,CALLE,REPUBLICA DEL SALVADOR,3,NA,NA,NA,NA,NA,COLONIA,CENTRO,NA,NA,NA,06000,09,Ciudad de México,015,Cuauhtémoc,0001,Cuauhtémoc,0818,004,NA,RESTAURANTE@DANUBIO.COM,WWW.DANUBIO.COM,Fijo,19.43107472,-99.14112435,2010-07
6698065,09015722412003592000000000U6,EL DEPOSITO,NA,722412,"Bares, cantinas y similares",0 a 5 personas,PEATONAL,SAN JERONIMO,CALLE,5 DE FEBRERO,CALLE,ISABEL LA CATOLICA,CALLE,REGINA,96,B,NA,NA,NA,NA,COLONIA,CUAUHTEMOC,NA,NA,NA,06080,09,Ciudad de México,015,Cuauhtémoc,0001,Cuauhtémoc,0894,004,NA,CENTROHISTORICO@ELDEPOSITO.COM.MX,WWW.ELDEPOSITOCENTRO.MX,Fijo,19.42706769,-99.13712087,2016-01
9449723,09015722511017013000000000U6,EL DIEZ,EL DIEZ LA DIANA SA DE CV,722511,Restaurantes con servicio de preparación de alimentos a la carta o de comida corrida,11 a 30 personas,AVENIDA,PASEO DE LA REFORMA,CALLE,RIO NILO,CALLE,RIO MISSIPI,CALLE,RIO LERMA,423,NA,NA,NA,NA,NA,COLONIA,CUAUHTEMOC,NA,NA,NA,06500,09,Ciudad de México,015,Cuauhtémoc,0001,Cuauhtémoc,0930,005,NA,LADIANA@ELDIEZ.COM,WWW.ELDIEZ.COM.MX,Fijo,19.42564873,-99.17142096,2023-11
11034399,09015722511019234000000000U6,EL DIEZ ARGENTINO,EL DIEZ ARGENTINO  SA DE CV,722511,Restaurantes con servicio de preparación de alimentos a la carta o de comida corrida,31 a 50 personas,AVENIDA,ALVARO OBREGON,CALLE,JALAPA,CALLE,ORIZABA,CALLE,CHIHUAHUA,112,A,NA,NA,NA,NA,COLONIA,ROMA NORTE,NA,NA,NA,06700,09,Ciudad de México,015,Cuauhtémoc,0001,Cuauhtémoc,1106,010,NA,NA,NA,Fijo,19.41802934,-99.15989008,2024-11
658909,09015722110006274001000000U8,EL DIEZ PARRILLADA ARGENTINA,ARGENTINO ROMA SA DE CV,722511,Restaurantes con servicio de preparación de alimentos a la carta o de comida corrida,31 a 50 personas,AVENIDA,ALVARO OBREGON,CALLE,JALAPA,CALLE,ORIZABA,AVENIDA,TABASCO,112,A,112,PLANTA BAJA,NA,NA,COLONIA,ROMA NORTE,NA,NA,NA,06700,09,Ciudad de México,015,Cuauhtémoc,0001,Cuauhtémoc,1106,010,NA,ROMA@ELDIEZ.COM.MX,ELDIEZ.COM.MX,Fijo,19.41739748,-99.16026551,2011-03
1028449,09015722219005821000000000U6,EL ESTRAGON,NA,722511,Restaurantes con servicio de preparación de alimentos a la carta o de comida corrida,0 a 5 personas,CALLE,HAMBURGO,EJE VIAL,3 PONIENTE (SEVILLA),CALLE,TOLEDO,CALLE,LONDRES,266,NA,NA,NA,NA,NA,COLONIA,JUAREZ,NA,NA,NA,06600,09,Ciudad de México,015,Cuauhtémoc,0001,Cuauhtémoc,0983,004,NA,NA,NA,Fijo,19.42309724,-99.17112184,2010-07
9477698,09015722511017324000003403S7,EL FAROLITO ALTATA,BEER FACTORY DE MEXICO SA DE CV,722511,Restaurantes con servicio de preparación de alimentos a la carta o de comida corrida,31 a 50 personas,CALLE,ALTATA,CALLE,GENERAL BENJAMÍN HILL,CALLE,ALFONSO REYES,CALLE,OMETUSCO,19,NA,NA,NA,NA,NA,COLONIA,HIPODROMO CONDESA,NA,NA,NA,06100,09,Ciudad de México,015,Cuauhtémoc,0001,Cuauhtémoc,1426,009,NA,NA,NA,Fijo,19.40645347,-99.17279511,2024-05
6776357,09015722514008843001003403S1,EL FAROLITO PROLONGACIÓN BOSQUES,BEER FACTORY DE MEXICO SA DE CV,722511,Restaurantes con servicio de preparación de alimentos a la carta o de comida corrida,11 a 30 personas,CALLE,FABRICA DE ARMAS,RETORNO,FABRICA DE ARMAS,EJE VIAL,STIM,CALLE,BOSQUE DE ENEBROS,4,NA,NA,NA,NA,NA,COLONIA,LOMAS DEL CHAMIZAL,NA,NA,NA,05129,09,Ciudad de México,015,Cuauhtémoc,0001,Cuauhtémoc,1426,015,NA,NA,WWW.ELFAROLITO.COM.MX,Fijo,19.40585338,-99.17279489,2017-03
9549817,09015561432005461000000000U4,EL FENIX,NA,722511,Restaurantes con servicio de preparación de alimentos a la carta o de comida corrida,0 a 5 personas,CALLE,TEHUANTEPEC,CALLE,TEOCELO,CALLE,MISANTLA,CALLE,BAJIO,62,B,NA,NA,0,NA,COLONIA,ROMA SUR,NA,NA,NA,06760,09,Ciudad de México,015,Cuauhtémoc,0001,Cuauhtémoc,1479,017,NA,NA,NA,Fijo,19.40559375,-99.1586888,2024-11
8625762,09015722511013851000000000U3,EL FESTIN DE LA ROMA,NA,722511,Restaurantes con servicio de preparación de alimentos a la carta o de comida corrida,0 a 5 personas,EJE VIAL,2 SUR AVENIDA QUERETARO,CALLE,MERIDA,CALLE,FRONTERA,EJE VIAL,2-A SUR (SAN LUIS POTOSI),40,L,NA,NA,NA,NA,COLONIA,ROMA NORTE,NA,NA,NA,06700,09,Ciudad de México,015,Cuauhtémoc,0001,Cuauhtémoc,1110,003,NA,JUANVI54@YAHOO.COM.MX,NA,Fijo,19.41548772,-99.15644899,2019-11
867026,09015722219027392001000000U2,EL FIGONERO,NA,722511,Restaurantes con servicio de preparación de alimentos a la carta o de comida corrida,6 a 10 personas,AVENIDA,CAMPECHE,CALLE,AMATLAN,CALLE,CUERNAVACA,AVENIDA,MICHOACAN,0,SN,NA,NA,0,NA,COLONIA,CONDESA,NA,NA,NA,06170,09,Ciudad de México,015,Cuauhtémoc,0001,Cuauhtémoc,1318,002,5539555470,LOSHADDAD@GMAIL.COM,WWW.ELFIGONERO.COM,Fijo,19.41060833,-99.17641045,2010-07
954364,09015722110004703001000000U8,EL FOGON DEL CHE,NA,722511,Restaurantes con servicio de preparación de alimentos a la carta o de comida corrida,11 a 30 personas,CALLE,JUAN HERNANDEZ Y DAVALOS,CALLE,MANUEL NAVARRETE,CALLE,BOLIVAR,EJE VIAL,3 SUR (JOSE PEON CONTRERAS),30,NA,NA,NA,NA,A,COLONIA,JOSE PEON CONTRERAS,NA,NA,NA,06880,09,Ciudad de México,015,Cuauhtémoc,0001,Cuauhtémoc,1498,015,5555309279,JGONZALEZ.CEGEP@GMAIL.COM,WWW.ELFOGONARGENTINO.COM,Fijo,19.40678794,-99.14296226,2010-07
9862671,09015722412005861000000000U3,EL GATO NEGRO BAR,NA,722412,"Bares, cantinas y similares",0 a 5 personas,CALLE,MANZANARES,CALLE,TERCER CALLEJON MANZANARES,EJE VIAL,1 ORIENTE (ANILLO DE CIRCUNVALACION),CALLE,REPUBLICA DE URUGUAY,27,NA,NA,NA,25,B,COLONIA,CENTRO,NA,NA,NA,06000,09,Ciudad de México,015,Cuauhtémoc,0001,Cuauhtémoc,0911,022,NA,NA,NA,Fijo,19.42981557,-99.12556283,2024-11
11777512,09015722511024561000000000S5,EL GRAN CAZADOR DE MEXICO,NA,722511,Restaurantes con servicio de preparación de alimentos a la carta o de comida corrida,0 a 5 personas,CALLE,Ernesto Pugibet,CALLE,Plaza de San Juan,CALLE,Luis Moya,CALLE,Ayuntamiento,21,NA,MERCADO SAN JUAN PUGIBET,NA,251,NA,COLONIA,CENTRO,NA,MERCADO SAN JUAN PUGIBET,SN,NA,09,Ciudad de México,015,Cuauhtémoc,0001,Cuauhtémoc,0875,009,NA,FACTURACION@ELGRACAZADORDEMEXICO.COM.MX,WWW.ELGRANCAZADORDEMEXICO.COM,Fijo,19.4297037,-99.14438186,2025-04
11749122,09015722511024551000000000S6,EL GRAN CAZADOR DE MEXICO,NA,722511,Restaurantes con servicio de preparación de alimentos a la carta o de comida corrida,0 a 5 personas,CALLE,Ernesto Pugibet,CALLE,Luis Moya,CALLE,Plaza de San Juan,CALLE,Ayuntamiento,21,NA,MERCADO SAN JUAN PUGIBET,NA,20,NA,COLONIA,CENTRO,NA,MERCADO SAN JUAN PUGIBET,20,NA,09,Ciudad de México,015,Cuauhtémoc,0001,Cuauhtémoc,0875,009,NA,FACTURACION@ELGRANCAZADORDEMEXICO.COM.MX,WWW.ELGRANZACADORDEMEXICO.COM,Fijo,19.4297037,-99.14438186,2025-04
9697082,09015722511023081000000000S5,EL GRAN CAZADOR DE MEXICO,NA,722511,Restaurantes con servicio de preparación de alimentos a la carta o de comida corrida,0 a 5 personas,CALLE,ERNESTO PUGIBET,CALLE,LUIS MOYA,CALLE,PLAZA DE SAN JUAN,CALLE,AYUNTAMIENTO,21,NA,MERCADO SAN JUAN PUGIBET,PLANTA BAJA,270,NA,COLONIA,CENTRO,MERCADO PUBLICO,MERCADO SAN JUAN PUGIBET,270,06010,09,Ciudad de México,015,Cuauhtémoc,0001,Cuauhtémoc,0875,009,NA,NA,WWW.ELGRANCAZADORDEMEXICO.COM.MX,Fijo,19.4297037,-99.14438187,2024-11
9898883,09015722511023103000000000U7,EL HABANERITO,NA,722511,Restaurantes con servicio de preparación de alimentos a la carta o de comida corrida,11 a 30 personas,CALLE,FRONTERA,CALLE,ZACATECAS,EJE VIAL,2 SUR (AVENIDA QUERETARO),CALLE,MERIDA,177,NA,NA,NA,NA,NA,COLONIA,ROMA NORTE,NA,NA,NA,06700,09,Ciudad de México,015,Cuauhtémoc,0001,Cuauhtémoc,1110,002,NA,ELHABANERITO1.ROMA@GMAIL.COM,NA,Fijo,19.41611962,-99.15518213,2024-11
9835583,09015722511024261000000000U2,EL HABANERO,NA,722511,Restaurantes con servicio de preparación de alimentos a la carta o de comida corrida,0 a 5 personas,CALLE,LERDO,AVENIDA,PASEO DE LA REFORMA,CALLE,MAGNOLIA,AVENIDA,PASEO DE LA REFORMA,17,NA,NA,NA,NA,NA,COLONIA,GUERRERO,NA,NA,NA,06300,09,Ciudad de México,015,Cuauhtémoc,0001,Cuauhtémoc,0574,019,NA,NA,NA,Fijo,19.44158821,-99.14298283,2024-11
6751518,09015722511008883001070639M3,EL HIJO DE DON TORIBIO,GASTRONOMICA DON TORIBIO SA DE CV,722511,Restaurantes con servicio de preparación de alimentos a la carta o de comida corrida,11 a 30 personas,CALLE,LUIS MOYA,CALLE,INDEPENDENCIA,CALLE,ARTICULO 123,CALLE,REVILLAGIGEDO,31,1,NA,NA,NA,NA,COLONIA,CENTRO,NA,NA,NA,06000,09,Ciudad de México,015,Cuauhtémoc,0001,Cuauhtémoc,0748,008,5514976795,OFICINADONTORIBIO@HOTMAIL.COM,NA,Fijo,19.43323641,-99.14510398,2016-10
10609955,09015722412005701000000000U1,EL HORMIGUERO,EL HORMIGUERO SA DE CV,722412,"Bares, cantinas y similares",0 a 5 personas,AVENIDA,HIDALGO,CALLE,HEROES,CALLE,ZARCO,CALLE,SAN FERNANDO,111,NA,NA,NA,0,NA,COLONIA,GUERRERO,NA,NA,NA,06300,09,Ciudad de México,015,Cuauhtémoc,0001,Cuauhtémoc,0610,020,5510169396,NA,NA,Fijo,19.43771313,-99.14740283,2024-11
7756004,09015722511014642000000000U5,EL HUARACHE VELOZ,NA,722511,Restaurantes con servicio de preparación de alimentos a la carta o de comida corrida,6 a 10 personas,AVENIDA,ARCOS DE BELEN,EJE VIAL,CENTRAL (LAZARO CARDENAS),CALLE,LOPEZ,CALLE,DELICIAS,78,NA,14,PLANTA BAJA,13,NA,COLONIA,CENTRO,MERCADO PUBLICO,MERCADO SAN JUAN ARCOS DE BELEN,413-13-14,06070,09,Ciudad de México,015,Cuauhtémoc,0001,Cuauhtémoc,0875,027,NA,NA,NA,Fijo,19.42694266,-99.14280693,2019-11
11458398,09015722511019422000000000U7,EL HUARACHINGON,NA,722511,Restaurantes con servicio de preparación de alimentos a la carta o de comida corrida,6 a 10 personas,AVENIDA,JOSE MARIA PINO SUAREZ,AVENIDA,JOSE MARIA IZAZAGA,AVENIDA,FRAY SERVANDO TERESA DE MIER,AVENIDA,JOSE MARIA PINO SUAREZ,0,SN,PLAZA PINO SUAREZ,PASILLO,38,C38C39C40,COLONIA,CENTRO,CENTRO Y PLAZA COMERCIAL,PLAZA PINO SUAREZ,C38,06090,09,Ciudad de México,015,Cuauhtémoc,0001,Cuauhtémoc,0979,012,5540943700,NA,NA,Fijo,19.4251976,-99.13305864,2024-11
6258675,09015722110006465000016303S2,EL HUEQUITO,CREANDO TACOS SA,722511,Restaurantes con servicio de preparación de alimentos a la carta o de comida corrida,11 a 30 personas,CALLE,AYUNTAMIENTO,CALLE,DOLORES,CALLE,ARANDA,CALLE,VICTORIA,21,NA,NA,NA,NA,NA,COLONIA,CENTRO,NA,NA,NA,06050,09,Ciudad de México,015,Cuauhtémoc,0001,Cuauhtémoc,0748,018,NA,CONTABILIDAD@CREANDOTACOS.MX,WWW.ELHUEQUITO.COM.MX,Fijo,19.43054036,-99.14279325,2010-07
986081,09015722219003971000000000U1,EL HUEQUITO,NA,722511,Restaurantes con servicio de preparación de alimentos a la carta o de comida corrida,0 a 5 personas,AVENIDA,BALDERAS,CALLE,INDEPENDENCIA,CALLE,ARTICULO 123,CALLE,REVILLAGIGEDO,0,SN,NA,NA,0,NA,COLONIA,CUAHUTEMOC,NA,NA,NA,06050,09,Ciudad de México,015,Cuauhtémoc,0001,Cuauhtémoc,0748,025,5543614602,ELUEKITO@GMAIL.COM.MX,NA,Fijo,19.43356315,-99.14749014,2010-07
11772854,09015722511024532000000000S6,EL HUEQUITO RESTAURANTE,CREANDO TACOS SA DE CV,722511,Restaurantes con servicio de preparación de alimentos a la carta o de comida corrida,6 a 10 personas,CALLE,Ayuntamiento,CALLE,Aranda,CALLE,Dolores,CALLE,Victoria,21,NA,NA,NA,NA,NA,COLONIA,CENTRO HISTORICO,NA,NA,NA,NA,09,Ciudad de México,015,Cuauhtémoc,0001,Cuauhtémoc,0748,018,NA,CONTABILIDAD@CREANDOTACOS.MX,NA,Fijo,19.43054108,-99.14279808,2025-04
11394466,09015722511020681000000000U5,EL HUERTO FAST GOOT,NA,722511,Restaurantes con servicio de preparación de alimentos a la carta o de comida corrida,0 a 5 personas,CALLE,DINAMARCA,CALLE,LONDRES,CALLE,LIVERPOOL,CALLE,BERLIN,50,G,NA,NA,NA,NA,COLONIA,JUAREZ,NA,NA,NA,06600,09,Ciudad de México,015,Cuauhtémoc,0001,Cuauhtémoc,0841,002,5518307973,ELHUERTOFASTGOOT@GMAIL.COM,WWW.ELHUERTOFASTGOOD.COMELHUERTOFASTGOOTGMAIL.COM,Fijo,19.42737778,-99.15851117,2024-11
1000596,09015722511004021001000000U4,EL ITACATE,NA,722511,Restaurantes con servicio de preparación de alimentos a la carta o de comida corrida,0 a 5 personas,CALLE,MISIONEROS,CALLE,ROLDAN,CALLE,SANTO TOMAS,CALLE,RAMON CORONA,57,NA,NA,NA,NA,NA,COLONIA,CENTRO,NA,NA,NA,06090,09,Ciudad de México,015,Cuauhtémoc,0001,Cuauhtémoc,0911,003,NA,NA,NA,Fijo,19.42664209,-99.12626953,2010-07
8386286,09015722511015152000000000U4,EL ITALIANITO,COMIENDO ITALIANO SA DE CV,722511,Restaurantes con servicio de preparación de alimentos a la carta o de comida corrida,6 a 10 personas,CALLE,LOPEZ,CALLE,ARTICULO 123,CALLE,INDEPENDENCIA,EJE VIAL,CENTRAL (LAZARO CARDENAS),22,NA,NA,NA,NA,A,COLONIA,CENTRO,NA,NA,NA,06010,09,Ciudad de México,015,Cuauhtémoc,0001,Cuauhtémoc,0748,014,NA,FACTUZAMPIRA@OUTLOOK.COM,NA,Fijo,19.43277166,-99.14203517,2019-11
7756655,09015722511014931000068907S2,EL ITALIANITO,EL ITALIANITO SA DE CV,722511,Restaurantes con servicio de preparación de alimentos a la carta o de comida corrida,6 a 10 personas,CALLE,RIO SENA,CALLE,RIO NAZAS,CALLE,RIO BALSAS,CALLE,RIO EUFRATES,16,NA,NA,NA,0,NA,COLONIA,CUAHUTEMOC,NA,NA,NA,06500,09,Ciudad de México,015,Cuauhtémoc,0001,Cuauhtémoc,0790,011,NA,NA,NA,Fijo,19.43330274,-99.16766448,2019-11
8007227,09015722511011891000000000U1,EL JAGUAR GUERRERENSE,NA,722511,Restaurantes con servicio de preparación de alimentos a la carta o de comida corrida,6 a 10 personas,CALLE,FRESNO,CALLE,ELIGIO ANCONA,CALLE,MANUEL CARPIO,CALLE,SABINO,207,NA,NA,NA,0,NA,COLONIA,SANTA MARIA LA RIVERA,NA,NA,NA,06400,09,Ciudad de México,015,Cuauhtémoc,0001,Cuauhtémoc,0466,002,NA,NA,NA,Fijo,19.45136305,-99.16058871,2019-11
865623,09015722219032272001000000U9,EL JAMIL,LOBNAN RESTAURANT SA DE CV,722511,Restaurantes con servicio de preparación de alimentos a la carta o de comida corrida,11 a 30 personas,AVENIDA,AMSTERDAM,AVENIDA,SONORA,CALLE,CELAYA,AVENIDA,MEXICO,306,NA,NA,NA,NA,NA,COLONIA,HIPODROMO,NA,NA,NA,06100,09,Ciudad de México,015,Cuauhtémoc,0001,Cuauhtémoc,120A,004,NA,ALEALMADE@HOTMAIL.COM,NA,Fijo,19.41411966,-99.16695959,2010-07
10435939,09015722511021973000000000U5,EL KNTCKY,COLECTIVO 333 SAPI DE CV,722511,Restaurantes con servicio de preparación de alimentos a la carta o de comida corrida,11 a 30 personas,CALLE,HUMBOLDT,AVENIDA,JUAREZ,CALLE,CRISTOBAL COLON,AVENIDA,PASEO DE LA REFORMA,36,NA,NA,NA,NA,NA,COLONIA,CUAHUTEMOC,NA,NA,NA,06040,09,Ciudad de México,015,Cuauhtémoc,0001,Cuauhtémoc,0733,004,NA,EVENTOS@JARDINMX.COM,NA,Fijo,19.43540732,-99.1481696,2024-11
9781167,09015722511020871000000000U2,EL KUCHITRIL,NA,722511,Restaurantes con servicio de preparación de alimentos a la carta o de comida corrida,0 a 5 personas,CALLE,GENERAL BENJAMIN HILL,CIRCUITO,INTERIOR (DIAGONAL PATRIOTISMO),CALLE,GENERAL FRANCISCO MURGUIA,CALLE,CIENCIAS,71,NA,NA,NA,NA,NA,COLONIA,CUAUHTEMOC,NA,NA,NA,06170,09,Ciudad de México,015,Cuauhtémoc,0001,Cuauhtémoc,1411,016,NA,NA,NA,Fijo,19.40812477,-99.17964587,2024-11
1043707,09015722110004583000000000U4,EL LUGAR DEL MARIACHI,LA FRAGATA DEL MARIACHI SA DE CV,722511,Restaurantes con servicio de preparación de alimentos a la carta o de comida corrida,31 a 50 personas,CALLE,HAMBURGO,CALLE,NIZA,CALLE,GENOVA,CALLE,LONDRES,86,NA,NA,NA,86,NA,COLONIA,JUAREZ,NA,NA,NA,06600,09,Ciudad de México,015,Cuauhtémoc,0001,Cuauhtémoc,095A,009,5552074864,RESERVACIONESMARIACHI@YAHOO.COM.MX,WWW.ELLUGARDELMARIACHI.COM.MX,Fijo,19.4269423,-99.16298107,2010-07
1028552,09015722219023832001000000U1,EL LUGARCITO RESTAURANT,NA,722511,Restaurantes con servicio de preparación de alimentos a la carta o de comida corrida,6 a 10 personas,CALLE,LONDRES,CALLE,VARSOVIA,CALLE,PRAGA,AVENIDA,CHAPULTEPEC,210,NA,NA,NA,0,B,COLONIA,JUAREZ,NA,NA,NA,06600,09,Ciudad de México,015,Cuauhtémoc,0001,Cuauhtémoc,0983,006,NA,LUGARCITO.210@HOTMAIL.COM,NA,Fijo,19.4234327,-99.16802235,2010-07
10100550,09015722412006211000000000U0,EL MARAVILLA,NA,722412,"Bares, cantinas y similares",0 a 5 personas,CALLE,JESUS MARIA,CALLE,CORREGIDORA,CALLE,SOLEDAD,CALLE,ALHONDIGA,42,NA,NA,NA,NA,NA,COLONIA,CENTRO,NA,NA,NA,06060,09,Ciudad de México,015,Cuauhtémoc,0001,Cuauhtémoc,0786,005,NA,NA,NA,Fijo,19.43174377,-99.12799165,2024-11
8131627,09015722511010351000000000U7,EL MERCADITO PERUANO,NA,722511,Restaurantes con servicio de preparación de alimentos a la carta o de comida corrida,0 a 5 personas,AVENIDA,ARCOS DE BELEN,EJE VIAL,CENTRAL (LAZARO CARDENAS),CALLE,LOPEZ,CALLE,DELICIAS,78,NA,MERCADO SAN JUAN ARCOS DE BELEN,PLANTA BAJA,110,NA,COLONIA,CENTRO,MERCADO PUBLICO,MERCADO SAN JUAN ARCOS DE BELEN,110,06070,09,Ciudad de México,015,Cuauhtémoc,0001,Cuauhtémoc,0875,027,5577234876,ELMERCADITOPERUANO@GMAIL.COM,NA,Fijo,19.42694266,-99.14280693,2019-11
1001230,09015722219008691000000000U0,EL MESON DE BELISARIO 38,NA,722511,Restaurantes con servicio de preparación de alimentos a la carta o de comida corrida,6 a 10 personas,CALLE,BELISARIO DOMINGUEZ,CALLE,ALLENDE,CALLE,REPUBLICA DE CHILE,PEATONAL,MARIANA DEL TORO DE LAZARIN,38,NA,NA,NA,NA,A,COLONIA,CENTRO,NA,NA,NA,06010,09,Ciudad de México,015,Cuauhtémoc,0001,Cuauhtémoc,0644,015,NA,GABRIELZXP@HOTMAIL.COM,NA,Fijo,19.4381931,-99.13692408,2010-07
1042682,09015722212001521000000000U1,EL MESON DE LA GUERITA,NA,722511,Restaurantes con servicio de preparación de alimentos a la carta o de comida corrida,6 a 10 personas,CALLE,TURIN,CALLE,ABRAHAM GONZALEZ,EJE VIAL,1 PONIENTE (AVENIDA BUCARELI),AVENIDA,CHAPULTEPEC,8,NA,MERCADO JUAREZ,PASILLO,182,182 183,COLONIA,JUAREZ,MERCADO PUBLICO,MERCADO JUAREZ,182 183,06600,09,Ciudad de México,015,Cuauhtémoc,0001,Cuauhtémoc,0856,019,NA,XOCHITLRANCHOGRANDE@GMAIL.COM,NA,Fijo,19.42649305,-99.15480196,2010-07
11578920,09015722511019954000000000U9,EL MEXICANO RESTAURANTE Y MEZCALERIA,GRUPO GULA  SA DE CV,722511,Restaurantes con servicio de preparación de alimentos a la carta o de comida corrida,31 a 50 personas,EJE VIAL,2 PONIENTE RIO TIBER,CALLE,RIO PANUCO,CALLE,RIO LERMA,CALLE,RIO EBRO,105,NA,NA,NA,NA,NA,COLONIA,CUAUHTEMOC,NA,NA,NA,06500,09,Ciudad de México,015,Cuauhtémoc,0001,Cuauhtémoc,0822,016,NA,NA,WWW.ELMEXICANO.COM,Fijo,19.42866905,-99.16864661,2024-11
895906,09015461212000482010000000U2,EL MITOTE,NA,722412,"Bares, cantinas y similares",0 a 5 personas,EJE VIAL,3 PONIENTE MEDELLIN,CALLE,ZACATECAS,CALLE,QUERETARO,AVENIDA,INSURGENTES SUR,143,NA,NA,NA,0,NA,COLONIA,ROMA NORTE,NA,NA,NA,06700,09,Ciudad de México,015,Cuauhtémoc,0001,Cuauhtémoc,1214,023,NA,NA,NA,Fijo,19.41414451,-99.16523533,2014-12
11253884,09015722412005581000000000U7,EL MITOTE,NA,722412,"Bares, cantinas y similares",0 a 5 personas,EJE VIAL,3 PONIENTE MEDELLIN,CALLE,QUERETARO,CALLE,ZACATECAS,EJE VIAL,2 SUR (AVENIDA YUCATAN),143,NA,NA,NA,NA,NA,COLONIA,ROMA NORTE,NA,NA,NA,06700,09,Ciudad de México,015,Cuauhtémoc,0001,Cuauhtémoc,1214,015,NA,NA,NA,Fijo,19.41444111,-99.16520819,2024-11
877414,09015722219002861000000000U5,EL MUACK,NA,722511,Restaurantes con servicio de preparación de alimentos a la carta o de comida corrida,6 a 10 personas,CALLE,ROBLE,CALLE,DOCTOR MARIANO AZUELA,AVENIDA,INSURGENTES NORTE,CALLE,EBANO,4,NA,NA,NA,0,NA,COLONIA,SANTA MARIA LA RIBERA,NA,NA,NA,06400,09,Ciudad de México,015,Cuauhtémoc,0001,Cuauhtémoc,0485,016,NA,NA,NA,Fijo,19.44567591,-99.15358928,2010-07
1020174,09015722219028732000000000U8,EL NUCLEO,NA,722511,Restaurantes con servicio de preparación de alimentos a la carta o de comida corrida,6 a 10 personas,CALLE,RIO LERMA,CALLE,RIO NEVA,CALZADA,MANUEL VILLALONGIN,CALZADA,MANUEL VILLALONGIN,7,A,NA,NA,0,NA,COLONIA,CUAUHTEMOC,NA,NA,NA,06500,09,Ciudad de México,015,Cuauhtémoc,0001,Cuauhtémoc,0790,014,NA,E_POPOCA@HOTMAIL.COM,NA,Fijo,19.4318543,-99.16184898,2010-07
6714683,09015722511008483002000000U2,EL NUDO NEGRO,SOMBRERERO RESTAURACION SA DE CV,722511,Restaurantes con servicio de preparación de alimentos a la carta o de comida corrida,11 a 30 personas,CALLE,ZACATECAS,CALLE,TONALA,CALLE,JALAPA,CALLE,GUANAJUATO,139,NA,NA,NA,1,NA,COLONIA,ROMA NORTE,NA,NA,NA,06700,09,Ciudad de México,015,Cuauhtémoc,0001,Cuauhtémoc,1106,003,NA,NA,NA,Fijo,19.41563637,-99.16081871,2016-01
9115428,09015722511015551000000000U7,EL NUMERO 1 DE GUANAJUATO,NA,722511,Restaurantes con servicio de preparación de alimentos a la carta o de comida corrida,0 a 5 personas,CALLE,GUANAJUATO,CALLE,FRONTERA,EJE VIAL,1 PONIENTE (AVENIDA CUAUHTEMOC),CALLE,CHIHUAHUA,1,NA,NA,NA,0,NA,COLONIA,ROMA NORTE,NA,NA,NA,06700,09,Ciudad de México,015,Cuauhtémoc,0001,Cuauhtémoc,1110,019,NA,NA,NA,Fijo,19.41783536,-99.15450904,2019-11
1001002,09015434225004983001000000U1,EL OMBLIGO DEL MAGUEY,LA MARQUESITA SA,722511,Restaurantes con servicio de preparación de alimentos a la carta o de comida corrida,0 a 5 personas,CALLE,DONCELES,CALLE,REPUBLICA DE CHILE,CALLE,ALLENDE,CALLE,REPUBLICA DE CUBA,46,NA,54,PLANTA BAJA,0,NA,COLONIA,CENTRO,NA,NA,NA,06010,09,Ciudad de México,015,Cuauhtémoc,0001,Cuauhtémoc,0752,010,NA,NA,NA,Fijo,19.43641611,-99.13668532,2010-07
865366,09015722219011251000000000U8,EL ORUJO,NA,722511,Restaurantes con servicio de preparación de alimentos a la carta o de comida corrida,0 a 5 personas,AVENIDA,AMSTERDAM,CALLE,POPOCATEPETL,CALLE,CELAYA,CALLE,MEXICO,302,NA,NA,NA,0,NA,COLONIA,HIPODROMO,NA,NA,NA,06100,09,Ciudad de México,015,Cuauhtémoc,0001,Cuauhtémoc,120A,001,5552640973,NA,NA,Fijo,19.41442678,-99.16685956,2010-07
11055543,09015722511022742000000000U3,EL PALANQUITO,RESTAURANTES MILAGRITO SA DE CV,722511,Restaurantes con servicio de preparación de alimentos a la carta o de comida corrida,6 a 10 personas,AVENIDA,ALVARO OBREGON,CALLE,FRONTERA,CALLE,MERIDA,CALLE,TABASCO,39,B,NA,NA,NA,NA,COLONIA,JUAREZ,NA,NA,NA,06700,09,Ciudad de México,015,Cuauhtémoc,0001,Cuauhtémoc,1017,027,NA,NA,NA,Fijo,19.41909534,-99.15619133,2024-11
901139,09015461110028381000000000U0,EL PANDA,NA,722511,Restaurantes con servicio de preparación de alimentos a la carta o de comida corrida,0 a 5 personas,CALLE,JOSE ANTONIO TORRES,CALLE,JUAN HERNANDEZ Y DAVALOS,CALLE,GUMERSINDO ESQUER,CALLE,VICENTE BERISTAIN,693,NA,NA,NA,0,NA,COLONIA,GUMERSINDO ESQUER,NA,NA,NA,06850,09,Ciudad de México,015,Cuauhtémoc,0001,Cuauhtémoc,1500,006,NA,NA,NA,Fijo,19.40592216,-99.13394374,2014-12
880511,09015722110004123000000000U9,EL PENACHO DE MOCTEZUMA,EL PENACHO DE CUAUHTEMOC SA DE CV,722511,Restaurantes con servicio de preparación de alimentos a la carta o de comida corrida,11 a 30 personas,EJE VIAL,1 PONIENTE GUERRERO,EJE VIAL,1 NORTE (MOSQUETA),CALLE,MOCTEZUMA,CALLE,ZARAGOZA,142,NA,NA,NA,NA,NA,COLONIA,GUERRERO,NA,NA,NA,06350,09,Ciudad de México,015,Cuauhtémoc,0001,Cuauhtémoc,0502,013,NA,PENACHODELAGUERRERO@PRODIGY.NET.MX,NA,Fijo,19.44479385,-99.14770619,2010-07
10063890,09015722511023483000069348S3,EL PERIBAN,EL RINCON DEL PERIBAN SA DE CV,722511,Restaurantes con servicio de preparación de alimentos a la carta o de comida corrida,11 a 30 personas,CALLE,CAMPECHE,CALLE,MANZANILLO,AVENIDA,INSURGENTES SUR,CALLE,COAHUILA,171,NA,NA,NA,NA,NA,COLONIA,ROMA SUR,NA,NA,NA,06760,09,Ciudad de México,015,Cuauhtémoc,0001,Cuauhtémoc,1356,010,NA,CONTABILIDAD1@ELPERIIBAN.COM,WWW.ELPERIBANROMA.COM,Fijo,19.4096228,-99.16610237,2024-11
895789,09015722514000173010000000U1,EL PESCADITO,HERBERT PROCESADORA DE ALIMENTOS S DE RL DE CV,722511,Restaurantes con servicio de preparación de alimentos a la carta o de comida corrida,11 a 30 personas,CALLE,ATLIXCO,CALLE,ANTONIO SOLA,EJE VIAL,2 SUR (JUAN ESCUTIA),EJE VIAL,2 SUR (JUAN ESCUTIA),38,C,NA,NA,NA,NA,COLONIA,CONDESA,NA,NA,NA,06140,09,Ciudad de México,015,Cuauhtémoc,0001,Cuauhtémoc,1182,010,NA,ELPESCATIDODF@GMAIL.COM,NA,Fijo,19.41424407,-99.17355979,2014-12
1028410,09015722219028272000000000U9,EL PIALADERO DE GUADALAJARA,GRUPO DONUT FACTORY DE MEXICO S DE RL DE CV,722511,Restaurantes con servicio de preparación de alimentos a la carta o de comida corrida,11 a 30 personas,CALLE,HAMBURGO,CALLE,BURDEOS,AVENIDA,LIEJA,AVENIDA,CHAPULTEPEC,333,NA,NA,NA,0,NA,COLONIA,SIN 444,NA,NA,NA,06600,09,Ciudad de México,015,Cuauhtémoc,0001,Cuauhtémoc,0983,008,NA,OFICINAPIAL@GMAIL.COM,NA,Fijo,19.42160039,-99.17427774,2010-07
9596565,09015722511022571000000000U6,EL PORTEÑO 2,NA,722511,Restaurantes con servicio de preparación de alimentos a la carta o de comida corrida,0 a 5 personas,EJE VIAL,3 PONIENTE MEDELLIN,CALLE,QUERETARO,CALLE,SAN LUIS POTOSI,EJE VIAL,2 PONIENTE (MONTERREY),166,A,NA,NA,NA,NA,COLONIA,ROMA NORTE,NA,NA,NA,06700,09,Ciudad de México,015,Cuauhtémoc,0001,Cuauhtémoc,1214,014,5575241114,NA,NA,Fijo,19.41359626,-99.16498775,2024-11
9995407,09015722511018141000000000U4,EL PORTEÑO CORTE ARGENTINO,NA,722511,Restaurantes con servicio de preparación de alimentos a la carta o de comida corrida,0 a 5 personas,EJE VIAL,3 PONIENTE MEDELLIN,CALLE,CHIAPAS,CALLE,TAPACHULA,CALLE,MANZANILLO,190,NA,NA,NA,NA,NA,COLONIA,ROMA NORTE,NA,NA,NA,06700,09,Ciudad de México,015,Cuauhtémoc,0001,Cuauhtémoc,1356,027,NA,NA,NA,Fijo,19.41167771,-99.16464448,2024-11
9073382,09015722412004941000000000U4,EL PUNTO,NA,722412,"Bares, cantinas y similares",0 a 5 personas,CALLE,RIVERO,EJE VIAL,1 ORIENTE (AVENIDA DEL TRABAJO),CALLE,TOLTECAS,CALLE,PEÑON,100,NA,PASAJE Y ANDADOR COMERCIAL SIN NOMBRE,PLANTA BAJA,NA,NA,COLONIA,MORELOS TEPITO,PASAJE Y ANDADOR COMERCIAL,PASAJE Y ANDADOR COMERCIAL SIN NOMBRE,31,06200,09,Ciudad de México,015,Cuauhtémoc,0001,Cuauhtémoc,0358,001,NA,NA,NA,Fijo,19.44751546,-99.12732725,2019-11
10677501,09015722511022463000000000U6,EL QUE MADRUGA,EL QUE MADRUGA SA DE CV,722511,Restaurantes con servicio de preparación de alimentos a la carta o de comida corrida,11 a 30 personas,CALLE,VARSOVIA,CALLE,LONDRES,CALLE,HAMBURGO,EJE VIAL,2 PONIENTE (FLORENCIA),44,NA,NA,NA,NA,NA,COLONIA,JUAREZ,NA,NA,NA,06600,09,Ciudad de México,015,Cuauhtémoc,0001,Cuauhtémoc,095A,019,NA,ESQUINA44COMPRAS@GMAIL.COM,NA,Fijo,19.42381046,-99.16760155,2024-11
1029878,09015722219027092000000000U8,EL RANCHO,NA,722511,Restaurantes con servicio de preparación de alimentos a la carta o de comida corrida,11 a 30 personas,CALLE,DOCTOR MANUEL CARMONA Y VALLE,AVENIDA,DOCTOR RIO DE LA LOZA,CALLE,DOCTOR LAVISTA,EJE VIAL,1 PONIENTE (AVENIDA CUAUHTEMOC),31,A,NA,NA,NA,D,COLONIA,DOCTORES,NA,NA,NA,06720,09,Ciudad de México,015,Cuauhtémoc,0001,Cuauhtémoc,1534,013,NA,NA,NA,Fijo,19.42438638,-99.15292541,2010-07
895677,09015722518002912000000000U1,EL REFUGIO DEL INCA,NA,722511,Restaurantes con servicio de preparación de alimentos a la carta o de comida corrida,6 a 10 personas,CALLE,OXFORD,AVENIDA,PASEO DE LA REFORMA,CALLE,HAMBURGO,CALLE,VARSOVIA,16,NA,NA,NA,0,NA,COLONIA,CUAHUTEMOC,NA,NA,NA,06600,09,Ciudad de México,015,Cuauhtémoc,0001,Cuauhtémoc,0945,001,NA,ELREFUGIODELINCA@HOTMAIL.COM,NA,Fijo,19.42488629,-99.16921498,2014-12
9538970,09015722511017912000000000S9,EL REY DE LA COMIDA LIBANESA,NA,722511,Restaurantes con servicio de preparación de alimentos a la carta o de comida corrida,6 a 10 personas,CALLE,RIO NIAGARA,CALLE,RIO PANUCO,CALLE,RIO NAZAS,CALLE,RIO NILO,41,NA,NA,NA,NA,NA,COLONIA,CUAHUTEMOC,NA,NA,NA,06500,09,Ciudad de México,015,Cuauhtémoc,0001,Cuauhtémoc,0926,009,NA,NA,NA,Fijo,19.42897541,-99.1712495,2024-11
866884,09015722511007401000000000S5,EL REY DEL FALAFEL,NA,722511,Restaurantes con servicio de preparación de alimentos a la carta o de comida corrida,0 a 5 personas,CALLE,TENANCINGO,CALLE,FERNANDO MONTES DE OCA,EJE VIAL,2 SUR (JUAN ESCUTIA),AVENIDA,TAMAULIPAS,38,NA,NA,NA,NA,C,COLONIA,CONDESA,NA,NA,NA,06140,09,Ciudad de México,015,Cuauhtémoc,0001,Cuauhtémoc,1322,008,NA,NA,WWW.ELREYDELFALAFEL.COM,Fijo,19.41245095,-99.1736254,2010-07
896202,09015722511007202001000000U7,EL RINCON,NA,722511,Restaurantes con servicio de preparación de alimentos a la carta o de comida corrida,0 a 5 personas,CALLE,PACHUCA,EJE VIAL,2 SUR (JUAN ESCUTIA),CALLE,FERNANDO MONTES DE OCA,CALLE,ZAMORA,109,NA,NA,NA,NA,NA,COLONIA,CONDESA,NA,NA,NA,06140,09,Ciudad de México,015,Cuauhtémoc,0001,Cuauhtémoc,1178,007,NA,NA,NA,Fijo,19.41487997,-99.17795164,2014-12
11277730,09015722511018991000000000U2,EL RINCON DE LOS AMIGOS,NA,722511,Restaurantes con servicio de preparación de alimentos a la carta o de comida corrida,0 a 5 personas,CALLE,MOCTEZUMA,CALLE,ZARCO,CALLE,SOTO,EJE VIAL,1 NORTE (MOSQUETA),117,B,NA,NA,NA,NA,COLONIA,GUERRERO,NA,NA,NA,06300,09,Ciudad de México,015,Cuauhtémoc,0001,Cuauhtémoc,056A,003,5587697470,NA,NA,Fijo,19.44385454,-99.14457157,2024-11
11630915,09015722511024333000000000U9,EL RINCON DE LOS TELEFONISTAS,NA,722511,Restaurantes con servicio de preparación de alimentos a la carta o de comida corrida,11 a 30 personas,CALLE,JOAQUIN VELAZQUEZ DE LEON,CALLE,FRANCISCO DIAZ COVARRUBIAS,CALLE,MAESTRO ANTONIO CASO,CALLE,MANUEL MARIA CONTRERAS,122,NA,NA,NA,NA,NA,COLONIA,SAN RAFAEL,NA,NA,NA,06470,09,Ciudad de México,015,Cuauhtémoc,0001,Cuauhtémoc,0678,017,5555467027,ELRINCONDELOSTELEFONISTAS@GMAIL.COM,NA,Fijo,19.43572841,-99.16674935,2024-11
1026703,09015722219024962001000000U5,EL RINCON DE VIANCA,GRUPO RESTAURANTERO MACIAS SC DE RL DE CV,722511,Restaurantes con servicio de preparación de alimentos a la carta o de comida corrida,6 a 10 personas,CALLE,RIO DANUBIO,CALLE,RIO LERMA,CALLE,RIO VOLGA,EJE VIAL,2 PONIENTE (RIO TIBER),1,NA,NA,NA,NA,NA,COLONIA,CUAUHTEMOC,NA,NA,NA,06500,09,Ciudad de México,015,Cuauhtémoc,0001,Cuauhtémoc,0930,006,NA,NA,NA,Fijo,19.42897049,-99.16712306,2010-07
9221672,09015722511016212000000000U5,EL RINCON DEL PAISANO,NA,722511,Restaurantes con servicio de preparación de alimentos a la carta o de comida corrida,0 a 5 personas,AVENIDA,DOCTOR RIO DE LA LOZA,CALLE,DOCTOR MIGUEL FRANCISCO JIMENEZ,AVENIDA,NIÑOS HEROES,CALLE,DOCTOR LAVISTA,136,B4,NA,NA,12,NA,COLONIA,DOCTORES,NA,NA,NA,06720,09,Ciudad de México,015,Cuauhtémoc,0001,Cuauhtémoc,1534,008,NA,NA,NA,Fijo,19.42521562,-99.14802954,2019-11
8484611,09015722511014101000000000U2,EL RINCON MEXA,NA,722511,Restaurantes con servicio de preparación de alimentos a la carta o de comida corrida,0 a 5 personas,CALLE,MANUEL CARPIO,CALLE,NARANJO,CALLE,SABINO,CALLE,SALVADOR DIAZ MIRON,144,NA,144,PLANTA BAJA,NA,NA,COLONIA,SANTA MARIA RIVERRA,EDIFICIO COMERCIAL Y DE SERVICIOS,144,6,06400,09,Ciudad de México,015,Cuauhtémoc,0001,Cuauhtémoc,0466,013,NA,NA,NA,Fijo,19.45090831,-99.15915465,2019-11
1040502,09015722511002491000000000U1,EL RINCON PATAGONICO,NA,722511,Restaurantes con servicio de preparación de alimentos a la carta o de comida corrida,6 a 10 personas,CALLE,ROMA,CALLE,MILAN,CALLE,VIENA,CALLE,LUCERNA,35,NA,NA,NA,NA,NA,COLONIA,JUAREZ,NA,NA,NA,06600,09,Ciudad de México,015,Cuauhtémoc,0001,Cuauhtémoc,0856,015,5555745070,VERO_CAMPS@YAHOO.COM.MX,NA,Fijo,19.42943369,-99.15764572,2014-12
10000410,09015722511019051000000000U4,EL RINCONCITO PERUANO MX,NA,722511,Restaurantes con servicio de preparación de alimentos a la carta o de comida corrida,0 a 5 personas,CALLE,BOLIVAR,CALLE,VENUSTIANO CARRANZA,CALLE,REPUBLICA DE URUGUAY,CALLE,BOLIVAR,45,NA,MERCADO URBANO,PLANTA BAJA,5,NA,COLONIA,CENTRO,"TIANGUIS, BAZAR O PULGA",MERCADO URBANO,5,06000,09,Ciudad de México,015,Cuauhtémoc,0001,Cuauhtémoc,0818,001,5538309910,NA,NA,Fijo,19.43100549,-99.13877046,2024-11
986104,09015722219017781000000000U8,EL RINCONSITO,NA,722511,Restaurantes con servicio de preparación de alimentos a la carta o de comida corrida,0 a 5 personas,CALLE,REVILLAGIGEDO,CALLE,INDEPENDENCIA,CALLE,ARTICULO 123,AVENIDA,BALDERAS,29,NA,NA,NA,0,C,COLONIA,CUAHUTEMOC,NA,NA,NA,06050,09,Ciudad de México,015,Cuauhtémoc,0001,Cuauhtémoc,0748,025,NA,NA,NA,Fijo,19.43304946,-99.14623527,2010-07
10234561,09015722511023741000000000U4,EL SABER DE HOY,NA,722511,Restaurantes con servicio de preparación de alimentos a la carta o de comida corrida,0 a 5 personas,CALLE,FRANCISCO I MADERO,CALLE,PLAZA DE LA CONSTITUCION,CALLE,PALMA,CALLE,16 DE SEPTIEMBRE,67,NA,EDIFICIO KESSEL,PISO 4,411,NA,COLONIA,CENTRO,EDIFICIO COMERCIAL Y DE SERVICIOS,EDIFICIO KESSEL,411,06000,09,Ciudad de México,015,Cuauhtémoc,0001,Cuauhtémoc,0771,005,5591664299,NA,NA,Fijo,19.43322258,-99.13510011,2024-11
870689,09015722219026172000000000U9,EL SABOR DE MEXICO,NA,722511,Restaurantes con servicio de preparación de alimentos a la carta o de comida corrida,11 a 30 personas,CALLE,JUAN DE DIOS ARIAS,CALLE,JUAN A. MATEOS,EJE VIAL,3 SUR (CALZADA DE CHABACANO),CALZADA,SAN ANTONIO ABAD,171,NA,NA,NA,0,LOCAL C Y D,COLONIA,VISTA ALEGRE,NA,NA,NA,06860,09,Ciudad de México,015,Cuauhtémoc,0001,Cuauhtémoc,1271,005,5557411919,GODRYVER7@GMAIL.COM,NA,Fijo,19.4092666,-99.13494248,2010-07
7732554,09015722511010952000000000U2,EL SABOR DE MI HOGAR,NA,722511,Restaurantes con servicio de preparación de alimentos a la carta o de comida corrida,0 a 5 personas,CALLE,LONDRES,EJE VIAL,2 PONIENTE (FLORENCIA),CALLE,AMBERES,CALLE,LIVERPOOL,154,NA,MERCADO INSURGENTES,PLANTA BAJA,75,NA,COLONIA,JUAREZ,MERCADO PUBLICO,MERCADO INSURGENTES,75 76,06600,09,Ciudad de México,015,Cuauhtémoc,0001,Cuauhtémoc,095A,006,5569376408,NA,NA,Fijo,19.42457883,-99.16561745,2019-11
890270,09015722511006611001000000U0,EL SABOR DE MI TIERRA,NA,722511,Restaurantes con servicio de preparación de alimentos a la carta o de comida corrida,11 a 30 personas,CALLE,LOPEZ,AVENIDA,JUAREZ,CALLE,INDEPENDENCIA,CALLE,DOLORES,9,B,NA,NA,NA,NA,COLONIA,CENTRO,NA,NA,NA,06050,09,Ciudad de México,015,Cuauhtémoc,0001,Cuauhtémoc,0748,012,NA,NA,NA,Fijo,19.43411914,-99.1419003,2014-12
877349,09015722511007921000000000U2,EL SASON DE LA ABUELA,NA,722511,Restaurantes con servicio de preparación de alimentos a la carta o de comida corrida,0 a 5 personas,CALLE,CARLOS J MENESES,CALLE,JESUS GARCIA,CALLE,JUAN ALDAMA,CALLE,LUIS DONALDO COLOSIO,0,SN,NA,NA,0,NA,COLONIA,BUENAVISTA,NA,NA,NA,06350,09,Ciudad de México,015,Cuauhtémoc,0001,Cuauhtémoc,049A,009,5548757616,NA,NA,Fijo,19.44392699,-99.15138139,2010-07
1013438,09015722219007921001000000U2,EL SAUCE Y LA PALMA,NA,722511,Restaurantes con servicio de preparación de alimentos a la carta o de comida corrida,6 a 10 personas,CALLE,ZARAGOZA,CALLE,PEDRO MORENO,CALLE,VIOLETA,CALLE,JUAN ALDAMA,78,NA,NA,NA,0,NA,COLONIA,BUENAVISTA,NA,NA,NA,06350,09,Ciudad de México,015,Cuauhtémoc,0001,Cuauhtémoc,0610,006,5514826714,NA,NA,Fijo,19.44210521,-99.14972707,2010-07
989195,09015722219015501000000000U2,EL SAZ0N CUATRO,NA,722511,Restaurantes con servicio de preparación de alimentos a la carta o de comida corrida,11 a 30 personas,CALLE,MOTOLINIA,CALLE,FRANCISCO I. MADERO,CALLE,16 DE SEPTIEMBRE,CALLE,BOLIVAR,31,NA,NA,NA,NA,NA,COLONIA,CENTRO,NA,NA,NA,06000,09,Ciudad de México,015,Cuauhtémoc,0001,Cuauhtémoc,0767,003,NA,SAZON4MOTOLINIA@GMAIL.COM.MX,NA,Fijo,19.43317145,-99.13734943,2010-07
1013935,09015722110003323000000000U6,EL SAZON 3,NA,722511,Restaurantes con servicio de preparación de alimentos a la carta o de comida corrida,11 a 30 personas,CALLE,VENUSTIANO CARRANZA,CALLE,ISABEL LA CATOLICA,CALLE,BOLIVAR,CALLE,REPUBLICA DE URUGUAY,49,NA,NA,NA,9,NA,COLONIA,CENTRO,NA,NA,NA,06000,09,Ciudad de México,015,Cuauhtémoc,0001,Cuauhtémoc,0818,002,NA,OCDI19@YAHOO.COM.MX,NA,Fijo,19.43144926,-99.13786878,2010-07
10406176,09015812210005641000000000U8,EL SAZON DE ELI,NA,722511,Restaurantes con servicio de preparación de alimentos a la carta o de comida corrida,0 a 5 personas,CALLE,SOL,EJE VIAL,1 PONIENTE (GUERRERO),CALLE,HEROES,CALLE,LUNA,171,NA,NA,NA,NA,NA,COLONIA,GUERRERO,NA,NA,NA,06300,09,Ciudad de México,015,Cuauhtémoc,0001,Cuauhtémoc,0517,008,NA,NA,NA,Fijo,19.4480269,-99.14662378,2024-11
9006395,09015722511015211000000000U8,EL SAZON DE LAS XHUNCAS,NA,722511,Restaurantes con servicio de preparación de alimentos a la carta o de comida corrida,0 a 5 personas,CALLE,SERAPIO RENDON,AVENIDA,RIBERA DE SAN COSME,CALLE,ALFONSO HERRERA,CALLE,MIGUEL SCHULTZ,13,C,NA,NA,NA,NA,COLONIA,SAN RAFAEL,NA,NA,NA,06470,09,Ciudad de México,015,Cuauhtémoc,0001,Cuauhtémoc,0697,007,NA,JVSANTIAGO4411@GMAIL.COM,NA,Fijo,19.44013865,-99.15894321,2019-11
866967,09015722219019081000000000U1,EL SAZON DE PAU,NA,722511,Restaurantes con servicio de preparación de alimentos a la carta o de comida corrida,0 a 5 personas,AVENIDA,MICHOACAN,CALLE,VICENTE SUAREZ,AVENIDA,TAMAULIPAS,AVENIDA,MICHOACAN,0,SN,NA,NA,5,NA,COLONIA,CUAHUTEMOC,NA,NA,NA,06170,09,Ciudad de México,015,Cuauhtémoc,0001,Cuauhtémoc,1318,011,NA,NA,NA,Fijo,19.41139575,-99.17471759,2010-07
9825320,09015722511017731000000000U3,EL SAZON DE TAVI,NA,722511,Restaurantes con servicio de preparación de alimentos a la carta o de comida corrida,0 a 5 personas,AVENIDA,CHAPULTEPEC,CALLE,ACAPULCO,CALLE,TAMPICO,CALLE,CERRADA ACAPULCO,540,A,NA,NA,NA,NA,COLONIA,ROMA NORTE,NA,NA,NA,06700,09,Ciudad de México,015,Cuauhtémoc,0001,Cuauhtémoc,1089,009,5534060339,ELENA24482003@GMAIL.COM,NA,Fijo,19.42070503,-99.17488752,2024-11
7744193,09015722511012362000000000U2,EL SAZON OAXAQUEÑO,NA,722511,Restaurantes con servicio de preparación de alimentos a la carta o de comida corrida,6 a 10 personas,CALLE,ALLENDE,CALLE,DONCELES,CALLE,REPUBLICA DE CUBA,CALLE,REPUBLICA DE CHILE,17,NA,NA,NA,7,NA,COLONIA,CENTRO,NA,NA,NA,06010,09,Ciudad de México,015,Cuauhtémoc,0001,Cuauhtémoc,0752,010,NA,NA,NA,Fijo,19.43722059,-99.13774132,2019-11
1006654,09015722110002793001000000U1,EL SAZON OAXAQUEÑO,NA,722511,Restaurantes con servicio de preparación de alimentos a la carta o de comida corrida,6 a 10 personas,CALLE,PRIMERA CERRADA 5 DE MAYO,CALLE,5 DE MAYO,CALLE,PALMA,CALLE,PALMA,7,B-C-D,NA,NA,0,NA,COLONIA,TACUBA,NA,NA,NA,06010,09,Ciudad de México,015,Cuauhtémoc,0001,Cuauhtémoc,0771,019,NA,NA,NA,Fijo,19.43467039,-99.13548051,2010-07
895472,09015722412002431000000000U8,EL SCARY WITCHES BAR,NA,722412,"Bares, cantinas y similares",6 a 10 personas,CALLE,OSLO,CALLE,NIZA,CALLE,COPENHAGUE,AVENIDA,PASEO DE LA REFORMA,3,NA,NA,NA,0,NA,COLONIA,JUAREZ,NA,NA,NA,06600,09,Ciudad de México,015,Cuauhtémoc,0001,Cuauhtémoc,0803,013,NA,NA,NA,Fijo,19.42776105,-99.16350018,2014-12
956184,09015722110003823000000000U5,EL SELLE DEL VALLE RESTAURANTE,EL SELLA DEL VALLE SA DE CV,722511,Restaurantes con servicio de preparación de alimentos a la carta o de comida corrida,11 a 30 personas,EJE VIAL,2 A SUR DOCTOR BALMIS,CALLE,DOCTOR MANUEL VILLADA,EJE VIAL,1 PONIENTE (AVENIDA CUAUHTEMOC),CALLE,DOCTOR FRANCISCO DE P. CARRAL,210,NA,NA,NA,NA,NA,COLONIA,DOCTORES,NA,NA,NA,06720,09,Ciudad de México,015,Cuauhtémoc,0001,Cuauhtémoc,1125,022,NA,NA,NA,Fijo,19.41491794,-99.15385197,2010-07
9815215,09015722412005621000000000U1,EL TALLER DE SANTA,NA,722412,"Bares, cantinas y similares",0 a 5 personas,EJE VIAL,CENTRAL LAZARO CARDENAS,CALLE,REPUBLICA DE ECUADOR,PEATONAL,PLAZA GARIBALDI,CALLE,SAN CAMILITO,76,NA,NA,NA,NA,NA,COLONIA,CENTRO,NA,NA,NA,06010,09,Ciudad de México,015,Cuauhtémoc,0001,Cuauhtémoc,0536,014,5561031150,NA,NA,Fijo,19.44205688,-99.13947873,2024-11
9921727,09015722511020691000000000U4,EL TAPANQUILLO,NA,722511,Restaurantes con servicio de preparación de alimentos a la carta o de comida corrida,0 a 5 personas,OTRO(ESPECIFIQUE),MANZANA O EDIFICACION CONTIGUA,OTRO(ESPECIFIQUE),MANZANA O EDIFICACION CONTIGUA,OTRO(ESPECIFIQUE),MANZANA O EDIFICACION CONTIGUA,OTRO(ESPECIFIQUE),MANZANA O EDIFICACION CONTIGUA,103,NA,OSA MAYOR,PLANTA BAJA,3,NA,COLONIA,DOCTORES,NA,NA,NA,06720,09,Ciudad de México,015,Cuauhtémoc,0001,Cuauhtémoc,1549,033,NA,NA,NA,Fijo,19.42113027,-99.15227378,2024-11
8703199,09015722511010302000000000U0,EL TAPEO,ALZURI SA DE CV,722511,Restaurantes con servicio de preparación de alimentos a la carta o de comida corrida,6 a 10 personas,CALLE,OSLO,CALLE,COPENHAGUE,CALLE,NIZA,CALLE,HAMBURGO,6,NA,NA,NA,NA,PB,COLONIA,JUAREZ,NA,NA,NA,06600,09,Ciudad de México,015,Cuauhtémoc,0001,Cuauhtémoc,0803,012,5554198043,ENASOR@PRODIGY.NET.MX,NA,Fijo,19.42766152,-99.16362531,2019-11
1040428,09015722511005413001000000U2,EL TAPEO SUREÑO,NA,722511,Restaurantes con servicio de preparación de alimentos a la carta o de comida corrida,6 a 10 personas,CALLE,OSLO,CALLE,COPENHAGUE,CALLE,NIZA,CALLE,HAMBURGO,8,NA,NA,NA,0,NA,COLONIA,JUAREZ,NA,NA,NA,06600,09,Ciudad de México,015,Cuauhtémoc,0001,Cuauhtémoc,0803,012,NA,NA,NA,Fijo,19.42763109,-99.16369036,2010-07
1042136,09015722511003401000000000U9,EL TAQUITO DE DAVID,NA,722511,Restaurantes con servicio de preparación de alimentos a la carta o de comida corrida,0 a 5 personas,CALLE,ABRAHAM GONZALEZ,CALLE,LUCERNA,CALLE,GENERAL PRIM,EJE VIAL,1 PONIENTE (AVENIDA BUCARELI),0,SN,NA,NA,NA,NA,COLONIA,JUAREZ,NA,NA,NA,06600,09,Ciudad de México,015,Cuauhtémoc,0001,Cuauhtémoc,0856,011,5555468826,NA,NA,Semifijo,19.4292417,-99.15375802,2010-07
1021704,09015722511001811000000000U1,EL TIEMPO,NA,722511,Restaurantes con servicio de preparación de alimentos a la carta o de comida corrida,0 a 5 personas,CALLE,RIO LERMA,CALLE,RIO GUADALQUIVIR,CALLE,RIO EBRO,CALLE,RIO PANUCO,165,A,NA,NA,0,NA,COLONIA,CUAUHTEMOC,NA,NA,NA,06500,09,Ciudad de México,015,Cuauhtémoc,0001,Cuauhtémoc,0822,017,NA,OTHOSAN@HOTMAIL.COM,NA,Fijo,19.42835549,-99.16931232,2010-07
10654715,09015722511023162000000000U3,EL TLAYUDERO NTOJITOS OAXAQUEÑOS,NA,722511,Restaurantes con servicio de preparación de alimentos a la carta o de comida corrida,6 a 10 personas,CALLE,FRANCISCO PIMENTEL,CALLE,MANUEL MARIA CONTRERAS,CALLE,JOAQUIN VELAZQUEZ DE LEON,CALLE,GUILLERMO PRIETO,68,NA,NA,NA,NA,NA,COLONIA,SAN RAFAEL,NA,NA,NA,06470,09,Ciudad de México,015,Cuauhtémoc,0001,Cuauhtémoc,0678,004,5573526633,ELTLAYUDERCDMX@GMAIL.COM,NA,Fijo,19.43929757,-99.16546315,2024-11
7732224,09015722511010733000000000U6,EL TRASPATIO,LA VIVA LUMBRE SA DE CV,722511,Restaurantes con servicio de preparación de alimentos a la carta o de comida corrida,11 a 30 personas,CALLE,CORDOBA,CALLE,TABASCO,CALLE,COLIMA,CALLE,ORIZABA,81,NA,NA,NA,NA,NA,COLONIA,ROMA NORTE,NA,NA,NA,06700,09,Ciudad de México,015,Cuauhtémoc,0001,Cuauhtémoc,1002,012,NA,NA,WWW.MILAGRITO.COM,Fijo,19.41995129,-99.15897125,2019-11
1020118,09015722219002811000000000U0,EL TRIUNFO,NA,722511,Restaurantes con servicio de preparación de alimentos a la carta o de comida corrida,0 a 5 personas,CALLE,JAMES SULLIVAN,CALLE,JOSE ROSAS MORENO,CALLE,IGNACIO MANUEL ALTAMIRANO,CALLE,MAESTRO ANTONIO CASO,83,4,NA,NA,NA,NA,COLONIA,SAN RAFAEL,NA,NA,NA,06470,09,Ciudad de México,015,Cuauhtémoc,0001,Cuauhtémoc,0682,011,NA,KARLS20031@HOTMAIL.COM,NA,Fijo,19.43402011,-99.1630484,2010-07
10134524,09015722511020232000000000U7,EL TROMPO DE LA CORTE,NA,722511,Restaurantes con servicio de preparación de alimentos a la carta o de comida corrida,6 a 10 personas,CALLE,REPUBLICA DE URUGUAY,CALLE,CORREO MAYOR,AVENIDA,JOSE MARIA PINO SUAREZ,CALLE,REPUBLICA DEL SALVADOR,115,NA,NA,NA,0,NA,COLONIA,CENTRO,NA,NA,NA,06060,09,Ciudad de México,015,Cuauhtémoc,0001,Cuauhtémoc,0907,006,NA,RESTAURANTELACORTE1922@GMAIL.COM,NA,Fijo,19.42977461,-99.13204939,2024-11
8327136,09015722511013081000000000U7,EL URUGUAYO,NA,722511,Restaurantes con servicio de preparación de alimentos a la carta o de comida corrida,6 a 10 personas,AVENIDA,INSURGENTES SUR,CALLE,ZACATECAS,EJE VIAL,3 PONIENTE (MEDELLIN),EJE VIAL,3 PONIENTE (MEDELLIN),1,NA,NA,NA,NA,NA,COLONIA,ROMA NORTE,NA,NA,NA,06700,09,Ciudad de México,015,Cuauhtémoc,0001,Cuauhtémoc,1214,027,NA,NA,NA,Semifijo,19.41495308,-99.1654642,2019-11
11648226,09015722511023812000000000U3,EL VEINTICUATRO,NA,722511,Restaurantes con servicio de preparación de alimentos a la carta o de comida corrida,6 a 10 personas,CALLE,5 DE FEBRERO,CALLE,LUCAS ALAMAN,DIAGONAL,20 DE NOVIEMBRE,DIAGONAL,20 DE NOVIEMBRE,161,NA,MERCADO PUBLICO NO 6 PEQUEÑO COMERCIO,PLANTA BAJA,5,NA,COLONIA,OBRERA,MERCADO PUBLICO,MERCADO PUBLICO NO 6 PEQUEÑO COMERCIO,5,06800,09,Ciudad de México,015,Cuauhtémoc,0001,Cuauhtémoc,1055,006,NA,NA,NA,Semifijo,19.4216071,-99.1358,2024-11
11024316,09015722511021691000000000S3,EL VEINTICUATRO,NA,722511,Restaurantes con servicio de preparación de alimentos a la carta o de comida corrida,0 a 5 personas,CALLE,5 DE FEBRERO,CALLE,LUCAS ALAMAN,DIAGONAL,20 DE NOVIEMBRE,DIAGONAL,20 DE NOVIEMBRE,161,NA,MERCADO PUBLICO NO 6 PEQUEÑO COMERCIO,PLANTA BAJA,33,NA,COLONIA,OBRERA,MERCADO PUBLICO,MERCADO PUBLICO NO 6 PEQUEÑO COMERCIO,33,06800,09,Ciudad de México,015,Cuauhtémoc,0001,Cuauhtémoc,1055,006,NA,NA,NA,Fijo,19.4216071,-99.1358,2024-11
10027100,09015722511021701000000000S0,EL VEINTICUATRO,NA,722511,Restaurantes con servicio de preparación de alimentos a la carta o de comida corrida,0 a 5 personas,CALLE,5 DE FEBRERO,CALLE,LUCAS ALAMAN,DIAGONAL,20 DE NOVIEMBRE,DIAGONAL,20 DE NOVIEMBRE,161,NA,MERCADO PUBLICO NO 6 PEQUEÑO COMERCIO,PLANTA BAJA,31,NA,COLONIA,OBRERA,MERCADO PUBLICO,MERCADO PUBLICO NO 6 PEQUEÑO COMERCIO,31,06800,09,Ciudad de México,015,Cuauhtémoc,0001,Cuauhtémoc,1055,006,NA,NA,NA,Fijo,19.4216071,-99.1358,2024-11
10815955,09015722511021681000000000S4,EL VEINTICUATRO,NA,722511,Restaurantes con servicio de preparación de alimentos a la carta o de comida corrida,0 a 5 personas,CALLE,5 DE FEBRERO,CALLE,LUCAS ALAMAN,DIAGONAL,20 DE NOVIEMBRE,DIAGONAL,20 DE NOVIEMBRE,161,NA,MERCADO PUBLICO NO 6 PEQUEÑO COMERCIO,PLANTA BAJA,4,NA,COLONIA,OBRERA,MERCADO PUBLICO,MERCADO PUBLICO NO 6 PEQUEÑO COMERCIO,4,06800,09,Ciudad de México,015,Cuauhtémoc,0001,Cuauhtémoc,1055,006,NA,NA,NA,Fijo,19.4216071,-99.1358,2024-11
9543826,09015722511021981000000000S8,EL VEINTICUATRO,NA,722511,Restaurantes con servicio de preparación de alimentos a la carta o de comida corrida,0 a 5 personas,CALLE,5 DE FEBRERO,CALLE,LUCAS ALAMAN,DIAGONAL,20 DE NOVIEMBRE,DIAGONAL,20 DE NOVIEMBRE,161,NA,MERCADO PUBLICO NO 6 PEQUEÑO COMERCIO,PLANTA BAJA,32,NA,COLONIA,OBRERA,MERCADO PUBLICO,MERCADO PUBLICO NO 6 PEQUEÑO COMERCIO,32,06800,09,Ciudad de México,015,Cuauhtémoc,0001,Cuauhtémoc,1055,006,NA,NA,NA,Fijo,19.4216071,-99.1358,2024-11
7765772,09015722511010591000000000U8,EL WUEN COMER,NA,722511,Restaurantes con servicio de preparación de alimentos a la carta o de comida corrida,0 a 5 personas,CALLE,PROLONGACION FRANCISCO ZARCO,CALLE,MARTINELLI,CALLE,TOLNAHUAC,CALLE,ZOLTAN KODALY,NA,SN,CALLE TOLNAHUAC,PLANTA BAJA,39,NA,COLONIA,SAN SIMON,NA,NA,NA,06900,09,Ciudad de México,015,Cuauhtémoc,0001,Cuauhtémoc,0080,005,5543241163,NA,NA,Fijo,19.46034478,-99.1414787,2019-11
867257,09015722110004603001000000U0,EL ZORZAL RESTAURANTE,OPERADORA GASTRONOMICA GAUCHESCA SA DE CV,722511,Restaurantes con servicio de preparación de alimentos a la carta o de comida corrida,11 a 30 personas,AVENIDA,TAMAULIPAS,CALLE,ALFONSO REYES,CALLE,GENERAL BENJAMIN HILL,CALLE,REYNOSA,139,NA,NA,NA,0,NA,COLONIA,CONDESA,NA,NA,NA,06170,09,Ciudad de México,015,Cuauhtémoc,0001,Cuauhtémoc,1411,012,5552736023,NA,NA,Fijo,19.40837475,-99.17655754,2010-07
11433441,09015722511022321000000000U6,ELABORACION DE COMIDA,NA,722511,Restaurantes con servicio de preparación de alimentos a la carta o de comida corrida,0 a 5 personas,CALLE,QUERETARO,EJE VIAL,3 PONIENTE (MEDELLIN),EJE VIAL,2 SUR (AVENIDA YUCATAN),CALLE,ZACATECAS,225,NA,MERCADO ROMA,PLANTA BAJA,32,NA,COLONIA,ROMA NORTE,CENTRO Y PLAZA COMERCIAL,MERCADO ROMA,32,06700,09,Ciudad de México,015,Cuauhtémoc,0001,Cuauhtémoc,1214,015,NA,NA,NA,Fijo,19.4140631,-99.16441382,2024-11
895993,09015722511002333001000000U5,EM RESTAURANTE,CHURRO BURRO ROTISSERIE SA DE CV,722511,Restaurantes con servicio de preparación de alimentos a la carta o de comida corrida,31 a 50 personas,CALLE,TONALA,CALLE,ZACATECAS,EJE VIAL,2 SUR (AVENIDA QUERETARO),EJE VIAL,2 PONIENTE (MONTERREY),133,NA,NA,NA,NA,NA,COLONIA,ROMA NORTE,NA,NA,NA,06700,09,Ciudad de México,015,Cuauhtémoc,0001,Cuauhtémoc,1214,017,NA,NA,NA,Fijo,19.41524244,-99.16201919,2014-12
1003136,09015722219022011001000000U3,EMILIANOS CAFE,NA,722511,Restaurantes con servicio de preparación de alimentos a la carta o de comida corrida,0 a 5 personas,CALLE,DONCELES,CALLE,REPUBLICA DE BRASIL,CALLE,REPUBLICA DE ARGENTINA,CALLE,REPUBLICA DE GUATEMALA,87,NA,PLAZA BIALOS,PLANTA BAJA,112,NA,COLONIA,DONCELES,CENTRO Y PLAZA COMERCIAL,PLAZA BIALOS,112,06000,09,Ciudad de México,015,Cuauhtémoc,0001,Cuauhtémoc,0752,003,NA,NA,NA,Fijo,19.43590183,-99.1336866,2010-07
10845551,09015722511022231000000000U7,EMOI COMIDA DE VIETNAM,NA,722511,Restaurantes con servicio de preparación de alimentos a la carta o de comida corrida,0 a 5 personas,CALLE,QUERETARO,EJE VIAL,3 PONIENTE (MEDELLIN),EJE VIAL,2 SUR (AVENIDA YUCATAN),CALLE,ZACATECAS,225,NA,MERCADO ROMA,PISO 1,39,NA,COLONIA,ROMA NORTE,CENTRO Y PLAZA COMERCIAL,MERCADO ROMA,39,06700,09,Ciudad de México,015,Cuauhtémoc,0001,Cuauhtémoc,1214,015,NA,NA,NA,Fijo,19.4140631,-99.16441382,2024-11
9978226,09015722511020583000000000S3,ENO,ENO Y HERMANOS SAPI SAPI DE CV,722511,Restaurantes con servicio de preparación de alimentos a la carta o de comida corrida,11 a 30 personas,CALLE,CHIHUAHUA,CALLE,JALAPA,CALLE,ORIZABA,AVENIDA,ALVARO OBREGON,139,NA,NA,NA,NA,NA,COLONIA,ROMA NORTE,NA,NA,NA,06700,09,Ciudad de México,015,Cuauhtémoc,0001,Cuauhtémoc,1106,010,NA,NA,NA,Fijo,19.41735424,-99.16048734,2024-11
6737788,09015722511008752000000000U0,ENRICOS TRATTORIA,NA,722511,Restaurantes con servicio de preparación de alimentos a la carta o de comida corrida,0 a 5 personas,CALLE,LIVERPOOL,CALLE,BERLIN,CALLE,BRUSELAS,CALLE,LIVERPOOL,10,NA,NA,NA,0,B,COLONIA,JUAREZ,NA,NA,NA,06600,09,Ciudad de México,015,Cuauhtémoc,0001,Cuauhtémoc,0841,012,NA,NA,WWW.ENRICOS.COM.MX,Fijo,19.42785596,-99.15635956,2016-10
10627430,09015722511017401000000000S3,ENSALADAS ALVITA,NA,722511,Restaurantes con servicio de preparación de alimentos a la carta o de comida corrida,0 a 5 personas,CALLE,INDEPENDENCIA,CALLE,SANTOS DEGOLLADO,CALLE,LUIS MOYA,CALLE,MARROQUI,46,NA,NA,NA,NA,NA,COLONIA,CENTRO,NA,NA,NA,06050,09,Ciudad de México,015,Cuauhtémoc,0001,Cuauhtémoc,0748,001,NA,NA,NA,Fijo,19.43329868,-99.14482243,2024-11
9597749,09015722412006282000000000U1,EPIC BAR,NA,722412,"Bares, cantinas y similares",6 a 10 personas,CALLE,HAMBURGO,EJE VIAL,2 PONIENTE (FLORENCIA),CALLE,AMBERES,EJE VIAL,2 PONIENTE (FLORENCIA),158,B,HAMBURGO,PLANTA BAJA,43,NA,COLONIA,JUAREZ,EDIFICIO COMERCIAL Y DE SERVICIOS,HAMBURGO,SN,06600,09,Ciudad de México,015,Cuauhtémoc,0001,Cuauhtémoc,095A,007,NA,NA,NA,Fijo,19.42544592,-99.16615621,2024-11
10921288,09015722511018962000000000U3,ERO Y HERMANOS,ERO Y HERMANOS SAPI DE CV,722511,Restaurantes con servicio de preparación de alimentos a la carta o de comida corrida,6 a 10 personas,CALLE,TOKIO,CALLE,BURDEOS,CALLE,TOLEDO,CALLE,HAMBURGO,110,NA,NA,NA,NA,NA,COLONIA,CUAHUTEMOC,NA,NA,NA,06500,09,Ciudad de México,015,Cuauhtémoc,0001,Cuauhtémoc,0945,016,NA,NA,WWW.ERO.COM.MX,Fijo,19.42272808,-99.17367963,2024-11
10002412,09015722511021731000000000S7,ESGUMEX,NA,722511,Restaurantes con servicio de preparación de alimentos a la carta o de comida corrida,0 a 5 personas,CALLE,ERNESTO PUGIBET,CALLE,LUIS MOYA,CALLE,PLAZA DE SAN JUAN,CALLE,AYUNTAMIENTO,21,NA,MERCADO SAN JUAN PUGIMET,PLANTA BAJA,87,NA,COLONIA,CENTRO,MERCADO PUBLICO,MERCADO SAN JUAN PUGIMET,87,06070,09,Ciudad de México,015,Cuauhtémoc,0001,Cuauhtémoc,0875,009,NA,NA,NA,Fijo,19.4297037,-99.14438187,2024-11
6309790,09015722110006114002003761M6,ESPECIALISTAS EN ALTA COCINA,FLY BY WINGS SA DE CV,722511,Restaurantes con servicio de preparación de alimentos a la carta o de comida corrida,0 a 5 personas,CALLE,HAVRE,AVENIDA,PASEO DE LA REFORMA,CALLE,HAMBURGO,CALLE,NÁPOLES,30,NA,NA,NA,NA,NA,COLONIA,JUÁREZ,NA,NA,NA,NA,09,Ciudad de México,015,Cuauhtémoc,0001,Cuauhtémoc,0803,008,NA,KDELGADO@CMR-MX.COM,NA,Fijo,19.42784038,-99.16179107,2010-07
11223568,09015722511021481000000000U9,ESQUINA CARIOCA BRAZILIAN FOOD,NA,722511,Restaurantes con servicio de preparación de alimentos a la carta o de comida corrida,0 a 5 personas,CALLE,FRONTERA,CALLE,CHIHUAHUA,CALLE,GUANAJUATO,EJE VIAL,1 PONIENTE (AVENIDA CUAUHTEMOC),28,L,NA,NA,NA,NA,COLONIA,ROMA NORTE,NA,NA,NA,06700,09,Ciudad de México,015,Cuauhtémoc,0001,Cuauhtémoc,1110,019,NA,NA,NA,Fijo,19.41814838,-99.15556614,2024-11
11499386,09015722511018301000069229S4,ESTACIONAMIENTO DE RESETAURANTE BAR EL MARISQUERO,NA,722511,Restaurantes con servicio de preparación de alimentos a la carta o de comida corrida,0 a 5 personas,CALLE,HEROES FERROCARRILEROS,PEATONAL,PLAZA BUENAVISTA,CALLE,BERNAL DIAZ,CALLE,OROZCO Y BERRA,10,NA,NA,NA,NA,NA,COLONIA,BUENAVISTA,NA,NA,NA,06350,09,Ciudad de México,015,Cuauhtémoc,0001,Cuauhtémoc,049A,015,NA,NA,NA,Semifijo,19.44107574,-99.15383751,2024-11
1046167,09015812410003541000087940S8,ESTACIONAMIENTO LA TERRAZA DE LOS AMIGO,NA,722511,Restaurantes con servicio de preparación de alimentos a la carta o de comida corrida,0 a 5 personas,CALLE,PROLONGACION LERDO,CALZADA,SAN SIMON,EJE VIAL,2 NORTE (MANUEL GONZALEZ),CALLE,ZOLTAN KODALY,322,NA,NA,NA,NA,NA,COLONIA,SAN SIMON TOLNAHUAC,NA,NA,NA,06920,09,Ciudad de México,015,Cuauhtémoc,0001,Cuauhtémoc,0080,026,NA,NA,NA,Fijo,19.45679485,-99.14010673,2010-07
9461981,09015722511016845000000000U2,ESTACIONAMIENTO PUBLICO,NA,722511,Restaurantes con servicio de preparación de alimentos a la carta o de comida corrida,0 a 5 personas,CALLE,SANTA MARIA LA RIBERA,CALLE,SALVADOR DIAZ MIRON,EJE VIAL,1 NORTE (JOSE ANTONIO ALZATE),CALLE,JAIME TORRES BODET,138,NA,NA,NA,NA,NA,COLONIA,SANTA MARIA LA RIBERA,NA,NA,NA,06400,09,Ciudad de México,015,Cuauhtémoc,0001,Cuauhtémoc,0485,022,NA,NA,NA,Fijo,19.4480098,-99.15720018,2023-11
11648350,09015722511019182000000000U7,EVA SANWDWICHERIA,NA,722511,Restaurantes con servicio de preparación de alimentos a la carta o de comida corrida,6 a 10 personas,CALLE,ZITACUARO,CIRCUITO,INTERIOR (DIAGONAL PATRIOTISMO),CALLE,ALFONSO REYES,CALLE,SOMBRERETE,81,8,NA,NA,NA,NA,CONDOMINIO,CUAUHTEMOC,NA,NA,NA,06170,09,Ciudad de México,015,Cuauhtémoc,0001,Cuauhtémoc,1411,019,NA,EVASANDWICHERIA@GMAIL.COM,NA,Fijo,19.40954386,-99.17910679,2024-11
9184815,09015722412005141000000000U0,EXPENDIO MALA VIDA,NA,722412,"Bares, cantinas y similares",6 a 10 personas,EJE VIAL,1 PONIENTE AVENIDA CUAUHTEMOC,EJE VIAL,2 SUR (DOCTOR OLVERA),CALLE,DOCTOR M. GARCIA DIEGO,CALLE,DOCTOR MANUEL VILLADA,190,B,NA,NA,NA,NA,COLONIA,DOCTORES,NA,NA,NA,06720,09,Ciudad de México,015,Cuauhtémoc,0001,Cuauhtémoc,1125,006,NA,NA,NA,Fijo,19.41610287,-99.1543199,2019-11
879539,09015722511005552000000000S7,EXQUISITA COMIDA CASERA,NA,722511,Restaurantes con servicio de preparación de alimentos a la carta o de comida corrida,0 a 5 personas,EJE VIAL,1 NORTE MOSQUETA,CALLE,ZARCO,CALLE,SOTO,CALLE,DEGOLLADO,0,SN,MERCADO MARTINEZ DE LA TORRE,PLANTA BAJA,5,NA,COLONIA,GUERRERO,MERCADO PUBLICO,MERCADO MARTINEZ DE LA TORRE,5,06300,09,Ciudad de México,015,Cuauhtémoc,0001,Cuauhtémoc,056A,002,NA,NA,NA,Fijo,19.44491448,-99.14445352,2010-07
879533,09015722511003022000000000M3,EXQUISITA COMIDA CASERA,NA,722511,Restaurantes con servicio de preparación de alimentos a la carta o de comida corrida,0 a 5 personas,EJE VIAL,1 NORTE MOSQUETA,CALLE,ZARCO,CALLE,SOTO,CALLE,DEGOLLADO,0,SN,MERCADO MARTINEZ DE LA TORRE,PLANTA BAJA,573,NA,COLONIA,GUERRERO,MERCADO PUBLICO,MERCADO MARTINEZ DE LA TORRE,573,06300,09,Ciudad de México,015,Cuauhtémoc,0001,Cuauhtémoc,056A,002,NA,NA,NA,Fijo,19.44491623,-99.14446424,2010-07
879526,09015722511003182001000000U5,EXQUISITA COMIDA CASERA,NA,722511,Restaurantes con servicio de preparación de alimentos a la carta o de comida corrida,6 a 10 personas,EJE VIAL,1 NORTE MOSQUETA,CALLE,ZARCO,CALLE,SOTO,CALLE,DEGOLLADO,0,SN,MERCADO MARTINEZ DE LA TORRE,PLANTA BAJA,4,NA,COLONIA,GUERRERO,MERCADO PUBLICO,MERCADO MARTINEZ DE LA TORRE,4,06300,09,Ciudad de México,015,Cuauhtémoc,0001,Cuauhtémoc,056A,002,NA,NA,NA,Fijo,19.44490605,-99.14445505,2010-07
11340173,09015722511024291000000000S9,EXQUISITA COMIDA CASERA,NA,722511,Restaurantes con servicio de preparación de alimentos a la carta o de comida corrida,0 a 5 personas,EJE VIAL,1 NORTE MOSQUETA,CALLE,ZARCO,CALLE,SOTO,CALLE,DEGOLLADO,0,SN,MERCADO MARTINEZ DE LA TORRE,PLANTA BAJA,574,NA,COLONIA,GUERRERO,MERCADO PUBLICO,MERCADO MARTINEZ DE LA TORRE,574,06300,09,Ciudad de México,015,Cuauhtémoc,0001,Cuauhtémoc,056A,002,NA,NA,NA,Fijo,19.44491448,-99.14445352,2024-11
8327334,09015722511013253000000000S2,FARINA,GRUPO CAROLO SA DE CV,722511,Restaurantes con servicio de preparación de alimentos a la carta o de comida corrida,11 a 30 personas,CALLE,CHIHUAHUA,CALLE,JALAPA,CALLE,ORIZABA,AVENIDA,ALVARO OBREGON,139,NA,NA,NA,NA,NA,COLONIA,ROMA NORTE,NA,NA,NA,06700,09,Ciudad de México,015,Cuauhtémoc,0001,Cuauhtémoc,1106,010,NA,GERENCIAFROMA@ONLYO.COM.MX,NA,Fijo,19.41734672,-99.1605259,2019-11
6877006,09015722511016385000026691S9,FARINA ROMA,CAFE O SA DE CV,722511,Restaurantes con servicio de preparación de alimentos a la carta o de comida corrida,11 a 30 personas,CALLE,CHIHUAHUA,CALLE,JALAPA,CALLE,ORIZABA,AVENIDA,ÁLVARO OBREGÓN,139,NA,NA,NA,NA,NA,COLONIA,ROMA NORTE,NA,NA,NA,06700,09,Ciudad de México,015,Cuauhtémoc,0001,Cuauhtémoc,1106,010,NA,SSANCHEZ@GSGRUPO.COM.MX,NA,Fijo,19.41729223,-99.16080548,2019-04
7733030,09015722511011232000000000U8,FARMACIA INTERNACIONAL,LOS HUEVOS PERFECTOS S DE RL DE CV,722511,Restaurantes con servicio de preparación de alimentos a la carta o de comida corrida,11 a 30 personas,AVENIDA,NUEVO LEON,AVENIDA,MICHOACAN,CALLE,OZULUAMA,AVENIDA,AMSTERDAM,120,NA,NA,NA,0,NA,COLONIA,HIPODROMO,NA,NA,NA,06100,09,Ciudad de México,015,Cuauhtémoc,0001,Cuauhtémoc,1197,012,5584570544,NA,NA,Fijo,19.41036719,-99.17269372,2019-11
10760509,09015722511023491000000000U6,FAVORITA DEL REY COFFEE SHOP,NA,722511,Restaurantes con servicio de preparación de alimentos a la carta o de comida corrida,0 a 5 personas,CALLE,COAHUILA,CALLE,MERIDA,EJE VIAL,1 PONIENTE (AVENIDA CUAUHTEMOC),CALLE,ANTONIO M ANZA,6,NA,NA,NA,263,NA,COLONIA,ROMA NORTE,NA,NA,NA,06700,09,Ciudad de México,015,Cuauhtémoc,0001,Cuauhtémoc,1110,027,NA,NA,NA,Fijo,19.41271845,-99.15495853,2024-11
895449,09015722511006433000000000U9,FIEBRE DE MALTA,MIS CHICHARONES TRUENAN SA DE CV,722511,Restaurantes con servicio de preparación de alimentos a la carta o de comida corrida,11 a 30 personas,CALLE,RIO LERMA,CALLE,RIO GUADALQUIVIR,EJE VIAL,2 PONIENTE (RIO TIBER),CALLE,RIO VOLGA,156,NA,NA,NA,NA,NA,COLONIA,CUAUHTEMOC,NA,NA,NA,06500,09,Ciudad de México,015,Cuauhtémoc,0001,Cuauhtémoc,0930,002,NA,RAUL@FIEBREDEMALTA.COM,WWW.FIEBREMALTA.COM,Fijo,19.42832127,-99.16904446,2014-12
8529101,09015722511011681000000000U6,FIOMA COCODRILO,NA,722511,Restaurantes con servicio de preparación de alimentos a la carta o de comida corrida,0 a 5 personas,CALLE,MARROQUI,CALLE,INDEPENDENCIA,CALLE,ARTICULO 123,CALLE,DOLORES,28,NA,NA,NA,0,C,COLONIA,CUAUHTEMOC,NA,NA,NA,06050,09,Ciudad de México,015,Cuauhtémoc,0001,Cuauhtémoc,0748,003,NA,NA,NA,Fijo,19.43249647,-99.14333686,2019-11
10250292,09015722511020431000000000M5,FIT TASTE,ALIMENTACION FT SA DE CV,722511,Restaurantes con servicio de preparación de alimentos a la carta o de comida corrida,0 a 5 personas,CALLE,MORELIA,CALLE,COLIMA,CERRADA,MORELIA,EJE VIAL,1 PONIENTE (AVENIDA CUAUHTEMOC),84,NA,NA,NA,NA,NA,COLONIA,ROMA,NA,NA,NA,06700,09,Ciudad de México,015,Cuauhtémoc,0001,Cuauhtémoc,1017,018,NA,FITTASTEMX@GMAIL.COM,NA,Fijo,19.42131649,-99.15532503,2024-11
10812532,09015722511018161000000000U2,FIU FIU FLAUTERIA,NA,722511,Restaurantes con servicio de preparación de alimentos a la carta o de comida corrida,0 a 5 personas,CALLE,TONALA,PRIVADA,SEGUNDA TONALA,PRIVADA,PRIMERA TONALA,CALLE,JALAPA,36,A,NA,NA,0,NA,COLONIA,ROMA NORTE,NA,NA,NA,06700,09,Ciudad de México,015,Cuauhtémoc,0001,Cuauhtémoc,1002,004,5548794113,FIUFIUFLAUTERIA@GMAIL.COM,NA,Fijo,19.41987474,-99.16300618,2024-11
7756597,09015722511014882000000000U7,FLAMINGO ICE CREAM STUDIO,FLAMINGO ICE CREAM STUDIO SA DE CV,722511,Restaurantes con servicio de preparación de alimentos a la carta o de comida corrida,0 a 5 personas,CALLE,FRANCISCO DIAZ COVARRUBIAS,CALLE,GABINO BARREDA,CALLE,IGNACIO MANUEL ALTAMIRANO,CALLE,GUILLERMO PRIETO,31,NA,NA,NA,NA,NA,COLONIA,SAN RAFAEL,NA,NA,NA,06470,09,Ciudad de México,015,Cuauhtémoc,0001,Cuauhtémoc,0682,004,5517068687,ADMIN@FLAMINGOICECREAM.COM,NA,Fijo,19.43660291,-99.16407585,2019-11
9998400,09015722412005482000000000U8,FLAUTICHELI,NA,722412,"Bares, cantinas y similares",6 a 10 personas,AVENIDA,RICARDO FLORES MAGON,CALLE,PINO,CALLE,CIPRES,CALLE,CRISANTEMA,353,NA,NA,NA,NA,NA,COLONIA,ATLAMPA,NA,NA,NA,06450,09,Ciudad de México,015,Cuauhtémoc,0001,Cuauhtémoc,0042,013,5564567920,FLAUTICHELI@GMAIL.COM,NA,Fijo,19.4546535,-99.1558473,2024-11
865529,09015722219021221000000000U9,FLORA LOUNGE,NA,722511,Restaurantes con servicio de preparación de alimentos a la carta o de comida corrida,6 a 10 personas,AVENIDA,MICHOACAN,AVENIDA,NUEVO LEON,AVENIDA,AMSTERDAM,CALLE,OZULUAMA,54,A,NA,NA,NA,NA,COLONIA,HIPODROMO,NA,NA,NA,06100,09,Ciudad de México,015,Cuauhtémoc,0001,Cuauhtémoc,1197,012,NA,FLORALOUGE2001@GMAIL.COM,NA,Fijo,19.41138959,-99.17216801,2010-07
8385713,09015722511015101000000000U1,FONDA 115,NA,722511,Restaurantes con servicio de preparación de alimentos a la carta o de comida corrida,6 a 10 personas,CALLE,TONALA,EJE VIAL,2 SUR (AVENIDA QUERETARO),EJE VIAL,2A SUR (SAN LUIS POTOSI),EJE VIAL,2 SUR (AVENIDA YUCATAN),155,NA,NA,NA,NA,NA,COLONIA,ROMA NORTE,NA,NA,NA,06700,09,Ciudad de México,015,Cuauhtémoc,0001,Cuauhtémoc,1214,006,5538795453,BRENIQM95@GMAIL.COM,NA,Fijo,19.4142332,-99.16176741,2019-11
1013388,09015722212019381000000000U0,FONDA ALEJANDRA,NA,722511,Restaurantes con servicio de preparación de alimentos a la carta o de comida corrida,0 a 5 personas,CALLE,PEDRO MORENO,CALLE,SOTO,CALLE,ZARCO,CALLE,MAGNOLIA,105,B,NA,NA,0,NA,COLONIA,GUERRERO,NA,NA,NA,06300,09,Ciudad de México,015,Cuauhtémoc,0001,Cuauhtémoc,0610,018,NA,NA,NA,Fijo,19.4415961,-99.14469577,2010-07
10802005,09015722511019481000000000U3,FONDA AMALIA,NA,722511,Restaurantes con servicio de preparación de alimentos a la carta o de comida corrida,0 a 5 personas,CALLE,DOCTOR FEDERICO GOMEZ UGARTE SANTOS,EJE VIAL,CENTRAL (LAZARO CARDENAS),PRIVADA,PRIMERA DOCTOR FEDERICO GOMEZ UGARTE SANTOS,CALLE,ANGEL DEL CAMPO,14,NA,NA,NA,NA,NA,COLONIA,DOCTORES,NA,NA,NA,06720,09,Ciudad de México,015,Cuauhtémoc,0001,Cuauhtémoc,1394,024,NA,NA,NA,Fijo,19.40831488,-99.14538544,2024-11
9761233,09015722511020101000000000U4,FONDA ARGENTINA,NA,722511,Restaurantes con servicio de preparación de alimentos a la carta o de comida corrida,0 a 5 personas,EJE VIAL,2 A SUR MANUEL PAYNO,CALLE,SIMON BOLIVAR,CALLE,ISABEL LA CATOLICA,CALLE,ANTONIO GARCIA CUBAS,62,NA,NA,NA,NA,NA,COLONIA,OBRERA,NA,NA,NA,06800,09,Ciudad de México,015,Cuauhtémoc,0001,Cuauhtémoc,1144,019,NA,NA,NA,Fijo,19.41409028,-99.14075612,2024-11
8368194,09015722511009843000000000S6,FONDA ARGENTINA AEREOPUERTO,FONDA ARGENTINA SA DE CV,722511,Restaurantes con servicio de preparación de alimentos a la carta o de comida corrida,11 a 30 personas,VIADUCTO,RIO DE LA PIEDAD,CALLE,EGUIARA Y EGUREN,CALLE,SUR 65-A,CALLE,EGUIARA Y EGUREN,317,NA,NA,NA,0,NA,COLONIA,ASTURIAS,NA,NA,NA,06850,09,Ciudad de México,015,Cuauhtémoc,0001,Cuauhtémoc,1515,023,5540185774,ADMINISTRACION@VIADUCTO.COM,WWW.FONDAARGENTINA.COM.MX,Fijo,19.40331052,-99.13163325,2019-11
866893,09015722219008261000000000U2,FONDA ARRACHEVES,NA,722511,Restaurantes con servicio de preparación de alimentos a la carta o de comida corrida,0 a 5 personas,AVENIDA,MICHOACAN,CALLE,YAUTEPEC,CALLE,CUAUTLA,CALLE,VICENTE SUAREZ,151,A,NA,NA,0,NA,COLONIA,CONDESA,NA,NA,NA,06170,09,Ciudad de México,015,Cuauhtémoc,0001,Cuauhtémoc,1318,020,NA,NA,NA,Fijo,19.41148392,-99.17757119,2010-07
984214,09015722219014621000000000U9,FONDA BIG BEN,NA,722511,Restaurantes con servicio de preparación de alimentos a la carta o de comida corrida,0 a 5 personas,CALLE,LERDO,CALLE,MAGNOLIA,CALLE,MOCTEZUMA,CALLE,SOTO,44,NA,NA,NA,NA,NA,COLONIA,GUERRERO,NA,NA,NA,06300,09,Ciudad de México,015,Cuauhtémoc,0001,Cuauhtémoc,0574,014,5544021005,NA,NA,Fijo,19.44292737,-99.14285292,2010-07
863448,09015722212014551000000000U3,FONDA BONITA,NA,722511,Restaurantes con servicio de preparación de alimentos a la carta o de comida corrida,0 a 5 personas,CALLE,ZACATECAS,CALLE,MERIDA,CALLE,FRONTERA,EJE VIAL,2 SUR (AVENIDA QUERETARO),48,NA,NA,NA,0,A,COLONIA,ROMA NORTE,NA,NA,NA,06700,09,Ciudad de México,015,Cuauhtémoc,0001,Cuauhtémoc,1110,002,NA,NA,NA,Fijo,19.41632822,-99.15661159,2010-07
10226739,09015722511024191000000000U1,FONDA CARMELITA,NA,722511,Restaurantes con servicio de preparación de alimentos a la carta o de comida corrida,0 a 5 personas,CALLE,SOTO,CALLE,MINA,CALLE,VIOLETA,CALLE,ZARCO,76,NA,NA,NA,NA,NA,COLONIA,GUERRERO,NA,NA,NA,06300,09,Ciudad de México,015,Cuauhtémoc,0001,Cuauhtémoc,0625,006,NA,NA,NA,Fijo,19.44037801,-99.14466743,2024-11
892246,09015722212016881001000000U2,FONDA CARMELITA,NA,722511,Restaurantes con servicio de preparación de alimentos a la carta o de comida corrida,11 a 30 personas,AVENIDA,BALDERAS,CALLE,EMILIO DONDE,CALLE,AYUNTAMIENTO,CALLE,ENRICO MARTINEZ,0,SN,MERCADO DE ARTESANIAS LA CIUDADELA,PLANTA BAJA,174,NA,COLONIA,CENTRO,MERCADO PUBLICO,MERCADO DE ARTESANIAS LA CIUDADELA,116118120122107105,06040,09,Ciudad de México,015,Cuauhtémoc,0001,Cuauhtémoc,0860,009,5555121485,FONDACARMELITA01@GMAIL.COM,NA,Fijo,19.43047888,-99.14832338,2010-07
1000665,09015722219025732001000000U1,FONDA CASTILLO,NA,722511,Restaurantes con servicio de preparación de alimentos a la carta o de comida corrida,6 a 10 personas,AVENIDA,SAN PABLO,CALLE,SANTO TOMAS,CALLE,ROLDAN,CALLE,MISIONEROS,75,NA,NA,NA,0,NA,COLONIA,CENTRO,NA,NA,NA,06060,09,Ciudad de México,015,Cuauhtémoc,0001,Cuauhtémoc,0911,015,5543460129,NA,NA,Fijo,19.42576563,-99.12625868,2010-07
1040391,09015722219022231000000000U7,FONDA CAZADORES,NA,722511,Restaurantes con servicio de preparación de alimentos a la carta o de comida corrida,0 a 5 personas,CALLE,LOPEZ,CALLE,VIZCAINAS,CALLE,DELICIAS,CALLE,ARANDA,127,H,NA,NA,0,NA,COLONIA,CENTRO,NA,NA,NA,06070,09,Ciudad de México,015,Cuauhtémoc,0001,Cuauhtémoc,0875,014,NA,NA,NA,Fijo,19.42811918,-99.14281638,2010-07
11642019,09015722511022601000000000U1,FONDA CRISTY,NA,722511,Restaurantes con servicio de preparación de alimentos a la carta o de comida corrida,0 a 5 personas,EJE VIAL,2 PONIENTE MONTERREY,AVENIDA,ALVARO OBREGON,CALLE,CHIHUAHUA,CALLE,TONALA,122,NA,NA,NA,NA,NA,COLONIA,ROMA NORTE,NA,NA,NA,06700,09,Ciudad de México,015,Cuauhtémoc,0001,Cuauhtémoc,1106,008,NA,NA,NA,Fijo,19.41694644,-99.16395981,2024-11
11172298,09015722511020253000000000U3,FONDA DEL RECUERDO,COMEDORES VERCRUZANOS SA DE CV,722511,Restaurantes con servicio de preparación de alimentos a la carta o de comida corrida,11 a 30 personas,CALLE,RIO LERMA,CALLE,RIO GUADALQUIVIR,EJE VIAL,2 PONIENTE (RIO TIBER),CALLE,RIO VOLGA,170,NA,NA,NA,NA,NA,COLONIA,CUAUHTEMOC,NA,NA,NA,06500,09,Ciudad de México,015,Cuauhtémoc,0001,Cuauhtémoc,0930,002,NA,FACTURALERMA170@GMAIL.COM,WWW.FONDADELRECUERDO.COM,Fijo,19.42807807,-99.16955629,2024-11
1020941,09015722110000791001000000U7,FONDA DOÑA BLANCA,NA,722511,Restaurantes con servicio de preparación de alimentos a la carta o de comida corrida,6 a 10 personas,CALLE,RIO NAZAS,EJE VIAL,3 PONIENTE (RIO MISSISSIPI),CALLE,RIO GANGES,CALLE,RIO PANUCO,12,A,NA,NA,0,NA,COLONIA,CUAHUTEMOC,NA,NA,NA,06500,09,Ciudad de México,015,Cuauhtémoc,0001,Cuauhtémoc,0926,001,NA,NA,WWW.FONDADONABLANCA.COM,Fijo,19.42936452,-99.1731145,2010-07
894196,09015722511000412001000000U9,FONDA DOÑA BLANCA,NA,722511,Restaurantes con servicio de preparación de alimentos a la carta o de comida corrida,11 a 30 personas,CALLE,RIO NAZAS,CALLE,RIO NILO,CALLE,RIO GANGES,CALLE,RIO PANUCO,210,NA,NA,NA,0,NA,COLONIA,CUAUHTEMOC,NA,NA,NA,06500,09,Ciudad de México,015,Cuauhtémoc,0001,Cuauhtémoc,0926,002,NA,NA,WWW.FONDADONABLANCACOM,Fijo,19.42943051,-99.17295835,2014-12
7733251,09015722511011303000000000U7,FONDA DOÑA BLANCA,PROYECTO NAZA 210 SA DE CV,722511,Restaurantes con servicio de preparación de alimentos a la carta o de comida corrida,11 a 30 personas,AVENIDA,VERACRUZ,CALLE,ATLIXCO,CALLE,PARQUE ESPAÑA,CALLE,JUAN DE LA BARRERA,111,NA,NA,NA,NA,NA,COLONIA,CONDESA,NA,NA,NA,06140,09,Ciudad de México,015,Cuauhtémoc,0001,Cuauhtémoc,1182,002,NA,NA,NA,Fijo,19.41575807,-99.17214347,2019-11
6735928,09015722511008693001000000U6,FONDA DOÑA BLANCA,NA,722511,Restaurantes con servicio de preparación de alimentos a la carta o de comida corrida,11 a 30 personas,CALLE,RIO PANUCO,CALLE,RIO EBRO,CALLE,RIO GUADALQUIVIR,CALLE,RIO NAZAS,137,NA,NA,NA,NA,NA,COLONIA,CUAUHTEMOC,NA,NA,NA,06500,09,Ciudad de México,015,Cuauhtémoc,0001,Cuauhtémoc,0822,018,NA,NA,WWW.DONABLANCA.COM,Fijo,19.42950909,-99.16999461,2016-10
10050831,09015722511023662000000000U2,FONDA DOÑA BLANCA,NA,722511,Restaurantes con servicio de preparación de alimentos a la carta o de comida corrida,6 a 10 personas,CALLE,AZUETA,AVENIDA,JUAREZ,CALLE,INDEPENDENCIA,AVENIDA,BALDERAS,27,B,NA,NA,NA,NA,COLONIA,CENTRO,NA,NA,NA,06010,09,Ciudad de México,015,Cuauhtémoc,0001,Cuauhtémoc,0748,026,NA,NA,NA,Fijo,19.43404749,-99.14676136,2024-11
867309,09015722511003722001000000U8,FONDA DOÑA BLANCO,NA,722511,Restaurantes con servicio de preparación de alimentos a la carta o de comida corrida,11 a 30 personas,CIRCUITO,INTERIOR JOSE VASCONCELOS,EJE VIAL,4 SUR (BENJAMIN FRANKLIN),CALLE,GENERAL BENJAMIN HILL,CALLE,CARLOS B. ZETINA,115,NA,NA,NA,NA,NA,COLONIA,CUAUHTEMOC,NA,NA,NA,06170,09,Ciudad de México,015,Cuauhtémoc,0001,Cuauhtémoc,1411,024,NA,NA,NA,Fijo,19.40824397,-99.1838123,2010-07
889964,09015722511003671000000000U7,FONDA ECONOMICA JUANITA,NA,722511,Restaurantes con servicio de preparación de alimentos a la carta o de comida corrida,0 a 5 personas,CALLE,OROZCO Y BERRA,CALLE,ZARAGOZA,EJE VIAL,1 PONIENTE (GUERRERO),AVENIDA,MEXICO-TENOCHTITLAN,18,A,NA,NA,NA,NA,COLONIA,BUENAVISTA,NA,NA,NA,06350,09,Ciudad de México,015,Cuauhtémoc,0001,Cuauhtémoc,0714,020,5513434351,NA,NA,Fijo,19.4391349,-99.14936034,2014-12
8484767,09015722511014132000000000U7,FONDA EL BUEN SABOR,NA,722511,Restaurantes con servicio de preparación de alimentos a la carta o de comida corrida,0 a 5 personas,CALLE,HEROES,CALLE,DEGOLLADO,CALLE,CAMELIA,EJE VIAL,1 PONIENTE (GUERRERO),144,NA,NA,NA,1,NA,CIUDAD,GUERRERO,NA,NA,NA,06300,09,Ciudad de México,015,Cuauhtémoc,0001,Cuauhtémoc,056A,007,NA,NA,NA,Fijo,19.44601764,-99.14575704,2019-11
850830,09015722219019351000000000U8,FONDA EL GUERO,NA,722511,Restaurantes con servicio de preparación de alimentos a la carta o de comida corrida,0 a 5 personas,CALLE,PLOMO,CALLE,MAPIMI,CALLE,MELLADO,CIRCUITO,INTERIOR (AVENIDA RIO CONSULADO),44,A,NA,NA,0,NA,COLONIA,VALLE GOMEZ,NA,NA,NA,06240,09,Ciudad de México,015,Cuauhtémoc,0001,Cuauhtémoc,0127,002,5578196303,NA,NA,Fijo,19.45754491,-99.1252419,2010-07
1042853,09015722219026852000000000U6,FONDA EL MANA,NA,722511,Restaurantes con servicio de preparación de alimentos a la carta o de comida corrida,0 a 5 personas,AVENIDA,MORELOS,EJE VIAL,1 PONIENTE (AVENIDA BUCARELI),CALLE,ABRAHAM GONZALEZ,CALLE,ATENAS,80,A,NA,NA,0,NA,COLONIA,CENTRO,NA,NA,NA,06600,09,Ciudad de México,015,Cuauhtémoc,0001,Cuauhtémoc,0856,018,5555464637,NA,NA,Fijo,19.43272808,-99.15211325,2010-07
9055560,09015722511014431000000000U3,FONDA EL MATADOR,NA,722511,Restaurantes con servicio de preparación de alimentos a la carta o de comida corrida,0 a 5 personas,EJE VIAL,2 A SUR DOCTOR BALMIS,CALLE,DOCTOR AGUSTIN ANDRADE,CALLE,DOCTOR BARRAGAN,CALLE,DOCTOR ARCE,0,SN,MERCADO HIDALGO,PLANTA BAJA,NA,NA,COLONIA,DOCTORES,MERCADO PUBLICO,MERCADO HIDALGO,247 Y 248,06720,09,Ciudad de México,015,Cuauhtémoc,0001,Cuauhtémoc,1233,021,NA,NA,NA,Fijo,19.41430395,-99.14607112,2019-11
981907,09015722511007471000000000U8,FONDA EL PEJE DE ORO,NA,722511,Restaurantes con servicio de preparación de alimentos a la carta o de comida corrida,0 a 5 personas,CALLE,REPUBLICA DE ARGENTINA,CALLE,REPUBLICA DE PERU,CALLE,REPUBLICA DE BOLIVIA,CALLE,REPUBLICA DE BRASIL,64,A,NA,NA,0,NA,COLONIA,CENTRO HISTORICO,NA,NA,NA,06000,09,Ciudad de México,015,Cuauhtémoc,0001,Cuauhtémoc,0644,003,5537354125,NA,NA,Fijo,19.43956309,-99.13127436,2010-07
863823,09015722219021691000000000U3,FONDA EL PERIQUITO,NA,722511,Restaurantes con servicio de preparación de alimentos a la carta o de comida corrida,0 a 5 personas,EJE VIAL,2 SUR AVENIDA YUCATAN,CALLE,ZACATECAS,EJE VIAL,2 PONIENTE (MONTERREY),EJE VIAL,2 PONIENTE (MONTERREY),64,NA,NA,NA,NA,NA,COLONIA,ROMA NORTE,NA,NA,NA,06700,09,Ciudad de México,015,Cuauhtémoc,0001,Cuauhtémoc,1214,016,NA,NA,NA,Fijo,19.41476884,-99.16399409,2010-07
898458,09015722511000472000000000U3,FONDA EL PRISMA,NA,722511,Restaurantes con servicio de preparación de alimentos a la carta o de comida corrida,6 a 10 personas,EJE VIAL,2 A SUR DOCTOR BALMIS,CALLE,DOCTOR AGUSTIN ANDRADE,CALLE,DOCTOR BARRAGAN,CALLE,DOCTOR ARCE,0,SN,MERCADO HIDALGO,PLANTA BAJA,NA,NA,COLONIA,DOCTORES,MERCADO PUBLICO,MERCADO HIDALGO,219 220 227 228 229,06720,09,Ciudad de México,015,Cuauhtémoc,0001,Cuauhtémoc,1233,021,NA,NA,NA,Fijo,19.41429876,-99.14600464,2014-12
1042843,09015722219006711000000000U8,FONDA EL PUEBLITO,NA,722511,Restaurantes con servicio de preparación de alimentos a la carta o de comida corrida,0 a 5 personas,CALLE,TURIN,CALLE,ABRAHAM GONZALEZ,EJE VIAL,1 PONIENTE (AVENIDA BUCARELI),AVENIDA,CHAPULTEPEC,8,NA,MERCADO JUAREZ,PASILLO,122,123 124,COLONIA,JUAREZ,MERCADO PUBLICO,MERCADO JUAREZ,122 Y 123,06600,09,Ciudad de México,015,Cuauhtémoc,0001,Cuauhtémoc,0856,019,5569159285,NA,NA,Fijo,19.42649305,-99.15480196,2014-12
7732916,09015722511011192000000000U4,FONDA EL RICO SAZON,NA,722511,Restaurantes con servicio de preparación de alimentos a la carta o de comida corrida,6 a 10 personas,AVENIDA,SONORA,CALLE,SINALOA,CALLE,PUEBLA,CALLE,GUADALAJARA,34,NA,NA,NA,0,B,COLONIA,ROMA NORTE,NA,NA,NA,06700,09,Ciudad de México,015,Cuauhtémoc,0001,Cuauhtémoc,1089,002,5566587712,ALANARISTEO@GMAIL.COM,NA,Fijo,19.41980084,-99.1729615,2019-11
9339283,09015722511016771000000000U0,FONDA FER,NA,722511,Restaurantes con servicio de preparación de alimentos a la carta o de comida corrida,0 a 5 personas,CALLE,LUCAS ALAMAN,CALLE,JUAN A. DE LA FUENTE,CALLE,SIMON BOLIVAR,CALLE,FERNANDO DE ALVA IXTLIXOCHITL,29,C,NA,NA,0,NA,COLONIA,OBRERA,NA,NA,NA,06800,09,Ciudad de México,015,Cuauhtémoc,0001,Cuauhtémoc,1040,001,5649641168,NA,NA,Fijo,19.42126803,-99.14175138,2021-05
997822,09015722219021641010000000U8,FONDA GOYITA,NA,722511,Restaurantes con servicio de preparación de alimentos a la carta o de comida corrida,0 a 5 personas,CALLE,SAN MARCOS,CALLE,REPUBLICA DE GUATEMALA,CALLE,EMILIANO ZAPATA,CALLE,MARGIL,13,NA,NA,NA,0,NA,COLONIA,CENTRO,NA,NA,NA,06060,09,Ciudad de México,015,Cuauhtémoc,0001,Cuauhtémoc,0786,009,NA,NA,NA,Fijo,19.4334936,-99.12518222,2010-07
1045994,09015722219023992000000000U3,FONDA LA FUENTE,NA,722511,Restaurantes con servicio de preparación de alimentos a la carta o de comida corrida,0 a 5 personas,CALLE,TILOS,CALLE,PIRUL,CALLE,POPLE,AVENIDA,INSURGENTES NORTE,4,B,NA,NA,0,NA,COLONIA,SANTA MARIA INSURGENTES,NA,NA,NA,06430,09,Ciudad de México,015,Cuauhtémoc,0001,Cuauhtémoc,0061,004,5521476124,NA,NA,Fijo,19.46226625,-99.14571479,2010-07
867685,09015722219018921000000000U9,FONDA LA LUPITA,NA,722511,Restaurantes con servicio de preparación de alimentos a la carta o de comida corrida,0 a 5 personas,CALLE,NINGUNO,EJE VIAL,4 SUR (CHILPANCINGO),CALLE,QUINTANA ROO,CALLE,QUINTANA ROO,488,NA,NA,NA,NA,D,COLONIA,ROMA SUR,NA,NA,NA,06760,09,Ciudad de México,015,Cuauhtémoc,0001,Cuauhtémoc,1445,006,5518110063,FONDALALUPITA@GMAIL.COM,NA,Fijo,19.40410465,-99.1687471,2010-07
971028,09015722219019411000000000U0,FONDA LA LUPITA,NA,722511,Restaurantes con servicio de preparación de alimentos a la carta o de comida corrida,0 a 5 personas,CALLE,CALLE DEL CARMEN,CALLE,REPUBLICA DE COLOMBIA,CALLE,REPUBLICA DE VENEZUELA,CALLE,CALLEJON DE GIRON,37,NA,PASAJE SANDINO,PLANTA BAJA,31,INT,COLONIA,CENTRO,PASAJE Y ANDADOR COMERCIAL,PASAJE SANDINO,31,06020,09,Ciudad de México,015,Cuauhtémoc,0001,Cuauhtémoc,0663,017,NA,CHARLY11079@YAHOO.COM.MX,NA,Fijo,19.43721461,-99.12930612,2010-07
855738,09015722219008041001000000U8,FONDA LA MICHOACANA,NA,722511,Restaurantes con servicio de preparación de alimentos a la carta o de comida corrida,0 a 5 personas,CALLE,NINGUNO,OTRO(ESPECIFIQUE),MANZANA O EDIFICACION CONTIGUA,CALLE,LERDO,CALLE,LERDO,307,NA,NA,NA,1,NA,COLONIA,TLATELOLCO,NA,NA,NA,06900,09,Ciudad de México,015,Cuauhtémoc,0001,Cuauhtémoc,0273,006,5557824444,NA,NA,Fijo,19.45416394,-99.14039848,2010-07
11815768,09015722511024811000000000U4,FONDA LA PETITE,NA,722511,Restaurantes con servicio de preparación de alimentos a la carta o de comida corrida,0 a 5 personas,CALLE,CAMELIA,CALLE,OGAZON,EJE VIAL,CENTRAL (LAZARO CARDENAS),CALLE,SOL,15,NA,NA,NA,NA,NA,COLONIA,GUERRER0,NA,NA,NA,06300,09,Ciudad de México,015,Cuauhtémoc,0001,Cuauhtémoc,0574,018,NA,NA,NA,Fijo,19.44587545,-99.13959117,2025-04
899842,09015722219021101000000000U3,FONDA LA POBLANITA,NA,722511,Restaurantes con servicio de preparación de alimentos a la carta o de comida corrida,0 a 5 personas,CALLE,BAJIO,AVENIDA,INSURGENTES SUR,EJE VIAL,4 SUR (CHILPANCINGO),CALLE,HERMOSILLO,346,B,NA,NA,0,SN,COLONIA,ROMA SUR,NA,NA,NA,06760,09,Ciudad de México,015,Cuauhtémoc,0001,Cuauhtémoc,1445,005,5511867316,NA,NA,Fijo,19.40252294,-99.16926785,2010-07
11581689,09015722511021791000000000U1,FONDA LAS FLORES,NA,722511,Restaurantes con servicio de preparación de alimentos a la carta o de comida corrida,0 a 5 personas,OTRO(ESPECIFIQUE),MANZANA O EDIFICACION CONTIGUA,PEATONAL,NINGUNO,PEATONAL,NINGUNO,OTRO(ESPECIFIQUE),MANZANA O EDIFICACION CONTIGUA,0,SN,NA,NA,1,NA,CONJUNTO HABITACIONAL,TLATELOLCO,NA,NA,NA,06900,09,Ciudad de México,015,Cuauhtémoc,0001,Cuauhtémoc,0432,005,5546333868,NA,NA,Fijo,19.45219326,-99.13585662,2024-11
11627518,09015722511023021000000000U1,FONDA LOS ABUELOS DE GARETH EIDAN,NA,722511,Restaurantes con servicio de preparación de alimentos a la carta o de comida corrida,0 a 5 personas,CALLE,RICARDO BELL,CALLE,FELIPE VILLANUEVA,CALLE,PABLO DE SARAZATE,CALLE,FRANCISCO TAMAGNO,118,NA,NA,NA,NA,NA,MANZANA,6,NA,NA,NA,06220,09,Ciudad de México,015,Cuauhtémoc,0001,Cuauhtémoc,0023,006,NA,NA,NA,Fijo,19.46322226,-99.1345571,2024-11
867069,09015722219010431000000000U7,FONDA LOS ADOBES,NA,722511,Restaurantes con servicio de preparación de alimentos a la carta o de comida corrida,0 a 5 personas,CALLE,OMETUSCO,AVENIDA,CAMPECHE,CALLE,MEXICALI,AVENIDA,NUEVO LEON,18,B,NA,NA,0,NA,COLONIA,HIPODROMO,NA,NA,NA,06100,09,Ciudad de México,015,Cuauhtémoc,0001,Cuauhtémoc,1337,010,NA,NA,NA,Fijo,19.40831471,-99.17294572,2010-07
1015537,09015722511005151000000000U8,FONDA LOS CHILOTES,NA,722511,Restaurantes con servicio de preparación de alimentos a la carta o de comida corrida,0 a 5 personas,AVENIDA,MEXICO TENOCHTITLAN,CALLE,JESUS DE TERAN,CALLE,JOSE DE EMPARAM,CALLE,IGNACIO MARISCAL,36,F,NA,NA,0,NA,COLONIA,TABACALERA,NA,NA,NA,06030,09,Ciudad de México,015,Cuauhtémoc,0001,Cuauhtémoc,0714,010,5526883323,NA,NA,Fijo,19.43812459,-99.1511203,2010-07
9088225,09015722511015491000000000U6,FONDA LOS MICHOACANOS,NA,722511,Restaurantes con servicio de preparación de alimentos a la carta o de comida corrida,0 a 5 personas,CALLE,COBRE,CALLE,BOLAÑOS,EJE VIAL,1 ORIENTE (AVENIDA FERROCARRIL HIDALGO),CALLE,ALUMINIO,51,NA,NA,NA,NA,B,COLONIA,FELIPE PESCADOR,NA,NA,NA,06280,09,Ciudad de México,015,Cuauhtémoc,0001,Cuauhtémoc,0165,002,5560462745,NA,NA,Fijo,19.45441521,-99.12619802,2019-11
953005,09015722219030632001000000U6,FONDA LOS PERICOS,NA,722511,Restaurantes con servicio de preparación de alimentos a la carta o de comida corrida,6 a 10 personas,EJE VIAL,2 A SUR DOCTOR BALMIS,CALLE,DOCTOR AGUSTIN ANDRADE,CALLE,DOCTOR BARRAGAN,CALLE,DOCTOR ARCE,0,SN,MERCADO HIDALGO,PLANTA BAJA,892,NA,COLONIA,DOCTORES,MERCADO PUBLICO,MERCADO HIDALGO,892 893 894 897 898,06720,09,Ciudad de México,015,Cuauhtémoc,0001,Cuauhtémoc,1233,021,5530616184,NA,NA,Fijo,19.41430544,-99.14609013,2010-07
892315,09015722511000873001000000S2,FONDA MARGARITA,NA,722511,Restaurantes con servicio de preparación de alimentos a la carta o de comida corrida,11 a 30 personas,EJE VIAL,1 PONIENTE AVENIDA BUCARELI,AVENIDA,MORELOS,CALLE,AYUNTAMIENTO,CALLE,ENRICO MARTINEZ,48,NA,NA,NA,NA,B,COLONIA,CENTRO,NA,NA,NA,06010,09,Ciudad de México,015,Cuauhtémoc,0001,Cuauhtémoc,0860,014,NA,FONDAMARGARITA081@GMAIL.COM,WWW.FONDAMARGARITA.MX,Fijo,19.43241171,-99.15089284,2014-12
880831,09015722212016711010000000U1,FONDA MARTHA,NA,722511,Restaurantes con servicio de preparación de alimentos a la carta o de comida corrida,0 a 5 personas,CALLE,TENOCHTITLAN,CALLE,PLAZA DE LA CONCEPCION,CALLE,PEÑON,CALLE,TOLTECAS,109,NA,NA,NA,4,NA,COLONIA,MORELOS,NA,NA,NA,06200,09,Ciudad de México,015,Cuauhtémoc,0001,Cuauhtémoc,0343,006,NA,NA,NA,Fijo,19.44942701,-99.12862461,2010-07
866509,09015722219026132000000000U4,FONDA MI LUPITA,NA,722511,Restaurantes con servicio de preparación de alimentos a la carta o de comida corrida,11 a 30 personas,CALLE,ZAMORA,CALLE,VICENTE SUAREZ,CALLE,FRANCISCO MARQUEZ,CIRCUITO,INTERIOR (JOSE VASCONCELOS),NA,SN,NA,NA,NA,NA,COLONIA,CUAUHTEMOC,NA,NA,NA,06170,09,Ciudad de México,015,Cuauhtémoc,0001,Cuauhtémoc,1303,007,NA,NA,NA,Fijo,19.41277783,-99.1801261,2010-07
1017286,09015722219025712001000000U3,FONDA MONY,NA,722511,Restaurantes con servicio de preparación de alimentos a la carta o de comida corrida,0 a 5 personas,CALLE,MESONES,CALLE,ISABEL LA CATOLICA,CALLE,5 DE FEBRERO,CALLE,REPUBLICA DEL SALVADOR,82,A,NA,NA,0,A,COLONIA,CUAUHTEMOC,NA,NA,NA,06080,09,Ciudad de México,015,Cuauhtémoc,0001,Cuauhtémoc,0894,006,5591667066,NA,NA,Fijo,19.42851006,-99.13534239,2010-07
953353,09015722219031262001000000U1,FONDA NAIMA,NA,722511,Restaurantes con servicio de preparación de alimentos a la carta o de comida corrida,0 a 5 personas,EJE VIAL,2 A SUR DOCTOR BALMIS,CALLE,DOCTOR AGUSTIN ANDRADE,CALLE,DOCTOR BARRAGAN,CALLE,DOCTOR ARCE,NA,SN,MERCADO HIDALGO ANEXO,PASILLO,0,NA,COLONIA,DOCTORES,MERCADO PUBLICO,MERCADO HIDALGO ANEXO,243,06720,09,Ciudad de México,015,Cuauhtémoc,0001,Cuauhtémoc,1233,021,NA,NA,NA,Fijo,19.41430544,-99.14609013,2010-07
8338139,09015722511010182000000000U6,FONDA OAXAQUEÑA DE GUELACHE,EL TULE DE LOS REGINO S DE RL DE CV,722511,Restaurantes con servicio de preparación de alimentos a la carta o de comida corrida,11 a 30 personas,AVENIDA,NIÑOS HEROES,CALLE,DOCTOR LAVISTA,AVENIDA,DOCTOR RIO DE LA LOZA,CALLE,DOCTOR RAFAEL LUCIO,57,B,NA,NA,NA,B,COLONIA,DOCTORES,NA,NA,NA,06720,09,Ciudad de México,015,Cuauhtémoc,0001,Cuauhtémoc,1534,007,NA,NA,NA,Fijo,19.42433303,-99.14960528,2019-11
11456284,09015722511019581000000000U0,FONDA PAJARITOS,NA,722511,Restaurantes con servicio de preparación de alimentos a la carta o de comida corrida,0 a 5 personas,CALLE,CEDRO,CALLE,LIRIO,CALLE,SALVADOR DIAZ MIRON,CALLE,NOGAL,184,NA,NA,NA,NA,NA,COLONIA,SANTA MARIA LA RIBERA,NA,NA,NA,06400,09,Ciudad de México,015,Cuauhtémoc,0001,Cuauhtémoc,0555,008,NA,NA,NA,Fijo,19.44920132,-99.16226633,2024-11
10111111,09015722511018262000000000U8,FONDA SAN RAFAEL,NA,722511,Restaurantes con servicio de preparación de alimentos a la carta o de comida corrida,6 a 10 personas,CALLE,ALFONSO HERRERA,CALLE,MANUEL MARIA CONTRERAS,CALLE,GABINO BARREDA,CALLE,FRANCISCO PIMENTEL,9,B,NA,NA,NA,NA,COLONIA,SAN RAFAEL,NA,NA,NA,06470,09,Ciudad de México,015,Cuauhtémoc,0001,Cuauhtémoc,0678,002,NA,JUANCARLOS_ORTIZVARGAS@HOTMAIL.COM,NA,Fijo,19.44022587,-99.16411529,2024-11
855673,09015722219028352001000000U5,FONDA SANTA FE,NA,722511,Restaurantes con servicio de preparación de alimentos a la carta o de comida corrida,0 a 5 personas,CALLE,LERDO,PEATONAL,NINGUNO,EJE VIAL,2 NORTE (MANUEL GONZALEZ),EJE VIAL,2 NORTE (MANUEL GONZALEZ),322,NA,NA,NA,14,NA,COLONIA,TLATELOLCO,NA,NA,NA,06900,09,Ciudad de México,015,Cuauhtémoc,0001,Cuauhtémoc,0269,005,NA,BLANCA_VILLA1@HOTMAIL.COM,NA,Fijo,19.4548668,-99.14070139,2010-07
989804,09015722219031422001000000U1,FONDA SANTA RITA,NA,722511,Restaurantes con servicio de preparación de alimentos a la carta o de comida corrida,11 a 30 personas,CALLE,INDEPENDENCIA,CALLE,LOPEZ,EJE VIAL,CENTRAL (LAZARO CARDENAS),CALLE,ARTICULO 123,10,NA,NA,NA,NA,NA,COLONIA,CENTRO,NA,NA,NA,06010,09,Ciudad de México,015,Cuauhtémoc,0001,Cuauhtémoc,0748,014,5555124485,NA,NA,Fijo,19.43286111,-99.14195552,2010-07
857492,09015722219019751000000000U9,FONDA SARITA,NA,722511,Restaurantes con servicio de preparación de alimentos a la carta o de comida corrida,0 a 5 personas,CALLE,ELIGIO ANCONA,CALLE,DOCTOR ATL,CALLE,JAIME TORRES BODET,CALLE,MANUEL CARPIO,116,NA,NA,NA,0,B Y C,COLONIA,SANTA MARIA LA RIBERA,NA,NA,NA,06400,09,Ciudad de México,015,Cuauhtémoc,0001,Cuauhtémoc,0485,007,5555478726,NA,NA,Fijo,19.45235867,-99.15657448,2010-07
11239003,09015722511022181000000000U4,FONDA SIN NOMBRE,NA,722511,Restaurantes con servicio de preparación de alimentos a la carta o de comida corrida,0 a 5 personas,CALLE,SOLEDAD,CALLE,CALLEJON LECHERAS,EJE VIAL,1 ORIENTE (ANILLO DE CIRCUNVALACION),CALLE,CORREGIDORA,65,NA,PLAZA SOLEDAD,PISO 1,33,NA,COLONIA,CENTRO,CENTRO Y PLAZA COMERCIAL,PLAZA SOLEDAD,33,06060,09,Ciudad de México,015,Cuauhtémoc,0001,Cuauhtémoc,0786,004,NA,NA,NA,Fijo,19.43196209,-99.12506851,2024-11
894850,09015722511005771000000000U3,FONDA TOLUCA INN,NA,722511,Restaurantes con servicio de preparación de alimentos a la carta o de comida corrida,0 a 5 personas,AVENIDA,CHAPULTEPEC,CALLE,AMBERES,EJE VIAL,2 PONIENTE (FLORENCIA),CALLE,LIVERPOOL,321,NA,NA,NA,5,NA,COLONIA,JUAREZ,NA,NA,NA,06600,09,Ciudad de México,015,Cuauhtémoc,0001,Cuauhtémoc,095A,005,NA,TOLUCAINN1@HOTMAIL.COM,NA,Fijo,19.42355377,-99.16446492,2014-12
9184285,09015722511015961000000000U8,FONDA TURIN,NA,722511,Restaurantes con servicio de preparación de alimentos a la carta o de comida corrida,0 a 5 personas,CALLE,TURIN,CALLE,VERSALLES,CALLE,ABRAHAM GONZALEZ,CALLE,BARCELONA,96,NA,NA,NA,1,NA,COLONIA,JUAREZ,NA,NA,NA,06600,09,Ciudad de México,015,Cuauhtémoc,0001,Cuauhtémoc,0856,014,NA,NA,NA,Fijo,19.42694609,-99.15573791,2019-11
971110,09015722219023121010000000U9,FONDA VEGETARIANA ANAPOORNA,NA,722511,Restaurantes con servicio de preparación de alimentos a la carta o de comida corrida,0 a 5 personas,CALLE,REPUBLICA DE VENEZUELA,CALLE,CALLE DEL CARMEN,CALLE,RODRIGUEZ PUEBLA,CALLE,REPUBLICA DE COLOMBIA,72,NA,MERCADO ABELARDO L RODRIGUEZ,PLANTA BAJA,51,NA,COLONIA,CENTRO,MERCADO PUBLICO,MERCADO ABELARDO L RODRIGUEZ,L 51,06010,09,Ciudad de México,015,Cuauhtémoc,0001,Cuauhtémoc,0663,017,5539767049,NA,NA,Fijo,19.4369476,-99.1278763,2010-07
11339497,09015722511019221000000000U3,FONDITA LA FLOR,NA,722511,Restaurantes con servicio de preparación de alimentos a la carta o de comida corrida,0 a 5 personas,CALLE,RAFAEL ANGEL DE LA PEÑA,DIAGONAL,20 DE NOVIEMBRE,CALLE,SIMON BOLIVAR,CALLE,LORENZO BOTURINI,14,NA,NA,NA,NA,NA,COLONIA,OBRERA,NA,NA,NA,06800,09,Ciudad de México,015,Cuauhtémoc,0001,Cuauhtémoc,1144,021,NA,NA,NA,Fijo,19.41825113,-99.14286514,2024-11
10374152,09015722511019063000000000M9,FONTINA,SWEET JULIETTE SA DE CV,722511,Restaurantes con servicio de preparación de alimentos a la carta o de comida corrida,11 a 30 personas,CALLE,VERSALLES,CALLE,GENERAL PRIM,CALLE,LUCERNA,CALLE,LISBOA,43,NA,NA,NA,1,NA,COLONIA,JUAREZ,NA,NA,NA,06600,09,Ciudad de México,015,Cuauhtémoc,0001,Cuauhtémoc,0856,001,NA,JUAN.ROJAS@ALCISCORP.COM,NA,Fijo,19.43027335,-99.15475786,2024-11
11284244,09015722511020053000000000U7,FOOD DISTRIC,CORTES MILLONARIOS SA DE CV,722511,Restaurantes con servicio de preparación de alimentos a la carta o de comida corrida,11 a 30 personas,CALLE,RIO ELBA,CALLE,RIO ATOYAC,CALLE,RIO LERMA,CALLE,RIO DE LA PLATA,32,NA,LOCAL 1,PLANTA BAJA,1,NA,COLONIA,CUAUHTEMOC,NA,NA,NA,06500,09,Ciudad de México,015,Cuauhtémoc,0001,Cuauhtémoc,0930,013,5579207713,FOODDISTRICTMX@GMAIL.COM,FOODDISTRICMX.COM,Fijo,19.42539972,-99.17493792,2024-11
10919683,09015722511019571000000000U1,FRAGOLA,NA,722511,Restaurantes con servicio de preparación de alimentos a la carta o de comida corrida,0 a 5 personas,CALLE,SALVADOR DIAZ MIRON,CALLE,JAIME TORRES BODET,CALLE,NARANJO,CALLE,MANUEL CARPIO,117,A,NA,NA,NA,A,COLONIA,SANTA MARIA RIVERA,NA,NA,NA,06400,09,Ciudad de México,015,Cuauhtémoc,0001,Cuauhtémoc,0466,026,NA,NA,NA,Fijo,19.44895038,-99.15804883,2024-11
11342516,09015722511018482000000000U2,FRANK FURT,NA,722511,Restaurantes con servicio de preparación de alimentos a la carta o de comida corrida,6 a 10 personas,AVENIDA,TAMAULIPAS,AVENIDA,CAMPECHE,CALLE,MEXICALI,CALLE,ENSENADA,140,NA,NA,NA,NA,NA,COLONIA,CUAUTEMOC,NA,NA,NA,06170,09,Ciudad de México,015,Cuauhtémoc,0001,Cuauhtémoc,1337,013,NA,FRANKFORDCONDESA@MX.COM,WWW.FRANKFORD.MX,Fijo,19.40931294,-99.17573835,2024-11
9425671,09015722511016903000000000U9,FREIMS,EDICIONES CONDESA SA DE CV,722511,Restaurantes con servicio de preparación de alimentos a la carta o de comida corrida,31 a 50 personas,AVENIDA,AMSTERDAM,AVENIDA,SONORA,CALLE,PARRAS,AVENIDA,MEXICO,62,B,NA,NA,NA,NA,COLONIA,HIPODROMO,NA,NA,NA,06100,09,Ciudad de México,015,Cuauhtémoc,0001,Cuauhtémoc,1197,009,NA,HOLA@FREIMS.MX,WWW.FREIMS.MX,Fijo,19.41471291,-99.16963252,2023-11
9971099,09015722511022003000000000U0,FRITUUR,NA,722511,Restaurantes con servicio de preparación de alimentos a la carta o de comida corrida,11 a 30 personas,CALLE,CAMPECHE,CALLE,CHILPANCINGO,CALLE,CULIACAN,CALLE,AGUASCALIENTES,278,NA,NA,NA,NA,NA,COLONIA,HIPODROMO,NA,NA,NA,06100,09,Ciudad de México,015,Cuauhtémoc,0001,Cuauhtémoc,1341,001,NA,HOLA@FRITOOR.MX,NA,Fijo,19.40837859,-99.17035881,2024-11
10104124,09015722511019761000000000U8,FRONTERA BAR,NA,722511,Restaurantes con servicio de preparación de alimentos a la carta o de comida corrida,0 a 5 personas,CALLE,FRONTERA,CALLE,TABASCO,AVENIDA,ALVARO OBREGON,CALLE,MORELIA,120,NA,NA,NA,NA,NA,COLONIA,BENITO JUAREZ,NA,NA,NA,06700,09,Ciudad de México,015,Cuauhtémoc,0001,Cuauhtémoc,1017,026,NA,NA,NA,Fijo,19.41926925,-99.15586488,2024-11
1042717,09015722212005321000000000U2,FRUTAS Y VERDURAS SIN NOMBRE,NA,722511,Restaurantes con servicio de preparación de alimentos a la carta o de comida corrida,0 a 5 personas,CALLE,TURIN,CALLE,ABRAHAM GONZALEZ,EJE VIAL,1 PONIENTE (AVENIDA BUCARELI),AVENIDA,CHAPULTEPEC,8,NA,MERCADO JUAREZ,PLANTA BAJA,242,NA,COLONIA,JUAREZ,MERCADO PUBLICO,MERCADO JUAREZ,242 243 244,06600,09,Ciudad de México,015,Cuauhtémoc,0001,Cuauhtémoc,0856,019,NA,NA,NA,Fijo,19.42649305,-99.15480196,2010-07
1028028,09015722219024232011000000U3,FRUTOS PROHIBIDOS,EL FRUTERO FRUCTIFERO SA DE CV,722511,Restaurantes con servicio de preparación de alimentos a la carta o de comida corrida,11 a 30 personas,CALLE,CHIHUAHUA,CALLE,JALAPA,CALLE,ORIZABA,CALLE,GUANAJUATO,118,A,NA,NA,NA,NA,COLONIA,ROMA NORTE,NA,NA,NA,06700,09,Ciudad de México,015,Cuauhtémoc,0001,Cuauhtémoc,1106,011,NA,NA,NA,Fijo,19.41737464,-99.15977003,2010-07
866947,09015722110002723001000000U8,FUCKOFFROOM BAR,RESTOBAR BOMBAY SA DE CV,722511,Restaurantes con servicio de preparación de alimentos a la carta o de comida corrida,0 a 5 personas,CALLE,FERNANDO MONTES DE OCA,CALLE,AMATLAN,CALLE,ATLIXCO,EJE VIAL,2 SUR (JUAN ESCUTIA),43,NA,NA,NA,NA,NA,COLONIA,CONDESA,NA,NA,NA,06140,09,Ciudad de México,015,Cuauhtémoc,0001,Cuauhtémoc,1322,002,NA,RENECOMBE@HOTMAIL.COM,NA,Fijo,19.41290786,-99.17460776,2010-07
11623172,09015722511020741000000000U7,FUENTE DE MARISCOS,NA,722511,Restaurantes con servicio de preparación de alimentos a la carta o de comida corrida,0 a 5 personas,EJE VIAL,1 NORTE IGNACIO LOPEZ RAYON,CALLE,COMONFORT,CALLE,PALMA NORTE,CALLE,LIBERTAD,33,NA,MERCADO 2 LAGUNILLA ZONA,PLANTA BAJA,37,NA,COLONIA,MORELOS,MERCADO PUBLICO,MERCADO 2 LAGUNILLA ZONA,"37,38",06200,09,Ciudad de México,015,Cuauhtémoc,0001,Cuauhtémoc,0540,005,NA,NA,NA,Fijo,19.44370115,-99.13512769,2024-11
9548353,09015722511021132000000000U8,FUGAZ RESTAURANTE,NA,722511,Restaurantes con servicio de preparación de alimentos a la carta o de comida corrida,6 a 10 personas,CALLE,ORIZABA,CALLE,PUEBLA,AVENIDA,CHAPULTEPEC,CALLE,JALAPA,3,B,NA,NA,NA,NA,COLONIA,ROMA NORTE,NA,NA,NA,06700,09,Ciudad de México,015,Cuauhtémoc,0001,Cuauhtémoc,1002,008,NA,FUUUUGAZ@GMAIL.COM,NA,Fijo,19.42383702,-99.16120501,2024-11
10621047,09015722511017441000000000U9,FUGU GOURMET,NA,722511,Restaurantes con servicio de preparación de alimentos a la carta o de comida corrida,0 a 5 personas,CALLE,16 DE SEPTIEMBRE,EJE VIAL,CENTRAL (LAZARO CARDENAS),CALLE,FRAY PEDRO DE GANTE,CALLE,VENUSTIANO CARRANZA,11,NA,PLAZA OLIMPIA,PLANTA BAJA,94,NA,COLONIA,CENTRO,CENTRO Y PLAZA COMERCIAL,OCEANIA,94,06000,09,Ciudad de México,015,Cuauhtémoc,0001,Cuauhtémoc,0818,005,5517038699,MAYAHUEL777@GMAIL.COM.MX,NA,Fijo,19.43266659,-99.14066153,2024-11
10381287,09015722511021441000000000U3,GALAPAGO,OPERADORA DE RESTAURANTES MICERLIO SA DE CV,722511,Restaurantes con servicio de preparación de alimentos a la carta o de comida corrida,0 a 5 personas,CALLE,CHIHUAHUA,CALLE,TONALA,EJE VIAL,2 PONIENTE (MONTERREY),AVENIDA,ALVARO OBREGON,205,NA,NA,NA,NA,NA,COLONIA,ROMA NORTE,NA,NA,NA,06700,09,Ciudad de México,015,Cuauhtémoc,0001,Cuauhtémoc,1106,008,NA,NA,NA,Fijo,19.41678178,-99.16342133,2024-11
9973315,09015722511023433000000000U8,GALEA,TIMSHELL HOSPITALI SA DE CV,722511,Restaurantes con servicio de preparación de alimentos a la carta o de comida corrida,11 a 30 personas,CALLE,SINALOA,CALLE,MEDELLIN,CALLE,VALLADOLID,CALLE,PUEBLA,67,NA,NA,NA,NA,NA,COLONIA,ROMA NORTE,NA,NA,NA,06700,09,Ciudad de México,015,Cuauhtémoc,0001,Cuauhtémoc,0998,001,NA,CONTACTO@GALEA.MX,WWW.GALE.COM,Fijo,19.42084072,-99.16696759,2024-11
7757186,09015722511015031000000000U0,GALERIA DOÑA INES RESTAURANTE,NA,722511,Restaurantes con servicio de preparación de alimentos a la carta o de comida corrida,0 a 5 personas,CALLE,REGINA,CALLE,ISABEL LA CATOLICA,CALLEJON,PRIMER DE MESONES,CALLE,MESONES,38,C,NA,NA,0,NA,COLONIA,CUAHUTEMOC,NA,NA,NA,06080,09,Ciudad de México,015,Cuauhtémoc,0001,Cuauhtémoc,0894,005,NA,NA,NA,Fijo,19.42787907,-99.13668361,2019-11
9772385,09015722412006411000000000U6,GALERIA MEXICO CAFETERIA,GALERIA MEXICO CAFETERIA SA DE CV,722412,"Bares, cantinas y similares",0 a 5 personas,CALLE,DOCTOR LAVISTA,CALLE,DOCTOR MANUEL CARMONA Y VALLE,CALLE,DOCTOR RAFAEL LUCIO,CALLE,CLAUDIO BERNARD,192,NA,ESTACION ATM A TODA MAQUINA,PISO 1,NA,NA,COLONIA,DOCTORES,PASAJE Y ANDADOR COMERCIAL,ESTACION ATM A TODA MAQUINA,7,06720,09,Ciudad de México,015,Cuauhtémoc,0001,Cuauhtémoc,1534,005,NA,NA,NA,Fijo,19.42405642,-99.15223772,2024-11
895280,09015722511004772000000000U2,GALIA CHEF LONDON,GALIA CHEF GABRIEL CHABRE SA DE CV S DE RL DE CV,722511,Restaurantes con servicio de preparación de alimentos a la carta o de comida corrida,6 a 10 personas,AVENIDA,ALVARO OBREGON,CALLE,ORIZABA,CALLE,JALAPA,CALLE,TABASCO,101,B,NA,NA,NA,NA,COLONIA,ROMA NORTE,NA,NA,NA,06700,09,Ciudad de México,015,Cuauhtémoc,0001,Cuauhtémoc,1002,019,NA,ALVARO@GALIASCHEF.COM,WWW.GALIACHEF.COM,Fijo,19.41831247,-99.16013408,2014-12
7743175,09015722412004302000000000U9,GARAGE MODELO,NA,722412,"Bares, cantinas y similares",0 a 5 personas,CALLE,SALVADOR DIAZ MIRON,CALLE,FRESNO,CALLE,CEDRO,CALLE,MIRTO,183,E,NA,NA,0,NA,COLONIA,SANTA MARIA LA RIBERA,NA,NA,NA,06400,09,Ciudad de México,015,Cuauhtémoc,0001,Cuauhtémoc,0555,009,NA,NA,NA,Fijo,19.44951688,-99.16201217,2019-11
6804166,09015722511009323001000000M9,GARDELA RESTAURANTE,EL 60 SA DE CV,722511,Restaurantes con servicio de preparación de alimentos a la carta o de comida corrida,31 a 50 personas,AVENIDA,ALVARO OBREGON,CALLE,FRONTERA,CALLE,MERIDA,CALLE,TABASCO,31,NA,NA,NA,2,NA,COLONIA,JUAREZ,NA,NA,NA,06700,09,Ciudad de México,015,Cuauhtémoc,0001,Cuauhtémoc,1017,027,NA,GERENCIA.GARDELA@HSMCOM.MX,WWW.GARDELA.COM.MX,Fijo,19.4191405,-99.15596217,2017-11
865353,09015722412002091001000000U0,GARPO GLAG,GARPO GLAG SA DE CV,722412,"Bares, cantinas y similares",0 a 5 personas,AVENIDA,ÁLVARO OBREGÓN,AVENIDA,INSURGENTES SUR,CALLE,MEDELLÍN,AVENIDA,INSURGENTES SUR,228,NA,NA,NA,0,SN,COLONIA,ROMA NORTE,NA,NA,NA,06700,09,Ciudad de México,015,Cuauhtémoc,0001,Cuauhtémoc,120A,015,NA,BLUNA@ACOSTAZUNIGA.COM.MX,NA,Fijo,19.41692945,-99.16544908,2010-07
892511,09015722511006821000000000U5,GASTRO BUTIQE,NA,722511,Restaurantes con servicio de preparación de alimentos a la carta o de comida corrida,0 a 5 personas,CALLE,ERNESTO PUGIBET,CALLE,LUIS MOYA,CALLE,PLAZA DE SAN JUAN,CALLE,AYUNTAMIENTO,21,NA,MERCADO SAN JUAN PUGIBET,PLANTA BAJA,183,NA,COLONIA,CENTRO,MERCADO PUBLICO,MERCADO SAN JUAN PUGIBET,183-184,06010,09,Ciudad de México,015,Cuauhtémoc,0001,Cuauhtémoc,0875,009,NA,NA,NA,Fijo,19.4297037,-99.14438187,2014-12
9890896,09015722511017422000000000U9,GASTRONOMIA POPULAR,NA,722511,Restaurantes con servicio de preparación de alimentos a la carta o de comida corrida,6 a 10 personas,CALLE,5 DE MAYO,CALLE,ISABEL LA CATOLICA,CALLE,PRIMERA CERRADA 5 DE MAYO,CALLE,TACUBA,52,NA,NA,NA,NA,NA,COLONIA,TACUBA,NA,NA,NA,06010,09,Ciudad de México,015,Cuauhtémoc,0001,Cuauhtémoc,0771,019,NA,GAGUILARGF@HOTMAIL.COM,WWW.GASTRONOMIA.POPULAR,Fijo,19.43422701,-99.13567059,2024-11
11096778,09015722511018563000000000U9,GASTRONOMICA BURRO E SAVIA,GASTRONOMICA BURRO E SAVIA SA DE CV,722511,Restaurantes con servicio de preparación de alimentos a la carta o de comida corrida,11 a 30 personas,CERRADA,RIO DE JANEIRO,CALLE,ORIZABA,CALLE,DURANGO,CALLE,JALAPA,10,NA,NA,NA,NA,NA,COLONIA,ROMA NORTE,NA,NA,NA,06700,09,Ciudad de México,015,Cuauhtémoc,0001,Cuauhtémoc,1002,001,NA,NA,WWW.GASTRONOMICADES.MX,Fijo,19.42185038,-99.16117615,2024-11
8368570,09015722511009873000000000U3,GASTRONOMICA EL EBRO,GASTRONOMICA EL EBRO SA DE CV,722511,Restaurantes con servicio de preparación de alimentos a la carta o de comida corrida,31 a 50 personas,CALLE,ALFREDO CHAVERO,CALLE,SIMON BOLIVAR,CALLE,JOSE TOMAS CUELLAR,CALLE,JOSE TOMAS CUELLAR,29,NA,NA,NA,NA,NA,COLONIA,OBREGON,NA,NA,NA,06800,09,Ciudad de México,015,Cuauhtémoc,0001,Cuauhtémoc,1144,010,NA,GASTRONOMICAELEBRO@GMAIL.COM,NA,Fijo,19.41748265,-99.14182132,2019-11
1002892,09015722110003023001070651M2,GASTRONOMICA LOS CEDROS,GASTRONOMICA LOS CEDROS SA DE CV,722511,Restaurantes con servicio de preparación de alimentos a la carta o de comida corrida,11 a 30 personas,CALLE,MESONES,CALLE,LAS CRUCES,CALLE,JESUS MARIA,CALLE,REGINA,171,NA,NA,NA,0,NA,COLONIA,CENTRO,NA,NA,NA,06090,09,Ciudad de México,015,Cuauhtémoc,0001,Cuauhtémoc,0907,010,NA,NA,NA,Fijo,19.42780942,-99.12943499,2010-07
10903178,09015722511023143000000000U3,GIGI,DELI GIGI GASTRONIMIA SA DE CV,722511,Restaurantes con servicio de preparación de alimentos a la carta o de comida corrida,11 a 30 personas,AVENIDA,AMSTERDAM,CALLE,LAREDO,AVENIDA,MICHOACAN,AVENIDA,NUEVO LEON,113,NA,NA,NA,NA,NA,COLONIA,HIPODROMO,NA,NA,NA,06100,09,Ciudad de México,015,Cuauhtémoc,0001,Cuauhtémoc,1197,005,NA,THEGIGIDELI@GMAIL.COM,NA,Fijo,19.41261801,-99.17101968,2024-11
11026871,09015722511023903000000000U0,GIN GIN,ALTAVISTA SA DE CV,722511,Restaurantes con servicio de preparación de alimentos a la carta o de comida corrida,11 a 30 personas,AVENIDA,TAMAULIPAS,CALLE,FERNANDO MONTES DE OCA,EJE VIAL,2 SUR (JUAN ESCUTIA),CALLE,TENANCINGO,55,NA,NA,NA,NA,NA,COLONIA,CONDESA,NA,NA,NA,06140,09,Ciudad de México,015,Cuauhtémoc,0001,Cuauhtémoc,1322,008,NA,NA,GINGIN.MX,Fijo,19.41234521,-99.17329362,2024-11
6320886,09015722511000192001061244S7,GINOS BUENAVISTA,POMODORO ROSSO SA DE CV,722511,Restaurantes con servicio de preparación de alimentos a la carta o de comida corrida,0 a 5 personas,OTRO(ESPECIFIQUE),EJE 1 VIAL MOSQUETA,AVENIDA,INSURGENTES NORTE,ANDADOR,NINGUNO,OTRO(ESPECIFIQUE),MANZANA O EDIFICACIÓN CONTIGUA,259,NA,FORUM BUENAVISTA,PLANTA BAJA,NA,NA,COLONIA,BUENAVISTA,NA,FORUM BUENAVISTA,5,6350,09,Ciudad de México,015,Cuauhtémoc,0001,Cuauhtémoc,049A,001,NA,CONTABILIDAD@TECHELADOS.COM,WWW.GINOS.COM,Fijo,19.44694868,-99.15285735,2014-12
10573517,09015722511018032000000000U5,GODZU COCINA ASIATICA,NA,722511,Restaurantes con servicio de preparación de alimentos a la carta o de comida corrida,6 a 10 personas,CALLE,ZACATECAS,CALLE,PLAZA LUIS CABRERA,CALLE,JALAPA,CALLE,GUANAJUATO,117,NA,NA,NA,0,NA,COLONIA,ROMA NORTE,NA,NA,NA,06700,09,Ciudad de México,015,Cuauhtémoc,0001,Cuauhtémoc,1106,012,NA,GODZUSUSHIE@GMAIL.COM,NA,Fijo,19.41579797,-99.16001417,2024-11
895492,09015722511003093000000000U4,GOGINARA,NENARA SA DE CV,722511,Restaurantes con servicio de preparación de alimentos a la carta o de comida corrida,31 a 50 personas,CALLE,GENOVA,AVENIDA,PASEO DE LA REFORMA,CALLE,HAMBURGO,CALLE,COPENHAGUE,20,NA,NA,NA,3,NA,COLONIA,JUAREZ,NA,NA,NA,06600,09,Ciudad de México,015,Cuauhtémoc,0001,Cuauhtémoc,0803,015,NA,COMPRAS@GOGINARA.COM,WWW.GOGINARA.COM,Fijo,19.42741748,-99.16451947,2014-12
7733329,09015722516001371000000000U5,GOHAN SUSHI,NA,722511,Restaurantes con servicio de preparación de alimentos a la carta o de comida corrida,0 a 5 personas,CALLE,BOLIVAR,CALLE,FERNANDO RAMIREZ,CALLE,JUAN DE DIOS PEZA,CALLE,ISABEL LA CATOLICA,350,NA,NA,NA,NA,NA,COLONIA,OBRERA,NA,NA,NA,06800,09,Ciudad de México,015,Cuauhtémoc,0001,Cuauhtémoc,1252,009,NA,NA,NA,Fijo,19.41340996,-99.14127361,2019-11
11276266,09015722511021661000000000U6,GOOD BYE RESTAURANTE,NA,722511,Restaurantes con servicio de preparación de alimentos a la carta o de comida corrida,0 a 5 personas,EJE VIAL,2 SUR AVENIDA YUCATAN,EJE VIAL,2 SUR (AVENIDA QUERETARO),EJE VIAL,2A SUR (SAN LUIS POTOSI),CALLE,TONALA,88,NA,NA,NA,NA,NA,COLONIA,ROMA NORTE,NA,NA,NA,06700,09,Ciudad de México,015,Cuauhtémoc,0001,Cuauhtémoc,1214,006,5583479534,NA,NA,Fijo,19.41381689,-99.16239867,2024-11
980981,09015461110009621000000000U4,GORILA DRINKS,NA,722511,Restaurantes con servicio de preparación de alimentos a la carta o de comida corrida,0 a 5 personas,CALLE,SAN CAMILITO,CALLE,REPUBLICA DE ECUADOR,PEATONAL,PLAZA GARIBALDI,CALLE,ALLENDE,9,A,NA,NA,0,NA,COLONIA,CENTR0,NA,NA,NA,06010,09,Ciudad de México,015,Cuauhtémoc,0001,Cuauhtémoc,0536,008,NA,NA,NA,Fijo,19.44113161,-99.13896236,2010-07
8337226,09015722511010062000000000U0,GOTAN RESTAURANTE ARGENTINO,NA,722511,Restaurantes con servicio de preparación de alimentos a la carta o de comida corrida,0 a 5 personas,CALLE,REVILLAGIGEDO,AVENIDA,JUAREZ,CALLE,INDEPENDENCIA,CALLE,LUIS MOYA,18,NA,NA,NA,0,NA,COLONIA,CENTRO,NA,NA,NA,06010,09,Ciudad de México,015,Cuauhtémoc,0001,Cuauhtémoc,0748,009,NA,NA,NA,Fijo,19.43442882,-99.14581984,2019-11
11292102,09015722511020391000000000U1,GOVINDA RAM DF,NA,722511,Restaurantes con servicio de preparación de alimentos a la carta o de comida corrida,0 a 5 personas,EJE VIAL,2 A SUR MANUEL PAYNO,EJE VIAL,CENTRAL (LAZARO CARDENAS),CALLE,SIMON BOLIVAR,CALLE,JUAN DE DIOS PEZA,7,NA,NA,NA,NA,NA,COLONIA,OBRERA,NA,NA,NA,06800,09,Ciudad de México,015,Cuauhtémoc,0001,Cuauhtémoc,1248,011,5523135549,NA,NA,Fijo,19.41413562,-99.14345783,2024-11
989681,09015722511008073001000000U1,GRAN BUFETFET DE COMIDA CHINA AVE FENIX,NA,722511,Restaurantes con servicio de preparación de alimentos a la carta o de comida corrida,11 a 30 personas,CALLE,16 DE SEPTIEMBRE,EJE VIAL,CENTRAL (LAZARO CARDENAS),CALLE,FRAY PEDRO DE GANTE,CALLE,FRANCISCO I. MADERO,8,6,NA,NA,10,A,COLONIA,CENTRO,NA,NA,NA,06000,09,Ciudad de México,015,Cuauhtémoc,0001,Cuauhtémoc,0767,005,5627878070,TUPESADILLA360@GMAIL.COM,NA,Fijo,19.43267019,-99.13971532,2010-07
985879,09015722212005741000000000U1,GREEN LB SALADS,NA,722511,Restaurantes con servicio de preparación de alimentos a la carta o de comida corrida,0 a 5 personas,CALLE,MINA,CALLE,ZARCO,AVENIDA,PASEO DE LA REFORMA,CALLE,SAN ESMERALDA,110,B,NA,NA,0,NA,COLONIA,GUERRERO,NA,NA,NA,06300,09,Ciudad de México,015,Cuauhtémoc,0001,Cuauhtémoc,0625,001,5644132501,GREENLABSALADS@GMAIL.COM,NA,Fijo,19.4394272,-99.14580164,2010-07
8338400,09015722330000021000000000U3,GREEN ME,NA,722511,Restaurantes con servicio de preparación de alimentos a la carta o de comida corrida,11 a 30 personas,CALLE,RIO LERMA,CALLE,RIO HUDSON,CALLE,RIO ELBA,CALLE,RIO PANUCO,303,NA,309,PLANTA BAJA,NA,A,COLONIA,CUAHUTEMOC,NA,NA,NA,06500,09,Ciudad de México,015,Cuauhtémoc,0001,Cuauhtémoc,0926,019,NA,OPTIMACION@GREENME.COM.MX,WWW.GREENME.COM.MX,Fijo,19.4257511,-99.17477427,2019-11
10026886,09015722511022411000000000U5,GRUPO LOF,NA,722511,Restaurantes con servicio de preparación de alimentos a la carta o de comida corrida,0 a 5 personas,CALLE,RIO ELBA,CALLE,RIO LERMA,CIRCUITO,INTERIOR (CALZADA MELCHOR OCAMPO),CALLE,RIO HUDSON,22,NA,501,PISO 5,501,NA,COLONIA,CUAHUTEMOC,EDIFICIO COMERCIAL Y DE SERVICIOS,CORPORATIVO RIO ELBA,501,06500,09,Ciudad de México,015,Cuauhtémoc,0001,Cuauhtémoc,0926,019,NA,NA,NA,Fijo,19.42577306,-99.17512466,2024-11
11223987,09015722511020991000000000U8,GUAU TAP RESTAURANTE,NA,722511,Restaurantes con servicio de preparación de alimentos a la carta o de comida corrida,0 a 5 personas,CALLE,GUILLERMO PRIETO,CALLE,IGNACIO MANUEL ALTAMIRANO,CALLE,JOSE ROSAS MORENO,CALLE,FRANCISCO PIMENTEL,45,A,NA,NA,NA,NA,COLONIA,SAN RAFAEL,NA,NA,NA,06470,09,Ciudad de México,015,Cuauhtémoc,0001,Cuauhtémoc,0682,002,NA,GUAU.TAP.ADM@GMAIL.COM,NA,Fijo,19.43745548,-99.1622531,2024-11
10427957,09015722511023291000000000U0,GUELAGUETZA,NA,722511,Restaurantes con servicio de preparación de alimentos a la carta o de comida corrida,0 a 5 personas,AVENIDA,JOSE MARIA IZAZAGA,CALLE,BOLIVAR,EJE VIAL,CENTRAL (LAZARO CARDENAS),CALLE,CALLE DE LAS VIZCAINAS,38,NA,PLAZA IZAZAGA 38,PISO 1,117,NA,COLONIA,CUAHUTEMOC,CENTRO Y PLAZA COMERCIAL,PLAZA IZAZAGA 38,SN,06500,09,Ciudad de México,015,Cuauhtémoc,0001,Cuauhtémoc,088A,013,NA,NA,NA,Fijo,19.42662484,-99.14011974,2024-11
9548293,09015722511018521000000000U7,GUILLERMINA FOOD,NA,722511,Restaurantes con servicio de preparación de alimentos a la carta o de comida corrida,0 a 5 personas,AVENIDA,SONORA,AVENIDA,SONORA,AVENIDA,SONORA,CALLE,MEXICO,164,NA,NA,NA,NA,NA,COLONIA,HIPODROMO,NA,NA,NA,06100,09,Ciudad de México,015,Cuauhtémoc,0001,Cuauhtémoc,120A,005,NA,NA,WWW.GUILLERMINAFOODGOOD.COM,Fijo,19.41353911,-99.16817411,2024-11
865316,09015722518004821000000000U2,GYG COMIDA URBANA,NA,722511,Restaurantes con servicio de preparación de alimentos a la carta o de comida corrida,0 a 5 personas,CALLE,MEDELLIN,EJE VIAL,2 SUR (AVENIDA YUCATAN),AVENIDA,ALVARO OBREGON,EJE VIAL,2 SUR (AVENIDA YUCATAN),234,NA,NA,NA,NA,B C,COLONIA,ROMA NORTE,NA,NA,NA,06700,09,Ciudad de México,015,Cuauhtémoc,0001,Cuauhtémoc,120A,014,5523268715,NA,NA,Fijo,19.4167213,-99.16589852,2010-07
9426161,09015722511017162000000000U1,HA RIM GAK RESTAURANTE COREANO,NA,722511,Restaurantes con servicio de preparación de alimentos a la carta o de comida corrida,0 a 5 personas,CALLE,PRAGA,CALLE,LONDRES,AVENIDA,CHAPULTEPEC,CALLE,VARSOVIA,54,NA,NA,NA,0,NA,COLONIA,JUAREZ,NA,NA,NA,06600,09,Ciudad de México,015,Cuauhtémoc,0001,Cuauhtémoc,0983,006,NA,NA,WWW.HARIMGAK.COM.MX,Fijo,19.42284819,-99.16874072,2023-11
1021856,09015722511004612001000000U0,HANKKY,NA,722511,Restaurantes con servicio de preparación de alimentos a la carta o de comida corrida,0 a 5 personas,CALLE,RIO PANUCO,CALLE,RIO EBRO,EJE VIAL,2 PONIENTE (RIO TIBER),CALLE,RIO LERMA,132,NA,NA,NA,NA,NA,COLONIA,CUAUHTEMOC,NA,NA,NA,06500,09,Ciudad de México,015,Cuauhtémoc,0001,Cuauhtémoc,0822,016,5537712140,NA,NA,Fijo,19.42955877,-99.16963177,2010-07
10422751,09015722511018271000000000S9,HAVRE 77 AUXILIAR BODEGA,PERFECT SEAN SA DE CV,722511,Restaurantes con servicio de preparación de alimentos a la carta o de comida corrida,0 a 5 personas,CALLE,MARSELLA,CALLE,DINAMARCA,CALLE,NAPOLES,AVENIDA,CHAPULTEPEC,54,NA,NA,NA,NA,NA,COLONIA,JUAREZ,NA,NA,NA,06600,09,Ciudad de México,015,Cuauhtémoc,0001,Cuauhtémoc,0841,015,NA,NA,WWW.HAVRE77.MX,Fijo,19.42554618,-99.15890496,2024-11
10790510,09015722511023331000000000U4,HAYATEYA,NA,722511,Restaurantes con servicio de preparación de alimentos a la carta o de comida corrida,0 a 5 personas,CALLE,ORIZABA,CALLE,ANTONIO M. ANZA,CALLE,COAHUILA,CALLE,CORDOBA,220,NA,NA,NA,NA,NA,COLONIA,ROMA NORTE,NA,NA,NA,07600,09,Ciudad de México,015,Cuauhtémoc,0001,Cuauhtémoc,1110,029,NA,NA,NA,Fijo,19.41184423,-99.15809188,2024-11
9737417,09015722412006472000000000U8,HELLS BAR,NA,722412,"Bares, cantinas y similares",6 a 10 personas,CALLE,REGINA,CALLE,5 DE FEBRERO,CALLEJON,PRIMER DE MESONES,CALLE,MESONES,54,NA,NA,NA,NA,NA,COLONIA,CUAHUTEMOC,NA,NA,NA,06090,09,Ciudad de México,015,Cuauhtémoc,0001,Cuauhtémoc,0894,001,NA,NA,WWW.HELLSBARCENTROHISTORICO.COM,Fijo,19.42774864,-99.13572091,2024-11
1018147,09015722219029312001000000U8,HELUS,PRODUCTOS ARABES HELUS SA DE CV,722511,Restaurantes con servicio de preparación de alimentos a la carta o de comida corrida,11 a 30 personas,CALLE,MESONES,CALLE,5 DE FEBRERO,CALLE,20 DE NOVIEMBRE,CALLE,REPUBLICA DEL SALVADOR,90,B,NA,NA,NA,NA,COLONIA,CENTRO,NA,NA,NA,06000,09,Ciudad de México,015,Cuauhtémoc,0001,Cuauhtémoc,0894,007,5561908872,PRODUCTOSARABES@HELUS.COM.MX,WWW.HELUSPRODUCTOSARABES.COM.MX,Fijo,19.42842548,-99.13448492,2010-07
1028084,09015722219010231000000000U1,HEMINGWAY,NA,722511,Restaurantes con servicio de preparación de alimentos a la carta o de comida corrida,0 a 5 personas,CALLE,ESTRASBURGO,CALLE,GENOVA,CALLE,BELGRADO,AVENIDA,PASEO DE LA REFORMA,9,NA,NA,NA,0,NA,COLONIA,JUAREZ,NA,NA,NA,06600,09,Ciudad de México,015,Cuauhtémoc,0001,Cuauhtémoc,0945,018,NA,COCINARTE_CURSO@YAHOO.COM.MX,NA,Fijo,19.42681514,-99.16500753,2010-07
1017423,09015722511001421000000000U9,HISTORICO RESTAURANTE BAR,NA,722511,Restaurantes con servicio de preparación de alimentos a la carta o de comida corrida,0 a 5 personas,CALLE,ISABEL LA CATOLICA,CALLE,MESONES,CALLE,REPUBLICA DEL SALVADOR,CALLE,5 DE FEBRERO,70,NA,NA,NA,NA,NA,COLONIA,CUAUHTEMOC,NA,NA,NA,06080,09,Ciudad de México,015,Cuauhtémoc,0001,Cuauhtémoc,0894,006,NA,F.M.V.A@GMAIL.COM,NA,Fijo,19.42913049,-99.13685816,2014-12
9449055,09015722511017172000000000S0,HIYOKO,MEIJI MUSEO SA DE CV,722511,Restaurantes con servicio de preparación de alimentos a la carta o de comida corrida,6 a 10 personas,CALLE,RIO PANUCO,CALLE,RIO EBRO,EJE VIAL,2 PONIENTE (RIO TIBER),CALLE,RIO LERMA,132,NA,NA,NA,NA,NA,COLONIA,CUAUHTEMOC,NA,NA,NA,06500,09,Ciudad de México,015,Cuauhtémoc,0001,Cuauhtémoc,0822,016,NA,HIYOKO@MEJICO.COM,NA,Fijo,19.42955877,-99.16963177,2023-11
10118442,09015722511017811000000000U3,HOLLY WOOD,NA,722511,Restaurantes con servicio de preparación de alimentos a la carta o de comida corrida,0 a 5 personas,AVENIDA,INSURGENTES SUR,CALLE,IZTACCIHUATL,CALLE,CAMPECHE,CALLE,CAMPECHE,405,C,NA,NA,0,NA,COLONIA,HIPODROMO,NA,NA,NA,06100,09,Ciudad de México,015,Cuauhtémoc,0001,Cuauhtémoc,1341,011,NA,NA,NA,Fijo,19.40862611,-99.16780079,2024-11
10653992,09015722511021352000000000U2,HOLY DUNK,NA,722511,Restaurantes con servicio de preparación de alimentos a la carta o de comida corrida,6 a 10 personas,CALLE,JOAQUIN VELAZQUEZ DE LEON,CALLE,ALFONSO HERRERA,CALLE,FRANCISCO PIMENTEL,CALLE,MANUEL MARIA CONTRERAS,58,C,NA,NA,NA,NA,COLONIA,SAN RAFAEL,NA,NA,NA,06470,09,Ciudad de México,015,Cuauhtémoc,0001,Cuauhtémoc,0678,001,5560851511,OVERDIGUEL@GMAIL.COM,NA,Fijo,19.43951361,-99.16569182,2024-11
9345287,09015722412005241000000000U8,HOOKA LOUNGE,BOLESPI SA DE CV,722412,"Bares, cantinas y similares",11 a 30 personas,CALLE,CAMPECHE,CALLE,CHILPANCINGO,CALLE,CULIACAN,CALLE,AGUASCALIENTES,280,NA,NA,NA,0,NA,COLONIA,HIPODROMO,NA,NA,NA,06100,09,Ciudad de México,015,Cuauhtémoc,0001,Cuauhtémoc,1341,001,5544991070,FACTURACIONHKLOUCH@GMAIL.COM,WWW.HOOKAH.COM.MX,Fijo,19.40833318,-99.17059953,2021-05
9389111,09015722511016801000003437S5,HOOTERS BUENAVISTA,HOOTERS DE MEXICO SA DE CV,722511,Restaurantes con servicio de preparación de alimentos a la carta o de comida corrida,51 a 100 personas,AVENIDA,1 NORTE MOSQUETA,OTRO(ESPECIFIQUE),NINGUNO,CALLE,JUAN ALDAMA,ANDADOR,NINGUNO,259,NA,NA,NA,NA,NA,COLONIA,BUENAVISTA,CENTRO Y PLAZA COMERCIAL,FORUM BUENAVISTA,SN,NA,09,Ciudad de México,015,Cuauhtémoc,0001,Cuauhtémoc,049A,001,NA,NA,NA,Fijo,19.44722572,-99.1528983,2022-11
1021909,09015722110006104000003437S7,HOOTERS LA DIANA,HOOTERS DE MEXICO SA DE CV,722511,Restaurantes con servicio de preparación de alimentos a la carta o de comida corrida,51 a 100 personas,CALLE,RÍO LERMA,CALLE,RÍO NILO,CALLE,RÍO NIÁGARA,CALLE,RÍO PÁNUCO,203,NA,NA,NA,NA,NA,COLONIA,CUAUHTMOC,NA,NA,NA,NA,09,Ciudad de México,015,Cuauhtémoc,0001,Cuauhtémoc,0926,010,NA,SERVICIOSALPERSONAL@DIAL.COM.MX,WWW.HOOTERS.COM.MX,Fijo,19.4275975,-99.17091345,2010-07
9389113,09015722511016811000003437S4,HOOTERS LA ROSA,HOOTERS DE MEXICO SA DE CV,722511,Restaurantes con servicio de preparación de alimentos a la carta o de comida corrida,51 a 100 personas,CALLE,LONDRES,CALLE,GÉNOVA,CALLE,AMBERES,CALLE,HAMBURGO,127,LOTE 2,NA,NA,NA,NA,COLONIA,JUAREZ,CENTRO Y PLAZA COMERCIAL,LA ROSA,SN,NA,09,Ciudad de México,015,Cuauhtémoc,0001,Cuauhtémoc,095A,008,NA,NA,NA,Fijo,19.42530203,-99.1643724,2022-11
1019063,09015722219024852000000000U8,HOSTERIA LA BOTA,NA,722511,Restaurantes con servicio de preparación de alimentos a la carta o de comida corrida,11 a 30 personas,PEATONAL,SAN JERONIMO,CALLE,5 DE FEBRERO,CALLE,ISABEL LA CATOLICA,CALLE,REGINA,96,NA,NA,NA,2,LOCAL2,COLONIA,CUAUHTEMOC,NA,NA,NA,06080,09,Ciudad de México,015,Cuauhtémoc,0001,Cuauhtémoc,0894,004,5557099016,NA,NA,Fijo,19.42705441,-99.13692059,2014-12
10042230,09015722511021871000000000U1,HOT CHICKEN,NA,722511,Restaurantes con servicio de preparación de alimentos a la carta o de comida corrida,0 a 5 personas,CALLE,QUERETARO,EJE VIAL,2 PONIENTE (MONTERREY),EJE VIAL,3 PONIENTE (MEDELLIN),CALLE,SAN LUIS POTOSI,188,NA,NA,NA,NA,NA,COLONIA,ROMA NORTE,NA,NA,NA,06700,09,Ciudad de México,015,Cuauhtémoc,0001,Cuauhtémoc,1214,014,NA,NA,NA,Fijo,19.4140837,-99.16354443,2024-11
8326994,09015722511012922000000000U3,HOT MAMA KITCHEN,COMFORT KITCHEN SAPI DE CV,722511,Restaurantes con servicio de preparación de alimentos a la carta o de comida corrida,6 a 10 personas,AVENIDA,NUEVO LEON,AVENIDA,MICHOACAN,CALLE,OZULUAMA,AVENIDA,AMSTERDAM,102,A,NA,NA,0,NA,COLONIA,HIPODROMO,NA,NA,NA,06100,09,Ciudad de México,015,Cuauhtémoc,0001,Cuauhtémoc,1197,012,5552120110,NA,NA,Fijo,19.41119393,-99.17233224,2019-11
7732047,09015722511010624000000000U7,HOTEL CASA AWOLLY,HOTEL CASA AWOLLY SA DE CV,722511,Restaurantes con servicio de preparación de alimentos a la carta o de comida corrida,6 a 10 personas,CALLE,SINALOA,CALLE,MEDELLIN,EJE VIAL,2 PONIENTE (MONTERREY),CALLE,PUEBLA,57,NA,NA,NA,NA,NA,COLONIA,LA ROMA,NA,NA,NA,06700,09,Ciudad de México,015,Cuauhtémoc,0001,Cuauhtémoc,0998,002,NA,CASAAWOLLY@GMAIL.COM,WWW.HOTELCASAAWOLLY.COM,Fijo,19.42105758,-99.16604574,2019-11
8338549,09015722511010232000000000U9,HUARACHES LOS IXHUATECOS,NA,722511,Restaurantes con servicio de preparación de alimentos a la carta o de comida corrida,0 a 5 personas,CALLE,PASAJE SANTISIMO,CALLE,REPUBLICA DE GUATEMALA,CALLE,SANTISIMA,CALLE,JESUS MARIA,3,2,NA,NA,NA,NA,COLONIA,CNTRO,NA,NA,NA,06060,09,Ciudad de México,015,Cuauhtémoc,0001,Cuauhtémoc,0786,007,5523222423,NA,NA,Fijo,19.43382601,-99.12693495,2019-11
7732801,09015722511011142000072259M9,HUGO,HUGO EL WINE BAR SA DE CV,722511,Restaurantes con servicio de preparación de alimentos a la carta o de comida corrida,11 a 30 personas,AVENIDA,VERACRUZ,CALLE,SINALOA,CALLE,DURANGO,CALLE,TAMPICO,38,A,NA,NA,NA,NA,COLONIA,ROMA NORTE,NA,NA,NA,06700,09,Ciudad de México,015,Cuauhtémoc,0001,Cuauhtémoc,1089,013,NA,INFO@HUGOELWINEBAR.COM,NA,Fijo,19.41856268,-99.17529433,2019-11
8530117,09015722511011793000000000U9,HUMO COCINA DE BRASAS,JUDAS HORSE SC,722511,Restaurantes con servicio de preparación de alimentos a la carta o de comida corrida,6 a 10 personas,CALLE,PUEBLA,EJE VIAL,3 PONIENTE (SALAMANCA),CALLE,VALLADOLID,CALLE,SINALOA,274,NA,NA,NA,NA,NA,COLONIA,ROMA,NA,NA,NA,06700,09,Ciudad de México,015,Cuauhtémoc,0001,Cuauhtémoc,0998,006,NA,NA,WWW.HUMOCOSINADEBRASAS.COM,Fijo,19.42116932,-99.16877432,2019-11
10505971,09015722511022124000000000U4,HUSET,COCINA DE CAMPO SAPI SA DE CV SAPI DE CV,722511,Restaurantes con servicio de preparación de alimentos a la carta o de comida corrida,31 a 50 personas,CALLE,COLIMA,CALLE,TONALA,EJE VIAL,2 PONIENTE (MONTERREY),CALLE,TABASCO,256,NA,NA,NA,NA,NA,COLONIA,ROMA NORTE,NA,NA,NA,06700,09,Ciudad de México,015,Cuauhtémoc,0001,Cuauhtémoc,1002,015,5540419412,NA,NA,Fijo,19.41887213,-99.16399975,2024-11
8152779,09015722516001013000000000U3,ICHIBAN SUSHI HOUSE,NA,722511,Restaurantes con servicio de preparación de alimentos a la carta o de comida corrida,6 a 10 personas,EJE VIAL,EJE 1 NORTE MOSQUETA,AVENIDA,INSURGENTES NORTE,ANDADOR,NINGUNO,AVENIDA,INSURGENTES NORTE,259,NA,FORUM BUENAVISTA,PASAJE,NA,N 201,COLONIA,BUENAVISTA,CENTRO Y PLAZA COMERCIAL,FORUM BUENAVISTA,N2-01,06350,09,Ciudad de México,015,Cuauhtémoc,0001,Cuauhtémoc,049A,001,NA,ICHIBANSUSHIHOUSEBUENAVISTA@GMAIL.COM,NA,Semifijo,19.44648674,-99.15244331,2019-11
7743069,09015722412004271000000000U6,ICHNIU PULQUERIA BAR,NA,722412,"Bares, cantinas y similares",0 a 5 personas,EJE VIAL,1 NORTE JOSE ANTONIO ALZATE,CALLE,DOCTOR ENRIQUE GONZALEZ MARTINEZ,PRIVADA,ALZATE,CALLE,SOR JUANA INES DE LA CRUZ,58,NA,NA,NA,0,NA,COLONIA,SANTA MARIA LA RIBERA,NA,NA,NA,06400,09,Ciudad de México,015,Cuauhtémoc,0001,Cuauhtémoc,0485,019,NA,CACK@LIVE.COM.MX,NA,Fijo,19.44665409,-99.15587223,2019-11
11565115,09015722511018471000000000U5,IKANGAZ,NA,722511,Restaurantes con servicio de preparación de alimentos a la carta o de comida corrida,0 a 5 personas,AVENIDA,ARCOS DE BELEN,EJE VIAL,CENTRAL (LAZARO CARDENAS),CALLE,LOPEZ,CALLE,DELICIAS,78,NA,MERCADO SAN JUAN ARCOS DE BELEN,PLANTA BAJA,367,NA,COLONIA,CENTRO,MERCADO PUBLICO,MERCADO SAN JUAN ARCOS DE BELEN,367,06070,09,Ciudad de México,015,Cuauhtémoc,0001,Cuauhtémoc,0875,027,5560088972,NA,NA,Fijo,19.42694266,-99.14280693,2024-11
10125448,09015722511017603000000000U4,IMPORTADORA COSECHA,OPERADORA PRISA SA DE CV,722511,Restaurantes con servicio de preparación de alimentos a la carta o de comida corrida,11 a 30 personas,CALLE,VICENTE SUAREZ,CALLE,ATLIXCO,AVENIDA,TAMAULIPAS,AVENIDA,CAMPECHE,42,B,NA,NA,0,NA,COLONIA,CONDESA,NA,NA,NA,06170,09,Ciudad de México,015,Cuauhtémoc,0001,Cuauhtémoc,1318,012,NA,SUCCONDESA@IMPORTADORACOSECHA.MX,NA,Fijo,19.41123378,-99.17505139,2024-11
9776030,09015722511021161000000000U7,INCONTABLES CONEJOS,NA,722511,Restaurantes con servicio de preparación de alimentos a la carta o de comida corrida,0 a 5 personas,CALLE,VERSALLES,CALLE,BARCELONA,CALLE,TURIN,CALLE,ABRAHAM GONZALEZ,88,NA,NA,NA,NA,NA,COLONIA,JUAREZ,NA,NA,NA,06600,09,Ciudad de México,015,Cuauhtémoc,0001,Cuauhtémoc,0856,014,5562528487,CDOMPEREZ@HOTMAIL.COM,NA,Fijo,19.42744599,-99.15567893,2024-11
9684465,09015722511022391000000000U9,INDIA TOWN,INDIA ART  SA DE CV,722511,Restaurantes con servicio de preparación de alimentos a la carta o de comida corrida,0 a 5 personas,CALLE,VENUSTIANO CARRANZA,EJE VIAL,CENTRAL (LAZARO CARDENAS),CALLE,BOLIVAR,CALLE,VENUSTIANO CARRANZA,27,NA,NA,NA,27,NA,COLONIA,CENTRO,NA,NA,NA,06000,09,Ciudad de México,015,Cuauhtémoc,0001,Cuauhtémoc,0818,001,NA,INDIA_ART@YAHOO.COM.MX,WWW.INDIATOWN.COM.MX,Fijo,19.4316207,-99.13915554,2024-11
10425424,09015722511021741000000000U6,INDIA TOWN RESTAURANT,NA,722511,Restaurantes con servicio de preparación de alimentos a la carta o de comida corrida,0 a 5 personas,CALLE,16 DE SEPTIEMBRE,CALLE,PALMA,CALLE,5 DE FEBRERO,CALLE,VENUSTIANO CARRANZA,79,NA,EDIFICIO COMERCIAL Y DE SERVICIOS SIN NOMBRE,PISO 1,NA,NA,COLONIA,CENTRO,EDIFICIO COMERCIAL Y DE SERVICIOS,SN,PISO3,06000,09,Ciudad de México,015,Cuauhtémoc,0001,Cuauhtémoc,0818,009,5559087654,INDIATOWNMXMX1@HOTMAIL.COM,NA,Fijo,19.4319763,-99.13509729,2024-11
10451742,09015722511022671000000000U4,INDIAN DESI TADKA,NA,722511,Restaurantes con servicio de preparación de alimentos a la carta o de comida corrida,0 a 5 personas,EJE VIAL,2 SUR AVENIDA YUCATAN,CALLE,MEDELLIN,AVENIDA,ALVARO OBREGON,AVENIDA,ALVARO OBREGON,26,NA,MERCADO GASTRONOMICO CONDES,PISO 1,9,NA,COLONIA,ROMA NORTE,EDIFICIO COMERCIAL Y DE SERVICIOS,MERCADO GASTRONOMICO CONDES,9,06700,09,Ciudad de México,015,Cuauhtémoc,0001,Cuauhtémoc,120A,014,NA,NA,NA,Fijo,19.41612332,-99.16628847,2024-11
11409007,09015722511019121000000000U5,INDIAN GRILL,NA,722511,Restaurantes con servicio de preparación de alimentos a la carta o de comida corrida,0 a 5 personas,AVENIDA,TAMAULIPAS,CALLE,ALFONSO REYES,AVENIDA,CAMPECHE,CALLE,ATLIXCO,153,1,NA,NA,0,NA,COLONIA,CONDESA,NA,NA,NA,06170,09,Ciudad de México,015,Cuauhtémoc,0001,Cuauhtémoc,1318,013,NA,NA,NA,Fijo,19.40897569,-99.17635118,2024-11
1016907,09015722412000511001000000U9,INDIGO,NA,722412,"Bares, cantinas y similares",0 a 5 personas,AVENIDA,INSURGENTES CENTRO,CALLE,VALENTIN GOMEZ FARIAS,CALLE,TOMAS ALVA EDISON,CALLE,SADI CARNOT,63,NA,NA,NA,0,SN,COLONIA,SAN RAFAEL,NA,NA,NA,06470,09,Ciudad de México,015,Cuauhtémoc,0001,Cuauhtémoc,0697,002,NA,INDITAR21@GMAIL.COM,NA,Fijo,19.43690493,-99.15711135,2010-07
11248736,09015722511018703000000000U1,ISLAS ISLAS ESPOSA E HIJOS,NA,722511,Restaurantes con servicio de preparación de alimentos a la carta o de comida corrida,11 a 30 personas,PEATONAL,PLAZA GARIBALDI,EJE VIAL,CENTRAL (LAZARO CARDENAS),CALLE,SAN CAMILITO,CALLE,REPUBLICA DE ECUADOR,4,NA,MERCADO DE SAN CAMILITO,PLANTA BAJA,NA,NA,COLONIA,CENTRO,MERCADO PUBLICO,MERCADO DE SAN CAMILITO,22,06010,09,Ciudad de México,015,Cuauhtémoc,0001,Cuauhtémoc,0536,014,5559606255,NA,NA,Fijo,19.44093651,-99.13913156,2024-11
9433825,09015722511016913000000000U8,ITACATE DEL MAR,ITACATE DEL MAR SA DE CV,722511,Restaurantes con servicio de preparación de alimentos a la carta o de comida corrida,11 a 30 personas,CALLE,REPUBLICA DE GUATEMALA,CALLE,REPUBLICA DE BRASIL,CALLE,REPUBLICA DE ARGENTINA,CALLE,DONCELES,20,NA,HOTEL CIRCULO MEXICANO,PLANTA BAJA,NA,NA,COLONIA,DONCELES,EDIFICIO COMERCIAL Y DE SERVICIOS,HOTEL CIRCULO MEXICANO,20,06000,09,Ciudad de México,015,Cuauhtémoc,0001,Cuauhtémoc,0752,003,5532338635,BLADIMIR@ITACATEDELMAR.COM.MX,WWW.ITACATEDELMAR.COM.MX,Fijo,19.43503764,-99.13295945,2023-11
986544,09015722219029582000000000U6,ITACATE RESTAURANTE,NA,722511,Restaurantes con servicio de preparación de alimentos a la carta o de comida corrida,6 a 10 personas,CALLE,HUMBOLDT,AVENIDA,JUAREZ,CALLE,ARTICULO 123,CALLE,ITURBIDE,45,A,NA,NA,0,NA,COLONIA,CUAHUTEMOC,NA,NA,NA,06050,09,Ciudad de México,015,Cuauhtémoc,0001,Cuauhtémoc,0733,008,5565451661,BALTAHEDEZCP@HOTMAIL.COM,NA,Fijo,19.4347199,-99.14829585,2010-07
895804,09015722511002953001000000U0,IZAKAYA KURA,HALE AINA SA DE CV,722511,Restaurantes con servicio de preparación de alimentos a la carta o de comida corrida,51 a 100 personas,CALLE,COLIMA,EJE VIAL,3 PONIENTE (SALAMANCA),CALLE,COZUMEL,AVENIDA,OAXACA,378,NA,NA,NA,NA,NA,COLONIA,ROMA NORTE,NA,NA,NA,06700,09,Ciudad de México,015,Cuauhtémoc,0001,Cuauhtémoc,1093,012,NA,KURA@GRUPOPATAGONIA.MX,NA,Fijo,19.41757066,-99.16975228,2014-12
10065015,09015722511021913000000000U1,IZAKAYA SUSHI,NA,722511,Restaurantes con servicio de preparación de alimentos a la carta o de comida corrida,11 a 30 personas,AVENIDA,ALVARO OBREGON,CALLE,JALAPA,CALLE,ORIZABA,CALLE,CHIHUAHUA,120,A,NA,NA,NA,3 4 5,COLONIA,ROMA NORTE,NA,NA,NA,06700,09,Ciudad de México,015,Cuauhtémoc,0001,Cuauhtémoc,1106,010,5521559871,NA,NA,Fijo,19.41793944,-99.1603792,2024-11
8131604,09015722511010341000063807S8,JACKS BUTCHER,COMERCIALIZADORA HSM SA DE CV,722511,Restaurantes con servicio de preparación de alimentos a la carta o de comida corrida,0 a 5 personas,CALLE,QUERETARO,EJE VIAL,3 PONIENTE (MEDELLIN),EJE VIAL,2 SUR (AVENIDA YUCATAN),CALLE,ZACATECAS,225,NA,MERCADO ROMA,PLANTA BAJA,42,NA,COLONIA,ROMA NORTE,CENTRO Y PLAZA COMERCIAL,MERCADO ROMA,42,06700,09,Ciudad de México,015,Cuauhtémoc,0001,Cuauhtémoc,1214,015,NA,MROMA.JACKSB@HGMCOM.COM,NA,Fijo,19.4140631,-99.16441382,2019-11
7732792,09015722412004062000000000M9,JALAPEÑOS POP RESTAURANTE BAR,GASTRONOMICA DE CHURROS LA CONDESA SA DE CV,722511,Restaurantes con servicio de preparación de alimentos a la carta o de comida corrida,11 a 30 personas,CALLE,GENOVA,AVENIDA,PASEO DE LA REFORMA,CALLE,ESTRASBURGO,CALLE,BELGRADO,23,NA,NA,NA,NA,NA,COLONIA,JUAREZ,NA,NA,NA,06600,09,Ciudad de México,015,Cuauhtémoc,0001,Cuauhtémoc,0945,018,NA,MA.SANCHEZ.CONTABILIDAD@GMAIL.COM,WWW.JALAPENOSPOP.COM,Fijo,19.42719868,-99.16458652,2019-11
1029489,09015722212023341001000000U8,JALIL SABOR A HOGAR,NA,722511,Restaurantes con servicio de preparación de alimentos a la carta o de comida corrida,0 a 5 personas,CALLE,DURANGO,EJE VIAL,3 PONIENTE (SALAMANCA),CALLE,COZUMEL,CALLE,CERRADA SALAMANCA,272,NA,NA,NA,NA,A,COLONIA,ROMA,NA,NA,NA,06700,09,Ciudad de México,015,Cuauhtémoc,0001,Cuauhtémoc,1093,014,5554527766,PROME27@PRODIGY.NET.MX,WWW.JALILSABOR.COM,Fijo,19.41885359,-99.17052219,2010-07
893047,09015722511004383001000000U8,JARDIN JUAREZ,NA,722511,Restaurantes con servicio de preparación de alimentos a la carta o de comida corrida,11 a 30 personas,CALLE,TOLSA,CALLE,FRANCISCO DE GARAY,CALLE,ENRICO MARTINEZ,AVENIDA,CHAPULTEPEC,36,NA,NA,NA,NA,NA,COLONIA,CENTRO,NA,NA,NA,06010,09,Ciudad de México,015,Cuauhtémoc,0001,Cuauhtémoc,0860,012,NA,INFO@JARDINMX.COM,NA,Fijo,19.42732842,-99.15115664,2014-12
11587742,09015722511023412000000000U2,JAZZATLAN,JAZZATLAN SA DE CV,722511,Restaurantes con servicio de preparación de alimentos a la carta o de comida corrida,6 a 10 personas,CALLE,GUANAJUATO,AVENIDA,INSURGENTES SUR,EJE VIAL,2 PONIENTE (MONTERREY),CALLE,CHIHUAHUA,239,NA,NA,NA,NA,NA,COLONIA,ROMA NORTE,NA,NA,NA,06700,09,Ciudad de México,015,Cuauhtémoc,0001,Cuauhtémoc,1106,006,NA,NA,NA,Fijo,19.41577792,-99.16497993,2024-11
10897320,09015722511020641000000000U9,JERRY,NA,722511,Restaurantes con servicio de preparación de alimentos a la carta o de comida corrida,0 a 5 personas,CALLE,SIMON BOLIVAR,CALLE,ANTONIO GARCIA CUBAS,EJE VIAL,2 SUR (MANUEL JOSE OTHON),EJE VIAL,CENTRAL (LAZARO CARDENAS),317,NA,NA,NA,NA,NA,COLONIA,OBRERO,NA,NA,NA,06800,09,Ciudad de México,015,Cuauhtémoc,0001,Cuauhtémoc,1144,014,NA,NA,NA,Fijo,19.41461497,-99.14126558,2024-11
1042936,09015722511000393000000000U9,JIMMYS RESTAURANTE,CONVERTIDORA JADE SA DE CV,722511,Restaurantes con servicio de preparación de alimentos a la carta o de comida corrida,6 a 10 personas,CALLE,Nezahualcóyotl,CALLE,20 de Noviembre,CALLE,5 de Febrero,AVENIDA,José María Izazaga,158,NA,NA,NA,1,B,COLONIA,CENTRO,NA,NA,NA,NA,09,Ciudad de México,015,Cuauhtémoc,0001,Cuauhtémoc,0964,006,NA,NA,NA,Fijo,19.42513159,-99.13508937,2010-07
11398893,09015722511023692000000000U9,JO SEON,NA,722511,Restaurantes con servicio de preparación de alimentos a la carta o de comida corrida,6 a 10 personas,CALLE,PRAGA,AVENIDA,PASEO DE LA REFORMA,CALLE,DRESDE,CALLE,OXFORD,14,NA,NA,NA,NA,NA,COLONIA,JUAREZ,NA,NA,NA,06600,09,Ciudad de México,015,Cuauhtémoc,0001,Cuauhtémoc,0945,004,NA,JOSEONBBQ.CDMX@GMAIL.COM,NA,Fijo,19.42506186,-99.16993968,2024-11
866992,09015722219012271000000000U5,JOCHOS Y LITROS,NA,722511,Restaurantes con servicio de preparación de alimentos a la carta o de comida corrida,0 a 5 personas,AVENIDA,TAMAULIPAS,AVENIDA,CAMPECHE,CALLE,VICENTE SUAREZ,CALLE,ATLIXCO,109,C,NA,NA,0,NA,COLONIA,CONDESA,NA,NA,NA,06170,09,Ciudad de México,015,Cuauhtémoc,0001,Cuauhtémoc,1318,012,5565506238,BARMANCHARLY@GMAIL.COM,NA,Fijo,19.4103413,-99.17512211,2010-07
9660982,09015722511022511000000000U2,JOJOVI EL SABOR DE OAXACA,NA,722511,Restaurantes con servicio de preparación de alimentos a la carta o de comida corrida,0 a 5 personas,EJE VIAL,2 A SUR DOCTOR BALMIS,CALLE,DOCTOR MANUEL VILLADA,EJE VIAL,1 PONIENTE (AVENIDA CUAUHTEMOC),EJE VIAL,1 PONIENTE (AVENIDA CUAUHTEMOC),211,NA,NA,NA,NA,NA,COLONIA,DOCTORES,NA,NA,NA,06720,09,Ciudad de México,015,Cuauhtémoc,0001,Cuauhtémoc,1125,014,NA,YOYOVI.RESTAURANTE@GMAIL.COM,JOJOVI.RESTAURANTE.COM,Fijo,19.41505297,-99.15379181,2024-11
10399239,09015722412005641000000000U9,JONNY BEER,NA,722412,"Bares, cantinas y similares",0 a 5 personas,CALLE,FRAY JUAN DE TORQUEMADA,EJE VIAL,CENTRAL (LAZARO CARDENAS),CALLE,BOLIVAR,CALLE,ANGEL DEL CAMPO,35,NA,NA,NA,NA,NA,COLONIA,OBRERA,NA,NA,NA,06800,09,Ciudad de México,015,Cuauhtémoc,0001,Cuauhtémoc,1248,010,NA,NA,NA,Fijo,19.40837106,-99.14317805,2024-11
9914984,09015722412006482000000000U7,JUAN BARRACUDA,CASA CERVECERA MEXICO SAPI DE CV SA DE CV,722412,"Bares, cantinas y similares",6 a 10 personas,CALLE,MONTIEL,CALLE,LORENZO BOTURINI,CALLE,FERNANDO DE ALVA IXTLIXOCHITL,CALLE,SIMON BOLIVAR,17,NA,NA,NA,NA,NA,COLONIA,OBRERA,NA,NA,NA,06800,09,Ciudad de México,015,Cuauhtémoc,0001,Cuauhtémoc,1040,003,5580326374,CASACERVECERAMEX@GMAIL.COM,NA,Fijo,19.41953832,-99.13997817,2024-11
7732690,09015722511011102000000000U3,JUANA JUANA,NA,722511,Restaurantes con servicio de preparación de alimentos a la carta o de comida corrida,6 a 10 personas,CALLE,DINAMARCA,CALLE,LIVERPOOL,CALLE,LONDRES,CALLE,NAPOLES,47,H,NA,NA,0,NA,COLONIA,JUAREZ,NA,NA,NA,06600,09,Ciudad de México,015,Cuauhtémoc,0001,Cuauhtémoc,0841,001,NA,JUANAJUANAREST@GMAIL.COM,NA,Fijo,19.42754268,-99.15872197,2019-11
1029335,09015463215013292001000000U1,JUANA LA LOCA,VAIVEN SA DE CV,722412,"Bares, cantinas y similares",6 a 10 personas,EJE VIAL,3 PONIENTE SALAMANCA,AVENIDA,OAXACA,CALLE,COLIMA,AVENIDA,ALVARO OBREGON,107,NA,NA,NA,NA,NA,COLONIA,ROMA NORTE,NA,NA,NA,06700,09,Ciudad de México,015,Cuauhtémoc,0001,Cuauhtémoc,1093,012,NA,NA,NA,Fijo,19.41722638,-99.16918507,2010-07
7744778,09015722511012431000000000U5,JULIA Y GALDINA RICA COMIDA CASERA,NA,722511,Restaurantes con servicio de preparación de alimentos a la carta o de comida corrida,0 a 5 personas,PEATONAL,PLAZA GARIBALDI,EJE VIAL,CENTRAL (LAZARO CARDENAS),CALLE,SAN CAMILITO,CALLE,REPUBLICA DE ECUADOR,4,NA,MERCADO DE SAN CAMILITO,PLANTA BAJA,69,NA,COLONIA,CENTRO,MERCADO PUBLICO,MERCADO DE SAN CAMILITO,69,06010,09,Ciudad de México,015,Cuauhtémoc,0001,Cuauhtémoc,0536,014,5616453052,NA,NA,Fijo,19.44093651,-99.13913156,2019-11
1042124,09015722511001541000000000U4,KA HING,NA,722511,Restaurantes con servicio de preparación de alimentos a la carta o de comida corrida,0 a 5 personas,CALLE,ATENAS,CALLE,LISBOA,CALLE,MILAN,CALLE,GENERAL PRIM,56,NA,EDIFICIO ATENAS,PLANTA BAJA,0,NA,COLONIA,JUAREZ,EDIFICIO COMERCIAL Y DE SERVICIOS,EDIFICIO ATENAS,56,06600,09,Ciudad de México,015,Cuauhtémoc,0001,Cuauhtémoc,0856,007,5557050533,NA,NA,Fijo,19.43148243,-99.1559026,2013-07
874144,09015722515001791010000000U6,KAAJ,NA,722511,Restaurantes con servicio de preparación de alimentos a la carta o de comida corrida,0 a 5 personas,AVENIDA,YUCATAN,CALLE,TONALA,CALLE,SAN LUIS POTOSI,EJE VIAL,2 PONIENTE (MONTERREY),99,NA,NA,NA,NA,NA,COLONIA,ROMA NORTE,NA,NA,NA,06700,09,Ciudad de México,015,Cuauhtémoc,0001,Cuauhtémoc,1214,004,NA,KAAJANCESTRAL@GMAIL.COM,HTTPSKAAJANCESTRAL.COM,Fijo,19.41325719,-99.16175386,2012-06
11689962,09015722511017472000000000U4,KABUKI SUSHI,KABUKI SUSHI SA DE CV,722511,Restaurantes con servicio de preparación de alimentos a la carta o de comida corrida,6 a 10 personas,CALLE,RIO LERMA,CALLE,RIO GUADALQUIVIR,CALLE,RIO NILO,CALLE,RIO VOLGA,188,NA,NA,NA,NA,NA,COLONIA,CUAUHTEMOC,NA,NA,NA,06500,09,Ciudad de México,015,Cuauhtémoc,0001,Cuauhtémoc,0930,001,NA,NA,NA,Fijo,19.4276755,-99.17037596,2024-11
8367168,09015722511013613000000000U7,KABUKI SUSHI RESTAURANT,NA,722511,Restaurantes con servicio de preparación de alimentos a la carta o de comida corrida,6 a 10 personas,CALLE,TAPACHULA,CALLE,TONALA,EJE VIAL,2 PONIENTE (MONTERREY),CALLE,COAHUILA,2,NA,NA,NA,NA,NA,COLONIA,ROMA NORTE,NA,NA,NA,06700,09,Ciudad de México,015,Cuauhtémoc,0001,Cuauhtémoc,1375,013,NA,NA,NA,Fijo,19.41214498,-99.1614274,2019-11
866922,09015722110004863001000000U0,KABUKI SUSHI RESTAURANTE,NA,722511,Restaurantes con servicio de preparación de alimentos a la carta o de comida corrida,11 a 30 personas,AVENIDA,MICHOACAN,AVENIDA,NUEVO LEON,AVENIDA,TAMAULIPAS,CALLE,VICENTE SUAREZ,78,BIS,NA,NA,NA,NA,COLONIA,HIPODROMO,NA,NA,NA,06100,09,Ciudad de México,015,Cuauhtémoc,0001,Cuauhtémoc,1322,013,NA,NA,WWW.MOSHIMOSHI.COM,Fijo,19.41133299,-99.17373503,2010-07
895485,09015722511001853001000000U3,KAMINARI RAMEN RESTAURANTE,MAYAJIRO SA DE CV,722511,Restaurantes con servicio de preparación de alimentos a la carta o de comida corrida,11 a 30 personas,CALLE,COPENHAGUE,AVENIDA,PASEO DE LA REFORMA,CALLE,HAMBURGO,CALLE,GENOVA,21,NA,COPENAGHE,PISO 1,NA,PB,COLONIA,JUAREZ,EDIFICIO COMERCIAL Y DE SERVICIOS,COPENAGHE,1,06600,09,Ciudad de México,015,Cuauhtémoc,0001,Cuauhtémoc,0803,015,NA,KAMINARITONLOTSU@GMAIL.COM,NA,Fijo,19.42776735,-99.16405191,2014-12
7744784,09015722511012451000000000U3,KAPRICHOSA BAR,NA,722511,Restaurantes con servicio de preparación de alimentos a la carta o de comida corrida,0 a 5 personas,PEATONAL,REPUBLICA DE HONDURAS,CALLEJON,CALLEJON DE LA AMARGURA,CALLE,ALLENDE,CALLE,REPUBLICA DE ECUADOR,20,NA,NA,NA,0,NA,COLONIA,CENTR0,NA,NA,NA,06010,09,Ciudad de México,015,Cuauhtémoc,0001,Cuauhtémoc,0536,008,NA,NA,NA,Fijo,19.44084572,-99.13739466,2019-11
11604185,09015722511019542000000000U2,KAYA BAR,NA,722511,Restaurantes con servicio de preparación de alimentos a la carta o de comida corrida,6 a 10 personas,AVENIDA,TAMAULIPAS,CALLE,CHOAPAN,CALLE,GENERAL BENJAMIN HILL,CALLE,REYNOSA,224,NA,NA,NA,0,NA,COLONIA,CONDESA,NA,NA,NA,06170,09,Ciudad de México,015,Cuauhtémoc,0001,Cuauhtémoc,1411,003,NA,NA,NA,Fijo,19.40728909,-99.17780883,2024-11
8327667,09015722511013533000000000U7,KIIN THAI-VIET-EATERY,GRUPO GASTRONIMICO KIIN SA DE CV,722511,Restaurantes con servicio de preparación de alimentos a la carta o de comida corrida,11 a 30 personas,CALLE,ORIZABA,CALLE,COAHUILA,CALLE,ANTONIO M. ANZA,AVENIDA,YUCATAN,219,NA,NA,NA,NA,NA,COLONIA,ROMA NORTE,NA,NA,NA,06700,09,Ciudad de México,015,Cuauhtémoc,0001,Cuauhtémoc,1214,020,NA,NA,WWW.KIINTHAI.COM,Fijo,19.41204548,-99.15827678,2019-11
11047337,09015722511023462000000000U7,KILL BILL,NA,722511,Restaurantes con servicio de preparación de alimentos a la carta o de comida corrida,6 a 10 personas,CALLE,ORIZABA,CALLE,PLAZA RIO DE JANEIRO,CALLE,PUEBLA,CALLE,ORIZABA,39,B,NA,NA,NA,NA,COLONIA,ROMA NORTE,NA,NA,NA,06700,09,Ciudad de México,015,Cuauhtémoc,0001,Cuauhtémoc,1002,001,5547598736,NA,WWW.KILLBILL.COM,Fijo,19.42193544,-99.16073449,2024-11
866419,09015722219031112000000000U8,KINGTO,NA,722511,Restaurantes con servicio de preparación de alimentos a la carta o de comida corrida,6 a 10 personas,CALLE,PACHUCA,EJE VIAL,2 SUR (JUAN ESCUTIA),CALLE,JUAN DE LA BARRERA,CALLE,ZAMORA,51,NA,NA,NA,NA,A Y B,COLONIA,CONDESA,NA,NA,NA,06140,09,Ciudad de México,015,Cuauhtémoc,0001,Cuauhtémoc,1178,001,5552115612,NA,NA,Fijo,19.41677892,-99.17690412,2010-07
1028203,09015722412002723000000000U8,KINKY BAR,MUSICA Y TRAGOS DEL PASEO SA DE CV,722412,"Bares, cantinas y similares",11 a 30 personas,CALLE,AMBERES,AVENIDA,PASEO DE LA REFORMA,CALLE,HAMBURGO,CALLE,ESTOCOLMO,1,NA,NA,NA,NA,NA,COLONIA,JUAREZ,NA,NA,NA,06600,09,Ciudad de México,015,Cuauhtémoc,0001,Cuauhtémoc,0945,012,NA,NA,WWW.KINKYBARZONAROSA.COM.MX,Fijo,19.42713679,-99.16618552,2010-07
9865631,09015722511021522000000000U0,KOALA EXPRESS,GRUPO XIAOS S DE RL DE CV SA DE CV,722511,Restaurantes con servicio de preparación de alimentos a la carta o de comida corrida,6 a 10 personas,EJE VIAL,EJE 1 NORTE MOSQUETA,AVENIDA,INSURGENTES NORTE,ANDADOR,NINGUNO,AVENIDA,INSURGENTES NORTE,259,NA,FORUM BUENAVISTA,PISO 1,NA,NA,COLONIA,BUENAVISTA,CENTRO Y PLAZA COMERCIAL,FORUM BUENAVISTA,N2-12,06350,09,Ciudad de México,015,Cuauhtémoc,0001,Cuauhtémoc,049A,001,NA,NA,NA,Fijo,19.44686779,-99.15237156,2024-11
9470583,09015722511017043000000000U3,KUN REFORMA,MIGRANTE GASTRONOMICA SA DE CV,722511,Restaurantes con servicio de preparación de alimentos a la carta o de comida corrida,11 a 30 personas,CALLE,RIO AMAZONAS,AVENIDA,PASEO DE LA REFORMA,CALLE,RIO LERMA,AVENIDA,PASEO DE LA REFORMA,73,NA,NA,NA,NA,NA,COLONIA,CUAUHTEMOC,NA,NA,NA,06500,09,Ciudad de México,015,Cuauhtémoc,0001,Cuauhtémoc,0837,003,5566806426,ADMINISTRACION@MIGRANTE-ROMA.COM,WWW.MIGRANTE-ROMA.COM,Fijo,19.43057526,-99.16337732,2023-11
11499648,09015722412005533000000000U8,KURDA,NA,722412,"Bares, cantinas y similares",11 a 30 personas,AVENIDA,RIBERA DE SAN COSME,CALLE,NOGAL,CIRCUITO,INTERIOR (INSTITUTO TECNICO INDUSTRIAL),CALLE,SEGUNDA CERRADA DE LA PRIMERA DEL NOGAL,155,E Y F,NA,NA,0,NA,COLONIA,SANTA MARIA LA RIVERA,NA,NA,NA,06400,09,Ciudad de México,015,Cuauhtémoc,0001,Cuauhtémoc,0593,012,NA,NA,NA,Fijo,19.44343309,-99.16511702,2024-11
10466085,09015722511024241000000000M4,LA BAGUETTE DE MANOLO,NA,722511,Restaurantes con servicio de preparación de alimentos a la carta o de comida corrida,0 a 5 personas,CALLE,ERNESTO PUGIBET,CALLE,LUIS MOYA,CALLE,PLAZA DE SAN JUAN,CALLE,AYUNTAMIENTO,21,NA,MERCADO SAN JUAN PUGIBET,PLANTA BAJA,95,NA,COLONIA,CENTRO,MERCADO PUBLICO,MERCADO SAN JUAN PUGIBET,95,06010,09,Ciudad de México,015,Cuauhtémoc,0001,Cuauhtémoc,0875,009,NA,LABAGUETTEDEMANOLO@GMAIL.COM,NA,Fijo,19.4297037,-99.14438187,2024-11
11768110,09015722511024541000000000S7,LA BAGUETTE DE MANOLO ANEXO,NA,722511,Restaurantes con servicio de preparación de alimentos a la carta o de comida corrida,0 a 5 personas,CALLE,Ernesto Pugibet,CALLE,Plaza de San Juan,CALLE,Luis Moya,CALLE,Ayuntamiento,21,NA,MERCADO SAN JUAN PUGIBET,NA,57,NA,COLONIA,CENTRO,NA,MERCADO SAN JUAN PUGIBET,SN,NA,09,Ciudad de México,015,Cuauhtémoc,0001,Cuauhtémoc,0875,009,NA,NA,NA,Fijo,19.4297037,-99.14438186,2025-04
897683,09015722514001331010000000U4,LA BANANA FELIZ,NA,722511,Restaurantes con servicio de preparación de alimentos a la carta o de comida corrida,0 a 5 personas,CALLE,DOCTOR LAVISTA,CALLE,DOCTOR MIGUEL FRANCISCO JIMENEZ,AVENIDA,NIÑOS HEROES,CALLE,DOCTOR C. LICEAGA,106,A,NA,NA,0,NA,COLONIA,DOCTORES,NA,NA,NA,06720,09,Ciudad de México,015,Cuauhtémoc,0001,Cuauhtémoc,1534,009,5519985869,NA,NA,Fijo,19.42372935,-99.14828064,2014-12
10147775,09015722511017681000000000U0,LA BARRA DEL PATRON,NA,722511,Restaurantes con servicio de preparación de alimentos a la carta o de comida corrida,0 a 5 personas,CALLE,JALAPA,CALLE,CHIHUAHUA,CALLE,GUANAJUATO,CALLE,ORIZABA,122,NA,NA,NA,NA,B,COLONIA,ROMA NORTE,NA,NA,NA,06700,09,Ciudad de México,015,Cuauhtémoc,0001,Cuauhtémoc,1106,011,5642470073,CONTACTO@LABARRADELPATRON.COM.MX,NA,Fijo,19.41704213,-99.16082317,2024-11
10039224,09015722511023882000000000U6,LA BARRITA COCINA DEL MAR,NA,722511,Restaurantes con servicio de preparación de alimentos a la carta o de comida corrida,6 a 10 personas,CALLE,DINAMARCA,CALLE,LONDRES,CALLE,LIVERPOOL,CALLE,BERLIN,50,B,NA,NA,NA,NA,COLONIA,JUAREZ,NA,NA,NA,06600,09,Ciudad de México,015,Cuauhtémoc,0001,Cuauhtémoc,0841,002,5639768830,JRHE999@GMAIL.COM,NA,Fijo,19.42742108,-99.15853423,2024-11
6316933,09015722110005944002000000U7,LA BODEGUITA DEL MEDIO,SON BODEGUITAS SA DE CV,722511,Restaurantes con servicio de preparación de alimentos a la carta o de comida corrida,51 a 100 personas,CALLE,COZUMEL,CALLE,SINALOA,CALLE,DURANGO,AVENIDA,SONORA,37,NA,NA,NA,NA,NA,COLONIA,ROMA NORTE,NA,NA,NA,06700,09,Ciudad de México,015,Cuauhtémoc,0001,Cuauhtémoc,1089,004,NA,NA,NA,Fijo,19.41975949,-99.17119117,2010-07
7732621,09015722511011022000000000U3,LA BOHEMIA,NA,722511,Restaurantes con servicio de preparación de alimentos a la carta o de comida corrida,6 a 10 personas,CALLE,LONDRES,EJE VIAL,2 PONIENTE (FLORENCIA),CALLE,AMBERES,CALLE,LIVERPOOL,142,2,NA,NA,NA,NA,COLONIA,JUAREZ,NA,NA,NA,06600,09,Ciudad de México,015,Cuauhtémoc,0001,Cuauhtémoc,095A,006,NA,NA,NA,Fijo,19.42473191,-99.16529231,2019-11
11721848,09015722511024681000000000S1,LA BOVEDA,NA,722511,Restaurantes con servicio de preparación de alimentos a la carta o de comida corrida,0 a 5 personas,CALLE,Monte de Piedad,CALLE,5 de Mayo,CALLE,Francisco I. Madero,CALLE,Palma,13,NA,MERCADO CENTRO,NA,110,NA,MANZANA,CENTRO,NA,MERCADO CENTRO,SN,NA,09,Ciudad de México,015,Cuauhtémoc,0001,Cuauhtémoc,0771,006,5572886361,BOVEDAZOCALO@GMAIL.COM,NA,Fijo,19.43368134,-99.13410999,2025-04
11757756,09015722511024651000000000S4,LA BOVEDA RESTAURANTE,NA,722511,Restaurantes con servicio de preparación de alimentos a la carta o de comida corrida,0 a 5 personas,CALLE,Monte de Piedad,CALLE,5 de Mayo,CALLE,Francisco I. Madero,CALLE,Palma,13,NA,MERCADO CENTRO,NA,508,NA,MANZANA,CENTRO,NA,MERCADO CENTRO,SN,NA,09,Ciudad de México,015,Cuauhtémoc,0001,Cuauhtémoc,0771,006,NA,BOVEDAZOCALO@GMAIL.COM.MX,NA,Fijo,19.43368134,-99.13410999,2025-04
10618463,09015722511020931000000000S4,LA BRUJA DE SAN LUIS,NA,722511,Restaurantes con servicio de preparación de alimentos a la carta o de comida corrida,0 a 5 personas,EJE VIAL,2 A SUR SAN LUIS POTOSI,CALLE,MERIDA,CALLE,FRONTERA,CALLE,CHIAPAS,12,NA,NA,NA,NA,NA,COLONIA,ROMA NORTE,NA,NA,NA,06700,09,Ciudad de México,015,Cuauhtémoc,0001,Cuauhtémoc,1110,013,NA,LABRUJADETEHUANTEPEC@GMAIL.COM,NA,Fijo,19.4148477,-99.15541073,2024-11
10432736,09015722511023833000000000U9,LA BTK BELLAS ARTES,OLALDE LARA Y ASOCIADOS SA DE CV,722511,Restaurantes con servicio de preparación de alimentos a la carta o de comida corrida,11 a 30 personas,CALLE,DOLORES,CALLE,INDEPENDENCIA,AVENIDA,JUAREZ,CALLE,LUIS MOYA,7,NA,NA,NA,NA,L1,COLONIA,AVENIDA JUAREZ,NA,NA,NA,06050,09,Ciudad de México,015,Cuauhtémoc,0001,Cuauhtémoc,0748,010,5555214953,NA,NA,Fijo,19.43373763,-99.14281523,2024-11
11521488,09015722412006002000000000U3,LA BURRA BLANCA DEL 56,NA,722412,"Bares, cantinas y similares",6 a 10 personas,CALLE,DONCELES,CALLE,PALMA NORTE,CALLE,REPUBLICA DE BRASIL,CALLE,TACUBA,83,NA,NA,NA,NA,NA,COLONIA,DONCELES,NA,NA,NA,06010,09,Ciudad de México,015,Cuauhtémoc,0001,Cuauhtémoc,0752,004,NA,NA,NA,Semifijo,19.43593471,-99.13386824,2024-11
10366264,09015722412006503000000000U0,LA CALLE DE LAS SIRENAS,LA CALLE DE LAS SIRENAS SA DE CV,722412,"Bares, cantinas y similares",11 a 30 personas,EJE VIAL,2 PONIENTE MONTERREY,CALLE,CHIHUAHUA,CALLE,GUANAJUATO,AVENIDA,INSURGENTES SUR,129,NA,NA,NA,NA,NA,COLONIA,ROMA NORTE,NA,NA,NA,06700,09,Ciudad de México,015,Cuauhtémoc,0001,Cuauhtémoc,1106,006,5572211364,NA,NA,Fijo,19.41634839,-99.16393196,2024-11
8368858,09015722511009922000000000S8,LA CANTINA CLASICA LA N. 100,NA,722511,Restaurantes con servicio de preparación de alimentos a la carta o de comida corrida,6 a 10 personas,CALLE,BOLIVAR,CALLE,ANGEL DEL CAMPO,CALLE,FRAY JUAN DE TORQUEMADA,CALLE,ISABEL LA CATOLICA,438,NA,NA,NA,0,NA,COLONIA,OBRERA,NA,NA,NA,06800,09,Ciudad de México,015,Cuauhtémoc,0001,Cuauhtémoc,1252,010,NA,LANUMERO100OFICIAL@YAHOO.COM,NA,Fijo,19.40819534,-99.14201265,2019-11
9949982,09015722511019981000000000U2,LA CAS DE FIDEOS QUING TIAN,NA,722511,Restaurantes con servicio de preparación de alimentos a la carta o de comida corrida,0 a 5 personas,CALLE,JOSE JOAQUIN HERRERA,CALLE,LEONA VICARIO,CALLE,MANUEL DOBLADO,CALLE,LECUMBERRI,0,SN,NA,NA,NA,NA,COLONIA,CENTRO,NA,NA,NA,06020,09,Ciudad de México,015,Cuauhtémoc,0001,Cuauhtémoc,0659,018,NA,NA,NA,Fijo,19.43875188,-99.12589916,2024-11
9390014,09015722511016822000000000U1,LA CASA AZUL DE SABINO,NA,722511,Restaurantes con servicio de preparación de alimentos a la carta o de comida corrida,0 a 5 personas,CALLE,SABINO,PRIVADA,NINGUNO,CALLE,SALVADOR DIAZ MIRON,CALLE,FRESNO,166,NA,NA,NA,NA,NA,COLONIA,SANTA MARIA RIVERA,NA,NA,NA,06400,09,Ciudad de México,015,Cuauhtémoc,0001,Cuauhtémoc,0466,003,NA,NA,NA,Fijo,19.44960055,-99.15988759,2022-11
10123457,09015722511021642000000000U6,LA CASA COREANA,SUSANA KIM SA DE CV,722511,Restaurantes con servicio de preparación de alimentos a la carta o de comida corrida,6 a 10 personas,AVENIDA,CHAPULTEPEC,EJE VIAL,3 PONIENTE (SEVILLA),CALLE,PRAGA,CALLE,LONDRES,425,NA,NA,NA,NA,NA,COLONIA,JUAREZ,NA,NA,NA,06600,09,Ciudad de México,015,Cuauhtémoc,0001,Cuauhtémoc,0983,003,NA,LACASACOREANA@GMAIL.COM,NA,Fijo,19.42257249,-99.16873539,2024-11
11481669,09015722511022223000000000S4,LA CASA DE LA YEYA,NA,722511,Restaurantes con servicio de preparación de alimentos a la carta o de comida corrida,11 a 30 personas,CALLE,DONATO GUERRA,AVENIDA,PASEO DE LA REFORMA,EJE VIAL,1 PONIENTE (AVENIDA BUCARELI),EJE VIAL,1 PONIENTE (AVENIDA BUCARELI),1,NA,NA,NA,NA,NA,COLONIA,CENTRO,NA,NA,NA,06040,09,Ciudad de México,015,Cuauhtémoc,0001,Cuauhtémoc,0803,014,NA,BUCARELI@LAYEYA.COM,WWW.LACASADELAYEYA.COM,Fijo,19.43338182,-99.15080064,2024-11
1003120,09015722110003653001000000U6,LA CASA DE LAS SIRENAS,TERESITA HERRERA MACIQUE SC,722511,Restaurantes con servicio de preparación de alimentos a la carta o de comida corrida,11 a 30 personas,CALLE,REPUBLICA DE GUATEMALA,CALLE,REPUBLICA DE BRASIL,CALLE,REPUBLICA DE ARGENTINA,CALLE,REPUBLICA DE GUATEMALA,32,NA,NA,NA,NA,NA,COLONIA,DONCELES,NA,NA,NA,06000,09,Ciudad de México,015,Cuauhtémoc,0001,Cuauhtémoc,0752,003,NA,FACTURACIONSIRENOS@GMAIL.COM,WWW.LACASADELASSIRENAS.REST,Fijo,19.43497442,-99.13251187,2010-07
8859783,09015722511014524000000000U5,LA CASA DE LOS ABUELOS,LA CASA DE LOS ABUELOS TAXQUEÑA SA DE CV,722511,Restaurantes con servicio de preparación de alimentos a la carta o de comida corrida,31 a 50 personas,AVENIDA,MEXICO TENOCHTITLAN,CALLE,ZARAGOZA,CALLE,JUAN ALDAMA,CALLE,OROZCO Y BERRA,51,NA,NA,NA,0,NA,COLONIA,BUENAVISTA,NA,NA,NA,06350,09,Ciudad de México,015,Cuauhtémoc,0001,Cuauhtémoc,0714,019,NA,NA,WWW.CASADELOSABUELOS.COM.MX,Fijo,19.4385256,-99.15136061,2019-11
6317520,09015722511003054001000000U6,LA CASA DE LOS ABUELOS ZONA ROSA,LA CASA DE LOS ABUELOS SC DE RL,722511,Restaurantes con servicio de preparación de alimentos a la carta o de comida corrida,11 a 30 personas,CALLE,HAMBURGO,CALLE,COPENHAGUE,CALLE,NIZA,CALLE,OSLO,87,NA,NA,NA,NA,NA,COLONIA,JUAREZ,NA,NA,NA,06600,09,Ciudad de México,015,Cuauhtémoc,0001,Cuauhtémoc,0803,012,NA,ADMONZONAROSA@OUTLOOK.COM,WWW.CASADELOSABUELOS.COM.MX,Fijo,19.42780774,-99.16331268,2014-12
10085274,09015722511018191000000000U9,LA CASA DE LOS SOLES,NA,722511,Restaurantes con servicio de preparación de alimentos a la carta o de comida corrida,0 a 5 personas,EJE VIAL,2 PONIENTE MONTERREY,CALLE,DURANGO,AVENIDA,INSURGENTES SUR,AVENIDA,INSURGENTES SUR,80,NA,NA,NA,401,NA,COLONIA,ROMA NORTE,NA,NA,NA,06700,09,Ciudad de México,015,Cuauhtémoc,0001,Cuauhtémoc,1093,016,NA,NA,NA,Fijo,19.41964335,-99.16466214,2024-11
10232513,09015722511019131000000000U4,LA CASA DEL CALLEJON,NA,722511,Restaurantes con servicio de preparación de alimentos a la carta o de comida corrida,0 a 5 personas,CALLE,REPUBLICA DE ECUADOR,CALLE,REPUBLICA DE BRASIL,CALLE,REPUBLICA DE ARGENTINA,CALLE,REPUBLICA DE PARAGUAY,111,NA,NA,NA,0,NA,COLONIA,COLONIA CENTRO,NA,NA,NA,06010,09,Ciudad de México,015,Cuauhtémoc,0001,Cuauhtémoc,0644,019,NA,NA,NA,Fijo,19.44230282,-99.13160365,2024-11
989254,09015722219033453001000000U4,LA CASA DEL PAVO,NA,722511,Restaurantes con servicio de preparación de alimentos a la carta o de comida corrida,6 a 10 personas,CALLE,MOTOLINIA,CALLE,16 DE SEPTIEMBRE,CALLE,FRANCISCO I. MADERO,CALLE,ISABEL LA CATOLICA,40,NA,NA,NA,0,A,COLONIA,CENTRO,NA,NA,NA,06000,09,Ciudad de México,015,Cuauhtémoc,0001,Cuauhtémoc,0767,012,5555184282,SETSAI2009@GMAIL.COM,NA,Fijo,19.43253853,-99.13739518,2010-07
11436025,09015722511024042000000000U6,LA CASA DEL URUGUAYO,NA,722511,Restaurantes con servicio de preparación de alimentos a la carta o de comida corrida,6 a 10 personas,CALLE,CULIACAN,EJE VIAL,3 SUR (AVENIDA BAJA CALIFORNIA),CALLE,QUINTANA ROO,CALLE,VILLAHERMOSA,131,B,NA,NA,NA,NA,COLONIA,HIPODROMO,NA,NA,NA,06100,09,Ciudad de México,015,Cuauhtémoc,0001,Cuauhtémoc,1430,006,NA,NA,NA,Fijo,19.40450734,-99.170357,2024-11
877339,09015722219015521011000000U0,LA CASA ROSA,NA,722511,Restaurantes con servicio de preparación de alimentos a la carta o de comida corrida,0 a 5 personas,CALLE,SALVADOR DIAZ MIRON,CALLE,DOCTOR ATL,CALLE,DOCTOR ENRIQUE GONZALEZ MARTINEZ,EJE VIAL,1 NORTE (JOSE ANTONIO ALZATE),64,NA,NA,NA,NA,NA,COLONIA,SANTA MARIA LA RIBERA,NA,NA,NA,06400,09,Ciudad de México,015,Cuauhtémoc,0001,Cuauhtémoc,0485,004,NA,NA,NA,Fijo,19.44842041,-99.15541368,2010-07
11515579,09015722511022171000000000U5,LA CASA YOLIS,NA,722511,Restaurantes con servicio de preparación de alimentos a la carta o de comida corrida,0 a 5 personas,CALLE,ALFREDO CHAVERO,CALLE,ISABEL LA CATOLICA,CALLE,SIMON BOLIVAR,CALLE,JUAN LUCAS DE LASSAGA,91,NA,NA,NA,NA,NA,COLONIA,OBRERA,NA,NA,NA,06800,09,Ciudad de México,015,Cuauhtémoc,0001,Cuauhtémoc,1144,011,NA,NA,NA,Fijo,19.41724045,-99.13872249,2024-11
865566,09015722219004881001000000U1,LA CASBAH RESTAURANTE,NA,722511,Restaurantes con servicio de preparación de alimentos a la carta o de comida corrida,0 a 5 personas,CALLE,CAMPECHE,CALLE,MANZANILLO,CALLE,CUYUTLAN,CALLE,AGUASCALIENTES,174,B,NA,NA,0,NA,COLONIA,ROMA SUR,NA,NA,NA,06760,09,Ciudad de México,015,Cuauhtémoc,0001,Cuauhtémoc,1356,001,NA,NA,NA,Fijo,19.40951876,-99.16581826,2010-07
7757134,09015722412004842000000000U4,LA CASONA DE DOÑA INES,NA,722412,"Bares, cantinas y similares",0 a 5 personas,PEATONAL,SAN JERONIMO,CALLE,5 DE FEBRERO,CALLE,ISABEL LA CATOLICA,CALLE,REGINA,62,A,NA,NA,0,NA,COLONIA,CUAUHTEMOC,NA,NA,NA,06080,09,Ciudad de México,015,Cuauhtémoc,0001,Cuauhtémoc,0894,004,NA,NA,NA,Fijo,19.42697725,-99.13575694,2019-11
9493697,09015722511022962000000000U7,LA CASONA DE LOS SANTOS Y DEMONIOS,NA,722511,Restaurantes con servicio de preparación de alimentos a la carta o de comida corrida,6 a 10 personas,CALLE,MORELIA,CALLE,DURANGO,CALLE,COLIMA,CALLE,FRONTERA,71,NA,NA,NA,NA,NA,COLONIA,ROMA,NA,NA,NA,06700,09,Ciudad de México,015,Cuauhtémoc,0001,Cuauhtémoc,1017,005,5519657397,NA,WWW.LACASONADELOSSANTOSYDEMONIOS.COM,Fijo,19.42190206,-99.15563866,2024-11
9217299,09015722412005171000000000U7,LA CATEDRAL DEL PULQUE,NA,722412,"Bares, cantinas y similares",0 a 5 personas,CALLE,ISABEL LA CATOLICA,CALLE,LORENZO BOTURINI,CALLE,ANTONIO LEON Y GAMA,CALLE,5 DE FEBRERO,250,A,NA,NA,0,A,COLONIA,OBRERA,NA,NA,NA,06800,09,Ciudad de México,015,Cuauhtémoc,0001,Cuauhtémoc,1055,009,NA,NA,NA,Fijo,19.41844717,-99.13805041,2019-11
6872476,09015722512001132001037307M0,LA CERVECERIA DE BARRIO ALAMEDA,CORPORACION OPERADORA ALIMENTA SA DE CV,722412,"Bares, cantinas y similares",51 a 100 personas,AVENIDA,JUÁREZ,CALLE,REVILLAGIGEDO,CALLE,LUIS MOYA,AVENIDA,INDEPENDENCIA,64,NA,NA,NA,NA,NA,COLONIA,CENTRO,NA,NA,NA,06050,09,Ciudad de México,015,Cuauhtémoc,0001,Cuauhtémoc,0748,009,NA,GERENCIA.ALAMEDA@LACERVECERIA.COM.MX,WWW.LACERVECERIADEBARRIO.MX,Fijo,19.43490097,-99.14567762,2019-04
6885571,09015722512001122001037307S1,LA CERVECERIA DE BARRIO BUENAVISTA,CORPORACION OPERADORA ALIMENTA SA DE CV,722412,"Bares, cantinas y similares",31 a 50 personas,EJE VIAL,1 NORTE (MOSQUETA),AVENIDA,INSURGENTES NORTE,CALLE,JUAN ALDAMA,AVENIDA,MANZANA O EDIFICACIÓN CONTIGUA,259,NA,FORUM BUENAVISTA,PISO 2,40,N2,COLONIA,BUENAVISTA,CENTRO Y PLAZA COMERCIAL,FORUM BUENAVISTA,N2 40,06350,09,Ciudad de México,015,Cuauhtémoc,0001,Cuauhtémoc,049A,024,NA,INFO@LACERVECERIADEBARRIO.MX,WWW.LACERVECERIADEBARRIO.MX,Fijo,19.44618968,-99.1518879,2019-04
6885572,09015722512001162001037307S7,LA CERVECERIA DE BARRIO CIBELES,CORPORACION OPERADORA ALIMENTA SA DE CV,722412,"Bares, cantinas y similares",51 a 100 personas,CALLE,DURANGO,AVENIDA,PLAZA VILLA MADRID,CALLE,VALLADOLID,AVENIDA,OAXACA,192,NA,NA,NA,NA,NA,COLONIA,ROMA NORTE,NA,NA,NA,06700,09,Ciudad de México,015,Cuauhtémoc,0001,Cuauhtémoc,1093,007,NA,INFO@LACERVECERIADEBARRIO.MX,WWW.LACERVECERIADEBARRIO.MX,Fijo,19.41965024,-99.16688302,2019-04
8738200,09015722412005204000037307S6,LA CERVECERIA DE BARRIO CONDESA,CORPORACION OPERADORA ALIMENTA SA DE CV,722412,"Bares, cantinas y similares",11 a 30 personas,CALLE,VICENTE SUÁREZ,CALLE,ATLIXCO,AVENIDA,TAMAULIPAS,AVENIDA,CAMPECHE,38,NA,NA,NA,NA,NA,COLONIA,CONDESA,NA,NA,NA,06140,09,Ciudad de México,015,Cuauhtémoc,0001,Cuauhtémoc,1318,012,NA,INFO@LACERVECERIADEBARRIO.MX,WWW.LACERVECERIADEBARRIO.MX,Fijo,19.41100776,-99.17460675,2019-11
10464636,09015722412005401000000000U8,LA CHAMPA MX,NA,722412,"Bares, cantinas y similares",0 a 5 personas,EJE VIAL,3 PONIENTE MEDELLIN,CALLE,QUERETARO,CALLE,SAN LUIS POTOSI,EJE VIAL,2 PONIENTE (MONTERREY),162,B,NA,NA,NA,NA,COLONIA,ROMA NORTE,NA,NA,NA,06700,09,Ciudad de México,015,Cuauhtémoc,0001,Cuauhtémoc,1214,014,5541404518,NA,NA,Fijo,19.41368639,-99.16500879,2024-11
11317114,09015722511022501000000000U3,LA CHICA CHILANGA,NA,722511,Restaurantes con servicio de preparación de alimentos a la carta o de comida corrida,0 a 5 personas,CALLE,TEHUANTEPEC,CALLE,LINARES,CALLE,TONALA,CALLE,BAJIO,88,A,NA,NA,NA,NA,COLONIA,ROMA SUR,NA,NA,NA,06760,09,Ciudad de México,015,Cuauhtémoc,0001,Cuauhtémoc,1464,012,7772075601,NA,NA,Fijo,19.40534916,-99.15992686,2024-11
896011,09015722511002662000045140M7,LA CHICHA,SOMOS ASOMOS,722511,Restaurantes con servicio de preparación de alimentos a la carta o de comida corrida,11 a 30 personas,CALLE,ORIZABA,EJE VIAL,2 SUR (AVENIDA QUERETARO),EJE VIAL,2-A SUR (SAN LUIS POTOSI),CALLE,JALAPA,171,NA,NA,NA,4,B,COLONIA,ROMA NORTE,NA,NA,NA,06700,09,Ciudad de México,015,Cuauhtémoc,0001,Cuauhtémoc,1214,008,NA,ALARACK@GMAIL.COM,WWW.LAMASCHICHA.COM,Fijo,19.41445881,-99.15888278,2014-12
10083843,09015722511020821000000000U7,LA CHILAKLETA,KAPODIA SA DE CV,722511,Restaurantes con servicio de preparación de alimentos a la carta o de comida corrida,0 a 5 personas,EJE VIAL,2 PONIENTE RIO TIBER,CALLE,RIO PANUCO,CALLE,RIO LERMA,CALLE,RIO POO,104,NA,NA,NA,NA,NA,COLONIA,CUAUHTEMOC,NA,NA,NA,06500,09,Ciudad de México,015,Cuauhtémoc,0001,Cuauhtémoc,0822,015,NA,FACTURAS@LACHILAKLETA.COM,WWW.LACHILAKLETA.COM,Fijo,19.42892161,-99.16858404,2024-11
1020888,09015722511001081001000000U1,LA CHINAMPA,NA,722511,Restaurantes con servicio de preparación de alimentos a la carta o de comida corrida,11 a 30 personas,CALLE,RIO LERMA,CALLE,RIO TIGRIS,CALLE,RIO DANUBIO,CALLE,RIO PANUCO,119,NA,NA,NA,NA,NA,COLONIA,CUAUHTEMOC,NA,NA,NA,06500,09,Ciudad de México,015,Cuauhtémoc,0001,Cuauhtémoc,0822,013,NA,CHINAMPAREFORMA@INICITIVASGASTRONOMICAS.COM.MX,NA,Fijo,19.42942248,-99.16706644,2010-07
10559064,09015722511017541000000000U6,LA CHINTONERIA,NA,722511,Restaurantes con servicio de preparación de alimentos a la carta o de comida corrida,0 a 5 personas,CALLE,QUERETARO,EJE VIAL,3 PONIENTE (MEDELLIN),EJE VIAL,2 SUR (AVENIDA YUCATAN),CALLE,ZACATECAS,229,NA,NA,NA,NA,NA,COLONIA,ROMA NORTE,NA,NA,NA,06700,09,Ciudad de México,015,Cuauhtémoc,0001,Cuauhtémoc,1214,015,NA,NA,NA,Fijo,19.41398027,-99.16483574,2024-11
890162,09015722511007442001000000U9,LA CHIRINDONGUERIA,NA,722511,Restaurantes con servicio de preparación de alimentos a la carta o de comida corrida,0 a 5 personas,CALLE,ITURBIDE,AVENIDA,JUAREZ,CALLE,ARTICULO 123,EJE VIAL,1 PONIENTE (AVENIDA BUCARELI),31,NA,NA,NA,31,B,COLONIA,CUAUHTEMOC,NA,NA,NA,06050,09,Ciudad de México,015,Cuauhtémoc,0001,Cuauhtémoc,0733,009,5555101115,CHIRINDONGUERIAS@GMAIL.COM,NA,Fijo,19.43396567,-99.14915897,2014-12
891916,09015722511004712011000000S8,LA CHOPERIA,NA,722412,"Bares, cantinas y similares",6 a 10 personas,CALLE,REGINA,CALLE,BOLIVAR,CALLE,ISABEL LA CATOLICA,CALLE,SAN JERONIMO,17,NA,NA,NA,NA,NA,COLONIA,CENTRO,NA,NA,NA,06080,09,Ciudad de México,015,Cuauhtémoc,0001,Cuauhtémoc,088A,004,NA,LACHOPERIA@YAHOO.COM.MX,NA,Fijo,19.42801124,-99.13816075,2014-12
7732793,09015722511011134000000000U6,LA CHOPERIA. RESTAURANT BAR,NA,722511,Restaurantes con servicio de preparación de alimentos a la carta o de comida corrida,6 a 10 personas,CALLE,GENOVA,CALLE,HAMBURGO,CALLE,LONDRES,CALLE,AMBERES,59,NA,NA,NA,0,NA,COLONIA,JUAREZ,NA,NA,NA,06600,09,Ciudad de México,015,Cuauhtémoc,0001,Cuauhtémoc,095A,008,5536455699,YIRG_YED@HOTMAIL.COM,NA,Fijo,19.42608489,-99.16401243,2019-11
11682862,09015722412005562000000000U7,LA CLANDESTINA,NA,722412,"Bares, cantinas y similares",6 a 10 personas,AVENIDA,ALVARO OBREGON,AVENIDA,OAXACA,CALLE,HUICHAPAN,AVENIDA,SONORA,298,C,NA,NA,NA,NA,COLONIA,HIPODROMO,NA,NA,NA,06100,09,Ciudad de México,015,Cuauhtémoc,0001,Cuauhtémoc,120A,012,NA,INFO@MILAGRITO.COM,NA,Fijo,19.41620126,-99.16913553,2024-11
9725606,09015722511023181000000000U3,LA COCINA DE ALEJO,NA,722511,Restaurantes con servicio de preparación de alimentos a la carta o de comida corrida,0 a 5 personas,CALLE,CULIACAN,EJE VIAL,4 SUR (TEHUANTEPEC),CALLE,BAJIO,AVENIDA,INSURGENTES SUR,120,B,NA,NA,NA,NA,COLONIA,HIPODROMO,NA,NA,NA,06100,09,Ciudad de México,015,Cuauhtémoc,0001,Cuauhtémoc,1430,003,NA,NA,NA,Fijo,19.4027416,-99.1699148,2024-11
7732618,09015722518005941000000000U7,LA COCINA DEL BO,NA,722511,Restaurantes con servicio de preparación de alimentos a la carta o de comida corrida,0 a 5 personas,CALLE,LONDRES,EJE VIAL,2 PONIENTE (FLORENCIA),CALLE,AMBERES,CALLE,LIVERPOOL,154,NA,MERCADO INSURGENTES,PLANTA BAJA,NA,75 Y 79,COLONIA,JUAREZ,MERCADO PUBLICO,MERCADO INSURGENTES,75 Y 79,06600,09,Ciudad de México,015,Cuauhtémoc,0001,Cuauhtémoc,095A,006,5535513339,NA,NA,Fijo,19.42457883,-99.16561745,2019-11
892485,09015722511001872001000000U3,LA COCINITA SAN JUAN,NA,722511,Restaurantes con servicio de preparación de alimentos a la carta o de comida corrida,0 a 5 personas,CALLE,ERNESTO PUGIBET,CALLE,LUIS MOYA,CALLE,PLAZA DE SAN JUAN,CALLE,AYUNTAMIENTO,21,NA,MERCADO SAN JUAN PUGIMET,PLANTA BAJA,342,NA,COLONIA,CENTRO,MERCADO PUBLICO,MERCADO SAN JUAN PUGIMET,342,06070,09,Ciudad de México,015,Cuauhtémoc,0001,Cuauhtémoc,0875,009,5555186318,LACOCINADESANHUAN@GMAIL.COM,WWW.LACOCINITADESANHUAN.COM,Fijo,19.4297037,-99.14438187,2014-12
9787415,09015722511021782000000000S0,LA COMILANA,NA,722511,Restaurantes con servicio de preparación de alimentos a la carta o de comida corrida,6 a 10 personas,CALLE,JOAQUIN VELAZQUEZ DE LEON,CALLE,FRANCISCO DIAZ COVARRUBIAS,CALLE,MAESTRO ANTONIO CASO,CALLE,FRANCISCO DIAZ COVARRUBIAS,109,NA,NA,NA,NA,NA,COLONIA,SAN RAFAEL,NA,NA,NA,06470,09,Ciudad de México,015,Cuauhtémoc,0001,Cuauhtémoc,0678,018,5521217049,NA,NA,Fijo,19.4361455,-99.16676003,2024-11
10452941,09015722515003841000000000U7,LA CONCORDIA,NA,722511,Restaurantes con servicio de preparación de alimentos a la carta o de comida corrida,0 a 5 personas,CALLE,JESUS MARIA,CALLE,CORREGIDORA,CALLE,SOLEDAD,CALLE,ALHONDIGA,44,NA,NA,NA,NA,NA,COLONIA,CENTRO,NA,NA,NA,06060,09,Ciudad de México,015,Cuauhtémoc,0001,Cuauhtémoc,0786,005,NA,NA,NA,Fijo,19.43168033,-99.12800098,2024-11
8625265,09015722511013642000000000U6,LA COTORRA ROMA,NA,722511,Restaurantes con servicio de preparación de alimentos a la carta o de comida corrida,6 a 10 personas,CALLE,COAHUILA,EJE VIAL,3 PONIENTE (MEDELLIN),EJE VIAL,2 PONIENTE (MONTERREY),CALLE,CAMPECHE,148,2,NA,NA,NA,NA,COLONIA,ROMA SUR,NA,NA,NA,06070,09,Ciudad de México,015,Cuauhtémoc,0001,Cuauhtémoc,1360,008,5521335066,LACOTORRAROMA@GMAIL.COM,NA,Fijo,19.41113779,-99.16296618,2019-11
1017875,09015722511007581000000000U4,LA CUEVA RESTAURANTE,NA,722511,Restaurantes con servicio de preparación de alimentos a la carta o de comida corrida,0 a 5 personas,CALLEJON,PRIMER DE MESONES,CALLE,MESONES,CALLE,REGINA,CALLE,ISABEL LA CATOLICA,5,C,NA,NA,0,NA,COLONIA,CUAHUTEMOC,NA,NA,NA,06080,09,Ciudad de México,015,Cuauhtémoc,0001,Cuauhtémoc,0894,005,5518220223,LONDONYLEO@GMAIL.COM,NA,Fijo,19.42796275,-99.13600614,2014-12
888191,09015722511002361000000000U6,LA CUMBANCHA CAFE Y RESTAURANTE,NA,722511,Restaurantes con servicio de preparación de alimentos a la carta o de comida corrida,0 a 5 personas,CALLE,ISABEL LA CATOLICA,CALLE,TACUBA,CALLE,5 DE MAYO,CALLE,PALMA,14,NA,ISABELA,PISO 1,204,DESPACHO 204,COLONIA,TACUBA,EDIFICIO COMERCIAL Y DE SERVICIOS,ISABELA,204,06010,09,Ciudad de México,015,Cuauhtémoc,0001,Cuauhtémoc,0771,019,NA,CUMBANCHABARDF@GMAIL.COM,NA,Fijo,19.43470517,-99.13599435,2014-12
11755106,09015722511024773000000000U6,LA DIABLA SNAKS A BERS,NA,722511,Restaurantes con servicio de preparación de alimentos a la carta o de comida corrida,11 a 30 personas,CALLE,Ponciano Arriaga,CALLE,Avenida de la República,CALLE,Tomás Alva Edison,CALLE,Ramos Arispe,32,A,NA,NA,0,NA,COLONIA,TABACALERA,NA,NA,NA,NA,09,Ciudad de México,015,Cuauhtémoc,0001,Cuauhtémoc,0714,016,NA,NA,NA,Fijo,19.4369283,-99.15388864,2025-04
8841959,09015722511010521000000000U5,LA DIETA DE DON GARNACHO,NA,722511,Restaurantes con servicio de preparación de alimentos a la carta o de comida corrida,6 a 10 personas,CALLE,ALFONSO HERRERA,CALLE,JOSE ROSAS MORENO,CALLE,MIGUEL SCHULTZ,AVENIDA,RIBERA DE SAN COSME,38,D,NA,NA,0,NA,COLONIA,SAN RAFAEL,NA,NA,NA,06470,09,Ciudad de México,015,Cuauhtémoc,0001,Cuauhtémoc,0697,017,NA,NA,NA,Fijo,19.43967228,-99.16093758,2019-11
900463,09015722513001121010000000U1,LA ELEGANCIA,NA,722511,Restaurantes con servicio de preparación de alimentos a la carta o de comida corrida,6 a 10 personas,CALLE,BOLIVAR,CALLE,EFREN REBOLLEDO,CALLE,JOSE MARIA ROA BARCENAS,EJE VIAL,CENTRAL (LAZARO CARDENAS),363,G,NA,NA,NA,NA,COLONIA,OBRERA,NA,NA,NA,06800,09,Ciudad de México,015,Cuauhtémoc,0001,Cuauhtémoc,1248,005,NA,NA,NA,Fijo,19.41225627,-99.14159491,2014-12
10824037,09015722511019443000000000U3,LA ESQUINA DEL PIBE,NA,722511,Restaurantes con servicio de preparación de alimentos a la carta o de comida corrida,11 a 30 personas,CALLE,BOLIVAR,CALLE,REPUBLICA DE URUGUAY,CALLE,REPUBLICA DEL SALVADOR,CALLE,BOLIVAR,51,NA,NA,NA,NA,NA,COLONIA,CENTRO,NA,NA,NA,06000,09,Ciudad de México,015,Cuauhtémoc,0001,Cuauhtémoc,0818,004,NA,NA,WWW.ESQUINADEL.COM,Fijo,19.43070783,-99.13881878,2024-11
9548101,09015722511020161000000000U8,LA ESQUITERIA,NA,722511,Restaurantes con servicio de preparación de alimentos a la carta o de comida corrida,0 a 5 personas,CALLE,VICENTE SUAREZ,CALLE,CHOLULA,CALLE,ENSENADA,AVENIDA,CAMPECHE,26,NA,NA,NA,NA,NA,COLONIA,CUAUHTEMOC,NA,NA,NA,06170,09,Ciudad de México,015,Cuauhtémoc,0001,Cuauhtémoc,1337,007,NA,NA,NA,Fijo,19.41065836,-99.17386019,2024-11
1030627,09015722219009011000000000U0,LA ESTACION,OLICOR SERVICIOS ALIMENTICIOS SA DE CV,722511,Restaurantes con servicio de preparación de alimentos a la carta o de comida corrida,6 a 10 personas,AVENIDA,ARCOS DE BELEN,CALLE,BUEN TONO,CALLE,LUIS MOYA,CALLE,DELICIAS,31,NA,NA,NA,1,NA,COLONIA,CENTRO,NA,NA,NA,06070,09,Ciudad de México,015,Cuauhtémoc,0001,Cuauhtémoc,0875,004,5620735154,NA,NA,Fijo,19.42710679,-99.14456063,2010-07
11248718,09015722412006431000000000U4,LA FAMA DRINKS,LA FAMA DRINKS SA DE CV,722412,"Bares, cantinas y similares",0 a 5 personas,CALLE,DOCTOR LAVISTA,CALLE,DOCTOR MANUEL CARMONA Y VALLE,CALLE,DOCTOR RAFAEL LUCIO,CALLE,CLAUDIO BERNARD,190,NA,190,PLANTA BAJA,NA,NA,COLONIA,DOCTORES,EDIFICIO COMERCIAL Y DE SERVICIOS,190,3,06720,09,Ciudad de México,015,Cuauhtémoc,0001,Cuauhtémoc,1534,005,NA,NA,NA,Fijo,19.42405512,-99.15217985,2024-11
11192970,09015722511018202000000000U4,LA FINESTRA INTERNACIONAL,NA,722511,Restaurantes con servicio de preparación de alimentos a la carta o de comida corrida,6 a 10 personas,AVENIDA,ALVARO OBREGON,CALLE,CORDOBA,CALLE,ORIZABA,CALLE,CHIHUAHUA,94,NA,NA,NA,NA,NA,COLONIA,ROMA NORTE,NA,NA,NA,06700,09,Ciudad de México,015,Cuauhtémoc,0001,Cuauhtémoc,1110,023,5555840222,NA,NA,Fijo,19.41820562,-99.15901781,2024-11
11324196,09015722511020701000000000U1,LA FLACA,NA,722511,Restaurantes con servicio de preparación de alimentos a la carta o de comida corrida,0 a 5 personas,CALLE,MOTOLINIA,CALLE,FRANCISCO I. MADERO,CALLE,16 DE SEPTIEMBRE,CALLE,BOLIVAR,0,SN,NA,NA,NA,NA,COLONIA,CENTRO,NA,NA,NA,06000,09,Ciudad de México,015,Cuauhtémoc,0001,Cuauhtémoc,0767,003,NA,ADRIANA010886@GMAIL.COM,NA,Fijo,19.43241373,-99.13748636,2024-11
8385889,09015722511015142000000000U5,LA FLOR DE MEDELLIN,LA FLOR DE MEDELLIN SA DE CV,722511,Restaurantes con servicio de preparación de alimentos a la carta o de comida corrida,0 a 5 personas,CALLE,CAMPECHE,CALLE,MANZANILLO,EJE VIAL,3 PONIENTE (MEDELLIN),CALLE,COAHUILA,0,SN,NA,NA,NA,NA,COLONIA,CONDESA,NA,NA,NA,06170,09,Ciudad de México,015,Cuauhtémoc,0001,Cuauhtémoc,1356,011,NA,NA,NA,Fijo,19.40970626,-99.16567107,2019-11
10023591,09015722511017502000000000U8,LA FLOR DEL SON,EL MOJITO Y EL SON SA DE CV,722511,Restaurantes con servicio de preparación de alimentos a la carta o de comida corrida,6 a 10 personas,CALLE,PUEBLA,CALLE,MORELIA,CALLE,FRONTERA,CALLE,DURANGO,52,NA,NA,NA,NA,NA,COLONIA,ROMA NORTE,NA,NA,NA,06700,09,Ciudad de México,015,Cuauhtémoc,0001,Cuauhtémoc,1017,002,NA,NA,WWW.LAFLORDELSON.MX,Fijo,19.42350916,-99.15686251,2024-11
1016903,09015722511007192000000000U0,LA FOGATA NORTEÑA,NA,722511,Restaurantes con servicio de preparación de alimentos a la carta o de comida corrida,6 a 10 personas,AVENIDA,INSURGENTES CENTRO,CALLE,VALENTIN GOMEZ FARIAS,CALLE,TOMAS ALVA EDISON,CALLE,SADI CARNOT,59,A,NA,NA,0,NA,COLONIA,SAN RAFAEL,NA,NA,NA,06470,09,Ciudad de México,015,Cuauhtémoc,0001,Cuauhtémoc,0697,002,5510268015,J.SOMBRA01@HOTMAIL.COM.MX,NA,Fijo,19.43695295,-99.15708984,2010-07
7756557,09015722511014861000000000U1,LA FONDA DEL BARRIO,NA,722511,Restaurantes con servicio de preparación de alimentos a la carta o de comida corrida,0 a 5 personas,AVENIDA,FRAY SERVANDO TERESA DE MIER,CALLE,CERRADA FRAY SERVANDO,CALLE,XOCONGO,CALLE,CHIMALPOPOCA,229,NA,NA,NA,0,NA,COLONIA,TRANSITO,NA,NA,NA,06820,09,Ciudad de México,015,Cuauhtémoc,0001,Cuauhtémoc,106A,013,NA,NA,NA,Fijo,19.42361042,-99.13267599,2019-11
998904,09015722511001682001000000U6,LA FONDA DEL TIO PEPE,NA,722511,Restaurantes con servicio de preparación de alimentos a la carta o de comida corrida,0 a 5 personas,CALLE,SOLEDAD,CALLE,SAN MARCOS,EJE VIAL,1 ORIENTE (ANILLO DE CIRCUNVALACION),CALLE,EMILIANO ZAPATA,72,NA,NA,NA,NA,NA,COLONIA,CENTRO,NA,NA,NA,06060,09,Ciudad de México,015,Cuauhtémoc,0001,Cuauhtémoc,0786,011,5555221012,NA,NA,Fijo,19.4320281,-99.12479882,2010-07
7732685,09015722412004051000000000U2,LA FONDA OAXAQUEÑA DE GUELACHE,LA FONDA OAXAQUEÑA DE GUELACHE S DE RL DE CV,722412,"Bares, cantinas y similares",6 a 10 personas,CALLE,NAPOLES,CALLE,LIVERPOOL,CALLE,LONDRES,CALLE,DINAMARCA,42,NA,NA,NA,NA,NA,COLONIA,JUAREZ,NA,NA,NA,06600,09,Ciudad de México,015,Cuauhtémoc,0001,Cuauhtémoc,0841,001,NA,NA,NA,Fijo,19.42690327,-99.16002003,2019-11
897213,09015722511003881000000000U2,LA FONDITA,NA,722511,Restaurantes con servicio de preparación de alimentos a la carta o de comida corrida,0 a 5 personas,CALLE,DOCTOR IGNACIO ERAZO,AVENIDA,DOCTOR JOSE MARIA VERTIZ,CALLE,DOCTOR AGUSTIN ANDRADE,CALLE,DOCTOR ILDELFONSO VELASCO,55,D,NA,NA,NA,NA,COLONIA,DOCTORES,NA,NA,NA,06720,09,Ciudad de México,015,Cuauhtémoc,0001,Cuauhtémoc,113A,021,5515362729,NA,NA,Fijo,19.41799652,-99.14647141,2014-12
10698326,09015722511019451000000000U6,LA FONDIU,NA,722511,Restaurantes con servicio de preparación de alimentos a la carta o de comida corrida,0 a 5 personas,AVENIDA,INSURGENTES NORTE,CALLE,MANUEL CARPIO,CALLE,SALVADOR DIAZ MIRON,CALLE,DOCTOR MARIANO AZUELA,1,CCA,NA,NA,0,NA,COLONIA,SANTA MARIA RIVERA,NA,NA,NA,06400,09,Ciudad de México,015,Cuauhtémoc,0001,Cuauhtémoc,0485,013,NA,NA,NA,Fijo,19.44937733,-99.15282448,2024-11
980919,09015722219007931000000000U1,LA GUERA,NA,722511,Restaurantes con servicio de preparación de alimentos a la carta o de comida corrida,0 a 5 personas,PEATONAL,PLAZA GARIBALDI,EJE VIAL,CENTRAL (LAZARO CARDENAS),CALLE,SAN CAMILITO,CALLE,REPUBLICA DE ECUADOR,4,NA,MERCADO DE SAN CAMILITO,PLANTA BAJA,34,NA,COLONIA,CENTRO,MERCADO PUBLICO,MERCADO DE SAN CAMILITO,34,06010,09,Ciudad de México,015,Cuauhtémoc,0001,Cuauhtémoc,0536,014,5528053857,NA,NA,Fijo,19.44093651,-99.13913156,2014-12
9852606,09015722511020551000000000U0,LA GUERA,NA,722511,Restaurantes con servicio de preparación de alimentos a la carta o de comida corrida,0 a 5 personas,EJE VIAL,1 NORTE IGNACIO LOPEZ RAYON,CALLE,COMONFORT,CALLE,PALMA NORTE,CALLE,LIBERTAD,33,NA,MERCADO 2 LAGUNILLA ZONA,PLANTA BAJA,471,NA,COLONIA,MORELOS,MERCADO PUBLICO,MERCADO 2 LAGUNILLA ZONA,471,06200,09,Ciudad de México,015,Cuauhtémoc,0001,Cuauhtémoc,0540,005,NA,NA,NA,Fijo,19.44370115,-99.13512769,2024-11
10665544,09015722511018722000000000U1,LA GUERA II,NA,722511,Restaurantes con servicio de preparación de alimentos a la carta o de comida corrida,6 a 10 personas,PEATONAL,PLAZA GARIBALDI,EJE VIAL,CENTRAL (LAZARO CARDENAS),CALLE,SAN CAMILITO,CALLE,REPUBLICA DE ECUADOR,4,NA,MERCADO DE SAN CAMILITO,PLANTA BAJA,53,NA,COLONIA,CENTRO,MERCADO PUBLICO,MERCADO DE SAN CAMILITO,53,06010,09,Ciudad de México,015,Cuauhtémoc,0001,Cuauhtémoc,0536,014,NA,NA,NA,Fijo,19.44093651,-99.13913156,2024-11
7733742,09015722511011501000000000U6,LA HIJA DE LA TOSTADA,NA,722511,Restaurantes con servicio de preparación de alimentos a la carta o de comida corrida,0 a 5 personas,CALLE,CAMPECHE,EJE VIAL,3 PONIENTE (MEDELLIN),EJE VIAL,2 PONIENTE (MONTERREY),CALLE,COAHUILA,NA,DOMICILIO CONOCIDO,MERCADO NO 20 MELCHOR OCAMPO,PLANTA BAJA,276,NA,COLONIA,ROMA SUR,MERCADO PUBLICO,MERCADO NO 20 MELCHOR OCAMPO,276,06070,09,Ciudad de México,015,Cuauhtémoc,0001,Cuauhtémoc,1360,008,NA,NA,NA,Fijo,19.41002604,-99.16405911,2019-11
897694,09015722412002952000000000U3,LA HIJA DE LOS APACHES,NA,722412,"Bares, cantinas y similares",6 a 10 personas,CALLE,CLAUDIO BERNARD,CALLE,DOCTOR MANUEL CARMONA Y VALLE,CALLE,DOCTOR RAFAEL LUCIO,CALLE,DOCTOR LAVISTA,149,NA,NA,NA,0,NA,COLONIA,DOCTORES,NA,NA,NA,06720,09,Ciudad de México,015,Cuauhtémoc,0001,Cuauhtémoc,1534,005,5554969018,MUSICAFRESA@OUTLOOK.COM,NA,Fijo,19.42379054,-99.1525005,2014-12
8737759,09015722511016461000039703S8,LA IMPERIAL,NUEVAS CANTINAS MEXICANAS SAPI DE CV,722511,Restaurantes con servicio de preparación de alimentos a la carta o de comida corrida,11 a 30 personas,AVENIDA,PASEO DE LA REFORMA,CALLE,RÍO ELBA,CALLE,RÍO DE LA PLATA,CALLE,RÍO ATOYAC,483,NA,NA,NA,NA,NA,COLONIA,CUAUHTEMOC,EDIFICIO COMERCIAL Y DE SERVICIOS,TORRE REFORMA,PISO 1,06500,09,Ciudad de México,015,Cuauhtémoc,0001,Cuauhtémoc,0930,012,NA,IGNACIO.VALENCIA@GRUPOMYT.COM,WWW.LAIMPERIALCANTINA.COM,Fijo,19.42440325,-99.1741551,2019-11
7732672,09015722516001242000000000U8,LA ISLA DEL DRAGON,NA,722511,Restaurantes con servicio de preparación de alimentos a la carta o de comida corrida,6 a 10 personas,CALLE,LONDRES,EJE VIAL,2 PONIENTE (FLORENCIA),CALLE,AMBERES,CALLE,HAMBURGO,161,A,PLAZA DEL ANGEL,PLANTA BAJA,169,NA,COLONIA,JUAREZ,CENTRO Y PLAZA COMERCIAL,PLAZA DEL ANGEL,169,06600,09,Ciudad de México,015,Cuauhtémoc,0001,Cuauhtémoc,095A,007,NA,NA,NA,Fijo,19.42477034,-99.16550071,2019-11
887667,09015722511000713000000000U0,LA ISLA DEL DRAGON,NA,722511,Restaurantes con servicio de preparación de alimentos a la carta o de comida corrida,11 a 30 personas,CALLE,5 DE MAYO,CALLE,CONDESA,CALLE,FILOMENO MATA,CALLE,FRANCISCO I. MADERO,0,SN,NA,NA,15,NA,COLONIA,CENTRO,NA,NA,NA,06000,09,Ciudad de México,015,Cuauhtémoc,0001,Cuauhtémoc,0767,006,5573216607,NA,NA,Fijo,19.43450426,-99.13947637,2014-12
989265,09015722219030442000000000U0,LA ISLA DEL DRAGON RESTAURANT BAR,NA,722511,Restaurantes con servicio de preparación de alimentos a la carta o de comida corrida,11 a 30 personas,CALLE,MOTOLINIA,CALLE,16 DE SEPTIEMBRE,CALLE,FRANCISCO I MADERO,CALLE,ISABEL LA CATOLICA,36,NA,NA,NA,34,NA,COLONIA,CENTRO,NA,NA,NA,06000,09,Ciudad de México,015,Cuauhtémoc,0001,Cuauhtémoc,0767,012,5555180202,CUBIERTOLIBRE16@GMAIL.COM,NA,Fijo,19.43283599,-99.1373457,2010-07
1003313,09015722219026582000000000U9,LA ISLA DEL DRAGON RESTAURANTE,NA,722511,Restaurantes con servicio de preparación de alimentos a la carta o de comida corrida,11 a 30 personas,CALLE,REPUBLICA DE BRASIL,CALLE,DONCELES,CALLE,TACUBA,CALLE,PALMA NORTE,6,NA,NA,NA,6,NA,COLONIA,DONCELES,NA,NA,NA,06010,09,Ciudad de México,015,Cuauhtémoc,0001,Cuauhtémoc,0752,004,5555128492,NA,NA,Fijo,19.43557096,-99.13388882,2010-07
866953,09015722219031712001000000U5,LA KI K,NA,722511,Restaurantes con servicio de preparación de alimentos a la carta o de comida corrida,6 a 10 personas,CALLE,VICENTE SUAREZ,CALLE,ATLIXCO,CALLE,AMATLAN,CALLE,FERNANDO MONTES DE OCA,41,A,NA,NA,0,NA,COLONIA,CONDESA,NA,NA,NA,06170,09,Ciudad de México,015,Cuauhtémoc,0001,Cuauhtémoc,1318,009,NA,NA,NA,Fijo,19.41164249,-99.17550071,2010-07
10570790,09015722511021291000000000U2,LA LUPITA,NA,722511,Restaurantes con servicio de preparación de alimentos a la carta o de comida corrida,0 a 5 personas,AVENIDA,ALVARO OBREGON,EJE VIAL,2 PONIENTE (MONTERREY),CALLE,TONALA,CALLE,TABASCO,191,NA,NA,NA,NA,NA,COLONIA,ROMA NORTE,NA,NA,NA,06700,09,Ciudad de México,015,Cuauhtémoc,0001,Cuauhtémoc,1002,021,NA,NA,NA,Fijo,19.417624,-99.16364359,2024-11
9744155,09015722511024313000000000U1,LA MADRE CAFE RESTAURANTE,LA MADRE CAFE RESTAURANTE SA DE CV,722511,Restaurantes con servicio de preparación de alimentos a la carta o de comida corrida,11 a 30 personas,CALLE,ORIZABA,CALLE,CHIHUAHUA,CALLE,GUANAJUATO,CALLE,JALAPA,131,NA,NA,NA,NA,NA,COLONIA,ROMA NORTE,NA,NA,NA,06700,09,Ciudad de México,015,Cuauhtémoc,0001,Cuauhtémoc,1106,011,5561412847,NA,NA,Fijo,19.41703613,-99.15953317,2024-11
8904012,09015722412003772000000000U4,LA MALQUERIDA,NA,722412,"Bares, cantinas y similares",0 a 5 personas,CALLE,JAIME TORRES BODET,CALLE,SOR JUANA INES DE LA CRUZ,EJE VIAL,1 NORTE (JOSE ANTONIO ALZATE),CALLE,SANTA MARIA LA RIBERA,117,NA,NA,NA,NA,NA,COLONIA,SANTA MARIA LA RIVERA,NA,NA,NA,06400,09,Ciudad de México,015,Cuauhtémoc,0001,Cuauhtémoc,0485,021,5529704574,NA,NA,Fijo,19.44690894,-99.1579896,2019-11
11357865,09015722511020482000000000U8,LA MARTINA RESTAURANT,NA,722511,Restaurantes con servicio de preparación de alimentos a la carta o de comida corrida,6 a 10 personas,CALLE,TEHUANTEPEC,CALLE,TONALA,CALLE,URES,EJE VIAL,3 SUR (AVENIDA BAJA CALIFORNIA),342,NA,NA,NA,NA,NA,COLONIA,ROMA SUR,NA,NA,NA,06760,09,Ciudad de México,015,Cuauhtémoc,0001,Cuauhtémoc,1479,008,NA,NA,NA,Fijo,19.40559133,-99.1594152,2024-11
10681192,09015722511021951000000000U1,LA MESA DEL JARDIN,LA MESA DEL JARDIN SA DE CV,722511,Restaurantes con servicio de preparación de alimentos a la carta o de comida corrida,0 a 5 personas,CALLE,MANUEL MARIA CONTRERAS,CALLE,MAESTRO ANTONIO CASO,CALLE,JAMES SULLIVAN,CALLE,JOAQUIN VELAZQUEZ DE LEON,115,C,NA,NA,NA,NA,COLONIA,SAN RAFAEL,NA,NA,NA,06470,09,Ciudad de México,015,Cuauhtémoc,0001,Cuauhtémoc,0678,021,5527576843,CAJASR@LAMESADELJARDIN.COM,NA,Fijo,19.43527501,-99.16581787,2024-11
10920595,09015722511022561000000000U7,LA MEXICANA,NA,722511,Restaurantes con servicio de preparación de alimentos a la carta o de comida corrida,0 a 5 personas,CALLE,JESUS MARIA,CALLE,CORREGIDORA,CALLE,SOLEDAD,CALLE,ALHONDIGA,42,5,NA,NA,NA,NA,COLONIA,CENTRO,NA,NA,NA,06060,09,Ciudad de México,015,Cuauhtémoc,0001,Cuauhtémoc,0786,005,NA,NA,NA,Fijo,19.43172595,-99.12799427,2024-11
10735362,09015722511024072000000000U3,LA MEXICANITA,NA,722511,Restaurantes con servicio de preparación de alimentos a la carta o de comida corrida,6 a 10 personas,CALLE,SOLEDAD,CALLE,CALLEJON LECHERAS,EJE VIAL,1 ORIENTE (ANILLO DE CIRCUNVALACION),CALLE,CORREGIDORA,65,NA,PLAZA SOLEDAD,PLANTA BAJA,9,NA,COLONIA,CENTRO,CENTRO Y PLAZA COMERCIAL,PLAZA SOLEDAD,9,06060,09,Ciudad de México,015,Cuauhtémoc,0001,Cuauhtémoc,0786,004,5530478899,RUTHYHERBAL@GMAIL.COM,NA,Fijo,19.43196209,-99.12506851,2024-11
855775,09015722514003051010000000U6,LA MICHOACANA,NA,722511,Restaurantes con servicio de preparación de alimentos a la carta o de comida corrida,0 a 5 personas,AVENIDA,AV MANUEL GONZALEZ,PEATONAL,NINGUNO,PEATONAL,NINGUNO,AVENIDA,AV LAZARO CARDENAS,0,SN,NA,NA,NA,NA,CONJUNTO HABITACIONAL,TLATELOLCO,NA,NA,NA,06900,09,Ciudad de México,015,Cuauhtémoc,0001,Cuauhtémoc,0432,005,5526708755,NA,NA,Fijo,19.45218655,-99.13582743,2010-07
985881,09015722219020511000000000U4,LA MINITA DE ORO,NA,722511,Restaurantes con servicio de preparación de alimentos a la carta o de comida corrida,0 a 5 personas,CALLE,MINA,CALLE,ZARCO,AVENIDA,PASEO DE LA REFORMA,CALLE,SAN ESMERALDA,92,A,NA,NA,0,NA,COLONIA,GUERRERO,NA,NA,NA,06300,09,Ciudad de México,015,Cuauhtémoc,0001,Cuauhtémoc,0625,001,NA,NA,NA,Fijo,19.43931791,-99.14498282,2010-07
951369,09015722412001202000000000U4,LA MODERNA SEVILLANA,LA MODERNA SEVILLANA SA DE CV,722412,"Bares, cantinas y similares",6 a 10 personas,CALLE,DOCTOR BARRAGAN,CALLE,DOCTOR ILDELFONSO VELASCO,CALLE,DOCTOR IGNACIO ERAZO,CALLE,DOCTOR AGUSTIN ANDRADE,8,NA,NA,NA,NA,NA,COLONIA,DOCTORES,NA,NA,NA,06720,09,Ciudad de México,015,Cuauhtémoc,0001,Cuauhtémoc,113A,022,5535954003,NA,NA,Fijo,19.41866417,-99.14454429,2010-07
1028085,09015722511004092000000000U5,LA MORENA RESTAURANT,NA,722511,Restaurantes con servicio de preparación de alimentos a la carta o de comida corrida,6 a 10 personas,CALLE,ESTRASBURGO,CALLE,GENOVA,CALLE,BELGRADO,AVENIDA,PASEO DE LA REFORMA,5,NA,NA,NA,NA,NA,COLONIA,JUAREZ,NA,NA,NA,06600,09,Ciudad de México,015,Cuauhtémoc,0001,Cuauhtémoc,0945,018,5552075365,ALEJANDROHERRERIAS@YAHOO.COM.MX,NA,Fijo,19.42688484,-99.16486276,2014-12
7732359,09015722511010812000000000U8,LA MORENITA,NA,722511,Restaurantes con servicio de preparación de alimentos a la carta o de comida corrida,0 a 5 personas,CALLE,CORDOBA,CALLE,COAHUILA,CALLE,CHIAPAS,CALLE,ORIZABA,213,NA,NA,NA,0,A,COLONIA,ROMA NORTE,NA,NA,NA,06700,09,Ciudad de México,015,Cuauhtémoc,0001,Cuauhtémoc,1110,022,NA,DAVIDSEVENT86@GMAIL.COM,NA,Fijo,19.41327943,-99.15730792,2019-11
9916921,09015722511017841000000000U0,LA NONA LEONOR,PASTA FRESCAS Y ARTESANAL SA DE CV,722511,Restaurantes con servicio de preparación de alimentos a la carta o de comida corrida,0 a 5 personas,CALLE,GENERAL BENJAMIN HILL,CIRCUITO,INTERIOR (DIAGONAL PATRIOTISMO),CALLE,SALVADOR ALVARADO,CALLE,SALVADOR ALVARADO,0,SN,NA,NA,NA,NA,COLONIA,CUAUHTEMOC,NA,NA,NA,06170,09,Ciudad de México,015,Cuauhtémoc,0001,Cuauhtémoc,1411,001,NA,VENTA@LANONNALEONAR.COM,NA,Fijo,19.40778813,-99.1783527,2024-11
897754,09015722412002443000000000U3,LA NUEVA CASA DEL ABOGADO,NA,722412,"Bares, cantinas y similares",11 a 30 personas,CALLE,DOCTOR J NAVARRO,AVENIDA,NIÑOS HEROES,CALLE,DOCTOR RAFAEL LUCIO,CALLE,DOCTOR ILDELFONSO VELASCO,150,NA,NA,NA,NA,NA,COLONIA,DOCTORES,NA,NA,NA,06720,09,Ciudad de México,015,Cuauhtémoc,0001,Cuauhtémoc,1549,044,5546046699,CPCHAVEZ.63@YAHOO.COM.MX,NA,Fijo,19.42077857,-99.15067268,2014-12
1021859,09015722110005283000000000U0,LA NUEVA CUBA,LA CUBA Y EL MOJITO SA DE CV,722511,Restaurantes con servicio de preparación de alimentos a la carta o de comida corrida,11 a 30 personas,EJE VIAL,2 PONIENTE RIO TIBER,CALLE,RIO PANUCO,CALLE,RIO LERMA,CALLE,RIO EBRO,91,NA,NA,NA,NA,NA,COLONIA,CUAUHTEMOC,NA,NA,NA,06500,09,Ciudad de México,015,Cuauhtémoc,0001,Cuauhtémoc,0822,016,NA,JOSELUISMATIASALVAREZ12@GMAIL.COM,NA,Fijo,19.42945942,-99.16906308,2010-07
10778683,09015722511018941000000000U7,LA NUEVA OFICINA,NA,722511,Restaurantes con servicio de preparación de alimentos a la carta o de comida corrida,0 a 5 personas,CALLE,REPUBLICA DE URUGUAY,CALLE,ISABEL LA CATOLICA,CALLE,BOLIVAR,CALLE,VENUSTIANO CARRANZA,42,NA,NA,NA,0,NA,COLONIA,CENTRO,NA,NA,NA,06000,09,Ciudad de México,015,Cuauhtémoc,0001,Cuauhtémoc,0818,002,NA,SAMUEL.R.IAS@HOTMAIL.COM,NA,Fijo,19.43072528,-99.13798915,2024-11
7756105,09015722412004771000000000U5,LA OFICINA,NA,722412,"Bares, cantinas y similares",0 a 5 personas,CALLE,BOLIVAR,CALLE,NEZAHUALCOYOTL,PRIVADA,SAN SALVADOR EL SECO,AVENIDA,FRAY SERVANDO TERESA DE MIER,130,A,NA,NA,0,NA,COLONIA,OBRERA,NA,NA,NA,06080,09,Ciudad de México,015,Cuauhtémoc,0001,Cuauhtémoc,0964,004,NA,NA,NA,Fijo,19.42493039,-99.13955451,2019-11
11287170,09015722511021931000000000U3,LA ORIGINL BARRA 10,LA ORIGINAL BARRA 10 SA DE CV,722511,Restaurantes con servicio de preparación de alimentos a la carta o de comida corrida,0 a 5 personas,CALLE,OSLO,CALLE,COPENHAGUE,CALLE,NIZA,CALLE,HAMBURGO,4,NA,NA,NA,1,NA,COLONIA,JUAREZ,NA,NA,NA,06600,09,Ciudad de México,015,Cuauhtémoc,0001,Cuauhtémoc,0803,012,NA,LAORIGINALBARRA10@GMAIL.COM,NA,Fijo,19.42768299,-99.1635794,2024-11
1000625,09015722219006761000000000U3,LA PALMA CHICA,NA,722511,Restaurantes con servicio de preparación de alimentos a la carta o de comida corrida,0 a 5 personas,EJE VIAL,1 ORIENTE ANILLO DE CIRCUNVALACION,CALLE,RAMON CORONA,CALLE,MISIONEROS,CALLE,SANTO TOMAS,611,NA,NA,NA,0,B,COLONIA,CENTRO,NA,NA,NA,06090,09,Ciudad de México,015,Cuauhtémoc,0001,Cuauhtémoc,0911,013,NA,NA,NA,Fijo,19.42726515,-99.12547357,2010-07
8327713,09015722511013574000000000U1,LA PARNITA,DIENTE CALADO SA DE CV,722511,Restaurantes con servicio de preparación de alimentos a la carta o de comida corrida,31 a 50 personas,EJE VIAL,2 SUR AVENIDA YUCATAN,EJE VIAL,2 SUR (AVENIDA QUERETARO),EJE VIAL,2A SUR (SAN LUIS POTOSI),CALLE,TONALA,84,NA,NA,NA,3,D,COLONIA,ROMA NORTE,NA,NA,NA,06700,09,Ciudad de México,015,Cuauhtémoc,0001,Cuauhtémoc,1214,006,NA,GABRIELA@ELPARNITA.COM,NA,Fijo,19.41410804,-99.16291356,2019-11
954359,09015722110002453001000000U2,LA PARRILLA AMERICANA,TEFC-MX SA DE CV,722511,Restaurantes con servicio de preparación de alimentos a la carta o de comida corrida,6 a 10 personas,CALLE,JUAN HERNANDEZ Y DAVALOS,CALLE,ENRIQUE GRANADOS,CALLE,MANUEL NAVARRETE,EJE VIAL,3 SUR (JOSE PEON CONTRERAS),24,NA,NA,NA,NA,NA,COLONIA,ALGARIN,NA,NA,NA,06880,09,Ciudad de México,015,Cuauhtémoc,0001,Cuauhtémoc,1498,021,5548324647,LAPARRILLADEAMERICA@GMAIL.COM,LAPARRILLADEAMERICA.COM,Fijo,19.4068542,-99.1435242,2010-07
10680789,09015722511018903000000000U7,LA PARRILLA DEL PIBE,NA,722511,Restaurantes con servicio de preparación de alimentos a la carta o de comida corrida,11 a 30 personas,AVENIDA,RIBERA DE SAN COSME,CALLE,CEDRO,CALLE,NOGAL,CALLE,AMADO NERVO,147,NA,NA,NA,NA,NA,COLONIA,SANTA MARIA LA RIBERA,NA,NA,NA,06400,09,Ciudad de México,015,Cuauhtémoc,0001,Cuauhtémoc,0593,006,NA,NA,NA,Fijo,19.44319275,-99.16477009,2024-11
864575,09015722219025172001000000U0,LA PARRILLITA ROMA,OCTO INOVACION SA DE CV,722511,Restaurantes con servicio de preparación de alimentos a la carta o de comida corrida,11 a 30 personas,CALLE,MANZANILLO,CALLE,AGUASCALIENTES,CALLE,TLAXCALA,CALLE,TAXCO,81,NA,NA,NA,0,NA,COLONIA,ROMA SUR,NA,NA,NA,06760,09,Ciudad de México,015,Cuauhtémoc,0001,Cuauhtémoc,1356,007,NA,NA,NA,Fijo,19.40812204,-99.16546793,2010-07
6881961,09015722511009824001024667S6,LA PARROQUIA DE VERACRUZ BRASIL,GRUPO BOSPATEX SAPI DE CV,722511,Restaurantes con servicio de preparación de alimentos a la carta o de comida corrida,51 a 100 personas,CALLE,REPÚBLICA DE BRASIL,CALLE,REPÚBLICA DE GUATEMALA,CALLE,DONCELES,CALLE,REPÚBLICA DE ARGENTINA,5,NA,NA,NA,NA,NA,COLONIA,CENTRO AREA 1,NA,NA,NA,06000,09,Ciudad de México,015,Cuauhtémoc,0001,Cuauhtémoc,0752,003,NA,INERI@BPTGROUP.MX,NA,Fijo,19.4355667,-99.13377244,2019-04
1040294,09015466212004131010000000U6,LA PASTA LOCA,NA,722511,Restaurantes con servicio de preparación de alimentos a la carta o de comida corrida,0 a 5 personas,CALLE,LOPEZ,CALLE,PUENTE PEREDO,CALLE,VIZCAINAS,EJE VIAL,CENTRAL (LAZARO CARDENAS),100,NA,NA,NA,0,NA,COLONIA,CENTRO,NA,NA,NA,06010,09,Ciudad de México,015,Cuauhtémoc,0001,Cuauhtémoc,0875,025,NA,NA,NA,Fijo,19.42925567,-99.14253483,2010-07
872109,09015722511003991000000000U9,LA PATRONA,NA,722511,Restaurantes con servicio de preparación de alimentos a la carta o de comida corrida,0 a 5 personas,CALLE,CEDRO,EJE VIAL,1 NORTE (JOSE ANTONIO ALZATE),CALLEJON,CALLEJON DEL CEDRO,CALLE,FRESNO,180,C,NA,NA,NA,NA,COLONIA,SANTA MARIA LA RIBERA,NA,NA,NA,06400,09,Ciudad de México,015,Cuauhtémoc,0001,Cuauhtémoc,0555,004,NA,NA,NA,Fijo,19.44753809,-99.16250044,2010-07
10692912,09015722511018323000000000U8,LA PERLA NEGRA,VINCULA EVENTOS SA DE CV,722511,Restaurantes con servicio de preparación de alimentos a la carta o de comida corrida,11 a 30 personas,AVENIDA,TAMAULIPAS,AVENIDA,CAMPECHE,CALLE,MEXICALI,CALLE,ENSENADA,134,B,NA,NA,NA,NA,COLONIA,CUAUTEMOC,NA,NA,NA,06170,09,Ciudad de México,015,Cuauhtémoc,0001,Cuauhtémoc,1337,013,NA,ADMON.PROVEEDORES.PN.CONDESA@GMAIL.COM,NA,Fijo,19.4095489,-99.17551769,2024-11
1027933,09015722511001362001000000U5,LA PIPORRA,NA,722511,Restaurantes con servicio de preparación de alimentos a la carta o de comida corrida,0 a 5 personas,CALLE,SINALOA,CALLE,MEDELLIN,CALLE,VALLADOLID,CALLE,MEDELLIN,76,NA,NA,NA,0,NA,COLONIA,ROMA NORTE,NA,NA,NA,06700,09,Ciudad de México,015,Cuauhtémoc,0001,Cuauhtémoc,0998,004,5619001864,LAPIPORRA@HOTMAIL.COM,NA,Fijo,19.42062108,-99.1673256,2014-12
11635241,09015722511017801000000000U4,LA PIRINOLA RESTAURANTE,NA,722511,Restaurantes con servicio de preparación de alimentos a la carta o de comida corrida,0 a 5 personas,CALLE,MAESTRO ANTONIO CASO,CALLE,MANUEL MARIA CONTRERAS,CALLE,JOAQUIN VELAZQUEZ DE LEON,CALLE,FRANCISCO DIAZ COVARRUBIAS,175,NA,NA,NA,NA,NA,COLONIA,SAN RAFAEL,NA,NA,NA,06470,09,Ciudad de México,015,Cuauhtémoc,0001,Cuauhtémoc,0678,017,5528601993,DANI.CARTE.DB@GMAIL.COM,NA,Fijo,19.43560286,-99.16662007,2024-11
8327504,09015722511013432000000000U2,LA PITAHAYA VEGANA,NA,722511,Restaurantes con servicio de preparación de alimentos a la carta o de comida corrida,11 a 30 personas,EJE VIAL,2 SUR AVENIDA QUERETARO,CALLE,CORDOBA,CALLE,ORIZABA,EJE VIAL,2A SUR (SAN LUIS POTOSI),160,NA,NA,NA,NA,NA,COLONIA,ROMA NORTE,NA,NA,NA,06700,09,Ciudad de México,015,Cuauhtémoc,0001,Cuauhtémoc,1110,005,NA,HOLA@PITAHAYAVEGANA.MX,NA,Fijo,19.41502557,-99.15877984,2019-11
11534467,09015722511022831000000000U4,LA PLANTISQUERIA,PLANTISQUERIA SA DE CV,722511,Restaurantes con servicio de preparación de alimentos a la carta o de comida corrida,0 a 5 personas,CALLE,CHIHUAHUA,CALLE,TONALA,EJE VIAL,2 PONIENTE (MONTERREY),AVENIDA,ALVARO OBREGON,207,NA,CHIHUAHUA 207,PLANTA BAJA,NA,L,COLONIA,ROMA NORTE,EDIFICIO COMERCIAL Y DE SERVICIOS,CHIHUAHUA 207,L,06700,09,Ciudad de México,015,Cuauhtémoc,0001,Cuauhtémoc,1106,008,NA,NA,NA,Fijo,19.41674,-99.1636132,2024-11
11561272,09015722511024101000000000U0,LA POBLANA ANITA,NA,722511,Restaurantes con servicio de preparación de alimentos a la carta o de comida corrida,0 a 5 personas,CALLE,CALLEJON LECHERAS,EJE VIAL,1 ORIENTE (ANILLO DE CIRCUNVALACION),CALLE,ALHONDIGA,CALLE,CORREGIDORA,21,NA,NA,NA,NA,NA,COLONIA,CENTRO,NA,NA,NA,06060,09,Ciudad de México,015,Cuauhtémoc,0001,Cuauhtémoc,0786,004,NA,NA,NA,Fijo,19.43149342,-99.125642,2024-11
980870,09015722219014601000000000U1,LA POBLANITA,NA,722511,Restaurantes con servicio de preparación de alimentos a la carta o de comida corrida,0 a 5 personas,PEATONAL,PLAZA GARIBALDI,EJE VIAL,CENTRAL (LAZARO CARDENAS),CALLE,SAN CAMILITO,CALLE,REPUBLICA DE ECUADOR,4,NA,MERCADO DE SAN CAMILITO,PLANTA BAJA,13,NA,COLONIA,CENTRO,MERCADO PUBLICO,MERCADO DE SAN CAMILITO,13,06010,09,Ciudad de México,015,Cuauhtémoc,0001,Cuauhtémoc,0536,014,5561695429,NA,NA,Fijo,19.44093651,-99.13913156,2010-07
8485080,09015722511014251000000000U5,LA POBLANITA,NA,722511,Restaurantes con servicio de preparación de alimentos a la carta o de comida corrida,6 a 10 personas,CALLE,LUDWING VAN BEETHOVEN,CALZADA,CALZADA DE GUADALUPE,CALZADA,CALZADA DE LOS MISTERIOS,CIRCUITO,INTERIOR (AVENIDA RIO CONSULADO),134,NA,VAN BEETHOVEN,PLANTA BAJA,NA,O,COLONIA,PERALVILLO,PASAJE Y ANDADOR COMERCIAL,VAN BEETHOVEN,O,06220,09,Ciudad de México,015,Cuauhtémoc,0001,Cuauhtémoc,0127,016,NA,NA,NA,Fijo,19.45920535,-99.12760699,2019-11
6877003,09015722511016376000026691S8,LA POPULAR,CAFE O SA DE CV,722511,Restaurantes con servicio de preparación de alimentos a la carta o de comida corrida,11 a 30 personas,CALLE,5 DE MAYO,CALLE,PRIMERA CERRADA 5 DE MAYO,CALLE,PALMA,OTRO(ESPECIFIQUE),NINGUNO,90,NA,NA,NA,NA,NA,COLONIA,BOSQUES DE LAS LOMAS,NA,NA,NA,05120,09,Ciudad de México,015,Cuauhtémoc,0001,Cuauhtémoc,0771,018,NA,SSANCHEZ@GSGRUPO.COM.MX,NA,Fijo,19.43419823,-99.13544335,2019-04
8625882,09015722412004732000000000U7,LA PRINCIPAL,NA,722412,"Bares, cantinas y similares",0 a 5 personas,CALLE,ORIZABA,EJE VIAL,2 SUR (AVENIDA QUERETARO),EJE VIAL,2-A SUR (SAN LUIS POTOSI),CALLE,JALAPA,161,NA,NA,NA,NA,NA,COLONIA,ROMA NORTE,NA,NA,NA,06700,09,Ciudad de México,015,Cuauhtémoc,0001,Cuauhtémoc,1214,008,NA,NACIONAL@LABOTICA.COM.MX,NA,Fijo,19.41494192,-99.15899348,2019-11
10741019,09015722511022632000000000U6,LA PROSPERIDAD,NA,722511,Restaurantes con servicio de preparación de alimentos a la carta o de comida corrida,6 a 10 personas,CALLE,DURANGO,CALLE,VALLADOLID,AVENIDA,PLAZA VILLA MADRID,CALLE,VALLADOLID,215,NA,NA,NA,NA,NA,COLONIA,ROMA NORTE,NA,NA,NA,06700,09,Ciudad de México,015,Cuauhtémoc,0001,Cuauhtémoc,0998,004,5555015674,LAPROSPERIDADLONCHERIA@GMAIL.COM,NA,Fijo,19.41973035,-99.16785892,2024-11
1001621,09015722412002183001000000U5,LA PURI,NA,722412,"Bares, cantinas y similares",11 a 30 personas,CALLE,CALLEJON DEL 57,CALLE,REPUBLICA DE CUBA,CALLE,DONCELES,CALLE,ALLENDE,15,NA,NA,NA,0,ABD,CIUDAD,CIUDAD DE MEXICO,NA,NA,NA,06010,09,Ciudad de México,015,Cuauhtémoc,0001,Cuauhtémoc,0752,014,NA,ELIASPURISIMA@GMAIL.COM,NA,Fijo,19.4373629,-99.13901225,2010-07
897643,09015722110003563001000000U7,LA RAMBLA,NA,722511,Restaurantes con servicio de preparación de alimentos a la carta o de comida corrida,11 a 30 personas,EJE VIAL,1 PONIENTE AVENIDA CUAUHTEMOC,AVENIDA,DOCTOR RIO DE LA LOZA,CALLE,DOCTOR LAVISTA,CALLE,DOCTOR MANUEL CARMONA Y VALLE,10,NA,DOCE,PLANTA BAJA,12,NA,COLONIA,DOCTORES,NA,NA,NA,06720,09,Ciudad de México,015,Cuauhtémoc,0001,Cuauhtémoc,1534,013,NA,LARAMBLACANTINAGOURMET@GMAIL.COM,WWW.LARAMBLA.COM,Fijo,19.42544953,-99.15357778,2010-07
10948728,09015722511017821000000000U2,LA RAMBLA,GUSTAVO JUSTED AIVINO SC,722511,Restaurantes con servicio de preparación de alimentos a la carta o de comida corrida,0 a 5 personas,EJE VIAL,3 SUR AVENIDA BAJA CALIFORNIA,CALLE,OMETUSCO,CALLE,ALTATA,CALLE,GENERAL BENJAMIN HILL,321,NA,NA,NA,1,C,COLONIA,ROMA SUR,NA,NA,NA,06760,09,Ciudad de México,015,Cuauhtémoc,0001,Cuauhtémoc,1426,010,5555151374,NA,NA,Fijo,19.40581945,-99.17347716,2024-11
1031209,09015722412001412001000000U9,LA REINA DE SAN PABLO,NA,722412,"Bares, cantinas y similares",0 a 5 personas,AVENIDA,SAN PABLO,CALLE,TOPACIO,CALLE,JESUS MARIA,AVENIDA,FRAY SERVANDO TERESA DE MIER,148,NA,NA,NA,NA,NA,COLONIA,CENTRO,NA,NA,NA,06010,09,Ciudad de México,015,Cuauhtémoc,0001,Cuauhtémoc,0979,002,NA,LAREINACENTRO.2018@GMAIL.COM,NA,Fijo,19.42592472,-99.12883772,2010-07
11759496,09015722412006591000000000S5,LA RESERVA DE LA CASA,NA,722412,"Bares, cantinas y similares",0 a 5 personas,CALLE,Independencia,CALLE,Luis Moya,CALLE,Marroquí,CALLE,Artículo 123,40,NA,NA,NA,107,NA,COLONIA,CENTRO,NA,NA,NA,NA,09,Ciudad de México,015,Cuauhtémoc,0001,Cuauhtémoc,0748,001,5555682240,NA,NA,Fijo,19.43322537,-99.14431773,2025-04
7732735,09015722511011121000000000U3,LA REZONGONA,NA,722511,Restaurantes con servicio de preparación de alimentos a la carta o de comida corrida,0 a 5 personas,CALLE,HAMBURGO,CALLE,AMBERES,CALLE,GENOVA,CALLE,LONDRES,108,205,HAMBURGO 108,PLANTA BAJA,1,NA,COLONIA,JUAREZ,EDIFICIO COMERCIAL Y DE SERVICIOS,HAMBURGO 108,1,06600,09,Ciudad de México,015,Cuauhtémoc,0001,Cuauhtémoc,095A,008,NA,NA,NA,Fijo,19.42628137,-99.16438067,2019-11
9551620,09015722412005801000000000U9,LA ROSTICERIA POLLOS Y CHELAS,NA,722412,"Bares, cantinas y similares",0 a 5 personas,EJE VIAL,3 SUR JOSE PEON CONTRERAS,CALLE,ANTONIO PLAZA,CALLE,ISABEL LA CATOLICA,CALLE,JUAN HERNANDEZ Y DAVALOS,95,NA,NA,NA,NA,NA,COLONIA,ALGARIN,NA,NA,NA,06880,09,Ciudad de México,015,Cuauhtémoc,0001,Cuauhtémoc,1498,009,NA,NA,NA,Fijo,19.40734893,-99.13992471,2024-11
933096,09014722511001644101000000U9,LA RURAL RESTAURANTE ARGENTINO,TACUAREMBO SA DE CV,722511,Restaurantes con servicio de preparación de alimentos a la carta o de comida corrida,51 a 100 personas,AVENIDA,INSURGENTES SUR,CALLE,HUATUSCO,VIADUCTO,PRESIDENTE MIGUEL ALEMÁN,VIADUCTO,PRESIDENTE MIGUEL ALEMÁN,803,NA,NA,NA,NA,NA,COLONIA,AMPLIACION NAPOLES,NA,NA,NA,03810,09,Ciudad de México,015,Cuauhtémoc,0001,Cuauhtémoc,1002,016,NA,NOTIFICACIONESCPM@HOTMAIL.COM,WWW.LARURALRESTAURANTES.COM,Fijo,19.42006409,-99.1639132,2014-12
896192,09015722511004052000000000U9,LA SARTEN,NA,722511,Restaurantes con servicio de preparación de alimentos a la carta o de comida corrida,6 a 10 personas,CALLE,ZAMORA,CALLE,FERNANDO MONTES DE OCA,CALLE,VICENTE SUAREZ,CALLE,TULA,150,NA,NA,NA,0,NA,COLONIA,CONDESA,NA,NA,NA,06170,09,Ciudad de México,015,Cuauhtémoc,0001,Cuauhtémoc,1303,009,NA,NA,NA,Fijo,19.41380924,-99.17941287,2014-12
10130270,09015722511019081000000000U1,LA SAZON DE ALLENDE,NA,722511,Restaurantes con servicio de preparación de alimentos a la carta o de comida corrida,0 a 5 personas,CALLE,ALLENDE,CALLE,REPUBLICA DE ECUADOR,CALLE,ORGANO,EJE VIAL,CENTRAL (LAZARO CARDENAS),94,NA,NA,NA,NA,NA,COLONIA,GUERRERO,NA,NA,NA,06300,09,Ciudad de México,015,Cuauhtémoc,0001,Cuauhtémoc,0536,003,NA,NA,NA,Fijo,19.44298108,-99.13708698,2024-11
6318216,09015722110006264000000000U9,LA SOLDADERA,GASTRONOMICA DE LA REVOLUCION MEXICANA SA,722511,Restaurantes con servicio de preparación de alimentos a la carta o de comida corrida,31 a 50 personas,CALLE,CALLE DE LA REPÚBLICA,CALLE,ALCÁZAR,CALLE,AVENIDA DE LA REPÚBLICA,CALLE,RAMOS ARISPE,157,NA,EDIFICIO SIN NOMBRE,PLANTA BAJA,NA,NA,COLONIA,TABACALERA,NA,NA,NA,06030,09,Ciudad de México,015,Cuauhtémoc,0001,Cuauhtémoc,0714,006,NA,RBECERRIL1969@HOTMAIL.COM,NA,Fijo,19.43599423,-99.1527048,2010-07
10176726,09015722511017941000000000U8,LA SOLUCION,NA,722511,Restaurantes con servicio de preparación de alimentos a la carta o de comida corrida,0 a 5 personas,CALLE,RIO NAZAS,CALLE,RIO SENA,AVENIDA,RIO RHIN,CALLE,RIO PANUCO,26,B,NA,NA,NA,NA,COLONIA,CUAUHTEMOC,NA,NA,NA,06500,09,Ciudad de México,015,Cuauhtémoc,0001,Cuauhtémoc,0790,003,NA,NA,NA,Fijo,19.43258494,-99.16626335,2024-11
1020908,09015722110004113001000000U0,LA SOPA ALEGRE,NA,722511,Restaurantes con servicio de preparación de alimentos a la carta o de comida corrida,6 a 10 personas,CALLE,RIO DE LA PLATA,CIRCUITO,INTERIOR (CALZADA MELCHOR OCAMPO),CALLE,RIO PANUCO,CALLE,RIO DUERO,213,NA,NA,NA,0,NA,COLONIA,CUAHUTEMOC,NA,NA,NA,06500,09,Ciudad de México,015,Cuauhtémoc,0001,Cuauhtémoc,0926,012,5555253022,LASOPAALEGRE@HOTMAIL.COM,NA,Fijo,19.42749972,-99.17440055,2010-07
9983618,09015722511022252000000000U3,LA SORIANITA,NA,722511,Restaurantes con servicio de preparación de alimentos a la carta o de comida corrida,6 a 10 personas,CALLEJON,PRIMER DE MESONES,CALLE,MESONES,CALLE,REGINA,CALLE,ISABEL LA CATOLICA,5,A,NA,NA,NA,NA,COLONIA,CUAHUTEMOC,NA,NA,NA,06080,09,Ciudad de México,015,Cuauhtémoc,0001,Cuauhtémoc,0894,005,NA,LASORIANITA2014@GMAIL.COM,NA,Fijo,19.42798158,-99.13600365,2024-11
877315,09015722511007941000000000U0,LA SUPER COCINA,NA,722511,Restaurantes con servicio de preparación de alimentos a la carta o de comida corrida,0 a 5 personas,CALLE,DOCTOR MARIANO AZUELA,EJE VIAL,1 NORTE (JOSE ANTONIO ALZATE),CALLE,SALVADOR DIAZ MIRON,CALLE,DOCTOR ENRIQUE GONZALEZ MARTINEZ,160,NA,NA,NA,1,NA,COLONIA,SANTA MARIA LA RIBERA,NA,NA,NA,06400,09,Ciudad de México,015,Cuauhtémoc,0001,Cuauhtémoc,0485,003,NA,NA,NA,Fijo,19.44798015,-99.15424136,2010-07
7743798,09015722412004361000000000U5,LA SUPERIOR,NA,722412,"Bares, cantinas y similares",0 a 5 personas,EJE VIAL,1 PONIENTE GUERRERO,CALLE,CAMELIA,CALLE,DEGOLLADO,CALLE,ZARAGOZA,176,A,NA,NA,0,NA,COLONIA,BUENAVISTA,NA,NA,NA,06350,09,Ciudad de México,015,Cuauhtémoc,0001,Cuauhtémoc,0502,003,NA,NA,NA,Fijo,19.44640081,-99.14734367,2019-11
896541,09015722511002933000000000M2,LA TABERNA DEL CHANCLAS,RHOF1 SA DE CV,722511,Restaurantes con servicio de preparación de alimentos a la carta o de comida corrida,11 a 30 personas,CALLE,CULIACAN,CALLE,AGUASCALIENTES,CALLE,TLAXCALA,CALLE,CULIACAN,33,NA,NA,NA,0,D,COLONIA,HIPODROMO,NA,NA,NA,06100,09,Ciudad de México,015,Cuauhtémoc,0001,Cuauhtémoc,1341,005,5552643997,LATABERNADELCHANCLAS@GMAIL.COM,NA,Fijo,19.40727717,-99.17114917,2014-12
9768137,09015722511019622000000000U2,LA TABERNA PARRILLA URBANA,NA,722511,Restaurantes con servicio de preparación de alimentos a la carta o de comida corrida,6 a 10 personas,CALLE,DOCTOR ATL,CALLE,SOR JUANA INES DE LA CRUZ,EJE VIAL,1 NORTE (JOSE ANTONIO ALZATE),CALLE,SANTA MARIA LA RIBERA,140,NA,NA,NA,NA,NA,COLONIA,SANTA MARIA LA RIBERA,NA,NA,NA,06400,09,Ciudad de México,015,Cuauhtémoc,0001,Cuauhtémoc,0485,020,NA,LATABERNA.CAPTURACION1@GMAIL.COM,NA,Fijo,19.44673226,-99.15672155,2024-11
867128,09015722219028862001000000U3,LA TAPERIA DE COMONFORT,NA,722511,Restaurantes con servicio de preparación de alimentos a la carta o de comida corrida,6 a 10 personas,AVENIDA,TAMAULIPAS,AVENIDA,CAMPECHE,CALLE,MEXICALI,CALLE,ENSENADA,134,A,NA,NA,0,NA,COLONIA,CUAUTEMOC,NA,NA,NA,06170,09,Ciudad de México,015,Cuauhtémoc,0001,Cuauhtémoc,1337,013,NA,LATAPERIADECOMONFORF@HOTMAIL.COM,NA,Fijo,19.40958712,-99.17548195,2010-07
6751484,09015722514008821011000000U7,LA TASQUITA DE JAMON,NA,722511,Restaurantes con servicio de preparación de alimentos a la carta o de comida corrida,11 a 30 personas,CALLE,PACHUCA,EJE VIAL,2 SUR (JUAN ESCUTIA),CALLE,FERNANDO MONTES DE OCA,CALLE,ZAMORA,103,NA,NA,NA,NA,NA,COLONIA,CONDESA,NA,NA,NA,06140,09,Ciudad de México,015,Cuauhtémoc,0001,Cuauhtémoc,1178,007,NA,NA,NA,Fijo,19.41495091,-99.17791038,2016-10
1029485,09015722110005523000000000U9,LA TECLA RESTAURANTE,GUTIGATO SA DE CV,722511,Restaurantes con servicio de preparación de alimentos a la carta o de comida corrida,6 a 10 personas,CALLE,DURANGO,AVENIDA,PLAZA VILLA MADRID,EJE VIAL,2 PONIENTE (MONTERREY),CALLE,EL ORO,186,NA,NA,NA,NA,A Y A,COLONIA,ROMA NORTE,NA,NA,NA,06700,09,Ciudad de México,015,Cuauhtémoc,0001,Cuauhtémoc,1093,015,NA,LATECLAROMA@HOTMAIL.COM,WWW.LATECLA.MX,Fijo,19.41987156,-99.16553578,2010-07
10737375,09015722511023501000000000U2,LA TERCERA CAIDA,LA TERCERA CAIDA SA DE CV,722511,Restaurantes con servicio de preparación de alimentos a la carta o de comida corrida,0 a 5 personas,CALLE,DOCTOR MANUEL CARMONA Y VALLE,CALLE,CLAUDIO BERNARD,CALLE,DOCTOR LAVISTA,CALLE,DOCTOR RAFAEL LUCIO,42,NA,NA,NA,NA,NA,COLONIA,DOCTORES,NA,NA,NA,06720,09,Ciudad de México,015,Cuauhtémoc,0001,Cuauhtémoc,1534,005,NA,NA,NA,Fijo,19.42404946,-99.15283006,2024-11
10457370,09015722412006263000000000U1,LA TERRAZA AMBERES,NA,722412,"Bares, cantinas y similares",11 a 30 personas,CALLE,AMBERES,CALLE,LIVERPOOL,CALLE,LONDRES,EJE VIAL,2 PONIENTE (FLORENCIA),63,NA,NA,NA,NA,NA,COLONIA,JUAREZ,NA,NA,NA,06600,09,Ciudad de México,015,Cuauhtémoc,0001,Cuauhtémoc,095A,006,NA,NA,NA,Fijo,19.42449279,-99.16478664,2024-11
956192,09015722219002321001000000U0,LA TIA DEL FIGUE,NA,722511,Restaurantes con servicio de preparación de alimentos a la carta o de comida corrida,6 a 10 personas,EJE VIAL,2 A SUR DOCTOR BALMIS,CALLE,DOCTOR RAFAEL LUCIO,CALLE,DOCTOR MANUEL VILLADA,CALLE,DOCTOR MANUEL VILLADA,251,E,NA,NA,0,NA,COLONIA,DOCTORES,NA,NA,NA,06720,09,Ciudad de México,015,Cuauhtémoc,0001,Cuauhtémoc,1125,021,NA,SANDRAMARTINEZGONZALEZ85@GMAIL.COM,NA,Fijo,19.41486135,-99.15315575,2010-07
11369601,09015722511020793000000000U8,LA TITIRITERA,MARMORATA SA DE CV,722511,Restaurantes con servicio de preparación de alimentos a la carta o de comida corrida,11 a 30 personas,CALLE,VALLADOLID,CALLE,DURANGO,CALLE,SINALOA,CALLE,SINALOA,56,NA,NA,NA,NA,NA,COLONIA,ROMA NORTE,NA,NA,NA,06700,09,Ciudad de México,015,Cuauhtémoc,0001,Cuauhtémoc,0998,004,5525015402,NA,NA,Fijo,19.4198711,-99.16817683,2024-11
1011462,09015722219032252001000000U1,LA TORTUGUESA,NA,722511,Restaurantes con servicio de preparación de alimentos a la carta o de comida corrida,0 a 5 personas,CALLE,JOSE ROSAS MORENO,CALLE,JOAQUIN GARCIA ICAZBALCETA,AVENIDA,RIBERA DE SAN COSME,CALLE,IGNACIO MANUEL ALTAMIRANO,25,E,NA,NA,0,NA,COLONIA,SAN RAFAEL,NA,NA,NA,06470,09,Ciudad de México,015,Cuauhtémoc,0001,Cuauhtémoc,0682,014,5555357988,SERGOMER19@HOTMAIL.COM,NA,Fijo,19.4409185,-99.16085041,2010-07
10222482,09015722511023921000000000U2,LA TOTOABA,NA,722511,Restaurantes con servicio de preparación de alimentos a la carta o de comida corrida,0 a 5 personas,CALLE,PARRAS,AVENIDA,AMSTERDAM,AVENIDA,NUEVO LEON,AVENIDA,SONORA,15,NA,NA,NA,NA,NA,COLONIA,HIPODROMO,NA,NA,NA,06100,09,Ciudad de México,015,Cuauhtémoc,0001,Cuauhtémoc,1197,008,NA,NA,NA,Fijo,19.41448259,-99.17029087,2024-11
11168135,09015722511020263000000000U2,LA TRADICIONAL DE HIDALGO,NA,722511,Restaurantes con servicio de preparación de alimentos a la carta o de comida corrida,11 a 30 personas,EJE VIAL,2 A SUR DOCTOR BALMIS,AVENIDA,DOCTOR JOSE MARIA VERTIZ,CALLE,DOCTOR AGUSTIN ANDRADE,CALLE,DOCTOR ARCE,66,NA,NA,NA,NA,NA,COLONIA,CUAUHTEMOC,NA,NA,NA,06800,09,Ciudad de México,015,Cuauhtémoc,0001,Cuauhtémoc,1233,020,NA,NA,NA,Fijo,19.41438894,-99.1471389,2024-11
11173013,09015722511017643000000000U0,LA TROMPERIA,GRUPO MERA PASION SA DE CV,722511,Restaurantes con servicio de preparación de alimentos a la carta o de comida corrida,11 a 30 personas,CALLE,AMBERES,AVENIDA,PASEO DE LA REFORMA,CALLE,HAMBURGO,CALLE,ESTOCOLMO,29,NA,NA,NA,NA,NA,COLONIA,JUAREZ,NA,NA,NA,06600,09,Ciudad de México,015,Cuauhtémoc,0001,Cuauhtémoc,0945,012,NA,LIDERUNIDADZONAROSA@LATROMPERIA.COM,NA,Fijo,19.42604775,-99.16561601,2024-11
658391,09015722110004363001000000U1,LA VACA NEGRA,CAFE RIAND SA DE CV,722511,Restaurantes con servicio de preparación de alimentos a la carta o de comida corrida,11 a 30 personas,EJE VIAL,1 PONIENTE  AVENIDA CUAUHTEMOC,EJE VIAL,3 SUR (AVENIDA BAJA CALIFORNIA),CALLE,HUATABAMPO,CALLE,TOLUCA,363,NA,NA,NA,0,E,COLONIA,ROMA SUR,NA,NA,NA,06760,09,Ciudad de México,015,Cuauhtémoc,0001,Cuauhtémoc,1479,010,NA,CROCHA@PRODIGY.NET.MX,NA,Fijo,19.40736656,-99.15522252,2011-03
6258334,09015722110005413002000000S3,LA VID ARGENTINA CONDESA,LA VID ARGENTINA CONDESA SA DE CV,722511,Restaurantes con servicio de preparación de alimentos a la carta o de comida corrida,11 a 30 personas,CALLE,NUEVO LEON,CALLE,ALFONSO REYES,CALLE,ALTATA,OTRO(ESPECIFIQUE),MANZANA O EDIFICACION CONTIGUA,185,NA,NA,NA,NA,NA,COLONIA,HIPODROMO,NA,NA,NA,06100,09,Ciudad de México,015,Cuauhtémoc,0001,Cuauhtémoc,1337,015,5554485448,CONDESA@LAVIDARGENTINA.COM,WWW.LAVIDARGENTINA.COM.MX,Fijo,19.40646099,-99.1720929,2010-07
9979762,09015722511018772000000000U6,LA VIE EN ROSE,NA,722511,Restaurantes con servicio de preparación de alimentos a la carta o de comida corrida,6 a 10 personas,CALLE,ESTOCOLMO,AVENIDA,PASEO DE LA REFORMA,CALLE,HAMBURGO,EJE VIAL,2 PONIENTE (FLORENCIA),27,NA,NA,NA,NA,NA,COLONIA,JUAREZ,NA,NA,NA,06600,09,Ciudad de México,015,Cuauhtémoc,0001,Cuauhtémoc,0945,009,NA,NA,NA,Fijo,19.42638915,-99.16624208,2024-11
10215711,09015722511022542000000000U7,LA VITRINA,NA,722511,Restaurantes con servicio de preparación de alimentos a la carta o de comida corrida,6 a 10 personas,CALLE,LUIS MOYA,CALLE,INDEPENDENCIA,CALLE,ARTICULO 123,CALLE,REVILLAGIGEDO,31,3,NA,NA,1,NA,COLONIA,CENTRO,NA,NA,NA,06000,09,Ciudad de México,015,Cuauhtémoc,0001,Cuauhtémoc,0748,008,5585307945,LAVITRINAMEXICO@GMAIL.COM,NA,Fijo,19.43307373,-99.14513504,2024-11
8326755,09015722511012761000000000U5,LA ZARANDA MIRAVALLE,NA,722511,Restaurantes con servicio de preparación de alimentos a la carta o de comida corrida,11 a 30 personas,AVENIDA,PLAZA VILLA MADRID,CALLE,MEDELLIN,CALLE,DURANGO,CALLE,MEDELLIN,17,B,NA,NA,0,B,COLONIA,ROMA NORTE,NA,NA,NA,06700,09,Ciudad de México,015,Cuauhtémoc,0001,Cuauhtémoc,0998,004,5533861602,NA,NA,Fijo,19.42000933,-99.16690759,2019-11
7732247,09015722511010752000000000U6,LA ZARZA,NA,722511,Restaurantes con servicio de preparación de alimentos a la carta o de comida corrida,0 a 5 personas,CALLE,MERIDA,EJE VIAL,2-A SUR (SAN LUIS POTOSI),CALLE,CHIAPAS,CALLE,FRONTERA,200,NA,NA,NA,NA,NA,COLONIA,ROMA NORTE,NA,NA,NA,06700,09,Ciudad de México,015,Cuauhtémoc,0001,Cuauhtémoc,1110,013,NA,NA,NA,Fijo,19.414655110000002,-99.15626827,2019-11
9630435,09015722511023121000000000U9,LA ZORRA ENCHILADA,NA,722511,Restaurantes con servicio de preparación de alimentos a la carta o de comida corrida,0 a 5 personas,CALLE,JUAN A MATEOS,CALLE,ALBINO GARCIA,CALLE,JOSE SOTERO CASTAÑEDA,CALLE,JOSE TOMAS CUELLAR,3,NA,NA,NA,NA,NA,COLONIA,VISTA ALEGRE,NA,NA,NA,06860,09,Ciudad de México,015,Cuauhtémoc,0001,Cuauhtémoc,1286,001,NA,NA,NA,Fijo,19.41002778,-99.13138641,2024-11
11318181,09015722412006181000000000U5,LADY BLUE,NA,722412,"Bares, cantinas y similares",0 a 5 personas,OTRO(ESPECIFIQUE),GLORIETA,OTRO(ESPECIFIQUE),GLORIETA,OTRO(ESPECIFIQUE),GLORIETA,OTRO(ESPECIFIQUE),GLORIETA,8,NA,NA,NA,NA,NA,COLONIA,GLORIETA DE LOS INSURGENTES,NA,NA,NA,06600,09,Ciudad de México,015,Cuauhtémoc,0001,Cuauhtémoc,095A,016,NA,NA,NA,Fijo,19.42401119,-99.16256628,2024-11
10953042,09015722511022153000000000U3,LALO,GASTRONOMICA TRES VALLES SA DE CV,722511,Restaurantes con servicio de preparación de alimentos a la carta o de comida corrida,11 a 30 personas,CALLE,ZACATECAS,EJE VIAL,2 PONIENTE (MONTERREY),CALLE,TONALA,CALLE,GUANAJUATO,173,NA,NA,NA,NA,NA,COLONIA,ROMA NORTE,NA,NA,NA,06700,09,Ciudad de México,015,Cuauhtémoc,0001,Cuauhtémoc,1106,004,NA,NA,NA,Fijo,19.41518909,-99.16312213,2024-11
895504,09015722412002082000000000U9,LALO LALITA,LALO LALITA SA DE CV,722412,"Bares, cantinas y similares",11 a 30 personas,CALLE,HAMBURGO,CALLE,COPENHAGUE,CALLE,NIZA,CALLE,OSLO,87,NA,NA,NA,NA,NA,COLONIA,JUAREZ,NA,NA,NA,06600,09,Ciudad de México,015,Cuauhtémoc,0001,Cuauhtémoc,0803,012,NA,NA,NA,Fijo,19.42704572,-99.16310389,2014-12
878866,09015722219029622000000000U0,LAS BRISAS,NA,722511,Restaurantes con servicio de preparación de alimentos a la carta o de comida corrida,6 a 10 personas,CALLE,DEGOLLADO,EJE VIAL,1 PONIENTE (GUERRERO),CALLE,HEROES,EJE VIAL,1 NORTE (MOSQUETA),154,NA,NA,NA,NA,C-D,COLONIA,GUERRERO,NA,NA,NA,06300,09,Ciudad de México,015,Cuauhtémoc,0001,Cuauhtémoc,056A,006,NA,NA,NA,Fijo,19.44597218,-99.14664737,2010-07
658865,09015722110002082000000000U9,LAS CANALLAS,PROYWECTO REGINA TURISMO ARTE Y GASTRONOMIA SC DE RL DE CV,722511,Restaurantes con servicio de preparación de alimentos a la carta o de comida corrida,11 a 30 personas,CALLE,REGINA,CALLE,5 DE FEBRERO,CALLEJON,PRIMER DE MESONES,CALLE,MESONES,58,D,NA,NA,NA,NA,COLONIA,CUAHUTEMOC,NA,NA,NA,06090,09,Ciudad de México,015,Cuauhtémoc,0001,Cuauhtémoc,0894,001,5548381099,NA,NA,Fijo,19.4276724,-99.13514966,2011-03
1020866,09015722219031052000000000U2,LAS CASEROLAS,NA,722511,Restaurantes con servicio de preparación de alimentos a la carta o de comida corrida,6 a 10 personas,CALZADA,MANUEL VILLALONGIN,CALLE,RIO EUFRATES,AVENIDA,RIO RHIN,CALLE,RIO NAZAS,126,C,NA,NA,NA,NA,COLONIA,CUAUHTEMOC,NA,NA,NA,06500,09,Ciudad de México,015,Cuauhtémoc,0001,Cuauhtémoc,0790,004,NA,NA,WWW.LASCASEROLAS.COM,Fijo,19.43373951,-99.16682095,2014-12
10695107,09015722511021211000000000U0,LAS CAZUELAS,NA,722511,Restaurantes con servicio de preparación de alimentos a la carta o de comida corrida,0 a 5 personas,CALLE,APARTADO,CALLE,ABRAHAM CASTELLANOS,CALLE,REPUBLICA DE ARGENTINA,CALLE,REPUBLICA DE NICARAGUA,14,NA,CENTRAL MAYOREO,PISO 2,208,NA,COLONIA,CENTRO,CENTRO Y PLAZA COMERCIAL,CENTRO MAYOREO,208,06000,09,Ciudad de México,015,Cuauhtémoc,0001,Cuauhtémoc,0659,006,NA,NA,NA,Fijo,19.44013839,-99.13065682,2024-11
7757122,09015722511015001000000000U3,LAS CAZUELAS,NA,722511,Restaurantes con servicio de preparación de alimentos a la carta o de comida corrida,6 a 10 personas,CALLE,PLAZA DEL ESTUDIANTE,CALLE,GIRON,CALLE,TORRES QUINTERO,CALLE,REPUBLICA DE BOLIVIA,1,NA,NA,NA,NA,L1,COLONIA,CENTRO,NA,NA,NA,06020,09,Ciudad de México,015,Cuauhtémoc,0001,Cuauhtémoc,0659,003,5548845173,NA,NA,Fijo,19.44012938,-99.12741798,2019-11
1026563,09015722511001841001000000M8,LAS CAZUELAS DE FRIDA,NA,722511,Restaurantes con servicio de preparación de alimentos a la carta o de comida corrida,11 a 30 personas,CALLE,RIO LERMA,CALLE,RIO DE LA PLATA,CALLE,RIO ELBA,CALLE,RIO ATOYAC,302,NA,NA,NA,NA,C,COLONIA,CUAUHTEMOC,NA,NA,NA,06500,09,Ciudad de México,015,Cuauhtémoc,0001,Cuauhtémoc,0930,013,NA,LASCAZUELASDEFRIDA2@HOTMAIL.COM,LASCAZUELASDEFRIDA.COM,Fijo,19.42573493,-99.17454383,2010-07
9075712,09015722511015262000000000M1,LAS CAZUELAS DE FRIDA,NA,722511,Restaurantes con servicio de preparación de alimentos a la carta o de comida corrida,11 a 30 personas,CALLE,RIO ELBA,CALLE,RIO ATOYAC,CALLE,RIO LERMA,CALLE,RIO DE LA PLATA,32,NA,NA,NA,501,NA,COLONIA,CUAUHTEMOC,NA,NA,NA,06500,09,Ciudad de México,015,Cuauhtémoc,0001,Cuauhtémoc,0930,013,NA,LASCAZUELASDEFRIDA2@HOTMAIL.COM,WWW.LASCAZUELASDEFRIDA.COM,Fijo,19.42539972,-99.17493792,2019-11
8131586,09015722511010333000000000U5,LAS CAZUELAS DE SANTIAGO,NA,722511,Restaurantes con servicio de preparación de alimentos a la carta o de comida corrida,6 a 10 personas,CALLE,HAMBURGO,EJE VIAL,3 PONIENTE (SEVILLA),CALLE,TOLEDO,CALLE,LONDRES,282,B,NA,NA,NA,A B,COLONIA,JUAREZ,NA,NA,NA,06600,09,Ciudad de México,015,Cuauhtémoc,0001,Cuauhtémoc,0983,004,NA,CRUZ-OSWI@HOTMAIL.COM,NA,Fijo,19.42282138,-99.17170246,2019-11
10083078,09015722511024141000000000U6,LAS CAZUELITAS,NA,722511,Restaurantes con servicio de preparación de alimentos a la carta o de comida corrida,0 a 5 personas,EJE VIAL,2 SUR MANUEL JOSE OTHON,EJE VIAL,CENTRAL (LAZARO CARDENAS),CALLE,SIMON BOLIVAR,CALLE,FRANCISCO RIVAS,24,NA,NA,NA,NA,NA,COLONIA,OBRERA,NA,NA,NA,08600,09,Ciudad de México,015,Cuauhtémoc,0001,Cuauhtémoc,1144,006,5545134318,ARISTALARAMONICA@GMAIL.COM,NA,Fijo,19.41515689,-99.14285383,2024-11
970996,09015722219009071000000000U4,LAS CAZUELITAS,NA,722511,Restaurantes con servicio de preparación de alimentos a la carta o de comida corrida,0 a 5 personas,CALLE,REPUBLICA DE VENEZUELA,CALLE,CALLE DEL CARMEN,CALLE,RODRIGUEZ PUEBLA,CALLE,CALLEJON DE GIRON,72,NA,MERCADO ABELARDO RODRIGUEZ,PLANTA BAJA,134,L,COLONIA,CENTRO,MERCADO PUBLICO,MERCADO ABELARDO RODRIGUEZ,L 135 134 INT,06020,09,Ciudad de México,015,Cuauhtémoc,0001,Cuauhtémoc,0663,017,5610618404,NA,NA,Fijo,19.4369476,-99.1278763,2010-07
10349904,09015722511017961000000000U6,LAS CAZUELITAS,NA,722511,Restaurantes con servicio de preparación de alimentos a la carta o de comida corrida,0 a 5 personas,CALLE,VENUS,EJE VIAL,1 PONIENTE (PROLONGACION GUERRERO),CALLE,PROLONGACION ZARAGOZA,CALLE,NEPTUNO,118,NA,NEPTUNO,PLANTA BAJA,0,118 A B,COLONIA,SAN SIMON,NA,NA,NA,06900,09,Ciudad de México,015,Cuauhtémoc,0001,Cuauhtémoc,0076,017,5586778120,NA,NA,Fijo,19.45720615,-99.14526558,2024-11
863917,09015722110004323000000000U5,LAS COSTILLAS DE SAN LUIS,LAS COSTILLAS DE SAN LUIS SA DE CV,722511,Restaurantes con servicio de preparación de alimentos a la carta o de comida corrida,11 a 30 personas,EJE VIAL,2 A SUR SAN LUIS POTOSI,CALLE,JALAPA,CALLE,TONALA,EJE VIAL,2 SUR (AVENIDA QUERETARO),129,NA,NA,NA,NA,NA,COLONIA,ROMA NORTE,NA,NA,NA,06700,09,Ciudad de México,015,Cuauhtémoc,0001,Cuauhtémoc,1214,007,NA,LASCOSTILLASDESANLUIS@HOTMAIL.COM,NA,Fijo,19.41394193,-99.16061624,2010-07
10988368,09015722511019531000000000U5,LAS CREPAS DEL CENTRO,NA,722511,Restaurantes con servicio de preparación de alimentos a la carta o de comida corrida,0 a 5 personas,AVENIDA,JOSE MARIA PINO SUAREZ,CALLE,VENUSTIANO CARRANZA,CALLE,REPUBLICA DE URUGUAY,CALLE,20 DE NOVIEMBRE,17,NA,NA,NA,0,NA,COLONIA,CENTRO,NA,NA,NA,06000,09,Ciudad de México,015,Cuauhtémoc,0001,Cuauhtémoc,0818,016,NA,LASCREPAS@GMAIL.COM,NA,Fijo,19.43035205,-99.13247455,2024-11
867241,09015722110000531000000000U7,LAS DELICIAS,NA,722511,Restaurantes con servicio de preparación de alimentos a la carta o de comida corrida,11 a 30 personas,CIRCUITO,INTERIOR DIAGONAL PATRIOTISMO,CALLE,ZITACUARO,CALLE,SOMBRERETE,CALLE,ALFONSO REYES,517,NA,NA,NA,NA,NA,CONDOMINIO,CUAUHTEMOC,NA,NA,NA,06170,09,Ciudad de México,015,Cuauhtémoc,0001,Cuauhtémoc,1411,019,5555157488,NA,NA,Fijo,19.40841921,-99.17932038,2010-07
1044159,09015722212008261000000000U7,LAS DELICIAS,NA,722511,Restaurantes con servicio de preparación de alimentos a la carta o de comida corrida,0 a 5 personas,AVENIDA,AVENIDA DEL TALLER,CALLE,FRANCISCO J. CLAVIJERO,CALLE,TOPACIO,CALLE,MANUEL JOSE OTHON,96,D,NA,NA,NA,NA,COLONIA,TRANSITO,NA,NA,NA,06820,09,Ciudad de México,015,Cuauhtémoc,0001,Cuauhtémoc,1074,022,NA,NA,NA,Fijo,19.41346093,-99.12936612,2010-07
11369153,09015722511020842000000000U3,LAS DELICIAS,NA,722511,Restaurantes con servicio de preparación de alimentos a la carta o de comida corrida,6 a 10 personas,CALLE,VENTURA G TENA,CALLE,ORIENTE 65-A,CALLE,JOSE SOTERO CASTAÑEDA,CALLE,JUAN HERNANDEZ Y DAVALOS,3016,NA,NA,NA,NA,NA,COLONIA,JOSE SOTERO CASTAÑEDA,NA,NA,NA,06890,09,Ciudad de México,015,Cuauhtémoc,0001,Cuauhtémoc,1515,015,5521304244,NA,NA,Fijo,19.40458265,-99.13151239,2024-11
8337975,09015722511010171000000000U9,LAS DELICIAS DE LA TERNERA,NA,722511,Restaurantes con servicio de preparación de alimentos a la carta o de comida corrida,0 a 5 personas,CALLE,TURIN,CALLE,ABRAHAM GONZALEZ,EJE VIAL,1 PONIENTE (AVENIDA BUCARELI),AVENIDA,CHAPULTEPEC,8,NA,MERCADO JUAREZ,PLANTA BAJA,66,NA,COLONIA,JUAREZ,MERCADO PUBLICO,MERCADO JUAREZ,66 67 68,06600,09,Ciudad de México,015,Cuauhtémoc,0001,Cuauhtémoc,0856,019,NA,NA,NA,Fijo,19.42649305,-99.15480196,2019-11
1019005,09015722219008721001000000U5,LAS DELICIAS DE MEXICO,NA,722511,Restaurantes con servicio de preparación de alimentos a la carta o de comida corrida,0 a 5 personas,CALLE,MESONES,CALLE,20 DE NOVIEMBRE,AVENIDA,JOSE MARIA PINO SUAREZ,CALLE,REGINA,119,NA,NA,NA,0,B,COLONIA,CENTRO,NA,NA,NA,06090,09,Ciudad de México,015,Cuauhtémoc,0001,Cuauhtémoc,0894,009,NA,NA,NA,Fijo,19.42817665,-99.132876,2010-07
10945262,09015722511019511000000000U7,LAS DELICIAS DE VENECIA,NA,722511,Restaurantes con servicio de preparación de alimentos a la carta o de comida corrida,0 a 5 personas,CALLE,VENECIA,CALLE,MARSELLA,CALLE,LIVERPOOL,CALLE,NIZA,3,NA,NA,NA,NA,NA,CIUDAD,JUAREZ,NA,NA,NA,06600,09,Ciudad de México,015,Cuauhtémoc,0001,Cuauhtémoc,095A,014,NA,NA,NA,Fijo,19.42538632,-99.16127429,2024-11
9185009,09015722511016041000000000U8,LAS DELICIAS DEL 48,NA,722511,Restaurantes con servicio de preparación de alimentos a la carta o de comida corrida,0 a 5 personas,EJE VIAL,1 ORIENTE CALZADA DE LA VIGA,CALLE,ARENAL,CALLE,LORENZO BOTURINI,CALLE,TOPACIO,83,NA,NA,NA,0,NA,COLONIA,TRANSITO,NA,NA,NA,06820,09,Ciudad de México,015,Cuauhtémoc,0001,Cuauhtémoc,1074,007,NA,NA,NA,Fijo,19.41888557,-99.12752992,2019-11
11207043,09015722511017743000000000U8,LAS FLAUTAS,LAS FLAUTAS SA DE CV,722511,Restaurantes con servicio de preparación de alimentos a la carta o de comida corrida,11 a 30 personas,CALLE,TONALA,CALLE,ZACATECAS,CALLE,GUANAJUATO,CALLE,JALAPA,130,NA,NA,NA,NA,NA,COLONIA,ROMA NORTE,NA,NA,NA,06700,09,Ciudad de México,015,Cuauhtémoc,0001,Cuauhtémoc,1106,003,NA,CONTACTO_LASFLAUTAS@GMAIL.COM,NA,Fijo,19.41594134,-99.16204979,2024-11
9554009,09015722511024001000000000U2,LAS FLORES,NA,722511,Restaurantes con servicio de preparación de alimentos a la carta o de comida corrida,0 a 5 personas,PEATONAL,PLAZA GARIBALDI,EJE VIAL,CENTRAL (LAZARO CARDENAS),CALLE,SAN CAMILITO,CALLE,REPUBLICA DE ECUADOR,4,NA,MERCADO DE SAN CAMILITO,PLANTA BAJA,NA,NA,COLONIA,CENTRO,MERCADO PUBLICO,MERCADO DE SAN CAMILITO,29,06010,09,Ciudad de México,015,Cuauhtémoc,0001,Cuauhtémoc,0536,014,5515355121,NA,NA,Fijo,19.44093651,-99.13913156,2024-11
11532005,09015722511018001000000000U0,LAS HERMANAS,NA,722511,Restaurantes con servicio de preparación de alimentos a la carta o de comida corrida,0 a 5 personas,CALLE,ALLENDE,CALLE,BELISARIO DOMINGUEZ,CALLE,REPUBLICA DE CUBA,CALLE,REPUBLICA DE CHILE,27,NA,NA,NA,NA,B,CIUDAD,CENTRO,NA,NA,NA,06010,09,Ciudad de México,015,Cuauhtémoc,0001,Cuauhtémoc,0644,014,5548710914,NA,NA,Fijo,19.43796986,-99.1375915,2024-11
7732501,09015722511010921000000000U7,LAS HORCHATAS Y SUS TORTAS,NA,722511,Restaurantes con servicio de preparación de alimentos a la carta o de comida corrida,6 a 10 personas,CALLE,LONDRES,CALLE,VARSOVIA,CALLE,PRAGA,AVENIDA,CHAPULTEPEC,216,NA,NA,NA,0,NA,COLONIA,JUAREZ,NA,NA,NA,06600,09,Ciudad de México,015,Cuauhtémoc,0001,Cuauhtémoc,0983,006,NA,LASPOLASDELERMA@YAHOO.COM.MX,NA,Fijo,19.42341096,-99.16806808,2019-11
865168,09015722511005291000000000U2,LAS MARGARITAS,NA,722511,Restaurantes con servicio de preparación de alimentos a la carta o de comida corrida,0 a 5 personas,CALLE,CAMELIA,CALLE,ZARCO,CALLE,HEROES,CALLE,SOL,158,NA,NA,NA,0,C,COLONIA,GUERRERO,NA,NA,NA,06300,09,Ciudad de México,015,Cuauhtémoc,0001,Cuauhtémoc,056A,014,NA,NA,NA,Fijo,19.44683828,-99.14539802,2010-07
9515913,09015722412005663000000000U3,LAS MEZCALITAS,NA,722412,"Bares, cantinas y similares",11 a 30 personas,AVENIDA,RIBERA DE SAN COSME,CALLE,CEDRO,CALLE,NOGAL,CALLE,AMADO NERVO,133,NA,NA,NA,NA,NA,COLONIA,SANTA MARIA LA RIBERA,NA,NA,NA,06400,09,Ciudad de México,015,Cuauhtémoc,0001,Cuauhtémoc,0593,006,NA,NA,NA,Fijo,19.44300236,-99.16390519,2024-11
9696721,09015722412005783000000000U9,LAS MEZCLALITAS,NA,722412,"Bares, cantinas y similares",11 a 30 personas,AVENIDA,INSURGENTES NORTE,AVENIDA,RIBERA DE SAN COSME,CALLE,MANUEL OROZCO Y BERRA,CALLE,DOCTOR ENRIQUE GONZALEZ MARTINEZ,12,BIS,NA,NA,NA,NA,COLONIA,SANTA MARIA LA RIBERA,NA,NA,NA,06400,09,Ciudad de México,015,Cuauhtémoc,0001,Cuauhtémoc,0606,011,NA,NA,NA,Fijo,19.44046622,-99.1555431,2024-11
11610157,09015722412006141000000000U9,LAS MICHIS,NA,722412,"Bares, cantinas y similares",0 a 5 personas,CALLE,QUERETARO,EJE VIAL,3 PONIENTE (MEDELLIN),EJE VIAL,2 SUR (AVENIDA YUCATAN),CALLE,ZACATECAS,225,NA,MERCADO ROMA,PISO 1,NA,NA,COLONIA,ROMA NORTE,CENTRO Y PLAZA COMERCIAL,MERCADO ROMA,SN,06700,09,Ciudad de México,015,Cuauhtémoc,0001,Cuauhtémoc,1214,015,NA,NA,NA,Fijo,19.4140631,-99.16441382,2024-11
984065,09015722219009201000000000U7,LAS MORENAS,NA,722511,Restaurantes con servicio de preparación de alimentos a la carta o de comida corrida,0 a 5 personas,CALLE,SOL,CALLE,SOTO,CALLE,LERDO,CALLE,CAMELIA,80,A,NA,NA,0,NA,COLONIA,GUERRERO,NA,NA,NA,06300,09,Ciudad de México,015,Cuauhtémoc,0001,Cuauhtémoc,0574,015,5529890055,NA,NA,Fijo,19.44735105,-99.14264486,2010-07
11588354,09015722511021261000000000U5,LAS MUSAS DE PAPA SIBARITA,NA,722511,Restaurantes con servicio de preparación de alimentos a la carta o de comida corrida,0 a 5 personas,CALLE,ORIZABA,CALLE,ANTONIO M. ANZA,CALLE,COAHUILA,CALLE,CORDOBA,218,A,NA,NA,NA,NA,COLONIA,ROMA NORTE,NA,NA,NA,07600,09,Ciudad de México,015,Cuauhtémoc,0001,Cuauhtémoc,1110,029,NA,NA,NA,Fijo,19.41200811,-99.15812609,2024-11
9316155,09015722511016591000000000U5,LAS NUEVAS GALIAS,GASTRONOMIA GARBO SA,722511,Restaurantes con servicio de preparación de alimentos a la carta o de comida corrida,11 a 30 personas,CALLE,SIMÓN BOLÍVAR,CALLE,RAFAEL ÁNGEL DE LA PEÑA,CALLE,LORENZO BOTURINI,DIAGONAL,20 DE NOVIEMBRE,243,NA,NA,NA,NA,NA,COLONIA,OBRERA,NA,NA,NA,06800,09,Ciudad de México,015,Cuauhtémoc,0001,Cuauhtémoc,1144,021,NA,ADMON.GALIAS.CFDI@HOTMAIL.COM,NA,Fijo,19.41823707,-99.14073765,2020-11
11313475,09015722511021551000000000U9,LAS NUNS ALIMENTOS,NA,722511,Restaurantes con servicio de preparación de alimentos a la carta o de comida corrida,0 a 5 personas,CALLE,JAMES SULLIVAN,CALLE,MIGUEL SCHULTZ,CALLE,SERAPIO RENDON,CALLE,MAESTRO ANTONIO CASO,57,NA,NA,NA,NA,NA,COLONIA,SAN RFAEL,NA,NA,NA,06470,09,Ciudad de México,015,Cuauhtémoc,0001,Cuauhtémoc,0697,013,NA,CARLOS@LANUNS.COM,WWW.LASNUNS.COM,Fijo,19.43334721,-99.16151891,2024-11
11144979,09015722511023301000000000U7,LAS ORIGINALES DE SAN LUIS,NA,722511,Restaurantes con servicio de preparación de alimentos a la carta o de comida corrida,0 a 5 personas,CALLE,JALAPA,EJE VIAL,2 SUR (AVENIDA QUERETARO),EJE VIAL,2A SUR (SAN LUIS POTOSI),CALLE,ORIZABA,192,NA,NA,NA,NA,NA,COLONIA,ROMA NORTE,NA,NA,NA,06700,09,Ciudad de México,015,Cuauhtémoc,0001,Cuauhtémoc,1214,008,NA,NA,NA,Fijo,19.41408277,-99.16009457,2024-11
867293,09015722219015311000000000U6,LAS QUECAS FACTORY,NA,722511,Restaurantes con servicio de preparación de alimentos a la carta o de comida corrida,0 a 5 personas,CALLE,SALVADOR ALVARADO,CALLE,GENERAL BENJAMIN HILL,AVENIDA,TAMAULIPAS,AVENIDA,TAMAULIPAS,186,C,NA,NA,NA,NA,COLONIA,CUAUHTEMOC,NA,NA,NA,06170,09,Ciudad de México,015,Cuauhtémoc,0001,Cuauhtémoc,1411,002,NA,YUSUMARQUEZ99@GMAIL.COM,NA,Fijo,19.40724865,-99.17840466,2010-07
11625019,09015722511021821000000000U6,LAS RECETAS DE LA BIBI,NA,722511,Restaurantes con servicio de preparación de alimentos a la carta o de comida corrida,0 a 5 personas,CALLE,TOKIO,EJE VIAL,3 PONIENTE (SEVILLA),CALLE,PRAGA,CALLE,HAMBURGO,12,NA,NA,NA,NA,NA,COLONIA,COLONIA JUAREZ,NA,NA,NA,06600,09,Ciudad de México,015,Cuauhtémoc,0001,Cuauhtémoc,0945,006,NA,LASRECETASDELABIBI@GMAIL.COM,NA,Fijo,19.42408078,-99.17091024,2024-11
1016832,09015722412001713001000000U0,LAS STONERS WUINGS,NA,722511,Restaurantes con servicio de preparación de alimentos a la carta o de comida corrida,0 a 5 personas,CALLE,PONCIANO ARRIAGA,CALLE,IGNACIO MARISCAL,CALLE,TOMAS ALVA EDISON,CALLE,JOSE MARIA IGLESIAS,23,NA,NA,NA,0,NA,COLONIA,TABACALERA,NA,NA,NA,06030,09,Ciudad de México,015,Cuauhtémoc,0001,Cuauhtémoc,070A,009,NA,NA,NA,Fijo,19.43749979,-99.15397835,2010-07
10804770,09015722511019331000000000U0,LAUREL,NA,722511,Restaurantes con servicio de preparación de alimentos a la carta o de comida corrida,0 a 5 personas,EJE VIAL,1 NORTE IGNACIO LOPEZ RAYON,CALLE,COMONFORT,CALLE,PALMA NORTE,CALLE,LIBERTAD,33,NA,MERCADO 2 LAGUNILLA ZONA,PLANTA BAJA,286,NA,COLONIA,MORELOS,MERCADO PUBLICO,MERCADO 2 LAGUNILLA ZONA,286 287 288,06200,09,Ciudad de México,015,Cuauhtémoc,0001,Cuauhtémoc,0540,005,NA,NA,NA,Fijo,19.44370115,-99.13512769,2024-11
9735630,09015722511019021000000000U7,LAWA SOCIAL CLUB,NA,722511,Restaurantes con servicio de preparación de alimentos a la carta o de comida corrida,0 a 5 personas,EJE VIAL,2 A SUR SAN LUIS POTOSI,CALLE,CORDOBA,CALLE,MERIDA,CALLE,CHIAPAS,60,NA,NA,NA,0,A,COLONIA,ROMA NORTE,NA,NA,NA,06700,09,Ciudad de México,015,Cuauhtémoc,0001,Cuauhtémoc,1110,014,NA,LAWACAFEREST@GMAIL.COM,NA,Fijo,19.41445705,-99.15738589,2024-11
10136438,09015722511017891000000000U5,LE GUTIE,NA,722511,Restaurantes con servicio de preparación de alimentos a la carta o de comida corrida,0 a 5 personas,CALLE,ORIZABA,CALLE,ANTONIO M. ANZA,CALLE,COAHUILA,CALLE,CORDOBA,218,B,NA,NA,NA,NA,COLONIA,ROMA NORTE,NA,NA,NA,07600,09,Ciudad de México,015,Cuauhtémoc,0001,Cuauhtémoc,1110,029,5520861101,NA,NA,Fijo,19.41198016,-99.15812026,2024-11
682997,09002722511000083100039698S6,LE PAIN QUOTIDIEN CONDESA,OPERADORA LPQ SA DE CV,722511,Restaurantes con servicio de preparación de alimentos a la carta o de comida corrida,31 a 50 personas,AVENIDA,AMSTERDAM,CALLE,CELAYA,CALLE,POPOCATÉPETL,AVENIDA,INSURGENTES SUR,309,NA,NA,NA,NA,NA,COLONIA,HIPODROMO CONDESA,NA,NA,NA,06170,09,Ciudad de México,015,Cuauhtémoc,0001,Cuauhtémoc,120A,002,NA,EHILARIO@LPQMEXICO.COM.MX,WWW.LEPAINQUOTIDIEN.COM.MX,Fijo,19.41438956,-99.16667069,2014-12
8737710,09015722511016451000039698S9,LE PAIN QUOTIDIEN ROMA,OPERADORA LPQ SA DE CV,722511,Restaurantes con servicio de preparación de alimentos a la carta o de comida corrida,31 a 50 personas,AVENIDA,ÁLVARO OBREGÓN,CALLE,TONALÁ,EJE VIAL,2 PONIENTE (MONTERREY),CALLE,TABASCO,104,NA,NA,NA,NA,NA,COLONIA,ROMA,NA,NA,NA,06700,09,Ciudad de México,015,Cuauhtémoc,0001,Cuauhtémoc,1002,021,NA,EHILARIO@LPQMEXICO.COM.MX,WWW.LEPAINQUOTIDIEN.COM.MX,Fijo,19.4175404,-99.16407278,2019-11
865368,09015813230000951000000000U3,LEGION AMERICANA,CUARTEL NUMERO 2 ALAN SEEGER DE LA LEGION AMERICANA AC,722511,Restaurantes con servicio de preparación de alimentos a la carta o de comida corrida,0 a 5 personas,CALLE,CELAYA,AVENIDA,AMSTERDAM,CALLE,MEXICO,CALLE,POPOCATEPETL,25,NA,NA,NA,0,NA,COLONIA,HIPODROMO,NA,NA,NA,06100,09,Ciudad de México,015,Cuauhtémoc,0001,Cuauhtémoc,120A,001,NA,NA,NA,Fijo,19.41449958,-99.16743782,2010-07
10957343,09015722412006271000000000U4,LEVEL UP,NA,722412,"Bares, cantinas y similares",0 a 5 personas,EJE VIAL,2 PONIENTE MONTERREY,CALLE,COAHUILA,CALLE,TAPACHULA,EJE VIAL,3 PONIENTE (MEDELLIN),227,NA,NA,NA,NA,NA,COLONIA,ROMA NORTE,NA,NA,NA,06700,09,Ciudad de México,015,Cuauhtémoc,0001,Cuauhtémoc,1360,013,NA,NA,NA,Fijo,19.41162073,-99.16267891,2024-11
10451402,09015722511018731000000000U2,LIANG YOU,NA,722511,Restaurantes con servicio de preparación de alimentos a la carta o de comida corrida,0 a 5 personas,AVENIDA,JOSE MARIA IZAZAGA,CALLE,ISABEL LA CATOLICA,CALLE,5 DE FEBRERO,CALLE,NEZAHUALCOYOTL,89,NA,PLAZA IZAZAGA 89,PISO 15,NA,NA,COLONIA,CENTRO,CENTRO Y PLAZA COMERCIAL,PLAZA IZAZAGA 89,1614-B,06000,09,Ciudad de México,015,Cuauhtémoc,0001,Cuauhtémoc,0964,002,NA,NA,NA,Fijo,19.42606825,-99.13642522,2024-11
896245,09015722511003292001000000U2,LLENA ERES DE GRACIA,RESTAURANTE AMADA SA DE CV,722511,Restaurantes con servicio de preparación de alimentos a la carta o de comida corrida,0 a 5 personas,CALLE,VICENTE SUAREZ,CALLE,PACHUCA,CALLE,FRANCISCO MARQUEZ,CALLE,FRANCISCO MARQUEZ,114,D,NA,NA,0,NA,COLONIA,CONDESA,NA,NA,NA,06170,09,Ciudad de México,015,Cuauhtémoc,0001,Cuauhtémoc,1303,002,NA,NA,NA,Fijo,19.41299066,-99.17849241,2014-12
9875736,09015722511018241000000000U2,LLEVA COMIDA,NA,722511,Restaurantes con servicio de preparación de alimentos a la carta o de comida corrida,0 a 5 personas,CALLE,ALFONSO HERRERA,CALLE,GABINO BARREDA,CALLE,MANUEL MARIA CONTRERAS,CALLE,JOAQUIN GARCIA ICAZBALCETA,0,SN,NA,NA,NA,NA,COLONIA,SAN RAFAEL,NA,NA,NA,06470,09,Ciudad de México,015,Cuauhtémoc,0001,Cuauhtémoc,0678,009,5624242999,CONTACTO.CAFEELCTRONICA@GMAIL.COM,WWW.LLEVACOMIDA.COM,Fijo,19.44037216,-99.16409302,2024-11
11252650,09015722412006381000000000U1,LLEVE CHEVE,NA,722412,"Bares, cantinas y similares",0 a 5 personas,CALLE,VERSALLES,CALLE,LUCERNA,CALLE,BARCELONA,CALLE,ABRAHAM GONZALEZ,72,NA,NA,NA,0,NA,COLONIA,JUAREZ,NA,NA,NA,06600,09,Ciudad de México,015,Cuauhtémoc,0001,Cuauhtémoc,0856,003,5528087821,NA,NA,Fijo,19.42856966,-99.15527798,2024-11
1029139,09015722219030552000000000U6,LON HANG,NA,722511,Restaurantes con servicio de preparación de alimentos a la carta o de comida corrida,6 a 10 personas,EJE VIAL,1 PONIENTE AVENIDA CUAUHTEMOC,CALLE,PUEBLA,AVENIDA,CHAPULTEPEC,CALLE,GUAYMAS,19,NA,CENTRO CULTURAL CUAUHTEMOC,PLANTA BAJA,19,NA,COLONIA,ROMA NORTE,CENTRO Y PLAZA COMERCIAL,CENTRO CULTURAL CUAUHTEMOC,19,06700,09,Ciudad de México,015,Cuauhtémoc,0001,Cuauhtémoc,1017,024,5555253320,NA,NA,Fijo,19.42535083,-99.15390057,2010-07
10165512,09015722511018052000000000U3,LONCHERIA 22,NA,722511,Restaurantes con servicio de preparación de alimentos a la carta o de comida corrida,6 a 10 personas,CALLE,MANZANILLO,CALLE,CHIAPAS,CALLE,TAPACHULA,EJE VIAL,3 PONIENTE (MEDELLIN),22,A,NA,NA,0,A,COLONIA,ROMA NORTE,NA,NA,NA,06700,09,Ciudad de México,015,Cuauhtémoc,0001,Cuauhtémoc,1356,027,5513965805,NA,NA,Fijo,19.41127829,-99.16610021,2024-11
863082,09015722513000931010000000U4,LONCHERIA ARA,NA,722511,Restaurantes con servicio de preparación de alimentos a la carta o de comida corrida,0 a 5 personas,EJE VIAL,2 PONIENTE MONTERREY,CALLE,ZACATECAS,CALLE,GUANAJUATO,EJE VIAL,2 SUR (AVENIDA YUCATAN),153,NA,NA,NA,0,A,COLONIA,ROMA NORTE,NA,NA,NA,06700,09,Ciudad de México,015,Cuauhtémoc,0001,Cuauhtémoc,1106,005,NA,NA,NA,Fijo,19.41546497,-99.16371313,2010-07
1021640,09015722219029272000000000U4,LONCHERIA EL MISTER,NA,722511,Restaurantes con servicio de preparación de alimentos a la carta o de comida corrida,0 a 5 personas,CALLE,RIO NAZAS,CALLE,RIO SENA,AVENIDA,RIO RHIN,CALLE,RIO PANUCO,50,D,NA,NA,0,NA,COLONIA,CUAUHTEMOC,NA,NA,NA,06500,09,Ciudad de México,015,Cuauhtémoc,0001,Cuauhtémoc,0790,003,5537309828,ANGIE_US2001@YAHOO.COM,WWW.ELMISTER.COM,Fijo,19.43230784,-99.16686225,2010-07
1028645,09015722219020761010000000U5,LONCHERIA FLORES,NA,722511,Restaurantes con servicio de preparación de alimentos a la carta o de comida corrida,0 a 5 personas,CALLE,PUEBLA,CALLE,CORDOBA,CALLE,MERIDA,AVENIDA,CHAPULTEPEC,93,NA,NA,NA,0,NA,COLONIA,ROMA NORTE,NA,NA,NA,06700,09,Ciudad de México,015,Cuauhtémoc,0001,Cuauhtémoc,1017,009,NA,NA,NA,Fijo,19.42321034,-99.15877915,2010-07
958678,09015722219017211000000000U6,LONCHERIA LA LICHITA,NA,722511,Restaurantes con servicio de preparación de alimentos a la carta o de comida corrida,0 a 5 personas,EJE VIAL,3 SUR  DOCTOR IGNACIO MORONES PRIETO,CERRADA,DOCTOR JIMENEZ,EJE VIAL,1 PONIENTE (AVENIDA CUAUHTEMOC),PRIVADA,VIADUCTO,172,A,NA,NA,0,NA,COLONIA,BUENOS AIRES,NA,NA,NA,06780,09,Ciudad de México,015,Cuauhtémoc,0001,Cuauhtémoc,1229,002,5548232009,NA,NA,Fijo,19.40659206,-99.15153378,2010-07
1016875,09015722219029982001000000U8,LONCHERIA LA OAXAQUEÑA,NA,722511,Restaurantes con servicio de preparación de alimentos a la carta o de comida corrida,6 a 10 personas,CALLE,PONCIANO ARRIAGA,CALLE,AVENIDA DE LA REPUBLICA,CALLE,TOMAS ALVA EDISON,CALLE,JOSE MARIA IGLESIAS,27,A,NA,NA,0,NA,COLONIA,TABACALERA,NA,NA,NA,06030,09,Ciudad de México,015,Cuauhtémoc,0001,Cuauhtémoc,070A,002,NA,MARIAISABEL.RESTAURANT@GMAIL.COM,NA,Fijo,19.43722039,-99.1540875,2010-07
990851,09015722219005161001000000U7,LONCHERIA LUPITA,NA,722511,Restaurantes con servicio de preparación de alimentos a la carta o de comida corrida,0 a 5 personas,CALLE,DONCELES,CALLE,CALLEJON DEL 57,EJE VIAL,CENTRAL (LAZARO CARDENAS),CALLE,REPUBLICA DE CUBA,7,NA,NA,NA,0,SN,COLONIA,CALLEJON 57,NA,NA,NA,05760,09,Ciudad de México,015,Cuauhtémoc,0001,Cuauhtémoc,0752,018,NA,NA,NA,Fijo,19.43678816,-99.13947604,2010-07
863833,09015722219021071010000000U8,LONCHERIA MELI,NA,722511,Restaurantes con servicio de preparación de alimentos a la carta o de comida corrida,0 a 5 personas,EJE VIAL,2 SUR AVENIDA QUERETARO,EJE VIAL,2 PONIENTE (MONTERREY),CALLE,TONALA,CALLE,ZACATECAS,185,NA,NA,NA,NA,NA,COLONIA,ROMA NORTE,NA,NA,NA,06700,09,Ciudad de México,015,Cuauhtémoc,0001,Cuauhtémoc,1214,017,NA,NA,NA,Fijo,19.41435203,-99.16293686,2010-07
855655,09015722212019951001000000U0,LONCHERIA PALATINOS,NA,722511,Restaurantes con servicio de preparación de alimentos a la carta o de comida corrida,6 a 10 personas,PEATONAL,NINGUNO,EJE VIAL,2 NORTE (MANUEL GONZALEZ),PEATONAL,NINGUNO,EJE VIAL,2 NORTE (MANUEL GONZALEZ),0,SN,EDIFICIOS ARTEAGA,PLANTA BAJA,20,NA,COLONIA,TLATELOLCO,NA,NA,NA,06900,09,Ciudad de México,015,Cuauhtémoc,0001,Cuauhtémoc,024A,002,5611371065,NA,NA,Fijo,19.45475546,-99.14348032,2010-07
10998752,09015722511023651000000000U5,LONCHERIA PELTRE,TACO TRUST SA DE CV,722511,Restaurantes con servicio de preparación de alimentos a la carta o de comida corrida,0 a 5 personas,AVENIDA,JUAREZ,CALLE,AZUETA,AVENIDA,BALDERAS,CALLE,INDEPENDENCIA,0,SN,NA,NA,NA,NA,COLONIA,CENTRO,NA,NA,NA,06010,09,Ciudad de México,015,Cuauhtémoc,0001,Cuauhtémoc,0748,026,NA,ALAMEDA@PELTRE.COM,NA,Fijo,19.43501192,-99.14693616,2024-11
8327088,09015722511013031000000000U2,LORD BUDDHA,NA,722511,Restaurantes con servicio de preparación de alimentos a la carta o de comida corrida,6 a 10 personas,CALLE,QUERETARO,EJE VIAL,3 PONIENTE (MEDELLIN),EJE VIAL,2 SUR (AVENIDA YUCATAN),CALLE,ZACATECAS,225,NA,MERCADO ROMA,PLANTA BAJA,NA,NA,COLONIA,ROMA NORTE,CENTRO Y PLAZA COMERCIAL,MERCADO ROMA,20,06700,09,Ciudad de México,015,Cuauhtémoc,0001,Cuauhtémoc,1214,015,5542140992,LORDBUDDHARESTAURANT@GMAIL.COM,NA,Fijo,19.4140631,-99.16441382,2019-11
1029032,09015722412002571000000000U1,LOS 3 GALLOS RESTAURANTE BAR,NA,722412,"Bares, cantinas y similares",0 a 5 personas,CALLEJON,NINGUNO,CALLE,AMBERES,AVENIDA,CHAPULTEPEC,CALLE,LIVERPOOL,211,C,PASAJE CHAPULTEPEC,PLANTA BAJA,NA,NA,COLONIA,JUAREZ,PASAJE Y ANDADOR COMERCIAL,PASAJE CHAPULTEPEC,311,06600,09,Ciudad de México,015,Cuauhtémoc,0001,Cuauhtémoc,095A,004,NA,NA,NA,Fijo,19.4237341,-99.16394183,2010-07
980872,09015722219010091000000000U9,LOS AJOS,NA,722511,Restaurantes con servicio de preparación de alimentos a la carta o de comida corrida,0 a 5 personas,PEATONAL,PLAZA GARIBALDI,EJE VIAL,CENTRAL (LAZARO CARDENAS),CALLE,SAN CAMILITO,CALLE,REPUBLICA DE ECUADOR,4,NA,MERCADO DE SAN CAMILITO,PLANTA BAJA,27,26 Y 27,COLONIA,CENTRO,MERCADO PUBLICO,MERCADO DE SAN CAMILITO,26 Y 27,06010,09,Ciudad de México,015,Cuauhtémoc,0001,Cuauhtémoc,0536,014,5576136410,NA,LOSAJOS.COM,Fijo,19.44093651,-99.13913156,2010-07
855746,09015722212022151000000000U2,LOS ALEBRIJES RESTAURANTE,NA,722511,Restaurantes con servicio de preparación de alimentos a la carta o de comida corrida,0 a 5 personas,CALLE,LERDO,PEATONAL,NINGUNO,OTRO(ESPECIFIQUE),MANZANA O EDIFICACION CONTIGUA,OTRO(ESPECIFIQUE),MANZANA O EDIFICACION CONTIGUA,284,NA,PRESIDENTE JUAREZ,PLANTA BAJA,NA,NA,CONJUNTO HABITACIONAL,TLATELOLCO,EDIFICIO COMERCIAL Y DE SERVICIOS,PRESIDENTE JUAREZ,20,06900,09,Ciudad de México,015,Cuauhtémoc,0001,Cuauhtémoc,0409,002,5531619232,NA,NA,Fijo,19.45337258,-99.14123889,2010-07
10528431,09015722511018022000000000U6,LOS ARCOS DE REGINA,NA,722511,Restaurantes con servicio de preparación de alimentos a la carta o de comida corrida,6 a 10 personas,CALLE,REGINA,CALLE,5 DE FEBRERO,CALLE,ISABEL LA CATOLICA,PEATONAL,SAN JERONIMO,45,D,NA,NA,0,NA,COLONIA,CUAUHTEMOC,NA,NA,NA,06080,09,Ciudad de México,015,Cuauhtémoc,0001,Cuauhtémoc,0894,004,5545342360,PORTAL_12@HOTMAIL.COM,NA,Fijo,19.4276594,-99.13573216,2024-11
10571219,09015722511023441000000000U1,LOS ARTISTAS,NA,722511,Restaurantes con servicio de preparación de alimentos a la carta o de comida corrida,0 a 5 personas,CALLE,DOCTOR MANUEL CARMONA Y VALLE,CALLE,DOCTOR LAVISTA,CALLE,DOCTOR C LICEAGA,EJE VIAL,1 PONIENTE (AVENIDA CUAUHTEMOC),180,B,NA,NA,NA,NA,COLONIA,DOCTORES,NA,NA,NA,06720,09,Ciudad de México,015,Cuauhtémoc,0001,Cuauhtémoc,1534,012,5542525031,NA,NA,Fijo,19.42386231,-99.15300307,2024-11
11271791,09015722412006221000000000U9,LOS BARBACHETES,NA,722412,"Bares, cantinas y similares",0 a 5 personas,CALLE,DOCTOR LAVISTA,CALLE,DOCTOR MANUEL CARMONA Y VALLE,CALLE,DOCTOR RAFAEL LUCIO,CALLE,CLAUDIO BERNARD,192,NA,ESTACION ATM A TODA MAQUINA,PISO 1,1,NA,COLONIA,DOCTORES,PASAJE Y ANDADOR COMERCIAL,ESTACION ATM A TODA MAQUINA,5,06720,09,Ciudad de México,015,Cuauhtémoc,0001,Cuauhtémoc,1534,005,NA,NA,NA,Fijo,19.4240597,-99.15223743,2024-11
7732335,09015722511010803000000000U7,LOS BARRIGONES,NA,722511,Restaurantes con servicio de preparación de alimentos a la carta o de comida corrida,11 a 30 personas,CALLE,LONDRES,EJE VIAL,3 PONIENTE (SEVILLA),CERRADA,LONDRES,CALLE,HAMBURGO,267,NA,NA,NA,NA,NA,COLONIA,JUAREZ,NA,NA,NA,06600,09,Ciudad de México,015,Cuauhtémoc,0001,Cuauhtémoc,0983,004,NA,OLAMARINA267@GMAIL.COM,NA,Fijo,19.42219004,-99.17094143,2019-11
893661,09015722516000373010000000U2,LOS BISQUETS DE OBREGON,CAFE Y PAN BUENAVISTA SA DE CV,722511,Restaurantes con servicio de preparación de alimentos a la carta o de comida corrida,51 a 100 personas,AVENIDA,INSURGENTES NORTE,ANDADOR,NINGUNO,CALLE,JUAN NEPOMUCENO ROSSAINS,EJE VIAL,INSURGENTES NORTE,259,C-07,EDIFICIO SIN NOMBRE,PLANTA BAJA,NA,NA,COLONIA,BUENAVISTA,NA,NA,NA,06350,09,Ciudad de México,015,Cuauhtémoc,0001,Cuauhtémoc,049A,001,NA,CYPBUENAVISTA@LBBO.COM.MX,NA,Fijo,19.44827248,-99.15270964,2014-12
6318232,09015722110006425001000000U6,LOS BISQUETS DE OBREGON,OPERADORA DE RESTAURANTES ALANES SA DE CV,722511,Restaurantes con servicio de preparación de alimentos a la carta o de comida corrida,11 a 30 personas,AVENIDA,RIBERA DE SAN COSME,CALLE,SERAPIO RENDON,CALLE,ANTONIO DEL CASTILLO,CALLE,TOMAS ALVA EDISON,40,NA,NA,NA,NA,NA,COLONIA,SAN RAFAEL,NA,NA,NA,06470,09,Ciudad de México,015,Cuauhtémoc,0001,Cuauhtémoc,0697,008,5539256495,CAFESANCOSME@1660.COM.MX,NA,Fijo,19.44047412,-99.15785096,2010-07
6318037,09015722110006455002000000U3,LOS BISQUETS DE OBREGON,BISQUTS DE OBREGON SA DE CV,722511,Restaurantes con servicio de preparación de alimentos a la carta o de comida corrida,51 a 100 personas,CALLE,FRANCISCO I. MADERO,CALLE,MOTOLINÍA,CALLE,BOLÍVAR,CALLE,16 DE SEPTIEMBRE,29,NA,NA,NA,NA,NA,COLONIA,CENTRO,NA,NA,NA,06000,09,Ciudad de México,015,Cuauhtémoc,0001,Cuauhtémoc,0767,003,NA,CONTABILIDAD@BOBREGON.COM.MX,WWW.BISQUTSOBREGON.COM,Fijo,19.43356842,-99.13759749,2010-07
6317022,09015722110006575002000000U8,LOS BISQUETS OBREGÓN,LA CASA DEL BISQUET SA DE CV,722511,Restaurantes con servicio de preparación de alimentos a la carta o de comida corrida,101 a 250 personas,AVENIDA,ÁLVARO OBREGÓN,CALLE,FRONTERA,CALLE,MÉRIDA,CALLE,CHIHUAHUA,58,NA,LOS BISQUETS OBREGON,NA,NA,NA,COLONIA,ROMA NORTE,NA,NA,NA,06700,09,Ciudad de México,015,Cuauhtémoc,0001,Cuauhtémoc,1110,025,NA,CONTABILIDAD@BOBREGON.COM.MX,WWW.BISQUETSOBREGON.COM,Fijo,19.41856865,-99.15715989,2010-07
1023157,09015722219023802001000000U4,LOS CAPIS,NA,722511,Restaurantes con servicio de preparación de alimentos a la carta o de comida corrida,0 a 5 personas,CALLE,PALMA,CALLE,FRANCISCO I. MADERO,CALLE,16 DE SEPTIEMBRE,CALLE,ISABEL LA CATOLICA,31,NA,CENTRO JOYERO,PISO 2,203,1,COLONIA,CENTRO HISTORICO DE LA CIUDAD DE MEXICO,CENTRO Y PLAZA COMERCIAL,CENTRO JOYERO,203,06000,09,Ciudad de México,015,Cuauhtémoc,0001,Cuauhtémoc,0771,015,NA,NA,NA,Fijo,19.43295999,-99.13526304,2010-07
867234,09015722219011061000000000U1,LOS CEREZOS,NA,722511,Restaurantes con servicio de preparación de alimentos a la carta o de comida corrida,11 a 30 personas,CALLE,ALFONSO REYES,CALLE,ZITACUARO,CALLE,SOMBRERETE,CIRCUITO,INTERIOR (DIAGONAL PATRIOTISMO),81,D,NA,NA,0,NA,CONDOMINIO,CUAUHTEMOC,NA,NA,NA,06170,09,Ciudad de México,015,Cuauhtémoc,0001,Cuauhtémoc,1411,019,5552760338,NA,NA,Fijo,19.40954443,-99.1788988,2010-07
863256,09015722219025492001000000S2,LOS CHAMORROS DE MERIDA,NA,722511,Restaurantes con servicio de preparación de alimentos a la carta o de comida corrida,0 a 5 personas,CALLE,CHIHUAHUA,CALLE,FRONTERA,CALLE,MERIDA,AVENIDA,ALVARO OBREGON,124,NA,NA,NA,0,NA,COLONIA,ROMA NORTE,NA,NA,NA,06700,09,Ciudad de México,015,Cuauhtémoc,0001,Cuauhtémoc,1110,025,NA,LOSCHAMORROSDEMERIDA.MIND@GMAIL.COM,NA,Fijo,19.41801226,-99.15711971,2010-07
10118885,09015722511018531000000000U6,LOS COCHITOS,NA,722511,Restaurantes con servicio de preparación de alimentos a la carta o de comida corrida,0 a 5 personas,CALLE,IGNACIO ALLENDE,CALLE,DONCELES,CALLE,TACUBA,PEATONAL,XICOTENCATL,2,NA,NA,NA,NA,NA,COLONIA,CENTRO,NA,NA,NA,06010,09,Ciudad de México,015,Cuauhtémoc,0001,Cuauhtémoc,0752,013,NA,NA,NA,Fijo,19.4359399,-99.13803129,2024-11
898532,09015722511002001000000000U8,LOS COLIBRIS,NA,722511,Restaurantes con servicio de preparación de alimentos a la carta o de comida corrida,0 a 5 personas,CALLE,DOCTOR MIGUEL FRANCISCO JIMENEZ,CALLE,DOCTOR FEDERICO GOMEZ UGARTE SANTOS,CALLE,DOCTOR RAFAEL NORMA,CALLE,PRIVADA DOCTOR MARQUEZ,332,NA,NA,NA,0,NA,COLONIA,DOCTORES,NA,NA,NA,06720,09,Ciudad de México,015,Cuauhtémoc,0001,Cuauhtémoc,1394,021,5563081923,NA,NA,Fijo,19.40876206,-99.1509386,2014-12
876027,09015722511005501000000000U4,LOS CONCHITOS,NA,722511,Restaurantes con servicio de preparación de alimentos a la carta o de comida corrida,0 a 5 personas,CALLE,FRAY JUAN DE TORQUEMADA,EJE VIAL,CENTRAL (LAZARO CARDENAS),CALLE,BOLIVAR,CALLE,ANGEL DEL CAMPO,13,NA,NA,NA,NA,NA,COLONIA,OBRERA,NA,NA,NA,06800,09,Ciudad de México,015,Cuauhtémoc,0001,Cuauhtémoc,1248,010,NA,RAFAEL_PANE@HOTMAIL.COM,NA,Fijo,19.40838023,-99.14380817,2014-12
10361121,09015722511022822000000000U3,LOS CUCURUCHOS,NA,722511,Restaurantes con servicio de preparación de alimentos a la carta o de comida corrida,6 a 10 personas,CALLE,VALLADOLID,CALLE,SINALOA,CALLE,PUEBLA,EJE VIAL,3 PONIENTE (SALAMANCA),39,A,NA,NA,NA,NA,COLONIA,ROMA,NA,NA,NA,06700,09,Ciudad de México,015,Cuauhtémoc,0001,Cuauhtémoc,0998,006,NA,NA,NA,Fijo,19.42082994,-99.16849571,2024-11
7743297,09015722511012021000000000U4,LOS FABULOSOS DE SANATA MARIA,NA,722511,Restaurantes con servicio de preparación de alimentos a la carta o de comida corrida,0 a 5 personas,CALLE,SANTA MARIA LA RIBERA,AVENIDA,RIBERA DE SAN COSME,CALLE,AMADO NERVO,CALLE,DOCTOR ATL,19,CC,NA,NA,0,NA,COLONIA,SANTA MARIA LA RIVERA,NA,NA,NA,06400,09,Ciudad de México,015,Cuauhtémoc,0001,Cuauhtémoc,0606,005,NA,NA,NA,Fijo,19.44203806,-99.15817464,2019-11
1020806,09015722219008111000000000U9,LOS GIRASOLES,NA,722511,Restaurantes con servicio de preparación de alimentos a la carta o de comida corrida,0 a 5 personas,CALZADA,MANUEL VILLALONGIN,CALLE,RIO YANG TSE,CALLE,RIO USSURI,AVENIDA,PARQUE VIA,179,B,NA,NA,0,NA,COLONIA,CUAUHTEMOC,NA,NA,NA,06500,09,Ciudad de México,015,Cuauhtémoc,0001,Cuauhtémoc,0790,020,5554647019,NA,NA,Fijo,19.43454282,-99.16922845,2010-07
10310009,09015722511022362000000000U0,LOS GORDOS,NA,722511,Restaurantes con servicio de preparación de alimentos a la carta o de comida corrida,6 a 10 personas,PEATONAL,PLAZA GARIBALDI,EJE VIAL,CENTRAL (LAZARO CARDENAS),CALLE,SAN CAMILITO,CALLE,REPUBLICA DE ECUADOR,4,NA,MERCADO DE SAN CAMILITO,PLANTA BAJA,NA,NA,COLONIA,CENTRO,MERCADO PUBLICO,MERCADO DE SAN CAMILITO,9,06010,09,Ciudad de México,015,Cuauhtémoc,0001,Cuauhtémoc,0536,014,NA,NA,NA,Fijo,19.44093651,-99.13913156,2024-11
10818186,09015722511021922000000000U2,LOS GORDOS III,NA,722511,Restaurantes con servicio de preparación de alimentos a la carta o de comida corrida,6 a 10 personas,PEATONAL,PLAZA GARIBALDI,EJE VIAL,CENTRAL (LAZARO CARDENAS),CALLE,SAN CAMILITO,CALLE,REPUBLICA DE ECUADOR,4,NA,MERCADO DE SAN CAMILITO,PLANTA BAJA,NA,NA,COLONIA,CENTRO,MERCADO PUBLICO,MERCADO DE SAN CAMILITO,9,06010,09,Ciudad de México,015,Cuauhtémoc,0001,Cuauhtémoc,0536,014,5555267367,NA,NA,Fijo,19.44093651,-99.13913156,2024-11
1020165,09015722219027122001000000U3,LOS HUEVITOS Y HOT CAKES,NA,722511,Restaurantes con servicio de preparación de alimentos a la carta o de comida corrida,6 a 10 personas,CALZADA,MANUEL VILLALONGIN,CALLE,RIO NEVA,CALLE,RIO LERMA,CALLE,RIO LERMA,60,NA,NA,NA,NA,NA,COLONIA,CUAUHTEMOC,NA,NA,NA,06500,09,Ciudad de México,015,Cuauhtémoc,0001,Cuauhtémoc,0790,014,5540466279,HUEVITOSYHOTCAKESCDMX@GMAIL.COM,WWW.HUEVITOSYHOTCAKESCDMX.COM,Fijo,19.43263155,-99.16275529,2010-07
7732072,09015722412003994000000000U4,LOS INSURGENTES,PULQUERIA LOS INSURGENTES SA DE CV,722412,"Bares, cantinas y similares",11 a 30 personas,AVENIDA,INSURGENTES SUR,CALLE,DURANGO,CALLE,COLIMA,CALLE,TONALA,226,NA,NA,NA,NA,NA,COLONIA,ROMA NORTE,NA,NA,NA,06700,09,Ciudad de México,015,Cuauhtémoc,0001,Cuauhtémoc,1002,016,NA,PULQUERIA.LOS.INSURGENTE@GMAIL.COM,WWW.PULQUERIA.LOS.INSURGENTES.COM,Fijo,19.41901742,-99.16424437,2019-11
9365491,09015722511016701000000000U7,LOS LAURELES,NA,722511,Restaurantes con servicio de preparación de alimentos a la carta o de comida corrida,6 a 10 personas,CALLE,DOCTOR MIGUEL FRANCISCO JIMENEZ,CALLE,DOCTOR C. LICEAGA,CALLE,CLAUDIO BERNARD,CALLE,DOCTOR C. LICEAGA,47,A,NA,NA,0,NA,COLONIA,DOCTORES,NA,NA,NA,06720,09,Ciudad de México,015,Cuauhtémoc,0001,Cuauhtémoc,1534,010,5573897084,RESTAURANTELOSLAURELES51@GMAIL.COM,NA,Fijo,19.4218088,-99.14841233,2021-05
8625480,09015722511013792000000000U9,LOS LOOSERS,NA,722511,Restaurantes con servicio de preparación de alimentos a la carta o de comida corrida,6 a 10 personas,CALLE,SINALOA,CALLE,ACAPULCO,CALLE,TAMPICO,CALLE,DURANGO,236,B,NA,NA,NA,NA,COLONIA,ROMA NORTE,NA,NA,NA,06700,09,Ciudad de México,015,Cuauhtémoc,0001,Cuauhtémoc,1089,006,5620524969,LOSLOOSERRS203@GMAIL.COM,WWW.LOSLOOSERS.MX,Fijo,19.41898217,-99.1746662,2019-11
10037433,09015722412006161000000000U7,LOS ORIGINALES EN LAS LUCHAS,LOS ORIGINALES EN LAS LUCHAS SA DE CV,722412,"Bares, cantinas y similares",0 a 5 personas,CALLE,DOCTOR LAVISTA,CALLE,DOCTOR MANUEL CARMONA Y VALLE,CALLE,DOCTOR RAFAEL LUCIO,CALLE,CLAUDIO BERNARD,192,NA,ESTACION ATM A TODA MAQUINA,PISO 1,10,NA,COLONIA,DOCTORES,PASAJE Y ANDADOR COMERCIAL,ESTACION ATM A TODA MAQUINA,10,06720,09,Ciudad de México,015,Cuauhtémoc,0001,Cuauhtémoc,1534,005,5552756525,NA,NA,Fijo,19.4240597,-99.15223743,2024-11
10490766,09015722511017611000000000U7,LOS SABORES DE MAMI LUZ,NA,722511,Restaurantes con servicio de preparación de alimentos a la carta o de comida corrida,0 a 5 personas,CALLE,COAHUILA,AVENIDA,YUCATAN,CALLE,TONALA,CALLE,CHIAPAS,105,NA,NA,NA,NA,NA,COLONIA,ROMA SUR,NA,NA,NA,06760,09,Ciudad de México,015,Cuauhtémoc,0001,Cuauhtémoc,1375,014,5564609975,NA,NA,Fijo,19.4118651,-99.16007684,2024-11
8626097,09015722511013981000000000U8,LOS SABORES DE MEXICO,NA,722511,Restaurantes con servicio de preparación de alimentos a la carta o de comida corrida,0 a 5 personas,CALLE,Monte de Piedad,CALLE,5 de Mayo,CALLE,Francisco I. Madero,CALLE,Palma,13,NA,MERCADO CENTRO,NA,507,NA,MANZANA,CENTRO,NA,MERCADO CENTRO,SN,NA,09,Ciudad de México,015,Cuauhtémoc,0001,Cuauhtémoc,0771,006,NA,M16.EM64@GMAIL.COM.MX,NA,Fijo,19.43368134,-99.13410999,2019-11
11094303,09015722511020001000000000S6,LOS SABORES DE MEXICO,NA,722511,Restaurantes con servicio de preparación de alimentos a la carta o de comida corrida,0 a 5 personas,CALLE,MONTE DE PIEDAD,CALLE,5 DE MAYO,CALLE,FRANCISCO I. MADERO,CALLE,PALMA,5,NA,CENTRO JOYERO CATEDRAL,PISO 1,104,105,MANZANA,CENTRO,PASAJE Y ANDADOR COMERCIAL,CENTRO JOYERO CATEDRAL,104-105,06000,09,Ciudad de México,015,Cuauhtémoc,0001,Cuauhtémoc,0771,006,NA,NA,NA,Fijo,19.43380777,-99.13409582,2024-11
892509,09015722212014481000000000U3,LOS SIRENOS,NA,722511,Restaurantes con servicio de preparación de alimentos a la carta o de comida corrida,0 a 5 personas,CALLE,ERNESTO PUGIBET,CALLE,LUIS MOYA,CALLE,PLAZA DE SAN JUAN,CALLE,AYUNTAMIENTO,21,NA,MERCADO SAN JUAN PUGIMET,PLANTA BAJA,282,NA,COLONIA,CENTRO,MERCADO PUBLICO,MERCADO SAN JUAN PUGIMET,280-281-282,06070,09,Ciudad de México,015,Cuauhtémoc,0001,Cuauhtémoc,0875,009,NA,NA,NA,Fijo,19.4297037,-99.14438187,2014-12
1011685,09015722511000761001000000U9,LOS TRES BUHOS,NA,722511,Restaurantes con servicio de preparación de alimentos a la carta o de comida corrida,11 a 30 personas,AVENIDA,RIBERA DE SAN COSME,CALLE,GABINO BARREDA,CALLE,IGNACIO MANUEL ALTAMIRANO,CALLE,JOAQUIN GARCIA ICAZBALCETA,6,NA,SAN COSME,PLANTA BAJA,1,NA,COLONIA,SAN RAFAEL,MERCADO PUBLICO,SAN COSME,"1,2,3,54,55,79 Y 80",07460,09,Ciudad de México,015,Cuauhtémoc,0001,Cuauhtémoc,0682,013,NA,NA,NA,Fijo,19.44227418,-99.16214177,2010-07
10284707,09015722511019721000000000U2,LOS TRES POTRILLOS,NA,722511,Restaurantes con servicio de preparación de alimentos a la carta o de comida corrida,0 a 5 personas,CALLE,SAN MIGUEL,CALLE,CALLEJON HORMIGUERO,AVENIDA,JOSE MARIA IZAZAGA,CALLE,ESCUELA MEDICO MILITAR,6,NA,NA,NA,NA,NA,COLONIA,CENTRO,NA,NA,NA,06010,09,Ciudad de México,015,Cuauhtémoc,0001,Cuauhtémoc,0979,007,5618099830,NA,NA,Fijo,19.42551895,-99.13138709,2024-11
11416840,09015722511021193000000000U0,LOS TRITONES,LOS TRITONES SA DE CV,722511,Restaurantes con servicio de preparación de alimentos a la carta o de comida corrida,11 a 30 personas,AVENIDA,INSURGENTES SUR,AVENIDA,SONORA,CALLE,CELAYA,AVENIDA,AMSTERDAM,331,NA,NA,NA,NA,NA,COLONIA,HIPODROMO,NA,NA,NA,06100,09,Ciudad de México,015,Cuauhtémoc,0001,Cuauhtémoc,120A,003,5555346784,NA,NA,Fijo,19.41291243,-99.16638198,2024-11
8626055,09015722511013952000000000U9,LOS TURCOS,LOKANTA SA DE CV,722511,Restaurantes con servicio de preparación de alimentos a la carta o de comida corrida,11 a 30 personas,EJE VIAL,3 PONIENTE MEDELLIN,CALLE,QUERETARO,CALLE,SAN LUIS POTOSI,AVENIDA,INSURGENTES SUR,163,NA,NA,NA,NA,NA,COLONIA,ROMA NORTE,NA,NA,NA,06700,09,Ciudad de México,015,Cuauhtémoc,0001,Cuauhtémoc,1214,024,5578858400,CONTATOLOSTURCOS@LOSTURCOS.COM.MX,WWW.LOSTURCOS.COM.MC,Fijo,19.41330701,-99.16503338,2019-11
866797,09015332810000422010000000U6,LOS URUGUAYOS RESTAURANTE,NA,722511,Restaurantes con servicio de preparación de alimentos a la carta o de comida corrida,0 a 5 personas,CALLE,ATLIXCO,CALLE,ANTONIO SOLA,EJE VIAL,2 SUR (JUAN ESCUTIA),EJE VIAL,2 SUR (JUAN ESCUTIA),38,A,NA,NA,NA,NA,COLONIA,CONDESA,NA,NA,NA,06140,09,Ciudad de México,015,Cuauhtémoc,0001,Cuauhtémoc,1182,010,NA,NA,NA,Fijo,19.41431625,-99.17352093,2010-07
11046954,09015722412006241000000000U7,LOS VALES,LOS VALES SA DE CV,722412,"Bares, cantinas y similares",0 a 5 personas,CALLE,LERDO,AVENIDA,RICARDO FLORES MAGON,CALLE,ESTRELLA,CALLE,ZARCO,184,C,NA,NA,NA,NA,COLONIA,GUERRERO,NA,NA,NA,06300,09,Ciudad de México,015,Cuauhtémoc,0001,Cuauhtémoc,0517,012,NA,NA,NA,Fijo,19.44981711,-99.14162155,2024-11
10148285,09015722511023243000000000U1,LOUISES CHEF,NA,722511,Restaurantes con servicio de preparación de alimentos a la carta o de comida corrida,11 a 30 personas,CALLE,REVILLAGIGEDO,CALLE,MARQUEZ STERLING,AVENIDA,ARCOS DE BELEN,CALLE,LUIS MOYA,104,A,NA,NA,0,NA,COLONIA,CENTRO,NA,NA,NA,06010,09,Ciudad de México,015,Cuauhtémoc,0001,Cuauhtémoc,0875,005,5562553698,NUILSCHEFS@GMAIL.COM.MX,NA,Fijo,19.42798297,-99.14717058,2024-11
10258211,09015722511020732000000000U6,LU BAR LU BA,NA,722511,Restaurantes con servicio de preparación de alimentos a la carta o de comida corrida,6 a 10 personas,CALLE,HAMBURGO,EJE VIAL,3 PONIENTE (SEVILLA),CALLE,TOLEDO,CALLE,TOKIO,273,NA,NA,NA,NA,NA,COLONIA,COLONIA JUAREZ,NA,NA,NA,06600,09,Ciudad de México,015,Cuauhtémoc,0001,Cuauhtémoc,0945,010,NA,NA,NA,Fijo,19.42302279,-99.17159994,2024-11
1043678,09015722110005303001000000U6,LUAU,LUAU SA DE CV,722511,Restaurantes con servicio de preparación de alimentos a la carta o de comida corrida,11 a 30 personas,CALLE,NIZA,CALLE,HAMBURGO,CALLE,LONDRES,CALLE,HAVRE,38,NA,NA,NA,NA,B,COLONIA,JUAREZ,NA,NA,NA,06600,09,Ciudad de México,015,Cuauhtémoc,0001,Cuauhtémoc,095A,010,5555257474,NA,WWW.LUAU.COM.MX,Fijo,19.42672461,-99.16250479,2010-07
1029651,09015722110003723000000000U7,LUCILLE BILLAR,NA,722511,Restaurantes con servicio de preparación de alimentos a la carta o de comida corrida,11 a 30 personas,CALLE,ORIZABA,CALLE,TABASCO,AVENIDA,ALVARO OBREGON,CALLE,JALAPA,99,NA,NA,NA,0,NA,COLONIA,ROMA NORTE,NA,NA,NA,06700,09,Ciudad de México,015,Cuauhtémoc,0001,Cuauhtémoc,1002,019,NA,BILLARLUCILLE99@GMAIL.COM,NA,Fijo,19.41892025,-99.15999189,2010-07
11782378,09015722511024641000000000U5,LUCKS MEXICAN FOOD,NA,722511,Restaurantes con servicio de preparación de alimentos a la carta o de comida corrida,0 a 5 personas,CALLE,Monte de Piedad,CALLE,5 de Mayo,CALLE,Francisco I. Madero,CALLE,Palma,13,NA,MERCADO CENTRO,NA,506,NA,MANZANA,CENTRO,NA,MERCADO CENTRO,SN,NA,09,Ciudad de México,015,Cuauhtémoc,0001,Cuauhtémoc,0771,006,5529659712,SAMUELALBERTO1972@HOTMAIL.COM,NA,Fijo,19.43368134,-99.13410999,2025-04
1012146,09015722212024961000000000S2,LUCKY PAUL,NA,722511,Restaurantes con servicio de preparación de alimentos a la carta o de comida corrida,0 a 5 personas,CALLE,FRANCISCO DIAZ COVARRUBIAS,CALLE,JOAQUIN VELAZQUEZ DE LEON,CALLE,MANUEL MARIA CONTRERAS,CALLE,GUILLERMO PRIETO,53,A,NA,NA,NA,NA,COLONIA,SAN RAFAEL,NA,NA,NA,06470,09,Ciudad de México,015,Cuauhtémoc,0001,Cuauhtémoc,0678,011,5579074693,PAULSEG42@GMAIL.COM,NA,Fijo,19.43691832,-99.16545449,2010-07
10396833,09015722511023592000000000U1,LUCKY SUSHI,LUCKY SUSHI SA DE CV,722511,Restaurantes con servicio de preparación de alimentos a la carta o de comida corrida,6 a 10 personas,CALLE,RIO LERMA,CALLE,RIO GUADALQUIVIR,EJE VIAL,2 PONIENTE (RIO TIBER),CALLE,RIO VOLGA,154,NA,NA,NA,NA,NA,COLONIA,CUAUHTEMOC,NA,NA,NA,06500,09,Ciudad de México,015,Cuauhtémoc,0001,Cuauhtémoc,0930,002,NA,NA,WWW.LUCKYSUSHI.COM,Fijo,19.42836114,-99.16896054,2024-11
10607603,09015722511023371000000000S0,LUCKY SUSHI,KUMSUBS NATURA SA DE CV,722511,Restaurantes con servicio de preparación de alimentos a la carta o de comida corrida,0 a 5 personas,CALLE,DURANGO,CALLE,VALLADOLID,AVENIDA,PLAZA VILLA MADRID,CALLE,VALLADOLID,209,NA,NA,NA,NA,NA,COLONIA,ROMA NORTE,NA,NA,NA,06700,09,Ciudad de México,015,Cuauhtémoc,0001,Cuauhtémoc,0998,004,NA,NA,NA,Semifijo,19.41978067,-99.16762872,2024-11
10958897,09015722511020341000000000U6,LUNCH V,NA,722511,Restaurantes con servicio de preparación de alimentos a la carta o de comida corrida,0 a 5 personas,CALLE,ALLENDE,PEATONAL,MARIANA DEL TORO DE LAZARIN,CALLE,BELISARIO DOMINGUEZ,CALLE,REPUBLICA DE CHILE,33,NA,NA,NA,NA,NA,COLONIA,CENTRO,NA,NA,NA,06010,09,Ciudad de México,015,Cuauhtémoc,0001,Cuauhtémoc,0644,015,NA,LUNCH@GMAIL.COM,NA,Fijo,19.43848524,-99.13753261,2024-11
10574983,09015722511024272000000000U9,LUVINA,NA,722511,Restaurantes con servicio de preparación de alimentos a la carta o de comida corrida,6 a 10 personas,CALLE,REVILLAGIGEDO,CALLE,INDEPENDENCIA,CALLE,ARTICULO 123,CALLE,LUIS MOYA,24,NA,LINCOLN,PLANTA BAJA,NA,B,COLONIA,CENTRO,EDIFICIO COMERCIAL Y DE SERVICIOS,LINCOLN,B,06000,09,Ciudad de México,015,Cuauhtémoc,0001,Cuauhtémoc,0748,008,NA,NA,NA,Fijo,19.43316437,-99.14607202,2024-11
6257510,09015722511000266001003485S9,LYNIS RESTAURANT,DELY OPELINIS SA DE CV,722511,Restaurantes con servicio de preparación de alimentos a la carta o de comida corrida,11 a 30 personas,AVENIDA,PASEO DE LA REFORMA,CALLE,RÍO NILO,EJE VIAL,3 PONIENTE (RÍO MISSISSIPI),CALLE,RÍO LERMA,423,NA,NA,NA,NA,NA,COLONIA,CUAUHTEMOC,NA,NA,NA,06500,09,Ciudad de México,015,Cuauhtémoc,0001,Cuauhtémoc,0930,005,NA,CONTADOR@LYNIS.NET,NA,Fijo,19.42566291,-99.17139175,2010-07
10574781,09015722511022883000000000U5,MACARTIS,NA,722511,Restaurantes con servicio de preparación de alimentos a la carta o de comida corrida,11 a 30 personas,CALLE,QUERETARO,EJE VIAL,3 PONIENTE (MEDELLIN),EJE VIAL,2 SUR (AVENIDA YUCATAN),CALLE,ZACATECAS,211,NA,NA,NA,NA,NA,COLONIA,ROMA NORTE,NA,NA,NA,06700,09,Ciudad de México,015,Cuauhtémoc,0001,Cuauhtémoc,1214,015,NA,PUCC1967@YAHOO.COM.MX,NA,Fijo,19.41416642,-99.16388744,2024-11
657849,09015722110002433000000000U4,MACELLERIA ROMA,ASADERO SANTA FE SA DE CV,722511,Restaurantes con servicio de preparación de alimentos a la carta o de comida corrida,31 a 50 personas,CALLE,ORIZABA,CALLE,CHIHUAHUA,CALLE,GUANAJUATO,CALLE,JALAPA,127,NA,NA,NA,NA,NA,COLONIA,ROMA NORTE,NA,NA,NA,06700,09,Ciudad de México,015,Cuauhtémoc,0001,Cuauhtémoc,1106,011,NA,ADMINISTRACION@MACELLERIAROMA.COM.MX,WWW.MACELLERIAROMA.COM.MX,Fijo,19.41715395,-99.15956154,2010-07
6715833,09015722511008261000000000U2,MACHETERIA ROMA,UMAMIBURRITOS SA DE CV,722511,Restaurantes con servicio de preparación de alimentos a la carta o de comida corrida,0 a 5 personas,CALLE,QUERETARO,EJE VIAL,3 PONIENTE (MEDELLIN),EJE VIAL,2 SUR (AVENIDA YUCATAN),CALLE,ZACATECAS,225,NA,MERCADO ROMA,PLANTA BAJA,NA,NA,COLONIA,ROMA NORTE,CENTRO Y PLAZA COMERCIAL,MERCADO ROMA,24-A,06700,09,Ciudad de México,015,Cuauhtémoc,0001,Cuauhtémoc,1214,015,5555564279,PABLO@UMAMIBURRITO.MX,WWW.UMAMIBURRITO.COM.MX,Fijo,19.4140631,-99.16441382,2016-01
8326260,09015722412004522000000000U2,MACHO VIP DANCE BAR,BARES DE AMBERES SA DE CV,722412,"Bares, cantinas y similares",11 a 30 personas,CALLE,AMBERES,CALLE,ESTRASBURGO,CALLE,HAMBURGO,CALLE,GENOVA,24,NA,NA,NA,0,NA,COLONIA,JUAREZ,NA,NA,NA,06600,09,Ciudad de México,015,Cuauhtémoc,0001,Cuauhtémoc,0945,015,NA,BARESDEAMBERES@HOTMAIL.COM,NA,Fijo,19.4261943,-99.16556976,2019-11
9587789,09015722511019941000000000U6,MAD LAB,NA,722511,Restaurantes con servicio de preparación de alimentos a la carta o de comida corrida,0 a 5 personas,EJE VIAL,2 SUR AVENIDA QUERETARO,CALLE,MERIDA,CALLE,FRONTERA,CALLE,ZACATECAS,39,A,NA,NA,NA,NA,COLONIA,ROMA NORTE,NA,NA,NA,06700,09,Ciudad de México,015,Cuauhtémoc,0001,Cuauhtémoc,1110,002,NA,VEGANTE.ROMA@GMAIL.COM,NA,Fijo,19.41563023,-99.15648344,2024-11
10076990,09015722511019341000000000U9,MAGMA CORTES,CONFEDERACION NACIONAL CORPORATIVA PESQUERA SC DE RL,722511,Restaurantes con servicio de preparación de alimentos a la carta o de comida corrida,0 a 5 personas,CALLE,MARSELLA,CALLE,BERLIN,CALLE,VERSALLES,CALLE,BERLIN,11,NA,NA,NA,NA,NA,COLONIA,JUAREZ,NA,NA,NA,06600,09,Ciudad de México,015,Cuauhtémoc,0001,Cuauhtémoc,0841,012,NA,NA,NA,Fijo,19.42691865,-99.15638177,2024-11
9114399,09015722511015672000000000U1,MAIKAI POKE,CENTRO DE PRODUCCIONES POKE SA DE CV,722511,Restaurantes con servicio de preparación de alimentos a la carta o de comida corrida,11 a 30 personas,CALLE,RIO LERMA,CALLE,RIO NILO,CALLE,RIO GANGES,CALLE,RIO PANUCO,213,NA,NA,NA,0,NA,COLONIA,CUAHUTEMOC,NA,NA,NA,06500,09,Ciudad de México,015,Cuauhtémoc,0001,Cuauhtémoc,0926,003,NA,NA,NA,Fijo,19.42738127,-99.17134941,2019-11
9428148,09015722412005314000000000U3,MAISON ARTEMISIA,ON CRAINT DEGUN SA DE CV,722412,"Bares, cantinas y similares",11 a 30 personas,CALLE,TONALA,AVENIDA,INSURGENTES SUR,CALLE,DURANGO,CALLE,TONALA,23,NA,NA,NA,NA,NA,COLONIA,ROMA NORTE,NA,NA,NA,16700,09,Ciudad de México,015,Cuauhtémoc,0001,Cuauhtémoc,1002,017,NA,RESERVACIONES@MYZONEARTEMISA.COM,WWW.MYZONEARTEMISA.COM,Fijo,19.4206507,-99.16334611,2023-11
6801857,09015722511009284001017607S3,MAISON KAISER REFORMA 222,MAISON KAYSER MEXICO SAPI DE CV,722511,Restaurantes con servicio de preparación de alimentos a la carta o de comida corrida,11 a 30 personas,AVENIDA,PASEO DE LA REFORMA,CALLE,NÁPOLES,CALLE,HAVRE,CALLE,HAMBURGO,222,NA,NA,NA,NA,NA,COLONIA,JUAREZ,CENTRO Y PLAZA COMERCIAL,REFORMA 222,R-03A R-03B,06600,09,Ciudad de México,015,Cuauhtémoc,0001,Cuauhtémoc,0803,008,NA,GSONI@MAISON-KAYSER.COM.MX,WWW.MAISON-KAYSER.COM.MX,Fijo,19.42904506,-99.16220252,2017-11
10702640,09015722511019773000000000U3,MAKAN,NA,722511,Restaurantes con servicio de preparación de alimentos a la carta o de comida corrida,11 a 30 personas,CALLE,EMILIO DONDE,CALLE,ENRICO MARTINEZ,EJE VIAL,1 PONIENTE (AVENIDA BUCARELI),CALLE,AYUNTAMIENTO,68,B,NA,NA,NA,NA,COLONIA,CENTRO,NA,NA,NA,06040,09,Ciudad de México,015,Cuauhtémoc,0001,Cuauhtémoc,0860,008,NA,ADMIN@MAKAN.MX,MAKAN.MX,Fijo,19.43086828,-99.15123261,2024-11
11373816,09015722511022801000000000U7,MAL DE CRUZ,NA,722511,Restaurantes con servicio de preparación de alimentos a la carta o de comida corrida,0 a 5 personas,CALLE,PUEBLA,CALLE,GUAYMAS,CALLE,MORELIA,CALLE,PUEBLA,26,A,NA,NA,NA,NA,COLONIA,ROMA,NA,NA,NA,06700,09,Ciudad de México,015,Cuauhtémoc,0001,Cuauhtémoc,1017,003,NA,NA,WWW.MALDECRUZ.COM,Fijo,19.42378931,-99.15557819,2024-11
9896502,09015722511021122000000000U9,MAL VICHO FOOD & DRINKS,NA,722511,Restaurantes con servicio de preparación de alimentos a la carta o de comida corrida,6 a 10 personas,CALLE,BURDEOS,CALLE,HAMBURGO,CALLE,TOKIO,CALLE,TOLEDO,30,NA,NA,NA,311,NA,COLONIA,CUAHUTEMOC,NA,NA,NA,06500,09,Ciudad de México,015,Cuauhtémoc,0001,Cuauhtémoc,0945,016,5547629794,NA,WWW.MALVICHO.MX,Fijo,19.42226238,-99.17344904,2024-11
10767642,09015722511020401000000000U8,MALINCHES,NA,722511,Restaurantes con servicio de preparación de alimentos a la carta o de comida corrida,0 a 5 personas,CALLE,QUERETARO,EJE VIAL,3 PONIENTE (MEDELLIN),EJE VIAL,2 SUR (AVENIDA YUCATAN),CALLE,ZACATECAS,225,NA,MERCADO ROMA,PISO 1,NA,NA,COLONIA,ROMA NORTE,CENTRO Y PLAZA COMERCIAL,MERCADO ROMA,SN,06700,09,Ciudad de México,015,Cuauhtémoc,0001,Cuauhtémoc,1214,015,NA,NA,NA,Fijo,19.4140631,-99.16441382,2024-11
10437390,09015722412005391000000000U1,MALT BUNNY,NA,722412,"Bares, cantinas y similares",0 a 5 personas,EJE VIAL,2 PONIENTE MONTERREY,CALLE,SAN LUIS POTOSI,CALLE,JOSE ALVARADO,EJE VIAL,3 PONIENTE (MEDELLIN),205,NA,NA,NA,205,NA,COLONIA,ROMA NORTE,NA,NA,NA,06700,09,Ciudad de México,015,Cuauhtémoc,0001,Cuauhtémoc,1214,013,5530716722,MALT.BUN1@GMAIL.COM,NA,Fijo,19.41280713,-99.16301898,2024-11
10772568,09015722511023571000000000U5,MAMACITA BURRITOS,NA,722511,Restaurantes con servicio de preparación de alimentos a la carta o de comida corrida,0 a 5 personas,CALLE,SINALOA,AVENIDA,OAXACA,CALLE,MEDELLIN,AVENIDA,PLAZA VILLA MADRID,40,A,NA,NA,0,NA,COLONIA,ROMA NORTE,NA,NA,NA,06700,09,Ciudad de México,015,Cuauhtémoc,0001,Cuauhtémoc,0998,003,NA,SOFCARRAL@GMAIL.COM,NA,Fijo,19.42077547,-99.16658587,2024-11
10124974,09015722511023361000000000U1,MAMAS JUANA,NA,722511,Restaurantes con servicio de preparación de alimentos a la carta o de comida corrida,0 a 5 personas,CALLE,NOGAL,CALLE,AMADO NERVO,CALLE,SEGUNDA CERRADA DE LA PRIMERA DEL NOGAL,CIRCUITO,INTERIOR (INSTITUTO TECNICO INDUSTRIAL),42,NA,NA,NA,NA,NA,COLONIA,SANTA MARIA LA RIBERA,NA,NA,NA,06400,09,Ciudad de México,015,Cuauhtémoc,0001,Cuauhtémoc,0593,013,NA,NA,NA,Fijo,19.44479578,-99.16465353,2024-11
11586287,09015722412006341000000000U5,MAMBA CERVECERIA,NA,722412,"Bares, cantinas y similares",0 a 5 personas,CALLE,TEHUANTEPEC,EJE VIAL,2 PONIENTE (MONTERREY),CALLE,LINARES,CALLE,BAJIO,102,A,NA,NA,NA,NA,COLONIA,ROMA SUR,NA,NA,NA,06760,09,Ciudad de México,015,Cuauhtémoc,0001,Cuauhtémoc,1464,002,5628127385,NA,NA,Fijo,19.4051797,-99.16076983,2024-11
10284385,09015722511022402000000000U4,MAMMA RICOTTA,MAMMA RICOTTA SA DE CV,722511,Restaurantes con servicio de preparación de alimentos a la carta o de comida corrida,6 a 10 personas,CALLE,PLAZA MELCHOR OCAMPO,CALLE,RIO NAZAS,CALLE,RIO PANUCO,CALLE,RIO GANGES,30,B,NA,NA,NA,NA,COLONIA,CUAHUTEMOC,NA,NA,NA,06500,09,Ciudad de México,015,Cuauhtémoc,0001,Cuauhtémoc,0926,001,NA,NA,NA,Fijo,19.42872494,-99.17309241,2024-11
1029857,09015722110001171011000000U1,MANDALA,NA,722412,"Bares, cantinas y similares",0 a 5 personas,EJE VIAL,1 PONIENTE AVENIDA CUAUHTEMOC,CALLE,REAL DE ROMITA,CALLE,PUEBLA,CALLE,GUAYMAS,39,NA,NA,NA,NA,B,COLONIA,ROMS,NA,NA,NA,06700,09,Ciudad de México,015,Cuauhtémoc,0001,Cuauhtémoc,1017,015,5571446398,NA,NA,Fijo,19.42385375,-99.15400391,2010-07
867116,09015722511005652000000000U5,MANDUCA,GASTRONOMICA RIAN SA DE CV,722511,Restaurantes con servicio de preparación de alimentos a la carta o de comida corrida,0 a 5 personas,AVENIDA,NUEVO LEON,CALLE,OMETUSCO,CALLE,SALTILLO,AVENIDA,NUEVO LEON,133,A,NA,NA,0,NA,COLONIA,CUAUHTEMOC,NA,NA,NA,06170,09,Ciudad de México,015,Cuauhtémoc,0001,Cuauhtémoc,1337,009,NA,NA,NA,Fijo,19.40945659,-99.17285084,2011-03
9975462,09015722412005752000000000U4,MANGO MANGO,NA,722412,"Bares, cantinas y similares",6 a 10 personas,AVENIDA,OAXACA,AVENIDA,CHAPULTEPEC,CALLE,PUEBLA,CALLE,PUEBLA,11,NA,NA,NA,NA,NA,ZONA COMERCIAL,ROMA NORTE,NA,NA,NA,06700,09,Ciudad de México,015,Cuauhtémoc,0001,Cuauhtémoc,0998,011,5532264272,GERARDOHD0310C@GMAIL.COM,NA,Fijo,19.42275345,-99.16391741,2024-11
8368270,09015722511009851000000000U9,MANO A MANO,NA,722511,Restaurantes con servicio de preparación de alimentos a la carta o de comida corrida,0 a 5 personas,CALLE,BAJIO,EJE VIAL,4 SUR (CHILPANCINGO),AVENIDA,INSURGENTES SUR,EJE VIAL,4 SUR (TEHUANTEPEC),0,SN,NA,NA,NA,NA,COLONIA,ROMA SUR,NA,NA,NA,06760,09,Ciudad de México,015,Cuauhtémoc,0001,Cuauhtémoc,1445,001,NA,NA,NA,Semifijo,19.402741,-99.16863361,2019-11
10612195,09015722412006091000000000U6,MANO SANTA,NA,722412,"Bares, cantinas y similares",0 a 5 personas,EJE VIAL,1 PONIENTE AVENIDA CUAUHTEMOC,CALLE,DURANGO,CALLE,COLIMA,CALLE,MORELIA,93,A,NA,NA,NA,NA,COLONIA,ROMA,NA,NA,NA,06700,09,Ciudad de México,015,Cuauhtémoc,0001,Cuauhtémoc,1017,018,NA,NA,NA,Fijo,19.42135594,-99.15416392,2024-11
10272624,09015461211000981000000000U5,MANO SANTA COCKTAIL CLUB,NA,722511,Restaurantes con servicio de preparación de alimentos a la carta o de comida corrida,0 a 5 personas,AVENIDA,INSURGENTES SUR,EJE VIAL,4 SUR (TEHUANTEPEC),CALLE,BAJIO,EJE VIAL,4 SUR (CHILPANCINGO),516,NA,NA,NA,1,NA,COLONIA,ROMA SUR,NA,NA,NA,06760,09,Ciudad de México,015,Cuauhtémoc,0001,Cuauhtémoc,1445,001,NA,NA,NA,Fijo,19.40299181,-99.16935988,2024-11
11397027,09015722412005511000000000S4,MANO SANTA COCKTEL,NA,722412,"Bares, cantinas y similares",0 a 5 personas,AVENIDA,INSURGENTES SUR,EJE VIAL,4 SUR (TEHUANTEPEC),CALLE,BAJIO,EJE VIAL,4 SUR (CHILPANCINGO),516,NA,NA,NA,1,C,COLONIA,ROMA SUR,NA,NA,NA,06760,09,Ciudad de México,015,Cuauhtémoc,0001,Cuauhtémoc,1445,001,NA,MANOSANTACOCKEL@GMAIL.COM,NA,Fijo,19.40299181,-99.16935988,2024-11
895875,09015722511006351001000000U3,MANO SANTA MEZCAL,NA,722511,Restaurantes con servicio de preparación de alimentos a la carta o de comida corrida,6 a 10 personas,AVENIDA,INSURGENTES SUR,CALLE,DURANGO,EJE VIAL,2 PONIENTE (MONTERREY),CALLE,DURANGO,219,NA,NA,NA,NA,NA,COLONIA,ROMA NORTE,NA,NA,NA,06700,09,Ciudad de México,015,Cuauhtémoc,0001,Cuauhtémoc,1093,016,NA,CONTACTO@MANOSANTAMEZCAL.COM,NA,Fijo,19.4198588,-99.16418753,2014-12
894828,09015722511004822000000000U5,MAPO GAL BI,NA,722511,Restaurantes con servicio de preparación de alimentos a la carta o de comida corrida,6 a 10 personas,CALLE,LIVERPOOL,EJE VIAL,2 PONIENTE (FLORENCIA),CALLE,VARSOVIA,CALLE,LONDRES,185,NA,NA,NA,NA,NA,COLONIA,JUAREZ,NA,NA,NA,06600,09,Ciudad de México,015,Cuauhtémoc,0001,Cuauhtémoc,095A,018,5555110305,MAPO_GAL_@GMAIL.COM,NA,Fijo,19.42311418,-99.16674654,2014-12
10658860,09015722511018103000000000U4,MAR JOANA,PESCARNE SA DE CV,722511,Restaurantes con servicio de preparación de alimentos a la carta o de comida corrida,11 a 30 personas,AVENIDA,ALVARO OBREGON,CALLE,JALAPA,CALLE,ORIZABA,CALLE,CHIHUAHUA,120,NA,NA,NA,NA,B,COLONIA,ROMA NORTE,NA,NA,NA,06700,09,Ciudad de México,015,Cuauhtémoc,0001,Cuauhtémoc,1106,010,NA,NA,NA,Fijo,19.41792634,-99.16044721,2024-11
11332207,09015722511018923000000000U5,MAR Y FUEGO,NA,722511,Restaurantes con servicio de preparación de alimentos a la carta o de comida corrida,11 a 30 personas,CALLE,AMADO NERVO,CALLE,NARANJO,CALLE,JAIME TORRES BODET,CALLE,RAMON LOPEZ VELARDE,75,NA,NA,NA,NA,NA,COLONIA,SANTA MARIA LA RIBERA,NA,NA,NA,06400,09,Ciudad de México,015,Cuauhtémoc,0001,Cuauhtémoc,0593,019,5589911747,NA,NA,Fijo,19.443756,-99.15949436,2024-11
11332377,09015722511018633000000000U0,MARIANA BONITA,NA,722511,Restaurantes con servicio de preparación de alimentos a la carta o de comida corrida,11 a 30 personas,CALLE,LONDRES,CALLE,VARSOVIA,CALLE,PRAGA,CALLE,HAMBURGO,223,NA,NA,NA,NA,NA,COLONIA,JUAREZ,NA,NA,NA,06600,09,Ciudad de México,015,Cuauhtémoc,0001,Cuauhtémoc,0983,005,NA,NA,WWW.SNOB.COM.MX,Fijo,19.42334828,-99.16849069,2024-11
896286,09015722511007183001000000U9,MARISCO EL MAVIRI,EL SABOR DE MAVIRI SA DE CV,722511,Restaurantes con servicio de preparación de alimentos a la carta o de comida corrida,11 a 30 personas,CALLE,ATLIXCO,AVENIDA,MICHOACAN,CALLE,FERNANDO MONTES DE OCA,CALLE,PARRAL,94,C,NA,NA,0,NA,COLONIA,BUFFALO LUCAS,NA,NA,NA,06170,09,Ciudad de México,015,Cuauhtémoc,0001,Cuauhtémoc,1318,010,NA,GASTRONOMICOELMAVIRI@HOTMAIL.COM,NA,Fijo,19.4117415,-99.174985,2014-12
6715853,09015722511008443000000000U6,MARISCOS EL PECHOCO,LA CASA DEL JABONERO EL QUE NO CAE RESBALA SA DE CV,722511,Restaurantes con servicio de preparación de alimentos a la carta o de comida corrida,31 a 50 personas,CALLE,RIO NILO,CALLE,RIO LERMA,AVENIDA,PASEO DE LA REFORMA,EJE VIAL,3 PONIENTE (RIO MISSISSIPI),75,NA,NA,NA,NA,NA,COLONIA,CUAUHTEMOC,NA,NA,NA,06500,09,Ciudad de México,015,Cuauhtémoc,0001,Cuauhtémoc,0930,005,NA,NA,NA,Fijo,19.42689539,-99.17094737,2016-01
11329201,09015722511021322000000000U5,MARLINDO RESTAURANTE,LOS GUEROS PICUDOS SA DE RL DE CV SA DE CV,722511,Restaurantes con servicio de preparación de alimentos a la carta o de comida corrida,6 a 10 personas,EJE VIAL,2 SUR AVENIDA YUCATAN,CALLE,ZACATECAS,EJE VIAL,2 PONIENTE (MONTERREY),EJE VIAL,2 SUR (AVENIDA YUCATAN),0,SN,NA,NA,NA,NA,COLONIA,ROMA NORTE,NA,NA,NA,06700,09,Ciudad de México,015,Cuauhtémoc,0001,Cuauhtémoc,1214,016,NA,NA,NA,Fijo,19.41481867,-99.16408304,2024-11
1045632,09015722511003961000000000U2,MARONI,NA,722511,Restaurantes con servicio de preparación de alimentos a la carta o de comida corrida,0 a 5 personas,CALLE,FRESNO,CALLE,ELIGIO ANCONA,CALLE,MANUEL CARPIO,CALLE,SABINO,230,NA,MERCADO LA DALIA,PLANTA BAJA,318,NA,COLONIA,SANTA MARIA LA RIVERA,MERCADO PUBLICO,MERCADO LA DALIA,318 Y 319,06400,09,Ciudad de México,015,Cuauhtémoc,0001,Cuauhtémoc,0466,002,5562198522,NA,NA,Fijo,19.45209401,-99.16044664,2010-07
10913135,09015722511021233000000000U4,MASALA Y MAIZ MOM,MASALA Y MAIZ SAPI DE CV SA DE CV,722511,Restaurantes con servicio de preparación de alimentos a la carta o de comida corrida,11 a 30 personas,CALLE,MARSELLA,CALLE,NIZA,CALLE,HAVRE,AVENIDA,CHAPULTEPEC,74,NA,NA,NA,NA,NA,COLONIA,ROMA NORTE,NA,NA,NA,06600,09,Ciudad de México,015,Cuauhtémoc,0001,Cuauhtémoc,095A,020,NA,NA,NA,Fijo,19.42474661,-99.16056113,2024-11
11401588,09015722511019381000000000U5,MASALE,NA,722511,Restaurantes con servicio de preparación de alimentos a la carta o de comida corrida,0 a 5 personas,CALLE,ALFONSO HERRERA,CALLE,VIRGINIA FABREGAS,CALLE,JOAQUIN VELAZQUEZ DE LEON,CALLE,FRANCISCO PIMENTEL,122,NA,NA,NA,NA,NA,COLONIA,SAN RAFAEL,NA,NA,NA,06470,09,Ciudad de México,015,Cuauhtémoc,0001,Cuauhtémoc,0678,006,5510385740,JAIME@MASALE.NET,WWW.MASALE.MX,Fijo,19.44065038,-99.16591158,2024-11
9467637,09015722511017221000000000U5,MATSU SON,MATSU SON SA DE CV,722511,Restaurantes con servicio de preparación de alimentos a la carta o de comida corrida,6 a 10 personas,CALLE,INDEPENDENCIA,CALLE,DOLORES,CALLE,MARROQUI,CALLE,MARROQUI,30,NA,NA,NA,0,NA,COLONIA,CUAUHTEMOC,NA,NA,NA,06050,09,Ciudad de México,015,Cuauhtémoc,0001,Cuauhtémoc,0748,003,NA,FACTURAS.MATSU@HOTMAIL.COM,NA,Fijo,19.43303309,-99.14315608,2023-11
8337501,09015722511010131000000000U3,MAXETE ARTE,NA,722511,Restaurantes con servicio de preparación de alimentos a la carta o de comida corrida,0 a 5 personas,CALLE,INDEPENDENCIA,CALLE,SANTOS DEGOLLADO,CALLE,LUIS MOYA,CALLE,ARTICULO 123,40,NA,GASTRONOMICA INDEPENDENCIA,PISO 1,0,L. 206,COLONIA,CENTRO,EDIFICIO COMERCIAL Y DE SERVICIOS,GASTRONOMICA INDEPENDENCIA,L. 206,06050,09,Ciudad de México,015,Cuauhtémoc,0001,Cuauhtémoc,0748,001,NA,NA,NA,Fijo,19.43323644,-99.14439386,2019-11
11136769,09015722511019752000000000U7,MAZA BISTROT,NA,722511,Restaurantes con servicio de preparación de alimentos a la carta o de comida corrida,6 a 10 personas,CALLE,LONDRES,CALLE,DINAMARCA,CALLE,NAPOLES,CALLE,LIVERPOOL,47,B,NA,NA,NA,NA,COLONIA,JUAREZ,NA,NA,NA,06600,09,Ciudad de México,015,Cuauhtémoc,0001,Cuauhtémoc,0841,001,NA,WEAREMAZA@GMAIL.COM,NA,Fijo,19.42767321,-99.15904868,2024-11
10165732,09015722511018692000000000U6,MCCARTHYS,NA,722511,Restaurantes con servicio de preparación de alimentos a la carta o de comida corrida,6 a 10 personas,CALLE,QUERETARO,EJE VIAL,3 PONIENTE (MEDELLIN),EJE VIAL,2 SUR (AVENIDA YUCATAN),CALLE,ZACATECAS,207,NA,NA,NA,NA,NA,COLONIA,ROMA NORTE,NA,NA,NA,06700,09,Ciudad de México,015,Cuauhtémoc,0001,Cuauhtémoc,1214,015,NA,NA,NA,Fijo,19.4141722,-99.16385802,2024-11
6876585,09015722412003756001016892S7,MCCARTHYS LA ROMA,FREE AND GREEN SA DE CV,722511,Restaurantes con servicio de preparación de alimentos a la carta o de comida corrida,11 a 30 personas,CALLE,QUERÉTARO,EJE VIAL,3 PONIENTE (MEDELLÍN),EJE VIAL,2 SUR (AVENIDA YUCATÁN),CALLE,ZACATECAS,207,NA,NA,NA,NA,NA,COLONIA,LA ROMA,NA,NA,NA,06700,09,Ciudad de México,015,Cuauhtémoc,0001,Cuauhtémoc,1214,015,NA,GCONTABILIDAD@FREEANDGREEN.MX,WWW.GRUPOFREEANDGREEN.COM.MX,Fijo,19.41422416,-99.1635933,2019-04
10115211,09015722511019301000000000U3,MECATO SALUDABLES RESTAURANTE,NA,722511,Restaurantes con servicio de preparación de alimentos a la carta o de comida corrida,0 a 5 personas,CALLE,JAMES SULLIVAN,CALLE,MIGUEL SCHULTZ,CALLE,SERAPIO RENDON,CALLE,MAESTRO ANTONIO CASO,39,NA,NA,NA,NA,NA,COLONIA,SAN RFAEL,NA,NA,NA,06470,09,Ciudad de México,015,Cuauhtémoc,0001,Cuauhtémoc,0697,013,5574792699,MECATO.NATURALS@GMAIL.COM,NA,Fijo,19.43320998,-99.16118518,2024-11
865537,09015722219024442001000000U8,MENDL PNINA,MENDL PNINA   SA DE CV,722511,Restaurantes con servicio de preparación de alimentos a la carta o de comida corrida,31 a 50 personas,CALLE,CITLALTEPETL,AVENIDA,AMSTERDAM,CALLE,OZULUAMA,AVENIDA,AMSTERDAM,9,NA,NA,NA,9,NA,COLONIA,HIPODROMO,NA,NA,NA,06100,09,Ciudad de México,015,Cuauhtémoc,0001,Cuauhtémoc,1341,017,NA,NA,NA,Fijo,19.4101316,-99.17121941,2010-07
11312895,09015722511020541000000000U1,MENTIROSOS,NA,722511,Restaurantes con servicio de preparación de alimentos a la carta o de comida corrida,0 a 5 personas,CALLE,IGNACIO ALLENDE,CALLE,DONCELES,CALLE,TACUBA,CALLE,REPUBLICA DE CHILE,1,NA,ES PARTE DE GRUPO CARSO,CORREDOR,1,C,CIUDAD,CUAUHTEMOC,EDIFICIO COMERCIAL Y DE SERVICIOS,ES PARTE DE GRUPO CARSO,1 C,06000,09,Ciudad de México,015,Cuauhtémoc,0001,Cuauhtémoc,0752,009,NA,NA,NA,Fijo,19.43585574,-99.13793157,2024-11
8007223,09015722518006621000000000U4,MERCADO MORISCO,NA,722511,Restaurantes con servicio de preparación de alimentos a la carta o de comida corrida,0 a 5 personas,CALLE,MANUEL CARPIO,CALLE,NARANJO,CALLE,SABINO,CALLE,SALVADOR DIAZ MIRON,144,NA,MERCADO PUBLICO SIN NOMBRE,PLANTA BAJA,1,NA,COLONIA,SANTA MARIA RIVERRA,EDIFICIO COMERCIAL Y DE SERVICIOS,MERCADO PUBLICO SIN NOMBRE,1,06400,09,Ciudad de México,015,Cuauhtémoc,0001,Cuauhtémoc,0466,013,NA,NA,NA,Fijo,19.45090831,-99.15915465,2019-11
9752601,09015722511018842000000000U7,MERIDA 50,NA,722511,Restaurantes con servicio de preparación de alimentos a la carta o de comida corrida,6 a 10 personas,CALLE,FRONTERA,CALLE,PUEBLA,CALLE,DURANGO,CALLE,MERIDA,55,NA,NA,NA,0,NA,COLONIA,ROMA NORTE,NA,NA,NA,06700,09,Ciudad de México,015,Cuauhtémoc,0001,Cuauhtémoc,1017,001,5540024486,ROMANORTE6RECEPCION@GMAIL.COM,WWW.GRUPOORGANICOHOTELES.COM,Fijo,19.42273828,-99.15679988,2024-11
11118841,09015722511022854000000000U6,MEROMA RESTAURANTE,MRM GASTRONOMICA SAPI DE CV SA DE CV,722511,Restaurantes con servicio de preparación de alimentos a la carta o de comida corrida,31 a 50 personas,CALLE,COLIMA,CALLE,ORIZABA,CALLE,CORDOBA,CALLE,TABASCO,150,NA,COLIMA 150,PLANTA BAJA,NA,NA,COLONIA,ROMA NORTE,EDIFICIO COMERCIAL Y DE SERVICIOS,COLIMA 150,SN,06700,09,Ciudad de México,015,Cuauhtémoc,0001,Cuauhtémoc,1002,012,NA,CONTACTO@MEROMA.MX,NA,Fijo,19.41998486,-99.15912432,2024-11
1030266,09015722110005994000000000U2,MESON DEL CID,GSTRINOMICA SAN CALLETANO SA DE CV,722511,Restaurantes con servicio de preparación de alimentos a la carta o de comida corrida,11 a 30 personas,CALLE,HUMBOLDT,AVENIDA,MORELOS,CALLE,ARTICULO 123,CALLE,ITURBIDE,61,NA,NA,NA,0,NA,COLONIA,CENTRO,NA,NA,NA,06040,09,Ciudad de México,015,Cuauhtémoc,0001,Cuauhtémoc,0860,021,5555216998,IMELDA@MESONDELCID.COM.MX,WWW.MESONDELCID.COM.MX,Fijo,19.43282368,-99.1487044,2010-07
9542066,09015722511017722000000000U2,MESTIZO,NA,722511,Restaurantes con servicio de preparación de alimentos a la carta o de comida corrida,6 a 10 personas,EJE VIAL,2 SUR AVENIDA YUCATAN,CALLE,MEDELLIN,AVENIDA,ALVARO OBREGON,CALLE,MEDELLIN,28,B,NA,NA,NA,NA,COLONIA,ROMA NORTE,NA,NA,NA,06700,09,Ciudad de México,015,Cuauhtémoc,0001,Cuauhtémoc,120A,014,5532549797,NA,NA,Fijo,19.41605129,-99.16616409,2024-11
11742053,09015722511024661000000000U3,METATE,NA,722511,Restaurantes con servicio de preparación de alimentos a la carta o de comida corrida,0 a 5 personas,CALLE,Monte de Piedad,CALLE,5 de Mayo,CALLE,Francisco I. Madero,CALLE,Palma,13,NA,MERCADO CENTRO,PLANTA BAJA,208,209,MANZANA,CENTRO,MERCADO PUBLICO,MERCADO CENTRO,SN,NA,09,Ciudad de México,015,Cuauhtémoc,0001,Cuauhtémoc,0771,006,5529659712,NA,NA,Fijo,19.43368134,-99.13410999,2025-04
11078709,09015722511022063000000000U4,MEXA COCINA,MEXA  SA DE CV,722511,Restaurantes con servicio de preparación de alimentos a la carta o de comida corrida,11 a 30 personas,AVENIDA,ALVARO OBREGON,CALLE,TONALA,EJE VIAL,2 PONIENTE (MONTERREY),CALLE,CHIHUAHUA,180,A,NA,NA,NA,NA,COLONIA,ROMA NORTE,NA,NA,NA,06700,09,Ciudad de México,015,Cuauhtémoc,0001,Cuauhtémoc,1106,008,NA,NA,NA,Fijo,19.41739283,-99.16315069,2024-11
1042191,09015722219008811000000000U4,MEXICANA HERMOSA,NA,722511,Restaurantes con servicio de preparación de alimentos a la carta o de comida corrida,0 a 5 personas,CALLE,MILAN,CALLE,GENERAL PRIM,CALLE,LUCERNA,CALLE,LISBOA,28,NA,NA,NA,28,A,COLONIA,JUAREZ,NA,NA,NA,06600,09,Ciudad de México,015,Cuauhtémoc,0001,Cuauhtémoc,0856,006,NA,NA,NA,Fijo,19.43065401,-99.15659869,2010-07
6711209,09015722412003552001000000S0,MEZCALERIA LA BOTICA,MEZCALERIA LA BOTICA SA DE CV,722412,"Bares, cantinas y similares",11 a 30 personas,CALLE,ORIZABA,EJE VIAL,2 SUR (AVENIDA QUERETARO),EJE VIAL,2-A SUR (SAN LUIS POTOSI),CALLE,JALAPA,161,NA,NA,NA,NA,NA,COLONIA,ROMA NORTE,NA,NA,NA,06700,09,Ciudad de México,015,Cuauhtémoc,0001,Cuauhtémoc,1214,008,NA,MEZCALERIA@LABOTICA.COM.MX,NA,Fijo,19.41494192,-99.15899348,2016-01
8337067,09015722412003792000000000U2,MEZCALERIA MUNDANA,UNA EMPRESA PROMEDIO SA DE CV,722412,"Bares, cantinas y similares",0 a 5 personas,CALLE,DOCTOR MORA,AVENIDA,HIDALGO,CALLE,CRISTOBAL COLON,AVENIDA,BALDERAS,9,NA,NA,NA,6,NA,COLONIA,CENTRO,NA,NA,NA,06050,09,Ciudad de México,015,Cuauhtémoc,0001,Cuauhtémoc,0733,005,NA,HERRAJERIA807@GMAIL.COM,NA,Fijo,19.43631994,-99.14616818,2019-11
659676,09015722110000241000000000U3,MEZZO MEZZO,NA,722511,Restaurantes con servicio de preparación de alimentos a la carta o de comida corrida,0 a 5 personas,CALLE,HAMBURGO,CALLE,NAPOLES,CALLE,DINAMARCA,CALLE,HAMBURGO,25,NA,NA,NA,NA,A,COLONIA,JUAREZ,NA,NA,NA,06600,09,Ciudad de México,015,Cuauhtémoc,0001,Cuauhtémoc,0803,004,NA,NA,NA,Fijo,19.42868981,-99.15961022,2011-03
9906346,09015722511023323000000000U1,MGC CAPITALES DE INVERSION,JOSE MARIO GALVAN RAMIREZ SA DE CV,722511,Restaurantes con servicio de preparación de alimentos a la carta o de comida corrida,11 a 30 personas,CALLE,HAMBURGO,EJE VIAL,3 PONIENTE (SEVILLA),CALLE,TOLEDO,CALLE,LONDRES,282,NA,NA,NA,NA,NA,COLONIA,JUAREZ,NA,NA,NA,06600,09,Ciudad de México,015,Cuauhtémoc,0001,Cuauhtémoc,0983,004,5571590585,NA,WWW.LAPATRONA.COM,Fijo,19.42281231,-99.17172155,2024-11
877517,09015722110005013000000000U1,MI DESPACHO,NA,722412,"Bares, cantinas y similares",0 a 5 personas,CALLE,BERNAL DIAZ,CALLE,OROZCO Y BERRA,AVENIDA,MEXICO-TENOCHTITLAN,CALLE,FRAY BERNARDINO DE SAHAGUN,13,NA,NA,NA,NA,NA,COLONIA,GUERRERO,NA,NA,NA,06300,09,Ciudad de México,015,Cuauhtémoc,0001,Cuauhtémoc,049A,018,NA,NA,NA,Fijo,19.44005368,-99.15440137,2010-07
11777712,09015722511024621000000000U7,MI GUSTO MEXICANO,NA,722511,Restaurantes con servicio de preparación de alimentos a la carta o de comida corrida,0 a 5 personas,CALLE,Monte de Piedad,CALLE,5 de Mayo,CALLE,Francisco I. Madero,CALLE,Palma,13,NA,MERCADO CENTRO,PLANTA BAJA,509,NA,MANZANA,CENTRO,MERCADO PUBLICO,MERCADO CENTRO,SN,NA,09,Ciudad de México,015,Cuauhtémoc,0001,Cuauhtémoc,0771,006,NA,NA,NA,Fijo,19.43368134,-99.13410999,2025-04
992927,09015722219028792001069720S2,MI JACALITO,NA,722511,Restaurantes con servicio de preparación de alimentos a la carta o de comida corrida,0 a 5 personas,CALLE,AYUNTAMIENTO,CALLE,LUIS MOYA,CALLE,JOSE MARIA MARROQUI,CALLE,VICTORIA,43,NA,NA,NA,0,NA,COLONIA,CUAUHTEMOC,NA,NA,NA,06050,09,Ciudad de México,015,Cuauhtémoc,0001,Cuauhtémoc,0748,020,5555120054,NA,NA,Fijo,19.43079366,-99.14449261,2010-07
891132,09015461110031091000000000U0,MICELANEA BAMER,NA,722511,Restaurantes con servicio de preparación de alimentos a la carta o de comida corrida,0 a 5 personas,CALLE,VENUSTIANO CARRANZA,CALLE,ISABEL LA CATOLICA,CALLE,BOLIVAR,CALLE,REPUBLICA DE URUGUAY,45,NA,NA,NA,NA,NA,COLONIA,CENTRO,NA,NA,NA,06000,09,Ciudad de México,015,Cuauhtémoc,0001,Cuauhtémoc,0818,002,NA,NA,NA,Fijo,19.43147249,-99.13804958,2014-12
7756657,09015722511014941000000000U1,MICH,NA,722511,Restaurantes con servicio de preparación de alimentos a la carta o de comida corrida,0 a 5 personas,CALLE,RIO TIGRIS,CALLE,RIO GRIJALVA,CALZADA,MANUEL VILLALONGIN,CALZADA,MANUEL VILLALONGIN,7,B,NA,NA,NA,NA,COLONIA,CUAUHTEMOC,NA,NA,NA,06500,09,Ciudad de México,015,Cuauhtémoc,0001,Cuauhtémoc,0822,022,NA,ZIPPI8@HOTMAIL.COM,NA,Fijo,19.43415134,-99.16899576,2019-11
883741,09015465215006751000000000U3,MICHELADAS DOÑA MAGOS,NA,722412,"Bares, cantinas y similares",0 a 5 personas,CALLE,FRAY BARTOLOME DE LAS CASAS,CALLE,AZTECAS,CALLE,TENOCHTITLAN,CALLE,CALLEJON TENOCHTITLAN,29,NA,LOCAL 3,PLANTA BAJA,0,ACCESORIA 3,COLONIA,MORELOS,NA,NA,NA,06200,09,Ciudad de México,015,Cuauhtémoc,0001,Cuauhtémoc,0343,012,NA,NA,NA,Fijo,19.44576101,-99.1289217,2010-07
7744419,09015722412004401000000000U9,MICHELADAS EL GUERO,NA,722412,"Bares, cantinas y similares",0 a 5 personas,CALLE,CALLEJON TENOCHTITLAN,CALLE,AZTECAS,CALLE,TENOCHTITLAN,CALLE,FRAY BARTOLOME DE LAS CASAS,16,NA,NA,NA,0,NA,COLONIA,MORELOS,NA,NA,NA,06200,09,Ciudad de México,015,Cuauhtémoc,0001,Cuauhtémoc,0343,012,NA,NA,NA,Fijo,19.44495159,-99.12872777,2019-11
9006502,09015722412004922000000000U4,MICHELADAS LA DEL BARRIO,NA,722412,"Bares, cantinas y similares",0 a 5 personas,CALLE,CARIDAD,CALLE,FLORIDA,CALLE,TOLTECAS,EJE VIAL,1 NORTE (IGNACIO LOPEZ RAYON)(HEROES DE GRANADITAS),NA,SN,NA,NA,NA,NA,COLONIA,MORELOS,NA,NA,NA,06200,09,Ciudad de México,015,Cuauhtémoc,0001,Cuauhtémoc,0358,009,NA,NA,NA,Fijo,19.44517266,-99.127359,2019-11
9844383,09015722412005571000000000U8,MICHELADAS PREPARADAS Y ANTOJITOS MEXICANOS,NA,722412,"Bares, cantinas y similares",0 a 5 personas,EJE VIAL,1 NORTE IGNACIO LOPEZ RAYON,AVENIDA,PERALVILLO,CALLE,PALMA NORTE,EJE VIAL,1 NORTE (IGNACIO LOPEZ RAYON),72,NA,NA,NA,115,NA,COLONIA,MORELOS,NA,NA,NA,06200,09,Ciudad de México,015,Cuauhtémoc,0001,Cuauhtémoc,0540,004,NA,NA,NA,Fijo,19.44356931,-99.13388852,2024-11
10152660,09015722412005891000000000U0,MICHELADAS SIN NOMBRE,NA,722412,"Bares, cantinas y similares",0 a 5 personas,CALLE,SAN MIGUEL,CALLE,CALLEJON HORMIGUERO,AVENIDA,JOSE MARIA IZAZAGA,CALLE,ESCUELA MEDICO MILITAR,10,NA,NA,NA,NA,NA,COLONIA,CENTRO,NA,NA,NA,06010,09,Ciudad de México,015,Cuauhtémoc,0001,Cuauhtémoc,0979,007,NA,NA,NA,Fijo,19.42538331,-99.13140811,2024-11
11593470,09015722412005711000000000U0,MICHES FACTORY,NA,722412,"Bares, cantinas y similares",0 a 5 personas,CALZADA,CALZADA DE GUADALUPE,CALLE,JUVENTINO ROSAS,CALLE,LUDWING VAN BEETHOVEN,CALZADA,CALZADA DE LOS MISTERIOS,94,C,NA,NA,94,C,COLONIA,PERLVILLO,NA,NA,NA,06220,09,Ciudad de México,015,Cuauhtémoc,0001,Cuauhtémoc,0127,015,NA,NA,NA,Fijo,19.45799307,-99.12782185,2024-11
657658,09015722511005051000000000U0,MICHEVICHE,NA,722511,Restaurantes con servicio de preparación de alimentos a la carta o de comida corrida,11 a 30 personas,CALLE,CARLOS B ZETINA,CALLE,CHICONTEPEC,CALLE,ALFONSO REYES,CIRCUITO,INTERIOR (JOSE VASCONCELOS),34,NA,NA,NA,NA,NA,COLONIA,CUAUHTEMOC,NA,NA,NA,06170,09,Ciudad de México,015,Cuauhtémoc,0001,Cuauhtémoc,1411,026,5535009152,GIORGIOPAOLO@YAHOO.COM.MX,NA,Fijo,19.41029448,-99.18136943,2010-07
10861143,09015722412006493000000000U4,MICHIS MICHES,NA,722412,"Bares, cantinas y similares",11 a 30 personas,CALLE,RIO PANUCO,CALZADA,MANUEL VILLALONGIN,CALLE,RIO AMAZONAS,CALLE,RIO AMAZONAS,13,NA,NA,NA,NA,NA,COLONIA,CUAUHTEMOC,NA,NA,NA,06500,09,Ciudad de México,015,Cuauhtémoc,0001,Cuauhtémoc,0790,006,NA,NA,NA,Fijo,19.43242068,-99.16381166,2024-11
9063110,09015722511015251000000000S4,MIGAS LA GUERA,NA,722511,Restaurantes con servicio de preparación de alimentos a la carta o de comida corrida,0 a 5 personas,EJE VIAL,1 NORTE IGNACIO LOPEZ RAYON,CALLE,ALLENDE,CALLE,COMONFORT,EJE VIAL,1 NORTE (IGNACIO LOPEZ RAYON),33,NA,LAGUNILLA 2,PLANTA BAJA,994,46,COLONIA,CENTRO,MERCADO PUBLICO,LAGUNILLA 2,994,06300,09,Ciudad de México,015,Cuauhtémoc,0001,Cuauhtémoc,0536,002,5574011383,NA,NA,Fijo,19.44364164,-99.1368678,2019-11
1058484,09015722212015971000000000U2,MIGAS MARI,NA,722511,Restaurantes con servicio de preparación de alimentos a la carta o de comida corrida,0 a 5 personas,EJE VIAL,1 ORIENTE AVENIDA DEL TRABAJO,CALLE,GONZALEZ ORTEGA,CALLE,CARIDAD,CALLE,GONZALEZ ORTEGA,42,40,NA,NA,0,2A,COLONIA,MORELOS,NA,NA,NA,06200,09,Ciudad de México,015,Cuauhtémoc,0001,Cuauhtémoc,0358,002,NA,NA,NA,Fijo,19.44504962,-99.12464318,2010-07
9431975,09015722511017023000000000U5,MIGRANTE GASTRONOMICA,GASTRONOMIA SC,722511,Restaurantes con servicio de preparación de alimentos a la carta o de comida corrida,6 a 10 personas,CALLE,CHIAPAS,EJE VIAL,3 PONIENTE (MEDELLIN),CALLE,MANZANILLO,CALLE,MANZANILLO,207,NA,NA,NA,NA,NA,COLONIA,ROMA NORTE,NA,NA,NA,06700,09,Ciudad de México,015,Cuauhtémoc,0001,Cuauhtémoc,1214,025,NA,ADMINISTRACION@MIGRANTE-ROMA.COM,WWW.MIGRANTE-ROMA.COM,Fijo,19.41169338,-99.16606784,2023-11
11134275,09015722511019731000000000U1,MIKENKO,NA,722511,Restaurantes con servicio de preparación de alimentos a la carta o de comida corrida,0 a 5 personas,CALLE,LIVERPOOL,CALLE,NAPOLES,CALLE,DINAMARCA,CALLE,MARSELLA,70,A,NA,NA,NA,NA,COLONIA,JUAREZ,NA,NA,NA,06600,09,Ciudad de México,015,Cuauhtémoc,0001,Cuauhtémoc,0841,004,NA,NA,NA,Fijo,19.42631402,-99.15960171,2024-11
11599762,09015722412006051000000000U0,MILA Y NESA,NA,722412,"Bares, cantinas y similares",0 a 5 personas,CALLE,DOCTOR LAVISTA,CALLE,DOCTOR MANUEL CARMONA Y VALLE,CALLE,DOCTOR RAFAEL LUCIO,CALLE,CLAUDIO BERNARD,192,NA,ESTACION ATM A TODA MAQUINA,PISO 1,NA,NA,COLONIA,DOCTORES,PASAJE Y ANDADOR COMERCIAL,ESTACION ATM A TODA MAQUINA,SN,06720,09,Ciudad de México,015,Cuauhtémoc,0001,Cuauhtémoc,1534,005,NA,NA,NA,Fijo,19.4240597,-99.15223743,2024-11
890331,09015722511002582000000000U7,MILANESAS GRILL,NA,722511,Restaurantes con servicio de preparación de alimentos a la carta o de comida corrida,6 a 10 personas,AVENIDA,JUAREZ,CALLE,LUIS MOYA,CALLE,DOLORES,CALLE,INDEPENDENCIA,32,NA,JUAREZ 32,PLANTA BAJA,NA,NA,COLONIA,AVENIDA JUAREZ,EDIFICIO COMERCIAL Y DE SERVICIOS,JUAREZ 32,504,06050,09,Ciudad de México,015,Cuauhtémoc,0001,Cuauhtémoc,0748,010,NA,MILANESASGRILLCDMX@GMAIL.COM,NA,Fijo,19.43454583,-99.1436977,2014-12
11565914,09015722511017353000000000U6,MIN BOTANERO,NA,722511,Restaurantes con servicio de preparación de alimentos a la carta o de comida corrida,11 a 30 personas,CALLE,DOLORES,CALLE,INDEPENDENCIA,CALLE,ARTICULO 123,CALLE,MARROQUI,29,NA,NA,NA,NA,NA,COLONIA,CUAUHTEMOC,NA,NA,NA,06050,09,Ciudad de México,015,Cuauhtémoc,0001,Cuauhtémoc,0748,003,5616690327,MINBOTANERO@GMAIL.COM,NA,Fijo,19.43271725,-99.14299153,2024-11
855735,09015722511004951000000000U2,MINI VIPS,NA,722511,Restaurantes con servicio de preparación de alimentos a la carta o de comida corrida,0 a 5 personas,EJE VIAL,1 PONIENTE GUERRERO,PEATONAL,NINGUNO,AVENIDA,RICARDO FLORES MAGON,EJE VIAL,1 PONIENTE (GUERRERO),325,NA,IGNACIO RAMIREZ,PLANTA BAJA,12,NA,UNIDAD HABITACIONAL,NONOALCO TLATELOLCO,PASAJE Y ANDADOR COMERCIAL,IGNACIO RAMIREZ,12,06900,09,Ciudad de México,015,Cuauhtémoc,0001,Cuauhtémoc,0381,004,NA,NA,NA,Fijo,19.45384167,-99.14503426,2010-07
11119211,09015722511020321000000000U8,MIR RYU RESTAURANTE DE COMIDA ASIATICA,NA,722511,Restaurantes con servicio de preparación de alimentos a la carta o de comida corrida,0 a 5 personas,CALLE,VARSOVIA,CERRADA,VARSOVIA,AVENIDA,PASEO DE LA REFORMA,CALLE,OXFORD,9,NA,NA,NA,NA,NA,COLONIA,CUAHUTEMOC,NA,NA,NA,06600,09,Ciudad de México,015,Cuauhtémoc,0001,Cuauhtémoc,0945,001,NA,MIR.RYUSUSHI@GMAIL.COM,NA,Fijo,19.42568382,-99.16872936,2024-11
11344733,09015722511017481000000000U5,MISTER LI,NA,722511,Restaurantes con servicio de preparación de alimentos a la carta o de comida corrida,0 a 5 personas,CALLE,APARTADO,CALLE,ABRAHAM CASTELLANOS,CALLE,REPUBLICA DE ARGENTINA,CALLE,REPUBLICA DE NICARAGUA,14,NA,CENTRAL DE MAYOREO,PISO 2,205,A,COLONIA,CENTRO,EDIFICIO COMERCIAL Y DE SERVICIOS,CENTRAL DE MAYOREO,205,06010,09,Ciudad de México,015,Cuauhtémoc,0001,Cuauhtémoc,0659,006,NA,NA,NA,Fijo,19.44013839,-99.13065682,2024-11
10133378,09015722511021433000000000U0,MIXOLOGIA DE MEXICO,NA,722511,Restaurantes con servicio de preparación de alimentos a la carta o de comida corrida,11 a 30 personas,CALLE,ZACATECAS,EJE VIAL,2 PONIENTE (MONTERREY),CALLE,TONALA,CALLE,GUANAJUATO,195,NA,NA,NA,NA,NA,COLONIA,ROMA NORTE,NA,NA,NA,06700,09,Ciudad de México,015,Cuauhtémoc,0001,Cuauhtémoc,1106,004,NA,ADMINISTRACION@FAIRLCHILD869.COM,NA,Semifijo,19.41530651,-99.16252577,2024-11
10158621,09015722511019495000000000U3,MO BRISTO,MOTOJUCHI SA DE CV,722511,Restaurantes con servicio de preparación de alimentos a la carta o de comida corrida,31 a 50 personas,CALLE,RIO PANUCO,CALLE,RIO EBRO,EJE VIAL,2 PONIENTE (RIO TIBER),CALLE,RIO LERMA,128,NA,NA,NA,NA,NA,COLONIA,CUAUHTEMOC,NA,NA,NA,06500,09,Ciudad de México,015,Cuauhtémoc,0001,Cuauhtémoc,0822,016,NA,RESTAURANTEMOG@GMAIL.COM,NA,Fijo,19.42970569,-99.16932232,2024-11
10237989,09015722511019672000000000U7,MONSTER CHIKENT,NA,722511,Restaurantes con servicio de preparación de alimentos a la carta o de comida corrida,6 a 10 personas,CALLE,VARSOVIA,AVENIDA,PASEO DE LA REFORMA,CALLE,HAMBURGO,CALLE,LANCASTER,14,NA,NA,NA,NA,NA,COLONIA,COLONIA JUAREZ,NA,NA,NA,06600,09,Ciudad de México,015,Cuauhtémoc,0001,Cuauhtémoc,0945,002,5524860036,NA,NA,Fijo,19.4252053,-99.16832868,2024-11
863896,09015722219029262000000000U5,MORENOS TASTING ROOM,OPERADORA E ESPECTACULOS LYNX SA DE CV,722511,Restaurantes con servicio de preparación de alimentos a la carta o de comida corrida,6 a 10 personas,CALLE,CHIAPAS,EJE VIAL,3 PONIENTE (MEDELLIN),EJE VIAL,2 PONIENTE (MONTERREY),CALLE,JOSE ALVARADO,173,A,NA,NA,NA,NA,COLONIA,ROMA NORTE,NA,NA,NA,06700,09,Ciudad de México,015,Cuauhtémoc,0001,Cuauhtémoc,1214,012,NA,HOLA@TASTINGROOM.MX,WWW.MORENOSBEER.COM,Fijo,19.4121069,-99.16402466,2010-07
6765002,09015722511009073000028181S0,MOSHI ROMA,RESTAURANTES MOSHI MOSHI SAPI DE CV,722511,Restaurantes con servicio de preparación de alimentos a la carta o de comida corrida,11 a 30 personas,AVENIDA,PLAZA VILLA MADRID,CALLE,MEDELLIN,AVENIDA,OAXACA,CALLE,COLIMA,22,NA,NA,NA,NA,NA,COLONIA,ROMA NORTE,NA,NA,NA,06700,09,Ciudad de México,015,Cuauhtémoc,0001,Cuauhtémoc,1093,008,NA,IGNACIO.VALENCIA@GRUPOMYT.COM,WWW.MOSHIMOSHI.COM,Fijo,19.41945138,-99.16655223,2016-10
10375643,09015722511021111000000000U2,MOSUKE ROLL,NA,722511,Restaurantes con servicio de preparación de alimentos a la carta o de comida corrida,0 a 5 personas,EJE VIAL,CENTRAL LAZARO CARDENAS,CALLE,INDEPENDENCIA,AVENIDA,JUAREZ,CALLE,LOPEZ,9,NA,FRIKY PLAZA,PISO 5,504,NA,COLONIA,CENTRO,CENTRO Y PLAZA COMERCIAL,FRIKIPLAZA,504,06000,09,Ciudad de México,015,Cuauhtémoc,0001,Cuauhtémoc,0748,013,NA,BLACKEDLOVE1@GMAIL.COM,NA,Fijo,19.43389409,-99.14100886,2024-11
8551248,09015722412003973000000000S8,MR BUNNY MADERO,GRUPO CELEBRE EVENTOS Y CONVENCIONES SA DE CV,722412,"Bares, cantinas y similares",11 a 30 personas,CALLE,FRANCISCO I MADERO,CALLE,FILOMENO MATA,CALLE,BOLIVAR,CALLE,5 DE MAYO,20,NA,MADERO 20,PISO 3,203,NA,COLONIA,CENTRO,EDIFICIO COMERCIAL Y DE SERVICIOS,PLAZA MADERO,203,06000,09,Ciudad de México,015,Cuauhtémoc,0001,Cuauhtémoc,0767,001,NA,NA,NA,Fijo,19.4338984,-99.13912624,2019-11
8484913,09015722511014191000000000U3,MR CHENZCOMIDA MEXICANA,NA,722511,Restaurantes con servicio de preparación de alimentos a la carta o de comida corrida,0 a 5 personas,CALLE,HEROES,CALLE,SATURNO,CALLE,MARTE,CALLE,MARTE,261,NA,NA,NA,0,NA,COLONIA,GUERRERO,NA,NA,NA,06300,09,Ciudad de México,015,Cuauhtémoc,0001,Cuauhtémoc,0517,018,5532315747,NA,NA,Fijo,19.45139341,-99.14444743,2019-11
9892927,09015722511017851000000000U9,MR FRESH,NA,722511,Restaurantes con servicio de preparación de alimentos a la carta o de comida corrida,0 a 5 personas,AVENIDA,ARCOS DE BELEN,CALLE,BUEN TONO,CALLE,LUIS MOYA,CALLE,DELICIAS,31,NA,NA,NA,0,NA,COLONIA,CENTRO,NA,NA,NA,06070,09,Ciudad de México,015,Cuauhtémoc,0001,Cuauhtémoc,0875,004,NA,NA,NA,Fijo,19.42710679,-99.14456063,2024-11
11703758,09015722511018311000000000U3,MY JUICE BY MARGO COMEDOR,NA,722511,Restaurantes con servicio de preparación de alimentos a la carta o de comida corrida,0 a 5 personas,CALZADA,MANUEL VILLALONGIN,CALLE,RIO AMOY,CALLE,RIO AMUR,CALLE,JAMES SULLIVAN,88,NA,NA,NA,NA,NA,COLONIA,CUAUHTEMOC,NA,NA,NA,06500,09,Ciudad de México,015,Cuauhtémoc,0001,Cuauhtémoc,0790,015,NA,MYJUICE.MARGO@GMAIL.COM,NA,Fijo,19.43424528,-99.16832034,2024-11
11331594,09015722511017631000000000U5,NAAN,NA,722511,Restaurantes con servicio de preparación de alimentos a la carta o de comida corrida,0 a 5 personas,CALLE,SANTA MARIA LA RIBERA,CALLE,AMADO NERVO,AVENIDA,RIBERA DE SAN COSME,CALLE,JAIME TORRES BODET,12,NA,NA,NA,10,NA,COLONIA,SANTA MARIALA RIBERA,NA,NA,NA,06400,09,Ciudad de México,015,Cuauhtémoc,0001,Cuauhtémoc,0606,012,NA,COME@NAANMX.COM,NA,Fijo,19.44217592,-99.15828539,2024-11
10713098,09015722511024233000000000U1,NACHA,NA,722511,Restaurantes con servicio de preparación de alimentos a la carta o de comida corrida,11 a 30 personas,CALLE,HUMBOLDT,CALLE,ARTICULO 123,AVENIDA,JUAREZ,AVENIDA,BALDERAS,48,NA,NA,NA,4,NA,COLONIA,CENTRO,NA,NA,NA,06000,09,Ciudad de México,015,Cuauhtémoc,0001,Cuauhtémoc,0733,007,5561772684,NA.CHA.TEA2020@GMAIL.COM,NA,Fijo,19.43413211,-99.14832181,2024-11
10444450,09015722511017393000000000U2,NAGO,NA,722511,Restaurantes con servicio de preparación de alimentos a la carta o de comida corrida,11 a 30 personas,AVENIDA,BALDERAS,CALLE,ARTICULO 123,AVENIDA,JUAREZ,CALLE,HUMBOLDT,33,NA,2,PLANTA BAJA,NA,NA,COLONIA,CENTRO,NA,NA,NA,06000,09,Ciudad de México,015,Cuauhtémoc,0001,Cuauhtémoc,0733,007,5555212273,NA,NA,Fijo,19.43475011,-99.14750153,2024-11
7743707,09015722511012191000000000U5,NATSUKASHII,NA,722511,Restaurantes con servicio de preparación de alimentos a la carta o de comida corrida,11 a 30 personas,CALLE,SERAPIO RENDON,CALLE,GUILLERMO PRIETO,CALLE,MAESTRO ANTONIO CASO,CALLE,MIGUEL SCHULTZ,59,NA,NA,NA,0,NA,COLONIA,SAN RAFAEL,NA,NA,NA,06470,09,Ciudad de México,015,Cuauhtémoc,0001,Cuauhtémoc,0697,005,5527300229,ROGRI1619@HOTMAIL.COM,NA,Fijo,19.43636301,-99.16001068,2019-11
10176276,09015722412005721000000000U9,NC ASADOS Y GRILL,NC ASADOS Y GRILL SA DE CV,722412,"Bares, cantinas y similares",0 a 5 personas,CALLE,DOCTOR LAVISTA,CALLE,DOCTOR MANUEL CARMONA Y VALLE,CALLE,DOCTOR RAFAEL LUCIO,CALLE,CLAUDIO BERNARD,192,NA,ESTACION ATM A TODA MAQUINA,PISO 1,NA,NA,COLONIA,DOCTORES,PASAJE Y ANDADOR COMERCIAL,ESTACION ATM A TODA MAQUINA,4,06720,09,Ciudad de México,015,Cuauhtémoc,0001,Cuauhtémoc,1534,005,NA,NA,NA,Fijo,19.4240597,-99.15223743,2024-11
10739406,09015722511017432000000000U8,NICE DAY COFFEE CDMX,NICE DAY COFFEE CDMX SA DE CV,722511,Restaurantes con servicio de preparación de alimentos a la carta o de comida corrida,6 a 10 personas,CALLE,RIO PANUCO,CALLE,RIO NILO,CALLE,RIO NIAGARA,CALLE,RIO NAZAS,165,NA,NA,NA,0,NA,COLONIA,CUAHUTEMOC,NA,NA,NA,06500,09,Ciudad de México,015,Cuauhtémoc,0001,Cuauhtémoc,0926,009,9996706237,NA,NA,Fijo,19.428788,-99.17149178,2024-11
11538880,09015722511023702000000000U6,NIDODO,NA,722511,Restaurantes con servicio de preparación de alimentos a la carta o de comida corrida,6 a 10 personas,CALLE,OXFORD,AVENIDA,PASEO DE LA REFORMA,CALLE,HAMBURGO,CALLE,VARSOVIA,12,NA,NA,NA,NA,NA,COLONIA,CUAHUTEMOC,NA,NA,NA,06600,09,Ciudad de México,015,Cuauhtémoc,0001,Cuauhtémoc,0945,001,NA,NA,NA,Fijo,19.42498789,-99.1692683,2024-11
10719108,09015722511023532000000000U7,NIICH,AMINA EMPRESARIAL SA DE CV,722511,Restaurantes con servicio de preparación de alimentos a la carta o de comida corrida,6 a 10 personas,CALLE,CHICONTEPEC,CALLE,CARLOS B ZETINA,CIRCUITO,INTERIOR (DIAGONAL PATRIOTISMO),CALLE,CHICONTEPEC,57,NA,NA,NA,NA,NA,COLONIA,CUAUHTEMOC,NA,NA,NA,06170,09,Ciudad de México,015,Cuauhtémoc,0001,Cuauhtémoc,1411,022,NA,NA,WWW.NIICHCONDESA.COM,Fijo,19.40950019,-99.18044782,2024-11
10028041,09015722511024171000000000U3,NIRI GO,OPERADORA DE RESTAURANTES NIRI GO SA DE CV,722511,Restaurantes con servicio de preparación de alimentos a la carta o de comida corrida,0 a 5 personas,CALLE,PUEBLA,CALLE,ACAPULCO,AVENIDA,SONORA,AVENIDA,CHAPULTEPEC,379,B,NA,NA,NA,NA,COLONIA,ROMA NORTE,NA,NA,NA,06700,09,Ciudad de México,015,Cuauhtémoc,0001,Cuauhtémoc,1089,010,5630263444,NIRIGO.ROMA@GMAIL.COM,NA,Fijo,19.42021483,-99.17374267,2024-11
989349,09015722110002423000000000U5,NON SOLO,NA,722511,Restaurantes con servicio de preparación de alimentos a la carta o de comida corrida,6 a 10 personas,CALLE,MOTOLINIA,CALLE,FRANCISCO I MADERO,CALLE,16 DE SEPTIEMBRE,CALLE,BOLIVAR,33,NA,NA,NA,NA,NA,COLONIA,CENTRO,NA,NA,NA,06000,09,Ciudad de México,015,Cuauhtémoc,0001,Cuauhtémoc,0767,003,5555120619,NONSOLOADMON@GMAIL.COM,WWW.NONSOLO.MX,Fijo,19.43290107,-99.13739744,2010-07
10260216,09015722511021622000000000U8,NONSOLO,DEFREA SA DE CV,722511,Restaurantes con servicio de preparación de alimentos a la carta o de comida corrida,6 a 10 personas,CALLE,GUANAJUATO,CALLE,CORDOBA,CALLE,ORIZABA,CALLE,ZACATECAS,102,NA,NA,NA,NA,NA,COLONIA,ROMA NORTE,NA,NA,NA,06700,09,Ciudad de México,015,Cuauhtémoc,0001,Cuauhtémoc,1110,007,NA,NSOLOCENTRAL@GMAIL.COM,NA,Fijo,19.4168159,-99.15896987,2024-11
980915,09015722219018971000000000U4,NOYOLO,NA,722511,Restaurantes con servicio de preparación de alimentos a la carta o de comida corrida,0 a 5 personas,PEATONAL,PLAZA GARIBALDI,EJE VIAL,CENTRAL (LAZARO CARDENAS),CALLE,SAN CAMILITO,CALLE,REPUBLICA DE ECUADOR,4,NA,MERCADO DE SAN CAMILITO,PLANTA BAJA,36,NA,COLONIA,CENTRO,MERCADO PUBLICO,MERCADO DE SAN CAMILITO,36,06010,09,Ciudad de México,015,Cuauhtémoc,0001,Cuauhtémoc,0536,014,5536043868,NA,NA,Fijo,19.44093651,-99.13913156,2010-07
9371030,09015722412005261000000000U6,NUEVA CANTINA MONTECARLO,NA,722412,"Bares, cantinas y similares",0 a 5 personas,CALLE,REVILLAGIGEDO,CALLE,AYUNTAMIENTO,CALLE,VICTORIA,CALLE,LUIS MOYA,52,A,NA,NA,0,NA,COLONIA,CENTRO,NA,NA,NA,06050,09,Ciudad de México,015,Cuauhtémoc,0001,Cuauhtémoc,0748,022,5529206622,TOMM7507@HOTMAIL.COM,NA,Fijo,19.4312331,-99.14647804,2021-11
11467439,09015722511019662000000000U8,NUEVE FLOR,NA,722511,Restaurantes con servicio de preparación de alimentos a la carta o de comida corrida,6 a 10 personas,CALLE,TOMAS ALVA EDISON,CALLE,JESUS DE TERAN,CALLE,JOSE DE EMPARAM,CALLE,IGNACIO MARISCAL,35,NA,NA,NA,0,NA,COLONIA,TABACALERA,NA,NA,NA,06030,09,Ciudad de México,015,Cuauhtémoc,0001,Cuauhtémoc,0714,002,5518301367,RESTAURANTENUEVEFLOR@GMAIL.COM,NA,Fijo,19.43673246,-99.15131142,2024-11
894873,09015722511005943000000000U8,NUEVO RESTAURANTE TOKYO,HOSHIDA MASAAKI HIRATA SA DE CV,722511,Restaurantes con servicio de preparación de alimentos a la carta o de comida corrida,6 a 10 personas,CALLE,HAMBURGO,CALLE,AMBERES,CALLE,GENOVA,CALLE,LONDRES,0,SN,NA,NA,134,143,COLONIA,JUAREZ,NA,NA,NA,06600,09,Ciudad de México,015,Cuauhtémoc,0001,Cuauhtémoc,095A,008,NA,NA,NA,Fijo,19.42585949,-99.16527572,2014-12
8484894,09015722511014181000000000U4,NUTRIFIT,NA,722511,Restaurantes con servicio de preparación de alimentos a la carta o de comida corrida,0 a 5 personas,AVENIDA,RIBERA DE SAN COSME,CALLE,JOSE ROSAS MORENO,CALLE,MIGUEL SCHULTZ,CALLE,ALFONSO HERRERA,66,NA,PLAZA SAN COSME 66,PLANTA BAJA,15,NA,COLONIA,SAN RAFAEL,CENTRO Y PLAZA COMERCIAL,PLAZA SAN COSME 66,15,06470,09,Ciudad de México,015,Cuauhtémoc,0001,Cuauhtémoc,0697,017,NA,NA,NA,Fijo,19.44141294,-99.1601242,2019-11
9694340,09015722511017593000000000U7,OAXACA AQUI,NA,722511,Restaurantes con servicio de preparación de alimentos a la carta o de comida corrida,11 a 30 personas,CALLE,DOCTOR ATL,CALLE,MANUEL CARPIO,CALLE,SALVADOR DIAZ MIRON,CALLE,DOCTOR ENRIQUE GONZALEZ MARTINEZ,205,NA,NA,NA,NA,NA,COLONIA,SANTA MARIA RIVERA,NA,NA,NA,06400,09,Ciudad de México,015,Cuauhtémoc,0001,Cuauhtémoc,0485,001,NA,NA,NA,Fijo,19.44940235,-99.15608149,2024-11
10329456,09015722511017342000000000U9,OAXAQUEÑISIMOS,NA,722511,Restaurantes con servicio de preparación de alimentos a la carta o de comida corrida,6 a 10 personas,CALLE,JESUS MARIA,CALLE,CORREGIDORA,CALLE,SOLEDAD,CALLE,ALHONDIGA,42,NA,NA,NA,NA,NA,COLONIA,CENTRO,NA,NA,NA,06060,09,Ciudad de México,015,Cuauhtémoc,0001,Cuauhtémoc,0786,005,NA,NA,NA,Fijo,19.43174377,-99.12799165,2024-11
9878055,09015722511021711000000000U9,OAXAQUITA,REGO PRODUCTOS Y SERVICIOS SA DE CV,722511,Restaurantes con servicio de preparación de alimentos a la carta o de comida corrida,0 a 5 personas,EJE VIAL,3 PONIENTE SEVILLA,CALLE,TOKIO,CALLE,HAMBURGO,CALLE,PRAGA,12,NA,NA,NA,NA,NA,COLONIA,COLONIA JUAREZ,NA,NA,NA,06600,09,Ciudad de México,015,Cuauhtémoc,0001,Cuauhtémoc,0945,006,NA,NA,NA,Fijo,19.42394623,-99.17097993,2024-11
9701513,09015722511023342000000000U1,OAXAQUITA,NA,722511,Restaurantes con servicio de preparación de alimentos a la carta o de comida corrida,6 a 10 personas,CALLE,LERDO,CALLE,DEGOLLADO,CALLE,CAMELIA,CALLE,SOTO,0,SN,NA,NA,NA,NA,COLONIA,GUERRERO,NA,NA,NA,06300,09,Ciudad de México,015,Cuauhtémoc,0001,Cuauhtémoc,0574,007,NA,NA,NA,Fijo,19.44543915,-99.14245653,2024-11
888196,09015722511007273000000000U8,OCEANO CANTONES,NA,722511,Restaurantes con servicio de preparación de alimentos a la carta o de comida corrida,11 a 30 personas,CALLE,ISABEL LA CATOLICA,CALLE,TACUBA,CALLE,5 DE MAYO,CALLE,ISABEL LA CATOLICA,6,NA,NA,NA,0,NA,COLONIA,TACUBA,NA,NA,NA,06010,09,Ciudad de México,015,Cuauhtémoc,0001,Cuauhtémoc,0771,019,5555125854,ISLADELDRAGON2@GMAIL.COM,NA,Fijo,19.43504817,-99.13594514,2014-12
8625659,09015722511013831000000000S5,OCHO TRES CINCO,BROTHERHOOD GROUP SA DE CV,722511,Restaurantes con servicio de preparación de alimentos a la carta o de comida corrida,6 a 10 personas,CALLE,DURANGO,CALLE,MORELIA,CALLE,CALLEJON DURANGO,CALLE,CALLEJON DE ROMITA,14,NA,NA,NA,16,NA,COLONIA,ROMA,NA,NA,NA,06700,09,Ciudad de México,015,Cuauhtémoc,0001,Cuauhtémoc,1017,004,5616654111,OCHOTRESCINCO835@GMAIL.COM,NA,Fijo,19.42226826,-99.15550584,2019-11
8386225,09015722412004871000000000U3,OFICINA AUXILIAR DEL TERRAZA 5TA BAR,NA,722412,"Bares, cantinas y similares",0 a 5 personas,AVENIDA,JUAREZ,CALLE,LUIS MOYA,CALLE,DOLORES,CALLE,INDEPENDENCIA,32,NA,JUAREZ 32,PISO 2,502,NA,COLONIA,AVENIDA JUAREZ,EDIFICIO COMERCIAL Y DE SERVICIOS,JUAREZ 32,502,06050,09,Ciudad de México,015,Cuauhtémoc,0001,Cuauhtémoc,0748,010,NA,TERRAZA@GRANHOTELCDMEX.COM.MX,NA,Fijo,19.43454298,-99.14369825,2019-11
890940,09015722511000352001016303M7,OFICINA CREANDO TACOS,CREANDO TACOS SA,722511,Restaurantes con servicio de preparación de alimentos a la carta o de comida corrida,11 a 30 personas,CALLE,GENERAL PRIM,CALLE,LISBOA,CALLE,MILÁN,CALLE,ATENAS,91,NA,NA,NA,NA,NA,COLONIA,JUAREZ,NA,NA,NA,06600,09,Ciudad de México,015,Cuauhtémoc,0001,Cuauhtémoc,0856,007,NA,CONTABILIDAD@CREANDOTACOS.MX,WWW.ELHUEQUITO.COM.MX,Fijo,19.43088005,-99.15614507,2014-12
9994965,09015722511020381000000000U2,OFICINA LA TITIRITERA,MARMORATA SAS,722511,Restaurantes con servicio de preparación de alimentos a la carta o de comida corrida,0 a 5 personas,CALLE,VALLADOLID,CALLE,DURANGO,CALLE,SINALOA,CALLE,DURANGO,56,NA,CASA EDEN,SOTANO 1,NA,NA,COLONIA,ROMA NORTE,CENTRO Y PLAZA COMERCIAL,CASA EDEN,SN,06700,09,Ciudad de México,015,Cuauhtémoc,0001,Cuauhtémoc,0998,004,NA,PROYECTO@MARMORATA.COM.MX,WWW.MARMORATA.COM.MX,Fijo,19.41987038,-99.16818024,2024-11
7733137,09015722511011281000000000U5,OH MADRID SUCURSAL CONDESA,NA,722511,Restaurantes con servicio de preparación de alimentos a la carta o de comida corrida,0 a 5 personas,EJE VIAL,2 SUR JUAN ESCUTIA,CIRCUITO,INTERIOR (JOSE VASCONCELOS),CALLE,ZAMORA,CALLE,JUAN DE LA BARRERA,123,A,NA,NA,NA,A,COLONIA,CONDESA,NA,NA,NA,06140,09,Ciudad de México,015,Cuauhtémoc,0001,Cuauhtémoc,1178,009,NA,NA,NA,Fijo,19.41657272,-99.17808319,2019-11
896355,09015722511000572001000000U0,OJO DE AGUA,NA,722511,Restaurantes con servicio de preparación de alimentos a la carta o de comida corrida,11 a 30 personas,CALLE,CITLALTEPETL,AVENIDA,CAMPECHE,AVENIDA,AMSTERDAM,CALLE,CITLALTEPETL,23,D,NA,NA,NA,NA,COLONIA,HIPODROMO,NA,NA,NA,06100,09,Ciudad de México,015,Cuauhtémoc,0001,Cuauhtémoc,1341,016,NA,NA,NA,Fijo,19.4091508,-99.17163829,2014-12
10350633,09015722511018513000000000U4,OJO DE AGUA,GODA ALIMENTOS SA DE CV,722511,Restaurantes con servicio de preparación de alimentos a la carta o de comida corrida,11 a 30 personas,CALLE,ZACATECAS,EJE VIAL,2 PONIENTE (MONTERREY),CALLE,TONALA,CALLE,GUANAJUATO,177,NA,NA,NA,NA,NA,COLONIA,ROMA NORTE,NA,NA,NA,06700,09,Ciudad de México,015,Cuauhtémoc,0001,Cuauhtémoc,1106,004,NA,ROMA@GRUPOOJODEAGUA.COM.MX,NA,Fijo,19.41515689,-99.16327372,2024-11
11721386,09015722511024793000000000U4,OJO DE MAIZ,DESTELLO CONDESA SA DE CV,722511,Restaurantes con servicio de preparación de alimentos a la carta o de comida corrida,11 a 30 personas,CALLE,Citlaltépetl,AVENIDA,Amsterdam,AVENIDA,Campeche,AVENIDA,Nuevo León,43,NA,NA,NA,NA,NA,COLONIA,HIPODROMO,NA,NA,NA,06100,09,Ciudad de México,015,Cuauhtémoc,0001,Cuauhtémoc,1341,016,NA,NA,NA,Fijo,19.40880933,-99.17177972,2025-04
10008352,09015722511020521000000000U3,OKINOMIYAKI,NA,722511,Restaurantes con servicio de preparación de alimentos a la carta o de comida corrida,0 a 5 personas,CALLE,BOLIVAR,CALLE,SAN JERONIMO,CALLE,ECHEVESTE,CALLE,JIMENEZ,101,SIN LETRA,EDIFICIO SIN NOMBRE,PLANTA BAJA,NA,NA,COLONIA,CENTRO,CENTRO Y PLAZA COMERCIAL,CENTRO Y PLAZA COMERCIAL SIN NOMBRE,SN,06080,09,Ciudad de México,015,Cuauhtémoc,0001,Cuauhtémoc,088A,005,5563396322,NA,NA,Fijo,19.42727365,-99.13933633,2024-11
9816695,09015722511021313000000000U4,ONO,SERVVICIO DE ALIMENTOS ONO POKE HOUSE SA DE CV,722511,Restaurantes con servicio de preparación de alimentos a la carta o de comida corrida,11 a 30 personas,AVENIDA,MEXICO,CALLE,LAREDO,CALLE,PARRAS,AVENIDA,AMSTERDAM,27,NA,NA,NA,NA,NA,COLONIA,HIPODROMO,NA,NA,NA,06100,09,Ciudad de México,015,Cuauhtémoc,0001,Cuauhtémoc,1197,002,NA,NA,NA,Fijo,19.4136789,-99.16962088,2024-11
10513089,09015722511022643000000000S3,OPERADORA DE RESTAURANTES DURASNOS,PERADORA DE RESTAURANTES DURAZNOS SA DE CV,722511,Restaurantes con servicio de preparación de alimentos a la carta o de comida corrida,11 a 30 personas,AVENIDA,ALVARO OBREGON,AVENIDA,INSURGENTES SUR,EJE VIAL,2 PONIENTE (MONTERREY),CALLE,CHIHUAHUA,206,NA,NA,NA,NA,NA,COLONIA,ROMA NORTE,NA,NA,NA,06700,09,Ciudad de México,015,Cuauhtémoc,0001,Cuauhtémoc,1106,007,NA,SISIDRO@GIORNALE.MX,WWW.GIORNALE.MX,Fijo,19.41709607,-99.16470421,2024-11
6813302,09015722511009575000028206S4,OPERADORA Y ADMINISTRADORA DE RESTAURANTES GIGANTE,OPERADORA Y ADMINISTRADORA DE RESTAURANTES GIGANTE SA DE CV,722511,Restaurantes con servicio de preparación de alimentos a la carta o de comida corrida,51 a 100 personas,AVENIDA,JUÁREZ,CALLE,CRISTÓBAL COLÓN,CALLE,HUMBOLDT,AVENIDA,PASEO DE LA REFORMA,58,NA,NA,NA,NA,NA,COLONIA,CUAUHTÉMOC,NA,NA,NA,NA,09,Ciudad de México,015,Cuauhtémoc,0001,Cuauhtémoc,0733,004,NA,MSNAVARRETE@TOKS.COM.MX,NA,Fijo,19.43543248,-99.14838839,2017-11
6810934,09015722511009422000000000U9,ORANGE KING,ORENJI SAPI DE CV,722511,Restaurantes con servicio de preparación de alimentos a la carta o de comida corrida,0 a 5 personas,CALLE,RIO LERMA,CALLE,RIO ELBA,CALLE,RIO RODANO,CALLE,RIO ATOYAC,328,NA,31,PLANTA BAJA,NA,NA,COLONIA,CUAUHTEMOC,NA,NA,NA,06500,09,Ciudad de México,015,Cuauhtémoc,0001,Cuauhtémoc,0930,015,NA,ORENJI.RIOELBA@GMAIL.COM,ORANGEKING.COM,Fijo,19.42520818,-99.17558494,2017-11
850854,09015531319000021000000000S7,ORGANIZACION COMUNITARIO SOCIALES,ORGANIZACION COS AC,722511,Restaurantes con servicio de preparación de alimentos a la carta o de comida corrida,0 a 5 personas,CALZADA,CALZADA DE GUADALUPE,CALLE,PLOMO,CALLE,PLATINO,CALLE,PEÑOLES,103,A,NA,NA,NA,NA,COLONIA,VALLE GOMEZ,NA,NA,NA,06240,09,Ciudad de México,015,Cuauhtémoc,0001,Cuauhtémoc,0127,005,5511294694,NA,NA,Fijo,19.45777235,-99.12757311,2010-07
11105496,09015722511021271000000000U4,ORIGENES,CHIDA LA AREPA SA DE CV,722511,Restaurantes con servicio de preparación de alimentos a la carta o de comida corrida,0 a 5 personas,CALLE,CUAUTLA,CALLE,ALFONSO REYES,AVENIDA,CAMPECHE,CALLE,YAUTEPEC,161,NA,NA,NA,3,NA,COLONIA,CONDESA,NA,NA,NA,06170,09,Ciudad de México,015,Cuauhtémoc,0001,Cuauhtémoc,1318,019,NA,AREPACHIDA@GMAIL.COM,NA,Fijo,19.40971135,-99.17844297,2024-11
9806916,09015722412006071000000000U8,OROPEL,NA,722412,"Bares, cantinas y similares",0 a 5 personas,CALLE,CHIHUAHUA,EJE VIAL,2 PONIENTE (MONTERREY),CALLE,TONALA,CALLE,GUANAJUATO,182,NA,NA,NA,NA,NA,COLONIA,ROMA NORTE,NA,NA,NA,06700,09,Ciudad de México,015,Cuauhtémoc,0001,Cuauhtémoc,1106,001,NA,NA,NA,Fijo,19.41682256,-99.16259953,2024-11
10398727,09015722511018152000000000U1,OSTERIA,GRUPO IKIGAI SA DE CV,722511,Restaurantes con servicio de preparación de alimentos a la carta o de comida corrida,6 a 10 personas,AVENIDA,MEXICO,AVENIDA,SONORA,CALLE,MEXICO,AVENIDA,SONORA,188,NA,NA,NA,NA,NA,COLONIA,HIPODROMO,NA,NA,NA,06100,09,Ciudad de México,015,Cuauhtémoc,0001,Cuauhtémoc,120A,005,NA,MARKETING@GRUPOIKIGAI.COM,NA,Fijo,19.41356722,-99.16789751,2024-11
1040427,09015722518003072011000000U3,OTILIAS GRILL AND KITCHEN,NA,722412,"Bares, cantinas y similares",0 a 5 personas,CALLE,OSLO,CALLE,NIZA,CALLE,COPENHAGUE,AVENIDA,PASEO DE LA REFORMA,11,NA,NA,NA,NA,NA,COLONIA,JUAREZ,NA,NA,NA,06600,09,Ciudad de México,015,Cuauhtémoc,0001,Cuauhtémoc,0803,013,5633154348,NA,NA,Fijo,19.42761352,-99.1638282,2010-07
8326470,09015722514011244000000000U7,PACOS,NA,722511,Restaurantes con servicio de preparación de alimentos a la carta o de comida corrida,0 a 5 personas,CALLE,Monte de Piedad,CALLE,Francisco I. Madero,CALLE,5 de Mayo,CALLE,Palma,13,NA,MERCADO CENTRO,NA,202,203,MANZANA,CENTRO,NA,MERCADO CENTRO,SN,06000,09,Ciudad de México,015,Cuauhtémoc,0001,Cuauhtémoc,0771,006,5621714585,NA,NA,Fijo,19.43368134,-99.13410999,2019-11
10895946,09015722511021061000000000U9,PAELLA AZFRAN,NA,722511,Restaurantes con servicio de preparación de alimentos a la carta o de comida corrida,0 a 5 personas,EJE VIAL,2 PONIENTE RIO TIBER,CALLE,RIO PANUCO,CALLE,RIO LERMA,CALLE,RIO POO,84,NA,NA,NA,NA,NA,COLONIA,CUAUHTEMOC,NA,NA,NA,06500,09,Ciudad de México,015,Cuauhtémoc,0001,Cuauhtémoc,0822,015,NA,NA,NA,Fijo,19.42971387,-99.16899649,2024-11
1012586,09015722511007152001000000U4,PAKAA RESTAURANT,NA,722511,Restaurantes con servicio de preparación de alimentos a la carta o de comida corrida,0 a 5 personas,CALLE,FRANCISCO DIAZ COVARRUBIAS,CALLE,MANUEL MARIA CONTRERAS,CALLE,GABINO BARREDA,CALLE,MAESTRO ANTONIO CASO,36,B,NA,NA,0,NA,COLONIA,SAN RAFAEL,NA,NA,NA,06470,09,Ciudad de México,015,Cuauhtémoc,0001,Cuauhtémoc,0678,016,5544441753,EADESPINA@GMAIL.COM,NA,Fijo,19.43649264,-99.16432793,2014-12
11744024,09015722511024691000000000U0,PAKALY,NA,722511,Restaurantes con servicio de preparación de alimentos a la carta o de comida corrida,0 a 5 personas,CALLEJON,Primer de Mesones,CALLE,Regina,CALLE,Mesones,CALLE,Isabel la Católica,4,NA,NA,NA,0,NA,COLONIA,CUAHUTEMOC,NA,NA,NA,NA,09,Ciudad de México,015,Cuauhtémoc,0001,Cuauhtémoc,0894,005,NA,EDUAR2980@HOTMAIL.COM,NA,Fijo,19.42783666,-99.13602282,2025-04
8152830,09015722511010421000000000U8,PAL ANTOJO,NA,722511,Restaurantes con servicio de preparación de alimentos a la carta o de comida corrida,0 a 5 personas,CALLE,LERDO,CALLE,MAGNOLIA,AVENIDA,PASEO DE LA REFORMA,CALLE,LERDO,10,NA,NA,NA,NA,NA,COLONIA,GUERRERO,NA,NA,NA,06300,09,Ciudad de México,015,Cuauhtémoc,0001,Cuauhtémoc,0574,020,5581881526,NA,NA,Fijo,19.44142741,-99.14309318,2019-11
6730627,09015722511008554000000000U0,PALMARES AZOTEA,OPERADORA THE SHARK SAPI DE CV,722511,Restaurantes con servicio de preparación de alimentos a la carta o de comida corrida,11 a 30 personas,CALLE,VALLADOLID,CALLE,DURANGO,AVENIDA,OAXACA,AVENIDA,PLAZA VILLA MADRID,72,NA,NA,NA,NA,NA,COLONIA,ROMA NORTE,NA,NA,NA,06700,09,Ciudad de México,015,Cuauhtémoc,0001,Cuauhtémoc,1093,007,5528022684,PALMARESAZOTEA@GMAIL.COM,WWW.PALMARESAZOTEA.COM,Fijo,19.41902437,-99.16796548,2016-10
11277859,09015722511018282000000000U6,PAN COMIDO VEGETARIANO,AMIGOS DE PAN COMIDO SA DE CV,722511,Restaurantes con servicio de preparación de alimentos a la carta o de comida corrida,6 a 10 personas,CALLE,TONALA,AVENIDA,ALVARO OBREGON,CALLE,CHIHUAHUA,EJE VIAL,2 PONIENTE (MONTERREY),91,NA,NA,NA,NA,NA,COLONIA,ROMA NORTE,NA,NA,NA,06700,09,Ciudad de México,015,Cuauhtémoc,0001,Cuauhtémoc,1106,008,NA,ROMA.PANCOMIDO@GMAIL.COM,NA,Fijo,19.417181,-99.16248654,2024-11
7254772,09015722511010511000000000U6,PAN DMONIUM,NA,722511,Restaurantes con servicio de preparación de alimentos a la carta o de comida corrida,0 a 5 personas,EJE VIAL,4 SUR CHILPANCINGO,CALLE,BAJIO,CALLE,HERMOSILLO,AVENIDA,INSURGENTES SUR,129,NA,NA,NA,0,NA,COLONIA,ROMA SUR,NA,NA,NA,06760,09,Ciudad de México,015,Cuauhtémoc,0001,Cuauhtémoc,1445,005,NA,SUSACERTOV@GMAIL.COM,NA,Fijo,19.40246185,-99.16853765,2019-11
1029031,09015722412001562000000000U1,PANCHOS BAR GYM,NA,722412,"Bares, cantinas y similares",11 a 30 personas,AVENIDA,CHAPULTEPEC,CALLE,AMBERES,CALLEJON,NINGUNO,CALLE,LIVERPOOL,317,NA,NA,NA,NA,NA,COLONIA,JUAREZ,NA,NA,NA,06600,09,Ciudad de México,015,Cuauhtémoc,0001,Cuauhtémoc,095A,004,5578956358,NA,NA,Fijo,19.42363311,-99.16415866,2010-07
11383729,09015722511021721000000000S8,PANCITA LA GUERA,NA,722511,Restaurantes con servicio de preparación de alimentos a la carta o de comida corrida,0 a 5 personas,CALLE,AGUSTIN DELGADO,AVENIDA,AVENIDA DEL TALLER,CALLE,MANUEL JOSE OTHON,CALZADA,SAN ANTONIO ABAD,275,NA,NA,NA,NA,NA,COLONIA,TRANSITO,NA,NA,NA,06820,09,Ciudad de México,015,Cuauhtémoc,0001,Cuauhtémoc,1163,016,NA,NA,NA,Fijo,19.41415687,-99.13338222,2024-11
6419857,09015722511008091001000000U3,PANE EN VIA CENTRO,GASTRONOMICA CABALGAR SA DE CV,722511,Restaurantes con servicio de preparación de alimentos a la carta o de comida corrida,0 a 5 personas,CALLE,CHILPANCINGO,CALLE,COMITAN,CALLE,QUINTANA ROO,CALLE,VILLAHERMOSA,42,NA,85,PLANTA BAJA,NA,NA,COLONIA,HIPODROMO,NA,NA,NA,06100,09,Ciudad de México,015,Cuauhtémoc,0001,Cuauhtémoc,0964,012,NA,CONTRALOR@PANEENVIA.COM,NA,Fijo,19.42452438,-99.14006969,2010-07
6419859,09015722511008101001000000U0,PANE EN VIA CHILPANCINGO,GASTRONOMICA COMETA SA DE CV,722511,Restaurantes con servicio de preparación de alimentos a la carta o de comida corrida,31 a 50 personas,CALLE,NINGUNO,CALLE,VILLAHERMOSA,OTRO(ESPECIFIQUE),NINGUNO,CALLE,QUINTANA ROO,469,NA,NA,NA,NA,NA,COLONIA,HIPÓDROMO CONDESA DEL VALLE NORTE,NA,NA,NA,06170,09,Ciudad de México,015,Cuauhtémoc,0001,Cuauhtémoc,1430,007,NA,CONTRALOR@PANENVIA.COM,WWW.PANEENVIA.COM,Fijo,19.40504642,-99.16919177,2014-12
6419865,09010722511001991002000000U2,PANE EN VIA SANTA FE,GASTRONOMICA SALVIA SA DE CV,722511,Restaurantes con servicio de preparación de alimentos a la carta o de comida corrida,31 a 50 personas,CALLE,CHILPANCINGO,AVENIDA,VILLAHERMOSA,CALLE,CHILPANCINGO,CALLE,QUINTANA ROO,85,NA,EDIFICIO SIN NOMBRE,PLANTA BAJA,NA,NA,COLONIA,HIPODROMO,NA,NA,NA,06100,09,Ciudad de México,015,Cuauhtémoc,0001,Cuauhtémoc,1430,007,NA,CONTRALOR@PANEENVIA.COM,NA,Fijo,19.40538284,-99.16920268,2014-12
956413,09015722511003351000000000U6,PANOLTI RESTAURANTE,NA,722511,Restaurantes con servicio de preparación de alimentos a la carta o de comida corrida,0 a 5 personas,CALLE,COAHUILA,CALLE,TONALA,EJE VIAL,2 PONIENTE (MONTERREY),CALLE,TAPACHULA,125,B,NA,NA,0,B,COLONIA,ROMA NORTE,NA,NA,NA,06700,09,Ciudad de México,015,Cuauhtémoc,0001,Cuauhtémoc,1375,013,NA,NA,NA,Fijo,19.4115677,-99.16158263,2011-03
11457657,09015722511021752000000000U3,PANUCO 36,PANUCO 36 S DE RL DE CV,722511,Restaurantes con servicio de preparación de alimentos a la carta o de comida corrida,6 a 10 personas,CALLE,RIO PANUCO,AVENIDA,RIO RHIN,CALLE,RIO AMAZONAS,CALLE,RIO LERMA,36,NA,NA,NA,NA,NA,COLONIA,RENACIMIENTO,NA,NA,NA,06500,09,Ciudad de México,015,Cuauhtémoc,0001,Cuauhtémoc,0790,008,NA,NA,WWW.PANUCO36.COM,Fijo,19.43198473,-99.16449179,2024-11
6318303,09015722110006745001000000U7,PAPA BILLS SALON RESTAURANTE Y CANTINA,OPERADORA DE RESTAURANTES GUADALER SA DE CV,722511,Restaurantes con servicio de preparación de alimentos a la carta o de comida corrida,11 a 30 personas,CALLE,RIO GUADALQUIVIR,CALLE,RIO LERMA,CALLE,RIO VOLGA,EJE VIAL,2 PONIENTE (RIO TIBER),88,NA,NA,NA,0,NA,COLONIA,CUAUHTEMOC,NA,NA,NA,06500,09,Ciudad de México,015,Cuauhtémoc,0001,Cuauhtémoc,0930,002,NA,PAPALERMA@YAHOO.COM,WWW.PAPABILLS.COM,Fijo,19.42795809,-99.16976521,2010-07
1018676,09015722219025582001000000U0,PAPELERIA SIN NOMBRE,NA,722511,Restaurantes con servicio de preparación de alimentos a la carta o de comida corrida,0 a 5 personas,CALLE,MESONES,AVENIDA,JOSE MARIA PINO SUAREZ,CALLEJON,SEGUNDO MESONES,CALLE,CORREO MAYOR,129,NA,PLANTA BAJA,PLANTA BAJA,123,NA,COLONIA,CENTRO,CENTRO Y PLAZA COMERCIAL,PLAZA MESONES,129,06090,09,Ciudad de México,015,Cuauhtémoc,0001,Cuauhtémoc,0907,004,NA,NA,NA,Fijo,19.4281429,-99.13239888,2010-07
8327379,09015722511013271000000000U4,PAPOTA GRILL,PAPOTA GRILL SA DE CV,722511,Restaurantes con servicio de preparación de alimentos a la carta o de comida corrida,0 a 5 personas,CALLE,ZAMORA,CALLE,FERNANDO MONTES DE OCA,CALLE,VICENTE SUAREZ,CALLE,TULA,128,NA,NA,NA,0,NA,COLONIA,CONDESA,NA,NA,NA,06170,09,Ciudad de México,015,Cuauhtémoc,0001,Cuauhtémoc,1303,009,5518356218,NA,NA,Fijo,19.41468684,-99.17891479,2019-11
10040445,09015722511023822000000000U2,PARGOT,GRUPO PARGOT SA DE CV,722511,Restaurantes con servicio de preparación de alimentos a la carta o de comida corrida,6 a 10 personas,CALLE,CHIAPAS,CALLE,CORDOBA,CERRADA,CHIAPAS,CALLE,COAHUILA,46,NA,NA,NA,0,NA,COLONIA,ROMA NORTE,NA,NA,NA,06700,09,Ciudad de México,015,Cuauhtémoc,0001,Cuauhtémoc,1110,021,NA,GRUPOPARGOT33@GMAIL.COM,NA,Fijo,19.41335484,-99.15708418,2024-11
10414037,09015722511021674000000000U9,PARNITA,NA,722511,Restaurantes con servicio de preparación de alimentos a la carta o de comida corrida,31 a 50 personas,EJE VIAL,2 SUR AVENIDA YUCATAN,EJE VIAL,2 SUR (AVENIDA QUERETARO),EJE VIAL,2A SUR (SAN LUIS POTOSI),CALLE,TONALA,84,NA,NA,NA,NA,NA,COLONIA,ROMA NORTE,NA,NA,NA,06700,09,Ciudad de México,015,Cuauhtémoc,0001,Cuauhtémoc,1214,006,NA,GERENCIA@ELPARNITA.COM,NA,Fijo,19.41411346,-99.16291007,2024-11
1043717,09015722110002773001000000U3,PARRILLA LEONESA RESTAURANT,PARRIN SA DE CV,722511,Restaurantes con servicio de preparación de alimentos a la carta o de comida corrida,11 a 30 personas,AVENIDA,INSURGENTES SUR,CALLE,NIZA,CALLE,LONDRES,CALLE,HAVRE,82,NA,NA,NA,NA,NA,COLONIA,JUAREZ,NA,NA,NA,06600,09,Ciudad de México,015,Cuauhtémoc,0001,Cuauhtémoc,095A,012,NA,GILDATOTI@HOTMAIL.COM,NA,Fijo,19.42646093,-99.16155752,2010-07
969407,09015722219023712001000000U5,PARRILLA MICHOACANA,NA,722511,Restaurantes con servicio de preparación de alimentos a la carta o de comida corrida,0 a 5 personas,CALLE,REPUBLICA DE VENEZUELA,CALLE,CALLE DEL CARMEN,CALLE,REPUBLICA DE ARGENTINA,CALLE,SAN ILDEFONSO,31,NA,NA,NA,7,NA,COLONIA,CENTRO,NA,NA,NA,06500,09,Ciudad de México,015,Cuauhtémoc,0001,Cuauhtémoc,0659,020,NA,NA,NA,Fijo,19.43724528,-99.13093585,2010-07
865891,09015722110004613000000000U9,PARRILLADA BARILOCHE,GASTRONOMICA BARILOCHE SA DE CV,722511,Restaurantes con servicio de preparación de alimentos a la carta o de comida corrida,11 a 30 personas,CALLE,CITLALTEPETL,AVENIDA,CAMPECHE,AVENIDA,AMSTERDAM,CALLE,CITLALTEPETL,43,NA,NA,NA,23,D,COLONIA,HIPODROMO,NA,NA,NA,06100,09,Ciudad de México,015,Cuauhtémoc,0001,Cuauhtémoc,1341,016,NA,BARILOCHE23D@GMAIL.COM,WWW.PARRILLASBARILOCHE.COM,Fijo,19.40880933,-99.17177972,2010-07
657888,09015722110003643001000000U7,PARRILLADA URUGUAYA DON ASADO,ASADOS A LA LEÑA SA DE CV,722511,Restaurantes con servicio de preparación de alimentos a la carta o de comida corrida,31 a 50 personas,CALLE,RIO LERMA,CALLE,RIO GUADALQUIVIR,CALLE,RIO NILO,CALLE,RIO VOLGA,210,NA,EDIFICIO SIN NOMBRE,PLANTA BAJA,NA,NA,COLONIA,CUAUHTEMOC,NA,NA,NA,06500,09,Ciudad de México,015,Cuauhtémoc,0001,Cuauhtémoc,0930,001,NA,GERENCIALERMA.DONASADO@GMAIL.COM,WWW.DONASADO.COM,Fijo,19.42744831,-99.17085298,2011-03
6813995,09015722511009584011024667S6,PARROQUIA DE VERACRUZ PALMA,GRUPO BOSPATEX SAPI DE CV,722511,Restaurantes con servicio de preparación de alimentos a la carta o de comida corrida,101 a 250 personas,CALLE,PALMA,CALLE,16 DE SEPTIEMBRE,CALLE,VENUSTIANO CARRANZA,CALLE,5 DE FEBRERO,44,NA,NA,NA,NA,NA,COLONIA,CENTRO AREA 1,NA,NA,NA,06000,09,Ciudad de México,015,Cuauhtémoc,0001,Cuauhtémoc,0818,009,NA,INERI@BPTGROUP.MX,WWW.BOSTONS.COM,Fijo,19.43138755,-99.13539656,2017-11
7733262,09015722511011321000000000U9,PASTA COMEDIA,NA,722511,Restaurantes con servicio de preparación de alimentos a la carta o de comida corrida,0 a 5 personas,AVENIDA,TAMAULIPAS,CALLE,FERNANDO MONTES DE OCA,AVENIDA,MICHOACAN,CALLE,PARRAL,0,SN,NA,NA,NA,NA,COLONIA,CUAUHTEMOC,NA,NA,NA,06170,09,Ciudad de México,015,Cuauhtémoc,0001,Cuauhtémoc,1318,022,NA,JACKEMLAWI@GMAIL.COM,PASTACOMEDIA.COM,Fijo,19.41156093,-99.17398801,2019-11
1042450,09015722511003132001000000U0,PASTA DI ROMA,NA,722511,Restaurantes con servicio de preparación de alimentos a la carta o de comida corrida,0 a 5 personas,CALLE,5 DE FEBRERO,CALLE,NEZAHUALCOYOTL,AVENIDA,JOSE MARIA IZAZAGA,CALLE,ISABEL LA CATOLICA,95,NA,NA,NA,11,NA,COLONIA,CENTRO,NA,NA,NA,06000,09,Ciudad de México,015,Cuauhtémoc,0001,Cuauhtémoc,0964,002,5557091600,NA,NA,Fijo,19.42534229,-99.13544135,2010-07
9640895,09015722511023031000000000U0,PASTALINDA,NA,722511,Restaurantes con servicio de preparación de alimentos a la carta o de comida corrida,0 a 5 personas,CALLE,NAPOLES,CALLE,LIVERPOOL,CALLE,MARSELLA,CALLE,HAVRE,65,NA,NA,NA,NA,NA,COLONIA,JUAREZ,NA,NA,NA,06600,09,Ciudad de México,015,Cuauhtémoc,0001,Cuauhtémoc,0841,005,NA,NA,NA,Fijo,19.42556085,-99.15940576,2024-11
9773060,09015722511020241000000000U8,PAT PATZ,NA,722511,Restaurantes con servicio de preparación de alimentos a la carta o de comida corrida,0 a 5 personas,CALLE,OSLO,CALLE,NIZA,CALLE,COPENHAGUE,AVENIDA,PASEO DE LA REFORMA,7,NA,NA,NA,NA,NA,COLONIA,JUAREZ,NA,NA,NA,06600,09,Ciudad de México,015,Cuauhtémoc,0001,Cuauhtémoc,0803,013,5544557766,HOLA@PATPATZ.MX,NA,Fijo,19.42774022,-99.16354649,2024-11
8625789,09015722511013874000000000S5,PATA NEGRA CENTRO HISTORICO,PATA NEGRA CENTRO HISTORICO SA DE CV,722511,Restaurantes con servicio de preparación de alimentos a la carta o de comida corrida,11 a 30 personas,CALLE,5 DE MAYO,CALLE,PALMA,CALLE,SEGUNDA CERRADA 5 DE MAYO,CALLE,SEGUNDA CERRADA 5 DE MAYO,49,NA,NA,NA,NA,NA,COLONIA,CENTRO,NA,NA,NA,06000,09,Ciudad de México,015,Cuauhtémoc,0001,Cuauhtémoc,0771,017,NA,NA,NA,Fijo,19.43405529,-99.13556032,2019-11
6751113,09015722511008873000000000U4,PATAGONIA PARRILLA DE CAMPO,NA,722511,Restaurantes con servicio de preparación de alimentos a la carta o de comida corrida,31 a 50 personas,CALLE,VICENTE SUAREZ,CALLE,CHOLULA,CALLE,SALTILLO,CALLE,VICENTE SUAREZ,8,A,NA,NA,0,NA,CIUDAD,CUAUHTEMOC,NA,NA,NA,06170,09,Ciudad de México,015,Cuauhtémoc,0001,Cuauhtémoc,1337,008,NA,RESTAURANTEPATAGONIA@PATAGONIA.MX,NA,Fijo,19.41033593,-99.17322837,2016-10
9806025,09015722511019152000000000U0,PAXIL PLANT BASED SEA FOOD,NA,722511,Restaurantes con servicio de preparación de alimentos a la carta o de comida corrida,6 a 10 personas,CALLE,ORIZABA,CALLE,COLIMA,CALLE,PLAZA RIO DE JANEIRO,CALLE,DURANGO,0,SN,NA,NA,NA,NA,COLONIA,ROMA NORTE,NA,NA,NA,06700,09,Ciudad de México,015,Cuauhtémoc,0001,Cuauhtémoc,1002,003,NA,PAXILVMX@GMAIL.COM,NA,Fijo,19.42009591,-99.16029847,2024-11
8327662,09015722511013513000000000U9,PELAYO,RESTAURANTE PELAYO SA DE CV,722511,Restaurantes con servicio de preparación de alimentos a la carta o de comida corrida,31 a 50 personas,AVENIDA,YUCATAN,CALLE,CHIAPAS,CALLE,JALAPA,CALLE,JALAPA,138,NA,NA,NA,0,NA,COLONIA,ROMA NORTE,NA,NA,NA,06700,09,Ciudad de México,015,Cuauhtémoc,0001,Cuauhtémoc,1214,011,NA,NA,NA,Fijo,19.41262122,-99.16038404,2019-11
11245335,09015722511019551000000000U3,PELQUERIA Y MEZCALERIA AGLORIA,NA,722511,Restaurantes con servicio de preparación de alimentos a la carta o de comida corrida,0 a 5 personas,CALLE,DOCTOR MANUEL CARMONA Y VALLE,AVENIDA,DOCTOR RIO DE LA LOZA,CALLE,DOCTOR LAVISTA,CALLE,DOCTOR RAFAEL LUCIO,12,B,NA,NA,NA,NA,COLONIA,DOCTORES,NA,NA,NA,06720,09,Ciudad de México,015,Cuauhtémoc,0001,Cuauhtémoc,1534,006,NA,NA,NA,Fijo,19.42526135,-99.15272192,2024-11
9208167,09015722511016103000046637M6,PELTRE CONDESA,ONCE CHILES SA DE CV,722511,Restaurantes con servicio de preparación de alimentos a la carta o de comida corrida,11 a 30 personas,CALLE,SALTILLO,CALLE,MEXICALI,CALLE,ALFONSO REYES,CALLE,CHOLULA,63,NA,NA,NA,0,NA,COLONIA,CONDESA,NA,NA,NA,06170,09,Ciudad de México,015,Cuauhtémoc,0001,Cuauhtémoc,1337,004,NA,PELTRECONDESA@GMAIL.COM,NA,Fijo,19.40811885,-99.17409661,2019-11
895267,09015722518001451001046637S1,PELTRE LONCHERIA,ONCE CHILES SA DE CV,722511,Restaurantes con servicio de preparación de alimentos a la carta o de comida corrida,31 a 50 personas,AVENIDA,ALVARO OBREGON,CALLE,ORIZABA,CALLE,CORDOBA,CALLE,TABASCO,85,NA,NA,NA,0,A,COLONIA,ROMA NORTE,NA,NA,NA,06700,09,Ciudad de México,015,Cuauhtémoc,0001,Cuauhtémoc,1002,018,5559621588,ROMA@PELTVE.MX,NA,Fijo,19.41857505,-99.15879094,2014-12
8529012,09015722511011602000000000U2,PENTOLE,NA,722511,Restaurantes con servicio de preparación de alimentos a la carta o de comida corrida,6 a 10 personas,CALLE,TOKIO,CALLE,BURDEOS,CALLE,TOLEDO,CALLE,HAMBURGO,110,A,L1,PLANTA BAJA,NA,L1,COLONIA,CUAHUTEMOC,NA,NA,NA,06500,09,Ciudad de México,015,Cuauhtémoc,0001,Cuauhtémoc,0945,016,NA,PENTOLETOKIOLLO@GMAIL.COM,NA,Fijo,19.42274071,-99.17366244,2019-11
9470768,09015722511017033000000000U4,PERFECT SEAM,GASTRONOMIA FRANCESA SA DE CV,722511,Restaurantes con servicio de preparación de alimentos a la carta o de comida corrida,31 a 50 personas,CALLE,HAVRE,CALLE,MARSELLA,CALLE,LIVERPOOL,CALLE,VENECIA,77,NA,NA,NA,NA,NA,COLONIA,COLONIA,NA,NA,NA,06600,09,Ciudad de México,015,Cuauhtémoc,0001,Cuauhtémoc,095A,013,NA,NA,NA,Fijo,19.42517341,-99.16055282,2023-11
899216,09015722511007791001000000U9,PESCADITO,VALENTINA DEL MAR SA DE CV,722511,Restaurantes con servicio de preparación de alimentos a la carta o de comida corrida,11 a 30 personas,CALLE,CAMPECHE,CALLE,TLACOTALPAN,CALLE,CHAMPOTON,CALLE,AGUASCALIENTES,202,NA,NA,NA,0,NA,COLONIA,ROMA SUR,NA,NA,NA,06760,09,Ciudad de México,015,Cuauhtémoc,0001,Cuauhtémoc,1356,019,NA,NA,NA,Fijo,19.40925817,-99.16714055,2014-12
11075898,09015722511019402000000000U9,PHO KING,RESTAURANTE VIETNAMITA SA DE CV,722511,Restaurantes con servicio de preparación de alimentos a la carta o de comida corrida,6 a 10 personas,AVENIDA,TAMAULIPAS,AVENIDA,CAMPECHE,CALLE,VICENTE SUAREZ,CALLE,ATLIXCO,107,NA,NA,NA,101,NA,COLONIA,CONDESA,NA,NA,NA,06170,09,Ciudad de México,015,Cuauhtémoc,0001,Cuauhtémoc,1318,012,NA,FACTURACIONPHOKING@DOMINMEXICO.COM,NA,Fijo,19.41027056,-99.17519099,2024-11
11076446,09015722511019261000000000U9,PIBI LOCO,NA,722511,Restaurantes con servicio de preparación de alimentos a la carta o de comida corrida,0 a 5 personas,CALLE,CUYUTLAN,CALLE,CAMPECHE,CALLE,AGUASCALIENTES,CALLE,CHAMPOTON,1,NA,NA,NA,NA,NA,COLONIA,ROMA SUR,NA,NA,NA,06760,09,Ciudad de México,015,Cuauhtémoc,0001,Cuauhtémoc,1356,009,5532404135,NA,NA,Fijo,19.40936163,-99.16632013,2024-11
1012152,09015722219001301000000000U3,PIMIENTA CLAVO Y CANELA,NA,722511,Restaurantes con servicio de preparación de alimentos a la carta o de comida corrida,6 a 10 personas,CALLE,FRANCISCO DIAZ COVARRUBIAS,CALLE,JOAQUIN VELAZQUEZ DE LEON,CALLE,MANUEL MARIA CONTRERAS,CALLE,GUILLERMO PRIETO,65,NA,NA,NA,0,NA,COLONIA,SAN RAFAEL,NA,NA,NA,06470,09,Ciudad de México,015,Cuauhtémoc,0001,Cuauhtémoc,0678,011,5555669291,NA,NA,Fijo,19.43707264,-99.16614943,2010-07
11078226,09015722511020721000000000U9,PIMIENTA NEGRA,NA,722511,Restaurantes con servicio de preparación de alimentos a la carta o de comida corrida,0 a 5 personas,CALLE,BOLIVAR,CALLE,VENUSTIANO CARRANZA,CALLE,REPUBLICA DE URUGUAY,CALLE,BOLIVAR,45,NA,MERCADO URBANO,PLANTA BAJA,45,4,COLONIA,CENTRO,"TIANGUIS, BAZAR O PULGA",MERCADO URBANO,4,06000,09,Ciudad de México,015,Cuauhtémoc,0001,Cuauhtémoc,0818,001,5532267760,COMIDABAZAR@GMAIL.COM,NA,Fijo,19.43100549,-99.13877046,2024-11
10750370,09015722511018251000000000U1,PIMIENTA Y PERJIL,NA,722511,Restaurantes con servicio de preparación de alimentos a la carta o de comida corrida,0 a 5 personas,CALLE,FRANCISCO DIAZ COVARRUBIAS,CALLE,JOAQUIN VELAZQUEZ DE LEON,CALLE,MANUEL MARIA CONTRERAS,CALLE,GUILLERMO PRIETO,61,NA,NA,NA,NA,NA,COLONIA,SAN RAFAEL,NA,NA,NA,06470,09,Ciudad de México,015,Cuauhtémoc,0001,Cuauhtémoc,0678,011,NA,NA,NA,Fijo,19.43703254,-99.16596887,2024-11
10072826,09015722511020492000000000U7,PINCHE GUERO,NA,722511,Restaurantes con servicio de preparación de alimentos a la carta o de comida corrida,6 a 10 personas,EJE VIAL,1 PONIENTE AVENIDA CUAUHTEMOC,CALLE,DOCTOR J NAVARRO,CALLE,DOCTOR ILDELFONSO VELASCO,CALLE,DOCTOR MANUEL CARMONA Y VALLE,96,NA,CUAUHTEMOC 96,PLANTA BAJA,NA,NA,COLONIA,DOCTORES,EDIFICIO COMERCIAL Y DE SERVICIOS,CUAUHTEMOC 96,SN,06720,09,Ciudad de México,015,Cuauhtémoc,0001,Cuauhtémoc,1549,046,NA,PINCHEGUERO@GMAIL.COM,NA,Fijo,19.42085308,-99.15393386,2024-11
10151309,09015722511020421000000000U6,PIPA OUR PASTAS,NA,722511,Restaurantes con servicio de preparación de alimentos a la carta o de comida corrida,0 a 5 personas,CALLE,QUERETARO,EJE VIAL,3 PONIENTE (MEDELLIN),EJE VIAL,2 SUR (AVENIDA YUCATAN),CALLE,ZACATECAS,225,NA,MERCADO ROMA,PISO 1,NA,SN,COLONIA,ROMA NORTE,CENTRO Y PLAZA COMERCIAL,MERCADO ROMA,SN,06700,09,Ciudad de México,015,Cuauhtémoc,0001,Cuauhtémoc,1214,015,NA,NA,NA,Fijo,19.4140631,-99.16441382,2024-11
10690191,09015722511020302000000000U8,PITAS GRILL,NA,722511,Restaurantes con servicio de preparación de alimentos a la carta o de comida corrida,6 a 10 personas,CALLE,ELIGIO ANCONA,CALLE,DOCTOR ATL,CALLE,JAIME TORRES BODET,CALLE,MANUEL CARPIO,116,NA,F G,PLANTA BAJA,0,NA,COLONIA,SANTA MARIA LA RIBERA,NA,NA,NA,06400,09,Ciudad de México,015,Cuauhtémoc,0001,Cuauhtémoc,0485,007,NA,NA,NA,Fijo,19.45235867,-99.15657448,2024-11
8338649,09015722511010241000000000U0,PITZZA MAESTRA,GRUPO PANARELA SA DE CV,722511,Restaurantes con servicio de preparación de alimentos a la carta o de comida corrida,0 a 5 personas,AVENIDA,JOSE MARIA IZAZAGA,CALLE,BOLIVAR,CALLE,ISABEL LA CATOLICA,CALLE,SAN JERONIMO,52,NA,NA,NA,0,NA,COLONIA,CENTRO,NA,NA,NA,06080,09,Ciudad de México,015,Cuauhtémoc,0001,Cuauhtémoc,088A,012,5557097318,NA,NA,Fijo,19.42654097,-99.13910914,2019-11
6807469,09015722511009353000000000U6,PIZZERIA CANCINO,PIZZERIA CANCINO CABRERA SAPI DE CV,722511,Restaurantes con servicio de preparación de alimentos a la carta o de comida corrida,6 a 10 personas,CALLE,ZACATECAS,CALLE,CORDOBA,CALLE,ORIZABA,EJE VIAL,2 SUR (AVENIDA QUERETARO),98,NA,NA,NA,NA,NA,COLONIA,ROMA NORTE,NA,NA,NA,06700,09,Ciudad de México,015,Cuauhtémoc,0001,Cuauhtémoc,1110,006,NA,CABRERA@ARCHIPIELAGOMX.COM,WWW.ARCIPIELAGO.COM,Fijo,19.41590401,-99.15877094,2017-11
899722,09015722219018571000000000U1,PIZZERIA L ERMITAÑO,NA,722511,Restaurantes con servicio de preparación de alimentos a la carta o de comida corrida,0 a 5 personas,EJE VIAL,3 PONIENTE MEDELLIN,CALLE,MANZANILLO,EJE VIAL,3 PONIENTE (MEDELLIN),EJE VIAL,3 SUR (AVENIDA BAJA CALIFORNIA),291,NA,NA,NA,6,NA,COLONIA,ROMA SUR,NA,NA,NA,06760,09,Ciudad de México,015,Cuauhtémoc,0001,Cuauhtémoc,1356,022,5540039276,ERMITANOPIZZERIA@GMAIL.COM,NA,Fijo,19.40675164,-99.16338395,2014-12
892021,09015722511002091000000000U9,PLAYA BRUJA,NA,722511,Restaurantes con servicio de preparación de alimentos a la carta o de comida corrida,0 a 5 personas,CALLE,5 DE FEBRERO,PEATONAL,SAN JERONIMO,CALLE,REGINA,CALLE,ISABEL LA CATOLICA,61,NA,NA,NA,0,NA,COLONIA,CUAUHTEMOC,NA,NA,NA,06080,09,Ciudad de México,015,Cuauhtémoc,0001,Cuauhtémoc,0894,004,NA,NA,NA,Fijo,19.42741198,-99.13512562,2014-12
7743298,09015722511012031000000000U3,POLLERIA Y RECAUDERIA,NA,722511,Restaurantes con servicio de preparación de alimentos a la carta o de comida corrida,6 a 10 personas,CALLE,AMADO NERVO,CALLE,JAIME TORRES BODET,CALLE,SANTA MARIA LA RIBERA,AVENIDA,RIBERA DE SAN COSME,50,I,NA,NA,0,NA,COLONIA,SANTA MARIALA RIBERA,NA,NA,NA,06400,09,Ciudad de México,015,Cuauhtémoc,0001,Cuauhtémoc,0606,012,NA,NA,NA,Fijo,19.44324337,-99.15842673,2019-11
1021709,09015722110003253000000000M5,PON HING RESTAURANTE CHINO,NA,722511,Restaurantes con servicio de preparación de alimentos a la carta o de comida corrida,0 a 5 personas,CALLE,RIO GUADALQUIVIR,CALLE,RIO NAZAS,CALLE,RIO PANUCO,CALLE,RIO EBRO,60,A Y B,NA,NA,0,NA,COLONIA,CUAUHTEMOC,NA,NA,NA,06500,09,Ciudad de México,015,Cuauhtémoc,0001,Cuauhtémoc,0822,018,NA,CHAOSIAN75677@GMAIL.COM,NA,Fijo,19.42930432,-99.17048073,2010-07
9586346,09015722511019202000055490S3,POPEYES LOUISIANA,JK CAPITAL SA DE CV,722511,Restaurantes con servicio de preparación de alimentos a la carta o de comida corrida,6 a 10 personas,AVENIDA,PASEO DE LA REFORMA,CALLE,JOSE MARIA LAFRAGUA,CALLE,CALLE DE LA REPUBLICA,CALLE,AVENIDA DE LA REPUBLICA,45,NA,NA,NA,NA,NA,COLONIA,TABACALERA,NA,NA,NA,06030,09,Ciudad de México,015,Cuauhtémoc,0001,Cuauhtémoc,0729,006,NA,NA,NA,Fijo,19.4346251,-99.15189231,2024-11
8848175,09015722511016421000039772S2,PORCO ROSSO CONDESA,PORCO ROSSO BBQ SAPI DE CV,722511,Restaurantes con servicio de preparación de alimentos a la carta o de comida corrida,11 a 30 personas,AVENIDA,MAZATLÁN,CALLE,ALFONSO REYES,AVENIDA,MICHOACÁN,CALLE,YAUTEPEC,148,NA,NA,NA,NA,NA,COLONIA,HIPODROMO CONDESA,NA,NA,NA,06140,09,Ciudad de México,015,Cuauhtémoc,0001,Cuauhtémoc,1318,023,NA,DMARTINEZ@ELCERROAZUL.COM.MX,WWW.PORCOROSSOBBQ.MX,Fijo,19.41101298,-99.17870946,2019-11
8848174,09015722511016411000039772S3,PORCO ROSSO CUAUHTEMOC,PORCO ROSSO BBQ SAPI DE CV,722511,Restaurantes con servicio de preparación de alimentos a la carta o de comida corrida,11 a 30 personas,CALLE,RIO NAZAS,OTRO(ESPECIFIQUE),NINGUNO,OTRO(ESPECIFIQUE),NINGUNO,OTRO(ESPECIFIQUE),NINGUNO,111,NA,NA,NA,NA,NA,COLONIA,CUAUHTEMOC,NA,NA,NA,06500,09,Ciudad de México,015,Cuauhtémoc,0001,Cuauhtémoc,0822,001,NA,DMARTINEZ@ELCERROAZUL.COM.MX,WWW.PORCOROSSOBBQ.MX,Fijo,19.4313016,-99.16926263,2019-11
6719329,09015722519001533011039772S4,PORCO ROSSO ROMA,PORCO ROSSO BBQ SAPI DE CV,722511,Restaurantes con servicio de preparación de alimentos a la carta o de comida corrida,11 a 30 personas,CALLE,ZACATECAS,CALLE,CÓRDOBA,CALLE,ORIZABA,EJE VIAL,2 SUR (AVENIDA QUERÉTARO),102,NA,NA,NA,NA,NA,COLONIA,ROMA NORTE,NA,NA,NA,06700,09,Ciudad de México,015,Cuauhtémoc,0001,Cuauhtémoc,1110,006,NA,DMARTINEZ@ELCERROAZUL.COM.MX,WWW.PORCOROSSO,Fijo,19.41585398,-99.15902643,2016-01
6304508,09015722110001091002060006S1,PORTON BUENAVISTA,MEXICO EN CADA INGREDIENTE S DE RL DE CV,722511,Restaurantes con servicio de preparación de alimentos a la carta o de comida corrida,31 a 50 personas,AVENIDA,INSURGENTES NORTE,CALLE,CARLOS J MENESES,CALLE,JESÚS GARCÍA,EJE VIAL,1 NORTE,151,E,NA,NA,NA,NA,COLONIA,GUERRERO,NA,NA,NA,06300,09,Ciudad de México,015,Cuauhtémoc,0001,Cuauhtémoc,049A,007,NA,P.GUTIERREZ@BIZOPS.MX,ELPORTON.COM.MX,Fijo,19.44560318,-99.15326786,2010-07
7733253,09015722511011312000000000U8,POSTALES DE CAFE,POSTALES DE CAFE  SA,722511,Restaurantes con servicio de preparación de alimentos a la carta o de comida corrida,0 a 5 personas,AVENIDA,MAZATLAN,CALLE,JUAN DE LA BARRERA,CALLE,ANTONIO SOLA,CALLE,CUERNAVACA,30,A,NA,NA,NA,NA,COLONIA,CONDESA,NA,NA,NA,06140,09,Ciudad de México,015,Cuauhtémoc,0001,Cuauhtémoc,1182,005,NA,HOLA@POSTALESDECAFE.COM,WWW.POSTALESDECAFE.COM,Fijo,19.41654788,-99.17561313,2019-11
894240,09015722511000512001000000U6,POTROS GRILL,NA,722511,Restaurantes con servicio de preparación de alimentos a la carta o de comida corrida,6 a 10 personas,CALLE,RIO LERMA,CALLE,RIO DUERO,CALLE,RIO DE LA PLATA,CALLE,RIO PANUCO,269,NA,NA,NA,0,NA,COLONIA,CUAHUTEMOC,NA,NA,NA,06500,09,Ciudad de México,015,Cuauhtémoc,0001,Cuauhtémoc,0926,011,NA,NA,NA,Fijo,19.42643165,-99.17334675,2010-07
10824581,09015722412005671000000000U6,PREPARACION DE BEBIDAS,NA,722412,"Bares, cantinas y similares",0 a 5 personas,EJE VIAL,CENTRAL LAZARO CARDENAS,CALLE,VIZCAINAS,CALLE,MEAVE,CALLE,ALDACO,8082,NA,PLAZA MEAVE,PISO 2,NA,E011,COLONIA,CENTRO,CENTRO Y PLAZA COMERCIAL,PLAZA MEAVE,E16,06082,09,Ciudad de México,015,Cuauhtémoc,0001,Cuauhtémoc,088A,008,NA,NA,NA,Fijo,19.42942529,-99.14142656,2024-11
11744257,09015722511024761000000000U1,PRODUCTOS CUAUHTEMOC,NA,722511,Restaurantes con servicio de preparación de alimentos a la carta o de comida corrida,0 a 5 personas,EJE VIAL,1 Norte (Ignacio López Rayón),CALLE,Comonfort,CALLE,Allende,CALLE,República de Ecuador,18,NA,CALLE COMONFORT,NA,18,K,COLONIA,ANGEL,NA,CALLE COMONFORT,SN,NA,09,Ciudad de México,015,Cuauhtémoc,0001,Cuauhtémoc,0536,002,NA,NA,NA,Fijo,19.44364164,-99.1368678,2025-04
8616248,09015722511014301000000000U8,PRODUCTOS GOURMET ALEGRIA LING,PRODUCTOS GOURMET ALEGRIA LING SA DE CV,722511,Restaurantes con servicio de preparación de alimentos a la carta o de comida corrida,0 a 5 personas,CALLE,DOCTOR AGUSTIN ANDRADE,EJE VIAL,2A SUR (DOCTOR BALMIS),CALLE,DOCTOR ARCE,AVENIDA,DOCTOR JOSE MARIA VERTIZ,211,NA,NA,NA,NA,NA,COLONIA,CUAUHTEMOC,NA,NA,NA,06800,09,Ciudad de México,015,Cuauhtémoc,0001,Cuauhtémoc,1233,020,NA,NA,NA,Fijo,19.41397879,-99.14691594,2019-11
10457183,09015722511023382000000000U7,PROMO EXPAND,NA,722511,Restaurantes con servicio de preparación de alimentos a la carta o de comida corrida,6 a 10 personas,CALLE,ISABEL LA CATOLICA,CALLE,JOSE TORIBIO MEDINA,VIADUCTO,PRESIDENTE MIGUEL ALEMAN,CALLE,BERNARDO COUTO,508,I,NA,NA,NA,NA,COLONIA,ALGARIN,NA,NA,NA,06880,09,Ciudad de México,015,Cuauhtémoc,0001,Cuauhtémoc,1498,012,5589261344,NA,NA,Fijo,19.4044216,-99.13988525,2024-11
898088,09015722511005421000000000U7,PROMOTORA DE RESTAURANTE FLEMING,PROMOTORA DE RESTAURANTE FLEMING SA DE CV,722511,Restaurantes con servicio de preparación de alimentos a la carta o de comida corrida,11 a 30 personas,EJE VIAL,1 PONIENTE AVENIDA CUAUHTEMOC,CALLE,ANTONIO M. ANZA,CALLE,COAHUILA,CALLE,MERIDA,271,NA,NA,NA,273,NA,COLONIA,ROMA NORTE,NA,NA,NA,06700,09,Ciudad de México,015,Cuauhtémoc,0001,Cuauhtémoc,1110,027,NA,ADMINISTRACION@RESTAURANTEFLEMING.COM.MX,NA,Fijo,19.41227215,-99.15491544,2014-12
11438853,09015722511022073000000000U3,PROPIO,PELIGRO PROPIO SA DE CV,722511,Restaurantes con servicio de preparación de alimentos a la carta o de comida corrida,11 a 30 personas,AVENIDA,ALVARO OBREGON,CALLE,TONALA,EJE VIAL,2 PONIENTE (MONTERREY),CALLE,CHIHUAHUA,182,NA,NA,NA,NA,NA,COLONIA,ROMA NORTE,NA,NA,NA,06700,09,Ciudad de México,015,Cuauhtémoc,0001,Cuauhtémoc,1106,008,NA,HOSTESS@PROPIO.COM.MX,NA,Fijo,19.41738197,-99.16323823,2024-11
10630734,09015722511017771000000000U9,PUBLICIDAD SIN NOMBRE,NA,722511,Restaurantes con servicio de preparación de alimentos a la carta o de comida corrida,0 a 5 personas,VIADUCTO,PRESIDENTE MIGUEL ALEMAN,CALLE,MARCELINO DAVALOS,CALLE,5 DE FEBRERO,CALLE,JOSE TORIBIO MEDINA,83,NA,PLAZA SAN JORGE,PISO 3,7,NA,COLONIA,ALGARIN,CENTRO Y PLAZA COMERCIAL,PLAZA SAN JORGE,2,06880,09,Ciudad de México,015,Cuauhtémoc,0001,Cuauhtémoc,1498,024,5567342953,NA,NA,Fijo,19.40364238,-99.13746107,2024-11
9432024,09015722511017053000000000U2,PUERTO DE PRENDES,PUERTO DE DURANGO SA DE CV,722511,Restaurantes con servicio de preparación de alimentos a la carta o de comida corrida,11 a 30 personas,CALLE,DURANGO,AVENIDA,PLAZA VILLA MADRID,EJE VIAL,2 PONIENTE (MONTERREY),AVENIDA,OAXACA,174,A,NA,NA,NA,NA,COLONIA,ROMA,NA,NA,NA,06700,09,Ciudad de México,015,Cuauhtémoc,0001,Cuauhtémoc,0998,015,NA,PUERTOADMIN@BELLINGHAUSEN.MX,WWW.PUERTOPRENDES.COM,Fijo,19.42011662,-99.16503449,2023-11
11354977,09015722511020981000000000U9,PUESTO DE COMIDA,NA,722511,Restaurantes con servicio de preparación de alimentos a la carta o de comida corrida,0 a 5 personas,AVENIDA,FRAY SERVANDO TERESA DE MIER,CALLE,SIMON BOLIVAR,CALLE,TRIUNFO,CALLE,CHIMALPOPOCA,0,SN,NA,NA,NA,NA,COLONIA,OBRERA,NA,NA,NA,06800,09,Ciudad de México,015,Cuauhtémoc,0001,Cuauhtémoc,1040,020,NA,NA,NA,Semifijo,19.42402983,-99.13862698,2024-11
8007055,09015722511011861000000000U4,PUESTO DE COMIDA CORRIDA SIN NOMBRE,NA,722511,Restaurantes con servicio de preparación de alimentos a la carta o de comida corrida,0 a 5 personas,CALLE,RICHARD WAGNER,CALLE,FELIPE PEDRELL,CALLE,CALZADA DE LA RONDA,CALLE,FLORENCIO CONSTANTINO,2,NA,NA,NA,NA,NA,COLONIA,EX HIPODROMO DE PERALVILLO,NA,NA,NA,06250,09,Ciudad de México,015,Cuauhtémoc,0001,Cuauhtémoc,0150,017,NA,NA,NA,Semifijo,19.45428796,-99.13271306,2019-11
867738,09015722212024601000000000U4,PUESTO DE GUISADOS,NA,722511,Restaurantes con servicio de preparación de alimentos a la carta o de comida corrida,0 a 5 personas,CALLE,BAJIO,CALLE,IGUALA,EJE VIAL,4 SUR (CHILPANCINGO),VIADUCTO,PRESIDENTE MIGUEL ALEMAN,NA,SN,NA,NA,NA,NA,COLONIA,ROMA SUR,NA,NA,NA,06760,09,Ciudad de México,015,Cuauhtémoc,0001,Cuauhtémoc,1445,004,NA,NA,NA,Semifijo,19.40269853,-99.16807016,2010-07
9961421,09015722511018542000000000U3,PULPO,ORIZABA 37 SA DE CV,722511,Restaurantes con servicio de preparación de alimentos a la carta o de comida corrida,6 a 10 personas,AVENIDA,ALVARO OBREGON,CALLE,JALAPA,CALLE,ORIZABA,CALLE,CHIHUAHUA,130,NA,NA,NA,NA,NA,COLONIA,ROMA NORTE,NA,NA,NA,06700,09,Ciudad de México,015,Cuauhtémoc,0001,Cuauhtémoc,1106,010,NA,NA,NA,Fijo,19.41783912,-99.1608587,2024-11
9656293,09015722412006011000000000U4,PULQUERIA EL CALLEJON,NA,722412,"Bares, cantinas y similares",0 a 5 personas,CALLE,PRIMERA CERRADA 5 DE MAYO,CALLE,5 DE MAYO,CALLE,PALMA,CALLE,ISABEL LA CATOLICA,1,B,NA,NA,NA,NA,COLONIA,TACUBA,NA,NA,NA,06010,09,Ciudad de México,015,Cuauhtémoc,0001,Cuauhtémoc,0771,019,NA,NA,NA,Fijo,19.43462484,-99.13558971,2024-11
10858491,09015722412000051000000000U6,PULQUERIA EL RECREO DE MANZANARES,NA,722412,"Bares, cantinas y similares",0 a 5 personas,CALLE,MANZANARES,PEATONAL,PRIMER CALLEJON MANZANARES,CALLE,SEGUNDO CALLEJON MANZANARES,CALLE,CORREGIDORA,6,D,NA,NA,NA,NA,COLONIA,CENTRO,NA,NA,NA,06060,09,Ciudad de México,015,Cuauhtémoc,0001,Cuauhtémoc,0786,013,5539824373,NA,NA,Fijo,19.42997508,-99.12630433,2024-11
8152821,09015722412003962000000000U1,PULQUERIA ESPIRITU SANTO,NA,722412,"Bares, cantinas y similares",6 a 10 personas,EJE VIAL,1 PONIENTE AVENIDA ROSALES,CALLE,IGNACIO MARISCAL,AVENIDA,MEXICO-TENOCHTITLAN,CALLE,JESUS DE TERAN,1,NA,NA,NA,3,NA,COLONIA,TABACALERA,NA,NA,NA,06030,09,Ciudad de México,015,Cuauhtémoc,0001,Cuauhtémoc,0714,011,5527690385,NA,NA,Fijo,19.43763045,-99.14936119,2019-11
8385817,09015722412004861000000000U4,PULQUERIA FRIDA,NA,722412,"Bares, cantinas y similares",0 a 5 personas,CALLE,SOTO,EJE VIAL,1 NORTE (MOSQUETA),CALLE,MOCTEZUMA,CALLE,LERDO,195,NA,NA,NA,NA,NA,COLONIA,GUERRERO,NA,NA,NA,06300,09,Ciudad de México,015,Cuauhtémoc,0001,Cuauhtémoc,0574,005,NA,NA,NA,Fijo,19.44453779,-99.1436868,2019-11
984372,09015722412000991000000000U3,PULQUERIA LA ANTIGUA ROMA,NA,722412,"Bares, cantinas y similares",0 a 5 personas,CALLE,REPUBLICA DE PERU,CALLE,INCAS,CALLE,ALLENDE,CALLE,REPUBLICA DE HONDURAS,38,NA,NA,NA,0,A,COLONIA,CENTRO,NA,NA,NA,06010,09,Ciudad de México,015,Cuauhtémoc,0001,Cuauhtémoc,0644,024,NA,NA,NA,Fijo,19.4396134,-99.13735417,2010-07
10381662,09015722412006373000000000U8,PULQUERIA LA CANICA,PULQUERIA LA CANICA SA DE CV,722412,"Bares, cantinas y similares",11 a 30 personas,AVENIDA,INSURGENTES CENTRO,CALLE,AVENIDA DE LA REPUBLICA,CALLE,TOMAS ALVA EDISON,CALLE,EZEQUIEL MONTES,60,NA,NA,NA,NA,A,COLONIA,TABACALERA,NA,NA,NA,06030,09,Ciudad de México,015,Cuauhtémoc,0001,Cuauhtémoc,070A,006,5561593010,PULQUERIALACANICA@GMAIL.COM,NA,Fijo,19.43702612,-99.15665783,2024-11
980975,09015722412000481000000000U5,PULQUERIA LA HERMOSA HORTENSIA,NA,722412,"Bares, cantinas y similares",0 a 5 personas,CALLEJON,CALLEJON DE LA AMARGURA,PEATONAL,REPUBLICA DE HONDURAS,PEATONAL,PLAZA GARIBALDI,CALLE,REPUBLICA DE ECUADOR,4,B,NA,NA,0,NA,COLONIA,CENTR0,NA,NA,NA,06010,09,Ciudad de México,015,Cuauhtémoc,0001,Cuauhtémoc,0536,008,5512657104,NA,NA,Fijo,19.44089976,-99.13852087,2010-07
11526142,09015722412006032000000000U0,PULQUERIA LA HIJA DE LOS APACHES,NA,722412,"Bares, cantinas y similares",6 a 10 personas,AVENIDA,BALDERAS,AVENIDA,JUAREZ,CALLE,INDEPENDENCIA,CALLE,AZUETA,44,2,NA,NA,NA,NA,COLONIA,CENTRO,NA,NA,NA,06010,09,Ciudad de México,015,Cuauhtémoc,0001,Cuauhtémoc,0748,026,5540561648,NA,NA,Fijo,19.43429468,-99.14734308,2024-11
1040209,09015722412000431000000000U0,PULQUERIA LAS DUELISTAS,NA,722412,"Bares, cantinas y similares",0 a 5 personas,CALLE,ARANDA,CALLE,AYUNTAMIENTO,CALLE,PUENTE PEREDO,CALLE,LOPEZ,28,NA,NA,NA,0,NA,COLONIA,CENTRO,NA,NA,NA,06010,09,Ciudad de México,015,Cuauhtémoc,0001,Cuauhtémoc,0875,012,NA,ARTURO.GARAL@GMAIL.COM,NA,Fijo,19.43021933,-99.14271249,2014-12
9192064,09015722412005162000000000U6,PULQUERIA SOL DE LLUVIA O MARY PISTOLAS,NA,722412,"Bares, cantinas y similares",0 a 5 personas,CALLE,NEZAHUALCOYOTL,CALLEJON,NEZAHUALCOYOTL,CALLE,BOLIVAR,PRIVADA,SAN SALVADOR EL SECO,75,NA,NA,NA,1,NA,COLONIA,OBRERA,NA,NA,NA,06080,09,Ciudad de México,015,Cuauhtémoc,0001,Cuauhtémoc,0964,004,NA,NA,NA,Fijo,19.4253689,-99.13905756,2019-11
11117946,09015722412006531000000000U1,PULQUES CHANEKES,NA,722412,"Bares, cantinas y similares",0 a 5 personas,EJE VIAL,CENTRAL LAZARO CARDENAS,AVENIDA,PASEO DE LA REFORMA,CALLE,JAIME NUNO,EJE VIAL,CENTRAL (LAZARO CARDENAS),155,NA,NA,NA,NA,NA,COLONIA,GUERRERO,NA,NA,NA,06300,09,Ciudad de México,015,Cuauhtémoc,0001,Cuauhtémoc,0521,010,5513026801,NA,NA,Fijo,19.44501132,-99.13904857,2024-11
11134579,09015722412006201000000000U1,PULQUES ESPIRITU SANTO,NA,722412,"Bares, cantinas y similares",0 a 5 personas,EJE VIAL,3 PONIENTE MEDELLIN,CALLE,QUERETARO,CALLE,SAN LUIS POTOSI,EJE VIAL,2 PONIENTE (MONTERREY),162,NA,NA,NA,NA,NA,COLONIA,ROMA NORTE,NA,NA,NA,06700,09,Ciudad de México,015,Cuauhtémoc,0001,Cuauhtémoc,1214,014,NA,NA,NA,Fijo,19.41368639,-99.16500879,2024-11
10737599,09015722511024031000000000U9,PUNTO SANO,NA,722511,Restaurantes con servicio de preparación de alimentos a la carta o de comida corrida,0 a 5 personas,AVENIDA,DOCTOR RIO DE LA LOZA,EJE VIAL,CENTRAL (LAZARO CARDENAS),CALLE,DOCTOR VALENZUELA,AVENIDA,ARCOS DE BELEN,6,NA,NA,NA,601,NA,COLONIA,DOCTORES,NA,NA,NA,06720,09,Ciudad de México,015,Cuauhtémoc,0001,Cuauhtémoc,0875,028,NA,NA,NA,Fijo,19.42488925,-99.14287846,2024-11
9717938,09015722412006253000000000U2,PUNTO Y APARTE,NA,722412,"Bares, cantinas y similares",11 a 30 personas,CALLE,AMBERES,CALLE,LIVERPOOL,CALLE,LONDRES,EJE VIAL,2 PONIENTE (FLORENCIA),61,7,NA,NA,NA,NA,COLONIA,JUAREZ,NA,NA,NA,06600,09,Ciudad de México,015,Cuauhtémoc,0001,Cuauhtémoc,095A,006,NA,NA,NA,Fijo,19.42468709,-99.16489334,2024-11
892027,09015315229003472011000000U2,PUNTO ZERO,NA,722412,"Bares, cantinas y similares",0 a 5 personas,CALLE,MESONES,CALLE,ISABEL LA CATOLICA,CALLEJON,PRIMER DE MESONES,CALLE,REGINA,55,A,NA,NA,0,NA,COLONIA,CUAHUTEMOC,NA,NA,NA,06080,09,Ciudad de México,015,Cuauhtémoc,0001,Cuauhtémoc,0894,005,NA,NA,NA,Fijo,19.42854719,-99.13683175,2014-12
11608903,09015722511021182000000000U3,QUE PEDRO PABLO,NA,722511,Restaurantes con servicio de preparación de alimentos a la carta o de comida corrida,6 a 10 personas,CALLE,MARSELLA,CALLE,NIZA,CALLE,HAVRE,AVENIDA,CHAPULTEPEC,74,NA,NA,NA,NA,NA,COLONIA,ROMA NORTE,NA,NA,NA,06600,09,Ciudad de México,015,Cuauhtémoc,0001,Cuauhtémoc,095A,020,NA,NA,NA,Fijo,19.42471737,-99.16062233,2024-11
658439,09015722110006144001000000S3,QUEBRACHO,GASTRONOMICA FELICIANO SA DE CV,722511,Restaurantes con servicio de preparación de alimentos a la carta o de comida corrida,11 a 30 personas,CALLE,HAMBURGO,AVENIDA,LIEJA,CALLE,BURDEOS,CALLE,HAMBURGO,313,NA,NA,NA,NA,NA,COLONIA,JUAREZ,NA,NA,NA,06600,09,Ciudad de México,015,Cuauhtémoc,0001,Cuauhtémoc,0945,019,NA,CAJAAMBURGO@QUEBRACHO.COM,WWW.QUEBRACHO,Fijo,19.42207755,-99.17355226,2011-03
6258696,09015722110004833002000000U3,QUEBRACHO PARRILLA ARGENTINA,GASTRONOMICA QUEBRACHO SA,722511,Restaurantes con servicio de preparación de alimentos a la carta o de comida corrida,31 a 50 personas,CALLE,RIO LERMA,CALLE,RIO GUADALQUIVIR,CALLE,RIO EBRO,CALLE,RIO PANUCO,175,A,NA,NA,NA,NA,COLONIA,CUAUHTEMOC,NA,NA,NA,06500,09,Ciudad de México,015,Cuauhtémoc,0001,Cuauhtémoc,0822,017,NA,JAMIJARESVALLE@GMAIL.COM,WWW.QUEBRACHO.COM.MX,Fijo,19.42813306,-99.1697826,2010-07
1029568,09015722412002611001000000U5,QUEENS,CONSORCIO QNS ENTRETENIMENT SA DE CV,722412,"Bares, cantinas y similares",6 a 10 personas,AVENIDA,INSURGENTES SUR,CALLE,DURANGO,CALLE,COLIMA,CALLE,TONALA,208,NA,NA,NA,NA,NA,COLONIA,ROMA NORTE,NA,NA,NA,06700,09,Ciudad de México,015,Cuauhtémoc,0001,Cuauhtémoc,1002,016,NA,NA,WWW.QUEENSMX.COM,Fijo,19.41989948,-99.1639653,2010-07
11482198,09015722412005931000000000U4,QUEENS,NA,722412,"Bares, cantinas y similares",0 a 5 personas,CALLE,CHIMALPOPOCA,CALLE,ZAPOTECOS,CALLE,MIXTECOS,CALLE,LUCAS ALAMAN,83,3,NA,NA,NA,NA,COLONIA,OBRERA,NA,NA,NA,06800,09,Ciudad de México,015,Cuauhtémoc,0001,Cuauhtémoc,1040,013,5516046432,NA,NA,Fijo,19.42221456,-99.13870452,2024-11
9205199,09015722511015992000000000U3,QUERERES RESTAURANTE,GASTRONOMANIAS & BARTENDENCIAS SA DE CV,722511,Restaurantes con servicio de preparación de alimentos a la carta o de comida corrida,6 a 10 personas,CALLE,ARTICULO 123,CALLE,HUMBOLDT,CALLE,ITURBIDE,AVENIDA,MORELOS,116,NA,NA,NA,3,NA,COLONIA,CENTRO,NA,NA,NA,06040,09,Ciudad de México,015,Cuauhtémoc,0001,Cuauhtémoc,0860,021,NA,NA,NA,Fijo,19.43299411,-99.14870659,2019-11
984433,09015461110026841000000000U5,QUESADILLAS Y TACOS MOY,NA,722511,Restaurantes con servicio de preparación de alimentos a la carta o de comida corrida,0 a 5 personas,PEATONAL,REPUBLICA DE HONDURAS,PEATONAL,CALLEJON DE GARIBALDI,CALLE,ALLENDE,CALLE,REPUBLICA DE PERU,17,NA,NA,NA,0,NA,COLONIA,CENTRO,NA,NA,NA,06010,09,Ciudad de México,015,Cuauhtémoc,0001,Cuauhtémoc,0644,022,NA,NA,NA,Fijo,19.44076479,-99.13767358,2010-07
896725,09015722511007952000000000U0,QUESERIA DE MI,AVENTURA GOURMET S DE RL DE CV,722511,Restaurantes con servicio de preparación de alimentos a la carta o de comida corrida,11 a 30 personas,CALLE,ENSENADA,CALLE,MEXICALI,CALLE,ALFONSO REYES,AVENIDA,TAMAULIPAS,69,NA,NA,NA,NA,NA,COLONIA,CUAUTEMOC,NA,NA,NA,06170,09,Ciudad de México,015,Cuauhtémoc,0001,Cuauhtémoc,1337,012,NA,ANELA@QUESERIADEMI.CO,WWW.QUESERIADEMI.COM,Fijo,19.40865947,-99.17533833,2014-12
6256976,09015722110005533001006988M8,RAFAELLO ZONA ROSA,GRUPO RAFFAELLO SA DE CV,722511,Restaurantes con servicio de preparación de alimentos a la carta o de comida corrida,11 a 30 personas,CALLE,LONDRES,CALLE,2 PONIENTE FLORENCIA,CALLE,AMBERES,CALLE,HAMBURGO,165,NA,NA,NA,NA,NA,COLONIA,JUÁREZ,NA,NA,NA,06600,09,Ciudad de México,015,Cuauhtémoc,0001,Cuauhtémoc,095A,007,NA,CONCHITA_RAFFAELLO@HOTMAIL.COM,WWW.RAFFAELLO.MX,Fijo,19.42455645,-99.16595314,2010-07
9563846,09015722511022932000000000U0,RAMEN TRADICIONAL,RAMEN TRADICIONAL ORIENTAL  SA DE CV,722511,Restaurantes con servicio de preparación de alimentos a la carta o de comida corrida,6 a 10 personas,CALLE,ORIZABA,AVENIDA,ALVARO OBREGON,CALLE,TABASCO,CALLE,CORDOBA,96,NA,ORIZABA 96,PLANTA BAJA,NA,NA,COLONIA,ROMA NORTE,EDIFICIO COMERCIAL Y DE SERVICIOS,ORIZABA 96,SN,06700,09,Ciudad de México,015,Cuauhtémoc,0001,Cuauhtémoc,1002,018,NA,NA,NA,Fijo,19.4190435,-99.1598498,2024-11
10366267,09015722511019933000000000U3,RAMMEN SAYRI,NA,722511,Restaurantes con servicio de preparación de alimentos a la carta o de comida corrida,11 a 30 personas,CALLE,GENERAL BENJAMIN HILL,CALLE,REYNOSA,AVENIDA,TAMAULIPAS,CALLE,ALFONSO REYES,0,SN,NA,NA,NA,NA,COLONIA,CONDESA,NA,NA,NA,06170,09,Ciudad de México,015,Cuauhtémoc,0001,Cuauhtémoc,1411,012,NA,NA,NA,Fijo,19.40750783,-99.17692579,2024-11
892199,09015722511007813001000000U1,RAMONA,NA,722511,Restaurantes con servicio de preparación de alimentos a la carta o de comida corrida,6 a 10 personas,CALLE,ARTICULO 123,CALLE,HUMBOLDT,CALLE,ITURBIDE,AVENIDA,MORELOS,116,NA,NA,NA,2,NA,COLONIA,CENTRO,NA,NA,NA,06040,09,Ciudad de México,015,Cuauhtémoc,0001,Cuauhtémoc,0860,021,5591314609,RAMONARESTAURAT_1@GMAIL.COM,NA,Fijo,19.43299411,-99.14870659,2014-12
9920475,09015722511020773000000000U0,REBEL WING,REBEL WING SA DE CV,722511,Restaurantes con servicio de preparación de alimentos a la carta o de comida corrida,11 a 30 personas,CALLE,DOLORES,AVENIDA,JUAREZ,CALLE,INDEPENDENCIA,CALLE,LOPEZ,12,NA,NA,NA,NA,NA,COLONIA,CENTRO,NA,NA,NA,06050,09,Ciudad de México,015,Cuauhtémoc,0001,Cuauhtémoc,0748,012,NA,RW.CENTROHISTORICO@REBELWINGS.MX,NA,Fijo,19.43345642,-99.14278495,2024-11
897745,09015722219031762011000000U0,RECETA MINIMA,NA,722511,Restaurantes con servicio de preparación de alimentos a la carta o de comida corrida,6 a 10 personas,CALLE,DOCTOR ILDELFONSO VELASCO,AVENIDA,NIÑOS HEROES,CALLE,DOCTOR RAFAEL LUCIO,CALLE,DOCTOR J. NAVARRO,0,SN,NA,NA,NA,NA,COLONIA,DOCTORES,NA,NA,NA,06720,09,Ciudad de México,015,Cuauhtémoc,0001,Cuauhtémoc,1549,044,NA,NA,NA,Fijo,19.41954729,-99.15096626,2010-07
11160999,09015722511018622000000000U3,RECLUSA PARDA,NA,722511,Restaurantes con servicio de preparación de alimentos a la carta o de comida corrida,6 a 10 personas,CALLE,RIO EBRO,CALLE,RIO LERMA,CALLE,RIO PANUCO,CALLE,RIO GUADALQUIVIR,85,NA,NA,NA,NA,NA,COLONIA,CUAUHTEMOC,NA,NA,NA,06500,09,Ciudad de México,015,Cuauhtémoc,0001,Cuauhtémoc,0822,017,NA,NA,WWW.RECLUSAPARDA.COM,Fijo,19.42872445,-99.16945917,2024-11
11598209,09015722511018491000000000U3,RECUERDO DE MIS AMORES,INMOBILIARIA ROMITA SA DE CV,722511,Restaurantes con servicio de preparación de alimentos a la carta o de comida corrida,0 a 5 personas,CALLE,PUEBLA,CALLE,GUAYMAS,CALLE,MORELIA,CALLE,REAL DE ROMITA,26,NA,NA,NA,NA,NA,COLONIA,ROMA,NA,NA,NA,06700,09,Ciudad de México,015,Cuauhtémoc,0001,Cuauhtémoc,1017,003,NA,NA,NA,Fijo,19.4237873,-99.15558719,2024-11
1019066,09015722219005081000000000U7,REGINA,NA,722511,Restaurantes con servicio de preparación de alimentos a la carta o de comida corrida,6 a 10 personas,CALLE,REGINA,CALLE,5 DE FEBRERO,CALLE,ISABEL LA CATOLICA,PEATONAL,SAN JERONIMO,51,A,NA,NA,0,NA,COLONIA,CUAUHTEMOC,NA,NA,NA,06080,09,Ciudad de México,015,Cuauhtémoc,0001,Cuauhtémoc,0894,004,5557097202,REGINAMAYNO@HOTMAIL.COM,NA,Fijo,19.42763211,-99.13553285,2010-07
10955526,09015722511023671000000000U3,REN HE XI,NA,722511,Restaurantes con servicio de preparación de alimentos a la carta o de comida corrida,0 a 5 personas,CALLE,INDEPENDENCIA,CALLE,AZUETA,AVENIDA,BALDERAS,AVENIDA,JUAREZ,101,B,NA,NA,NA,NA,COLONIA,CENTRO,NA,NA,NA,06010,09,Ciudad de México,015,Cuauhtémoc,0001,Cuauhtémoc,0748,026,NA,NA,NA,Fijo,19.43380018,-99.14723772,2024-11
1010426,09015722219021491001000000U8,RESTAORANT LOCKY,NA,722511,Restaurantes con servicio de preparación de alimentos a la carta o de comida corrida,0 a 5 personas,CALLE,NOGAL,AVENIDA,RIBERA DE SAN COSME,CERRADA,PRIMERA DE LA PRIMERA DEL NOGAL,CALLE,CEDRO,1,A,NA,NA,0,NA,COLONIA,SANTA MARIA LA RIBERA,NA,NA,NA,06400,09,Ciudad de México,015,Cuauhtémoc,0001,Cuauhtémoc,0593,006,NA,NA,NA,Fijo,19.44334014,-99.16483703,2010-07
1019042,09015722511005433001000000U0,RESTAORANTE LEI CHINA,NA,722511,Restaurantes con servicio de preparación de alimentos a la carta o de comida corrida,6 a 10 personas,CALLE,SAN JERONIMO,CALLE,20 DE NOVIEMBRE,AVENIDA,JOSE MARIA PINO SUAREZ,CALLE,REGINA,100,A,A,PLANTA BAJA,0,NA,COLONIA,CENTRO,NA,NA,NA,06500,09,Ciudad de México,015,Cuauhtémoc,0001,Cuauhtémoc,0894,010,NA,NA,NA,Fijo,19.42658732,-99.13329076,2010-07
884763,09015462112004581010000000U8,RESTARANTE RINCON,NA,722511,Restaurantes con servicio de preparación de alimentos a la carta o de comida corrida,0 a 5 personas,OTRO(ESPECIFIQUE),MANZANA O EDIFICACION CONTIGUA,AVENIDA,AV MANUEL GONZALEZ,OTRO(ESPECIFIQUE),MANZANA O EDIFICACION CONTIGUA,AVENIDA,AV INSURGENTES,436,NA,NA,NA,5,NA,COLONIA,TLATELOLCO,NA,NA,NA,06900,09,Ciudad de México,015,Cuauhtémoc,0001,Cuauhtémoc,0216,001,NA,NA,NA,Fijo,19.45565326,-99.14817469,2014-12
893636,09015722511003771001000000U5,RESTAURAN BAR LUNA Y SOL,NA,722511,Restaurantes con servicio de preparación de alimentos a la carta o de comida corrida,6 a 10 personas,EJE VIAL,1 PONIENTE GUERRERO,CALLE,LUNA,CALLE,SOL,CALLE,ZARAGOZA,220,NA,NA,NA,0,NA,COLONIA,GUERRER,NA,NA,NA,06350,09,Ciudad de México,015,Cuauhtémoc,0001,Cuauhtémoc,0502,006,5555290759,BAR_LUNAYSOL@HOTMAIL.COM,NA,Fijo,19.44885453,-99.146748,2014-12
7757200,09015722511015041000000000U9,RESTAURAN LA JUNTA,NA,722511,Restaurantes con servicio de preparación de alimentos a la carta o de comida corrida,6 a 10 personas,AVENIDA,JOSE MARIA IZAZAGA,CALLE,BOLIVAR,CALLE,ISABEL LA CATOLICA,CALLE,SAN JERONIMO,50,NA,IZAZAGA,PLANTA BAJA,NA,NA,COLONIA,CENTRO,EDIFICIO COMERCIAL Y DE SERVICIOS,IZAZAGA,50,06080,09,Ciudad de México,015,Cuauhtémoc,0001,Cuauhtémoc,088A,012,NA,NA,WWW.RESTAURANTELAJUNTA.COM,Fijo,19.42655045,-99.139214140000007,2019-11
867075,09015722511007004001000000U7,RESTAURAN MAREA BONITA,NA,722511,Restaurantes con servicio de preparación de alimentos a la carta o de comida corrida,6 a 10 personas,CALLE,MEXICALI,CALLE,OMETUSCO,CALLE,ALTATA,CALLE,AGUASCALIENTES,4,NA,NA,NA,0,NA,COLONIA,HIPODROMO,NA,NA,NA,06100,09,Ciudad de México,015,Cuauhtémoc,0001,Cuauhtémoc,1337,011,NA,NA,NA,Fijo,19.40751164,-99.17245665,2010-07
894870,09015722219032032000000000U7,RESTAURAN YUCATECO EL YUCA,TACOS Y PANUCHOS EL YUKA SAPI DE CV,722511,Restaurantes con servicio de preparación de alimentos a la carta o de comida corrida,6 a 10 personas,CALLE,LONDRES,EJE VIAL,2 PONIENTE (FLORENCIA),CALLE,AMBERES,CALLE,HAMBURGO,167,NA,NA,NA,NA,NA,COLONIA,JUAREZ,NA,NA,NA,06600,09,Ciudad de México,015,Cuauhtémoc,0001,Cuauhtémoc,095A,007,NA,NA,NA,Fijo,19.42462847,-99.1657984,2010-07
865114,09015722511007621000000000U8,RESTAURANT ANGIE,NA,722511,Restaurantes con servicio de preparación de alimentos a la carta o de comida corrida,6 a 10 personas,CALLE,SOL,EJE VIAL,1 PONIENTE (GUERRERO),CALLE,HEROES,CALLE,LUNA,167,NA,NA,NA,0,NA,COLONIA,GUERRERO,NA,NA,NA,06300,09,Ciudad de México,015,Cuauhtémoc,0001,Cuauhtémoc,0517,008,5573569669,NA,NA,Fijo,19.44800193,-99.14646247,2014-12
1012129,09015722412001743001000000U7,RESTAURANT BAR ANDRADE,RESTAURANTE BAR ANDRADE SA DE CV,722412,"Bares, cantinas y similares",6 a 10 personas,CALLE,FRANCISCO DIAZ COVARRUBIAS,CIRCUITO,INTERIOR (CALZADA MELCHOR OCAMPO),CALLE,JOAQUIN VELAZQUEZ DE LEON,CALLE,GUILLERMO PRIETO,91,NA,NA,NA,NA,NA,COLONIA,SAN RAFAEL,NA,NA,NA,06470,09,Ciudad de México,015,Cuauhtémoc,0001,Cuauhtémoc,0678,012,NA,ELGOLFO_DE_LEON12@HOTMAIL.COM,NA,Fijo,19.43754425,-99.16825129,2010-07
9117530,09015722412005021000000000U4,RESTAURANT BAR EL NUEVO CENTAURO,NA,722412,"Bares, cantinas y similares",0 a 5 personas,CALLE,ISABEL LA CATOLICA,CALLE,CHIMALPOPOCA,AVENIDA,FRAY SERVANDO TERESA DE MIER,CALLE,CALLEJON SAN SALVADOR EL VERDE,159,NA,NA,NA,0,NA,COLONIA,CENTRO,NA,NA,NA,06080,09,Ciudad de México,015,Cuauhtémoc,0001,Cuauhtémoc,1055,013,NA,NA,NA,Fijo,19.423172,-99.1375973,2019-11
8337595,09015722412003862000000000U3,RESTAURANT- BAR EL PECADO MARISQUERIA,NA,722412,"Bares, cantinas y similares",6 a 10 personas,CALLE,REPUBLICA DE CUBA,CALLE,REPUBLICA DE CHILE,CALLE,ALLENDE,CALLE,DONCELES,45,B,NA,NA,0,NA,COLONIA,CENTRO,NA,NA,NA,06010,09,Ciudad de México,015,Cuauhtémoc,0001,Cuauhtémoc,0752,010,5547676078,NA,NA,Fijo,19.43730572,-99.13755459,2019-11
1013934,09015722110005173001000000U3,RESTAURANT BAR ISABEL,RESTAURANT BAR ISABEL SA DE CV,722511,Restaurantes con servicio de preparación de alimentos a la carta o de comida corrida,6 a 10 personas,CALLE,ISABEL LA CATOLICA,CALLE,REPUBLICA DE URUGUAY,CALLE,REPUBLICA DEL SALVADOR,CALLE,BOLIVAR,63,NA,NA,NA,NA,NA,COLONIA,CENNTRO,NA,NA,NA,06600,09,Ciudad de México,015,Cuauhtémoc,0001,Cuauhtémoc,0818,003,NA,RESTAURATE@HOTEL-ISABEL.COM.MX,WWW.HOTEL-ISABEL.COM.MX,Fijo,19.42980062,-99.1368345,2010-07
7732115,09015722511010663000000000M5,RESTAURANT BAR JARDN CHAPULTEPEC,NA,722511,Restaurantes con servicio de preparación de alimentos a la carta o de comida corrida,11 a 30 personas,AVENIDA,CHAPULTEPEC,CALLE,MEDELLIN,CALLE,VALLADOLID,CALLE,PUEBLA,398,NA,NA,NA,NA,NA,COLONIA,ROMA NORTE,NA,NA,NA,06700,09,Ciudad de México,015,Cuauhtémoc,0001,Cuauhtémoc,0998,009,NA,INFO@JARDINCHAPULTEPEC.COM,NA,Fijo,19.42223672,-99.16792247,2019-11
1028087,09015722412002752001000000U7,RESTAURANT BAR LA TERRAZA DE GENOVA,NA,722412,"Bares, cantinas y similares",11 a 30 personas,CALLE,GENOVA,CALLE,ESTRASBURGO,CALLE,HAMBURGO,CALLE,AMBERES,29,NA,NA,NA,NA,B,COLONIA,JUAREZ,NA,NA,NA,06600,09,Ciudad de México,015,Cuauhtémoc,0001,Cuauhtémoc,0945,015,5555335119,LAURAALBINO@GMAIL.COM,NA,Fijo,19.42698298,-99.16447855,2010-07
8327655,09015722511013504000000000U8,RESTAURANT BAR MESON DEL MONJE,RESTAURANT BAR MESON DEL MONJE SA DE CV,722511,Restaurantes con servicio de preparación de alimentos a la carta o de comida corrida,6 a 10 personas,CALLE,FRONTERA,EJE VIAL,2A SUR (SAN LUIS POTOSI),EJE VIAL,1 PONIENTE (AVENIDA CUAUHTEMOC),EJE VIAL,2A SUR (SAN LUIS POTOSI),217,NA,NA,NA,NA,NA,COLONIA,ROMA NORTE,NA,NA,NA,06700,09,Ciudad de México,015,Cuauhtémoc,0001,Cuauhtémoc,1110,013,NA,CONTABILIDAD@BENIDORM.COM.MX,NA,Fijo,19.41444494,-99.15477676,2019-11
8337855,09015722412003912000000000U6,RESTAURANT BAR MR DUCK,NA,722412,"Bares, cantinas y similares",11 a 30 personas,CALLE,FRANCISCO I MADERO,CALLE,FILOMENO MATA,CALLE,BOLIVAR,CALLE,5 DE MAYO,20,NA,PLAZA MADERO,PISO 3,301,NA,COLONIA,CENTRO,EDIFICIO COMERCIAL Y DE SERVICIOS,PLAZA MADERO,301,06000,09,Ciudad de México,015,Cuauhtémoc,0001,Cuauhtémoc,0767,001,5611731824,MR.DUCK.MX@GMAIL.COM,WWW.MRDUCK.COM,Fijo,19.4338984,-99.13912624,2019-11
866901,09015722219033263000000000U7,RESTAURANT BAR NUEVO LEON,RESTAURANT BAR NUEVO LEON SA DE CV,722511,Restaurantes con servicio de preparación de alimentos a la carta o de comida corrida,11 a 30 personas,AVENIDA,NUEVO LEON,AVENIDA,MICHOACAN,CALLE,FERNANDO MONTES DE OCA,AVENIDA,TAMAULIPAS,95,NA,NA,NA,95,NA,COLONIA,HIPODROMO,NA,NA,NA,06100,09,Ciudad de México,015,Cuauhtémoc,0001,Cuauhtémoc,1322,012,NA,RESTAURANTNUEVOLEON@HOTMAIL.COM,WWW.RESTAURANTBARNUEVOLEON.COM.MX,Fijo,19.4115774,-99.17244129,2010-07
8327214,09015722511013133000000000U6,RESTAURANT BAR PERALTA,PHOENIX PERALTA SA DE CV,722511,Restaurantes con servicio de preparación de alimentos a la carta o de comida corrida,6 a 10 personas,AVENIDA,TAMAULIPAS,CALLE,CADEREYTA,CALLE,FERNANDO MONTES DE OCA,AVENIDA,NUEVO LEON,50,A,NA,NA,NA,NA,COLONIA,HIPODROMO,NA,NA,NA,06100,09,Ciudad de México,015,Cuauhtémoc,0001,Cuauhtémoc,1322,011,NA,NA,GRUPOPHENIXMX.COM,Fijo,19.41246192,-99.17287716,2019-11
10552963,09015722511022481000000000U8,RESTAURANT CASA KEBAB,NA,722511,Restaurantes con servicio de preparación de alimentos a la carta o de comida corrida,0 a 5 personas,EJE VIAL,3 PONIENTE MEDELLIN,CALLE,CAMPECHE,CALLE,NAYARIT,EJE VIAL,2 PONIENTE (MONTERREY),65,NA,NA,NA,NA,NA,COLONIA,ROMA SUR,NA,NA,NA,06760,09,Ciudad de México,015,Cuauhtémoc,0001,Cuauhtémoc,1360,006,NA,NA,NA,Fijo,19.40946106,-99.1639653,2024-11
10748436,09015722511022303000000000U4,RESTAURANT CASA MOCHICA,CASA MOCHICA SA DE CV,722511,Restaurantes con servicio de preparación de alimentos a la carta o de comida corrida,11 a 30 personas,CALLE,TONALA,EJE VIAL,2 SUR (AVENIDA QUERETARO),CALLE,ZACATECAS,CALLE,JALAPA,144,NA,TONALA 144,PLANTA BAJA,NA,NA,COLONIA,ROMA NORTE,EDIFICIO COMERCIAL Y DE SERVICIOS,TONALA 144,SN,06700,09,Ciudad de México,015,Cuauhtémoc,0001,Cuauhtémoc,1214,018,NA,RANGEL3107RANGELE@GMAIL.COM,NA,Fijo,19.41514884,-99.16187947,2024-11
7744122,09015722516001701000000000U3,RESTAURANT COMIDA CHINA,NA,722511,Restaurantes con servicio de preparación de alimentos a la carta o de comida corrida,0 a 5 personas,CALLE,MANUEL DE LA PEÑA Y PEÑA,CALLE,GONZALEZ ORTEGA,CALLE,MANUEL DOBLADO,CALLE,BERRIOZABAL,16,NA,NA,NA,7,NA,COLONIA,CENTRO,NA,NA,NA,06020,09,Ciudad de México,015,Cuauhtémoc,0001,Cuauhtémoc,0589,004,NA,NA,NA,Fijo,19.44023651,-99.12550521,2019-11
892010,09015722514008361010000000U4,RESTAURANT DAMELY,NA,722511,Restaurantes con servicio de preparación de alimentos a la carta o de comida corrida,6 a 10 personas,CALLE,REGINA,CALLE,5 DE FEBRERO,CALLE,ISABEL LA CATOLICA,PEATONAL,SAN JERONIMO,39,B,NA,NA,0,NA,COLONIA,CUAUHTEMOC,NA,NA,NA,06080,09,Ciudad de México,015,Cuauhtémoc,0001,Cuauhtémoc,0894,004,5567895523,DANIELSAN0171@HOTMAIL.COM,NA,Fijo,19.42779771,-99.13674273,2014-12
9718933,09015722511020471000000000U1,RESTAURANT DE HUEVOS,PASTELERIA VIVALDI SA DE CV,722511,Restaurantes con servicio de preparación de alimentos a la carta o de comida corrida,0 a 5 personas,CALLE,ZAMORA,CALLE,AGUSTIN MELGAR,CALLE,JUAN DE LA BARRERA,CIRCUITO,INTERIOR (JOSE VASCONCELOS),31,NA,NA,NA,NA,NA,COLONIA,CONDESA,NA,NA,NA,06140,09,Ciudad de México,015,Cuauhtémoc,0001,Cuauhtémoc,1178,010,NA,NA,NA,Fijo,19.41854555,-99.17688643,2024-11
10571540,09015722511023201000000000U9,RESTAURANT DON PLING,NA,722511,Restaurantes con servicio de preparación de alimentos a la carta o de comida corrida,0 a 5 personas,AVENIDA,INSURGENTES SUR,CALLE,ZACATECAS,CALLE,QUERETARO,EJE VIAL,3 PONIENTE (MEDELLIN),300,NA,NA,NA,10,NA,COLONIA,ROMA NORTE,NA,NA,NA,06700,09,Ciudad de México,015,Cuauhtémoc,0001,Cuauhtémoc,1214,023,NA,NA,NA,Fijo,19.41416846,-99.16571568,2024-11
11434293,09015722511021072000000000U6,RESTAURANT EL BUEN CAFE,NA,722511,Restaurantes con servicio de preparación de alimentos a la carta o de comida corrida,6 a 10 personas,CALLE,NIZA,CALLE,MARSELLA,CALLE,LIVERPOOL,CALLE,VENECIA,66,4,NA,NA,102,NA,CIUDAD,JUAREZ,NA,NA,NA,06600,09,Ciudad de México,015,Cuauhtémoc,0001,Cuauhtémoc,095A,014,NA,NA,NA,Fijo,19.42508086,-99.16167363,2024-11
956134,09015465311011061010000000U7,RESTAURANT EL CILANTRO AZUL,NA,722511,Restaurantes con servicio de preparación de alimentos a la carta o de comida corrida,0 a 5 personas,EJE VIAL,2 SUR DOCTOR OLVERA,CALLE,DOCTOR MANUEL VILLADA,EJE VIAL,1 PONIENTE (AVENIDA CUAUHTEMOC),EJE VIAL,2-A SUR (DOCTOR BALMIS),194,NA,NA,NA,0,NA,COLONIA,DOCTORES,NA,NA,NA,06720,09,Ciudad de México,015,Cuauhtémoc,0001,Cuauhtémoc,1125,014,NA,NA,NA,Fijo,19.4158148,-99.15408129,2010-07
1040347,09015722219027772001000000U5,RESTAURANT EL PAISA,NA,722511,Restaurantes con servicio de preparación de alimentos a la carta o de comida corrida,0 a 5 personas,CALLE,LOPEZ,CALLE,PUENTE PEREDO,CALLE,VIZCAINAS,EJE VIAL,CENTRAL (LAZARO CARDENAS),94,A Y B,NA,NA,NA,NA,COLONIA,CENTRO,NA,NA,NA,06010,09,Ciudad de México,015,Cuauhtémoc,0001,Cuauhtémoc,0875,025,NA,NA,NA,Fijo,19.42959957,-99.14249317,2010-07
892853,09015722511007062001000000U5,RESTAURANT EL PARAISO,NA,722511,Restaurantes con servicio de preparación de alimentos a la carta o de comida corrida,6 a 10 personas,AVENIDA,ARCOS DE BELEN,EJE VIAL,CENTRAL (LAZARO CARDENAS),CALLE,LOPEZ,CALLE,DELICIAS,78,NA,MERCADO SAN JUAN ARCOS DE BELEN,PLANTA BAJA,253,NA,COLONIA,CENTRO,MERCADO PUBLICO,MERCADO SAN JUAN ARCOS DE BELEN,253236237254257,06070,09,Ciudad de México,015,Cuauhtémoc,0001,Cuauhtémoc,0875,027,5532625479,NA,NA,Fijo,19.42694266,-99.14280693,2014-12
10492233,09015722511017671000000000U1,RESTAURANT EL PIKOSITO,NA,722511,Restaurantes con servicio de preparación de alimentos a la carta o de comida corrida,0 a 5 personas,PEATONAL,PLAZA DE LA CONCEPCION,CALLE,BELISARIO DOMINGUEZ,CALLEJON,CALLEJON DE LA CONCEPCION,CALLE,ALLENDE,8,B,NA,NA,4,NA,COLONIA,CENTRO,NA,NA,NA,06010,09,Ciudad de México,015,Cuauhtémoc,0001,Cuauhtémoc,0644,021,NA,NA,NA,Fijo,19.43856322,-99.13921867,2024-11
658545,09015722511002882000000000U1,RESTAURANT ESCOLLO,NA,722511,Restaurantes con servicio de preparación de alimentos a la carta o de comida corrida,0 a 5 personas,EJE VIAL,2 SUR AVENIDA QUERETARO,EJE VIAL,2 SUR (AVENIDA YUCATAN),CALLE,TONALA,EJE VIAL,2A SUR (SAN LUIS POTOSI),182,NA,NA,NA,NA,NA,COLONIA,ROMA NORTE,NA,NA,NA,06700,09,Ciudad de México,015,Cuauhtémoc,0001,Cuauhtémoc,1214,006,5552644863,NA,ESCOLLO.MX,Fijo,19.41423028,-99.1628075,2011-03
11135932,09015722511024081000000000U4,RESTAURANT FAMILIAR COMEDOR CONDESA,NA,722511,Restaurantes con servicio de preparación de alimentos a la carta o de comida corrida,0 a 5 personas,CALLE,NUEVO LEON,EJE VIAL,4 SUR (BENJAMIN FRANKLIN),AVENIDA,NUEVO LEON,CALLE,SINDICALISMO,225,NA,NA,NA,NA,NA,COLONIA,HIPODROM,NA,NA,NA,06100,09,Ciudad de México,015,Cuauhtémoc,0001,Cuauhtémoc,1426,019,NA,NA,NA,Fijo,19.4038491,-99.17162555,2024-11
11005367,09015722511022313000000000U3,RESTAURANT FEROCE,NA,722511,Restaurantes con servicio de preparación de alimentos a la carta o de comida corrida,11 a 30 personas,CALLE,TONALA,EJE VIAL,2 SUR (AVENIDA QUERETARO),CALLE,ZACATECAS,CALLE,JALAPA,144,NA,TONALA 144,PISO 1,NA,NA,COLONIA,ROMA NORTE,EDIFICIO COMERCIAL Y DE SERVICIOS,TONALA 144,SN,06700,09,Ciudad de México,015,Cuauhtémoc,0001,Cuauhtémoc,1214,018,NA,NA,NA,Fijo,19.41515118,-99.16186926,2024-11
1018200,09015722110002573001000000U7,RESTAURANT LA CORTE,NA,722511,Restaurantes con servicio de preparación de alimentos a la carta o de comida corrida,11 a 30 personas,CALLE,REPUBLICA DE URUGUAY,CALLE,CORREO MAYOR,AVENIDA,JOSE MARIA PINO SUAREZ,CALLE,REPUBLICA DEL SALVADOR,115,NA,NA,NA,0,NA,COLONIA,CENTRO,NA,NA,NA,06060,09,Ciudad de México,015,Cuauhtémoc,0001,Cuauhtémoc,0907,006,5555221695,RESTAURANTELACORTE1932@HOTMAIL.COM,NA,Fijo,19.42974281,-99.13182086,2010-07
1013360,09015722412000541001000000U6,RESTAURANT LA FAMA,NA,722511,Restaurantes con servicio de preparación de alimentos a la carta o de comida corrida,6 a 10 personas,CALLE,PEDRO MORENO,CALLE,ZARAGOZA,CALLE,JUAN ALDAMA,CALLE,CARLOS J. MENESES,225,NA,NA,NA,0,NA,COLONIA,BUENAVISTA,NA,NA,NA,06350,09,Ciudad de México,015,Cuauhtémoc,0001,Cuauhtémoc,0610,007,NA,NA,NA,Fijo,19.44313624,-99.15050839,2010-07
1020967,09015722511000892001000000U2,RESTAURANT LA RACLETTE,NA,722511,Restaurantes con servicio de preparación de alimentos a la carta o de comida corrida,6 a 10 personas,CALLE,RIO DE LA PLATA,CIRCUITO,INTERIOR (CALZADA MELCHOR OCAMPO),CALLE,RIO PANUCO,CIRCUITO,INTERIOR (CALZADA MELCHOR OCAMPO),394,A,NA,NA,0,NA,COLONIA,CUHAUTEMOC,NA,NA,NA,06500,09,Ciudad de México,015,Cuauhtémoc,0001,Cuauhtémoc,0926,018,NA,NA,WWW.RACLETE.COM.MX,Fijo,19.4277051,-99.17469105,2010-07
10469366,09015722511018171000000000S1,RESTAURANT LALO,RESTAURANT LALO SA DE CV,722511,Restaurantes con servicio de preparación de alimentos a la carta o de comida corrida,0 a 5 personas,CALLE,ZACATECAS,EJE VIAL,2 PONIENTE (MONTERREY),CALLE,TONALA,EJE VIAL,2 SUR (AVENIDA QUERETARO),178,NA,EDIFICIO SIN NOMBRE,PISO 1,1,NA,COLONIA,ROMA NORTE,NA,NA,NA,06700,09,Ciudad de México,015,Cuauhtémoc,0001,Cuauhtémoc,1214,017,NA,NA,NA,Fijo,19.41518266,-99.16244349,2024-11
9055600,09015722511014443000000000U8,RESTAURANT LIMOSNEROS,NA,722511,Restaurantes con servicio de preparación de alimentos a la carta o de comida corrida,31 a 50 personas,CALLE,IGNACIO ALLENDE,CALLE,DONCELES,CALLE,TACUBA,CALLE,REPUBLICA DE CHILE,3,NA,NA,NA,NA,NA,CIUDAD,CUAUHTEMOC,NA,NA,NA,06000,09,Ciudad de México,015,Cuauhtémoc,0001,Cuauhtémoc,0752,009,NA,CONTACTO.LIMOSNEROS@GMAIL.COM,LIMOSNEROS.COM.MX,Fijo,19.4361639,-99.13788539,2019-11
988624,09015722219028112001000000U3,RESTAURANT LINCOLN,RESTAURANT LINCOLN SA,722511,Restaurantes con servicio de preparación de alimentos a la carta o de comida corrida,0 a 5 personas,CALLE,REVILLAGIGEDO,CALLE,INDEPENDENCIA,CALLE,ARTICULO 123,CALLE,LUIS MOYA,24,NA,LINCOLN,PLANTA BAJA,0,NA,COLONIA,CENTRO,EDIFICIO COMERCIAL Y DE SERVICIOS,LINCOLN,24,06000,09,Ciudad de México,015,Cuauhtémoc,0001,Cuauhtémoc,0748,008,NA,NA,NA,Fijo,19.43316437,-99.14607202,2010-07
7743238,09015722511012012000000000U3,RESTAURANT LOUISES LA COCINA DEL CHEF,NA,722511,Restaurantes con servicio de preparación de alimentos a la carta o de comida corrida,11 a 30 personas,CALLE,OROZCO Y BERRA,CALLE,ZARAGOZA,EJE VIAL,1 PONIENTE (GUERRERO),AVENIDA,MEXICO TENOCHTITLAN,26,NA,NA,NA,NA,NA,COLONIA,BUENAVISTA,NA,NA,NA,06350,09,Ciudad de México,015,Cuauhtémoc,0001,Cuauhtémoc,0714,020,5562553698,NICKLOUISCHEF@GMAIL.COM,WWW.LOUISESCHEF.COM,Fijo,19.43923033,-99.14984637,2019-11
9657735,09015722511022351000000000U3,RESTAURANT ME LLEVA LA TOSTADA,NA,722511,Restaurantes con servicio de preparación de alimentos a la carta o de comida corrida,0 a 5 personas,CALLE,BAJIO,CALLE,MONCLOVA,EJE VIAL,3 PONIENTE (MEDELLIN),CALLE,TEHUANTEPEC,189,NA,NA,NA,5,NA,COLONIA,ROMA SUR,NA,NA,NA,06760,09,Ciudad de México,015,Cuauhtémoc,0001,Cuauhtémoc,145A,020,5585862856,SABANERO8@HOTMAIL.COM,NA,Fijo,19.40389402,-99.16280195,2024-11
10034359,09015722511024344000000000U6,RESTAURANT NIDO,NA,722511,Restaurantes con servicio de preparación de alimentos a la carta o de comida corrida,31 a 50 personas,CALLE,DRESDE,CALLE,OXFORD,CALLE,PRAGA,CALLE,HAMBURGO,0,SN,NA,NA,NA,NA,COLONIA,COLONIA JUAREZ,NA,NA,NA,06600,09,Ciudad de México,015,Cuauhtémoc,0001,Cuauhtémoc,0945,003,NA,NA,WWW.NNIDO.MX,Fijo,19.42443519,-99.16957456,2024-11
10304271,09015722511020624000000000U5,RESTAURANT OLIVA PAXIA,OPERADORA DE CONCERVERS SA DE CV,722511,Restaurantes con servicio de preparación de alimentos a la carta o de comida corrida,31 a 50 personas,CALLE,VENUSTIANO CARRANZA,CALLE,5 DE FEBRERO,CALLE,ISABEL LA CATOLICA,CALLE,REPUBLICA DE URUGUAY,69,NA,HOTEL CURIO UMBRAL,PISO 6,NA,NA,COLONIA,CENTRO,EDIFICIO COMERCIAL Y DE SERVICIOS,HOTEL CURIO UMBRAL,1,06000,09,Ciudad de México,015,Cuauhtémoc,0001,Cuauhtémoc,0818,010,NA,ALMACENOLIVIAPSXIA@GMAIL.COM,NA,Fijo,19.43112156,-99.135507,2024-11
1011987,09015722511002641000000000U1,RESTAURANT RUBEN S,NA,722511,Restaurantes con servicio de preparación de alimentos a la carta o de comida corrida,0 a 5 personas,AVENIDA,RIBERA DE SAN COSME,CALLE,MANUEL MARIA CONTRERAS,CALLE,JOAQUIN VELAZQUEZ DE LEON,CALLE,JOAQUIN GARCIA ICAZBALCETA,142,NA,NA,NA,0,NA,COLONIA,SAN RAFAEL,NA,NA,NA,06470,09,Ciudad de México,015,Cuauhtémoc,0001,Cuauhtémoc,0678,014,5578577593,ANIA_NAVE@HOTMAIL.COM,NA,Fijo,19.44284602,-99.1646243,2010-07
9006550,09015722511015231000000000U6,RESTAURANT SANTA MARIA,NA,722511,Restaurantes con servicio de preparación de alimentos a la carta o de comida corrida,0 a 5 personas,EJE VIAL,CENTRAL LAZARO CARDENAS,CALLE,REPUBLICA DE ECUADOR,PEATONAL,PLAZA GARIBALDI,CALLE,SAN CAMILITO,61,B,NA,NA,0,NA,COLONIA,CENTRO,NA,NA,NA,06010,09,Ciudad de México,015,Cuauhtémoc,0001,Cuauhtémoc,0536,014,NA,NA,NA,Fijo,19.44177595,-99.13952552,2019-11
6727450,09015722511008513000000000U6,RESTAURANT SANTINO,3 PLACERES DE LAVIDA SA DE CV,722511,Restaurantes con servicio de preparación de alimentos a la carta o de comida corrida,6 a 10 personas,AVENIDA,OAXACA,AVENIDA,SONORA,AVENIDA,ALVARO OBREGON,AVENIDA,AMSTERDAM,4,NA,NA,NA,0,NA,COLONIA,HIPODROMO,NA,NA,NA,06100,09,Ciudad de México,015,Cuauhtémoc,0001,Cuauhtémoc,120A,012,5527059416,OPERACIONSANTINO@GMAIL.COM,WWW.SANTINO.COM.MX,Fijo,19.41601999,-99.16971128,2016-01
882107,09015722511007074001000000U0,RESTAURANT SPECIA,OPERADORA TRES ACHES SA DE CV,722511,Restaurantes con servicio de preparación de alimentos a la carta o de comida corrida,11 a 30 personas,AVENIDA,AMSTERDAM,CALLE,IZTACCIHUATL,AVENIDA,MICHOACAN,AVENIDA,AMSTERDAM,241,NA,NA,NA,0,NA,COLONIA,HIPODRMO,NA,NA,NA,06100,09,Ciudad de México,015,Cuauhtémoc,0001,Cuauhtémoc,1341,010,NA,FACSPECYA@GMAIL.COM,NA,Fijo,19.41062291,-99.16790585,2010-07
1042487,09015722219001591000000000U9,RESTAURANT SUSHI SAN,NA,722511,Restaurantes con servicio de preparación de alimentos a la carta o de comida corrida,0 a 5 personas,CALLE,ISABEL LA CATOLICA,AVENIDA,FRAY SERVANDO TERESA DE MIER,CALLE,NEZAHUALCOYOTL,CALLE,BOLIVAR,123,C,NA,NA,0,NA,COLONIA,OBRERA,NA,NA,NA,06080,09,Ciudad de México,015,Cuauhtémoc,0001,Cuauhtémoc,0964,004,NA,NA,NA,Fijo,19.42520999,-99.1375051,2010-07
1030923,09015722219026092000000000U9,RESTAURANT TANNIA,NA,722511,Restaurantes con servicio de preparación de alimentos a la carta o de comida corrida,0 a 5 personas,CALLE,DOCTOR AGUSTIN ANDRADE,CALLE,DOCTOR LAVISTA,CALLE,DOCTOR AGUSTIN ANDRADE,CALLE,DOCTOR LAVISTA,3,1,NA,NA,0,NA,COLONIA,DOCTORES,NA,NA,NA,06720,09,Ciudad de México,015,Cuauhtémoc,0001,Cuauhtémoc,1036,007,5592194851,NA,NA,Fijo,19.42343295,-99.14513403,2010-07
896792,09015722412002213001000000U0,RESTAURANT Y BAR BAHIA DE VIGO,RESTAURANT Y BAR BAHIA DE VIGO SA DE CV,722412,"Bares, cantinas y similares",11 a 30 personas,CALLE,BOLIVAR,AVENIDA,FRAY SERVANDO TERESA DE MIER,CALLE,NEZAHUALCOYOTL,EJE VIAL,CENTRAL (LAZARO CARDENAS),131,NA,NA,NA,NA,NA,COLONIA,CENTRO,NA,NA,NA,06000,09,Ciudad de México,015,Cuauhtémoc,0001,Cuauhtémoc,0964,012,5549965577,ESPA_BACELONA@HOTMAIL.COM,NA,Fijo,19.42490582,-99.13967272,2014-12
8327244,09015722511013143000000000U5,RESTAURANT ZEN,TOYO DEVELOPMENT SA DE CV,722511,Restaurantes con servicio de preparación de alimentos a la carta o de comida corrida,0 a 5 personas,AVENIDA,INSURGENTES SUR,CALLE,CAMPECHE,AVENIDA,MICHOACAN,AVENIDA,AMSTERDAM,393,NA,NA,NA,0,NA,COLONIA,HIPODRMO,NA,NA,NA,06100,09,Ciudad de México,015,Cuauhtémoc,0001,Cuauhtémoc,1341,010,NA,TOYO_DEVELOPMENT@HOTMAIL.COM,NA,Fijo,19.40961755,-99.16747698,2019-11
11584300,09015722511023772000000000U9,RESTAURANT-BAR FAMILIAR LA BODEGA,NA,722511,Restaurantes con servicio de preparación de alimentos a la carta o de comida corrida,6 a 10 personas,CALLE,MOCTEZUMA,CALLE,ZARCO,CALLE,HEROES,CALLE,MAGNOLIA,146,NA,NA,NA,NA,NA,COLONIA,GUERRERO,NA,NA,NA,06300,09,Ciudad de México,015,Cuauhtémoc,0001,Cuauhtémoc,056A,011,5618156659,NA,NA,Fijo,19.44399055,-99.14594391,2024-11
1025301,09015722219031292000000000U8,RESTAURANTE,NA,722511,Restaurantes con servicio de preparación de alimentos a la carta o de comida corrida,0 a 5 personas,CALLE,RIO LERMA,AVENIDA,RIO RHIN,CALLE,RIO AMAZONAS,AVENIDA,PASEO DE LA REFORMA,46,NA,NA,NA,0,NA,COLONIA,CUAUHTEMOC,NA,NA,NA,06500,09,Ciudad de México,015,Cuauhtémoc,0001,Cuauhtémoc,0837,003,5514063781,RESTAURANTE.EL46.LERMA@GMAIL.COM,NA,Fijo,19.4306379,-99.16412394,2010-07
8326711,09015722511012753000000000U2,RESTAURANTE - FOREVER VEGANO,VEGAROMA SA DE CV,722511,Restaurantes con servicio de preparación de alimentos a la carta o de comida corrida,11 a 30 personas,CALLE,MERIDA,CALLE,GUANAJUATO,CALLE,ZACATECAS,CALLE,FRONTERA,54,NA,NA,NA,0,C,COLONIA,ROMA NORTE,NA,NA,NA,06700,09,Ciudad de México,015,Cuauhtémoc,0001,Cuauhtémoc,1110,009,NA,VEGAROMA54@GMAIL.COM,WWW.FOREVERVEGANO.COM.MX,Fijo,19.41722265,-99.15690115,2019-11
1029958,09015722219023732001000000U3,RESTAURANTE @. Y COMA,NA,722511,Restaurantes con servicio de preparación de alimentos a la carta o de comida corrida,6 a 10 personas,CALLE,DOCTOR RAFAEL LUCIO,CALLE,CLAUDIO BERNARD,CALLE,DOCTOR LAVISTA,CALLE,DOCTOR MANUEL CARMONA Y VALLE,51,BC,NA,NA,0,NA,COLONIA,DOCTORES,NA,NA,NA,06720,09,Ciudad de México,015,Cuauhtémoc,0001,Cuauhtémoc,1534,005,NA,RESTAURANTEARROVA@HOTMAIL.COM,NA,Fijo,19.42390651,-99.15154672,2010-07
10399908,09015722511023872000000000U7,RESTAURANTE 58,NA,722511,Restaurantes con servicio de preparación de alimentos a la carta o de comida corrida,6 a 10 personas,CALLE,CLAUDIO BERNARD,AVENIDA,DOCTOR JOSE MARIA VERTIZ,CALLE,DOCTOR MIGUEL FRANCISCO JIMENEZ,CALLE,DOCTOR C. LICEAGA,60,2,NA,NA,0,NA,COLONIA,DOCTORES,NA,NA,NA,06720,09,Ciudad de México,015,Cuauhtémoc,0001,Cuauhtémoc,1036,005,NA,NA,NA,Semifijo,19.42116707,-99.14812977,2024-11
11260519,09015722511020762000000000U3,RESTAURANTE ABURIYA BY SHIGE,NA,722511,Restaurantes con servicio de preparación de alimentos a la carta o de comida corrida,6 a 10 personas,CALLE,HAMBURGO,EJE VIAL,3 PONIENTE (SEVILLA),CALLE,PRAGA,CALLE,TOKIO,253,NA,NA,NA,NA,NA,COLONIA,COLONIA JUAREZ,NA,NA,NA,06600,09,Ciudad de México,015,Cuauhtémoc,0001,Cuauhtémoc,0945,006,NA,SHIGETAKANE@GMAIL.COM,NA,Fijo,19.42346858,-99.170627,2024-11
872332,09015722219031072000000000U4,RESTAURANTE AGUS,NA,722511,Restaurantes con servicio de preparación de alimentos a la carta o de comida corrida,0 a 5 personas,CALLE,NARANJO,CALLE,ACACIAS,AVENIDA,RICARDO FLORES MAGON,CALLE,SABINO,262,NA,NA,NA,0,NA,COLONIA,SANTA MARIA LA RIBERA,NA,NA,NA,06400,09,Ciudad de México,015,Cuauhtémoc,0001,Cuauhtémoc,0470,007,NA,LEMCHIQUIS@HOTMAIL.COM,NA,Fijo,19.45477194,-99.15781808,2010-07
980904,09015722219006991001000000U6,RESTAURANTE ALFRED,NA,722511,Restaurantes con servicio de preparación de alimentos a la carta o de comida corrida,6 a 10 personas,EJE VIAL,CENTRAL LAZARO CARDENAS,CALLE,REPUBLICA DE ECUADOR,PEATONAL,PLAZA GARIBALDI,CALLE,SAN CAMILITO,61,R,NA,NA,0,NA,COLONIA,CENTRO,NA,NA,NA,06010,09,Ciudad de México,015,Cuauhtémoc,0001,Cuauhtémoc,0536,014,5532410681,MANUELANTONIOPARTIDA@GMAIL.COM,NA,Fijo,19.44191259,-99.13950276,2010-07
11662889,09015722511023892000000000U5,RESTAURANTE ALIANZA,NA,722511,Restaurantes con servicio de preparación de alimentos a la carta o de comida corrida,6 a 10 personas,CALLE,TOKIO,CALLE,BURDEOS,CALLE,TOLEDO,CALLE,HAMBURGO,84,NA,B,PLANTA BAJA,1,B,COLONIA,CUAHUTEMOC,NA,NA,NA,06500,09,Ciudad de México,015,Cuauhtémoc,0001,Cuauhtémoc,0945,016,5561501117,NA,NA,Fijo,19.42296065,-99.17320498,2024-11
1028118,09015722219026102000000000U6,RESTAURANTE ALIANZA,NA,722511,Restaurantes con servicio de preparación de alimentos a la carta o de comida corrida,6 a 10 personas,CALLE,TOKIO,CALLE,BURDEOS,CALLE,TOLEDO,CALLE,HAMBURGO,31,NA,NA,NA,NA,NA,COLONIA,CUAHUTEMOC,NA,NA,NA,06500,09,Ciudad de México,015,Cuauhtémoc,0001,Cuauhtémoc,0945,016,NA,NA,NA,Fijo,19.42296426,-99.17319746,2010-07
7733752,09015722511011511000000000U5,RESTAURANTE ALIOLI,NA,722511,Restaurantes con servicio de preparación de alimentos a la carta o de comida corrida,0 a 5 personas,CALLE,CAMPECHE,EJE VIAL,3 PONIENTE (MEDELLIN),EJE VIAL,2 PONIENTE (MONTERREY),CALLE,NAYARIT,122,B,NA,NA,NA,NA,COLONIA,ROMA SUR,NA,NA,NA,06760,09,Ciudad de México,015,Cuauhtémoc,0001,Cuauhtémoc,1360,006,NA,RESTOALIOLI@GMAIL.COM,NA,Fijo,19.40988836,-99.16394747,2019-11
1013422,09015722212019191000000000U3,RESTAURANTE AMALIA,NA,722511,Restaurantes con servicio de preparación de alimentos a la carta o de comida corrida,0 a 5 personas,CALLE,VIOLETA,EJE VIAL,1 PONIENTE (GUERRERO),CALLE,HEROES,CALLE,PEDRO MORENO,57,NA,NA,NA,NA,NA,COLONIA,GUERRERO,NA,NA,NA,06300,09,Ciudad de México,015,Cuauhtémoc,0001,Cuauhtémoc,0610,002,NA,NA,NA,Fijo,19.44148156,-99.14724896,2010-07
866397,09015722219023511000000000S1,RESTAURANTE AMBAR,NA,722511,Restaurantes con servicio de preparación de alimentos a la carta o de comida corrida,0 a 5 personas,CIRCUITO,INTERIOR JOSE VASCONCELOS,CALLE,AGUSTIN MELGAR,CALLE,JUAN DE LA BARRERA,CALLE,ZAMORA,42,NA,NA,NA,NA,A,COLONIA,CONDESA,NA,NA,NA,06140,09,Ciudad de México,015,Cuauhtémoc,0001,Cuauhtémoc,1178,010,NA,NA,NA,Fijo,19.41861792,-99.17774848,2010-07
10694711,09015722511022623000000000U5,RESTAURANTE ANDAMIRO,ANDAMIRO BBQ S DE RL DE CV,722511,Restaurantes con servicio de preparación de alimentos a la carta o de comida corrida,11 a 30 personas,CALLE,RIO LERMA,AVENIDA,RIO RHIN,CALLE,RIO SENA,CALLE,RIO PAPALOAPAN,84,NA,NA,NA,NA,NA,COLONIA,CUAHUTEMOC,NA,NA,NA,06500,09,Ciudad de México,015,Cuauhtémoc,0001,Cuauhtémoc,0837,006,NA,NA,NA,Fijo,19.4300649,-99.1653123,2024-11
977313,09015722511004171001000000U7,RESTAURANTE ANGY,NA,722511,Restaurantes con servicio de preparación de alimentos a la carta o de comida corrida,0 a 5 personas,CALLE,MANUEL DOBLADO,CALLE,REPUBLICA DE GUATEMALA,CALLE,MIXCALCO,CALLE,LEONA VICARIO,10,NA,ZENTRAL MIXCALCO,PASAJE,31,NA,COLONIA,CENTRO,CENTRO Y PLAZA COMERCIAL,ZENTRAL MIXCALCO,036,06020,09,Ciudad de México,015,Cuauhtémoc,0001,Cuauhtémoc,0663,014,5538720129,NA,NA,Fijo,19.43455816,-99.12590342,2010-07
1030787,09015722219015601000000000U0,RESTAURANTE ANTOJITOS EL RINCONCITO,NA,722511,Restaurantes con servicio de preparación de alimentos a la carta o de comida corrida,0 a 5 personas,AVENIDA,DOCTOR JOSE MARIA VERTIZ,AVENIDA,DOCTOR RIO DE LA LOZA,AVENIDA,ARCOS DE BELEN,CALLE,GENERAL GABRIEL HERNANDEZ,33,A,NA,NA,0,NA,COLONIA,DOTORES,NA,NA,NA,06720,09,Ciudad de México,015,Cuauhtémoc,0001,Cuauhtémoc,0875,018,NA,NA,NA,Fijo,19.42560477,-99.14642396,2010-07
11380898,09015722511023551000000000U7,RESTAURANTE ANTONELLA,NA,722511,Restaurantes con servicio de preparación de alimentos a la carta o de comida corrida,0 a 5 personas,CALLE,NARANJO,CALLE,RAMON LOPEZ VELARDE,CALLE,AMADO NERVO,CALLE,SABINO,44,NA,NA,NA,0,NA,COLONIA,SANTA MARIA LA RIBERA,NA,NA,NA,06400,09,Ciudad de México,015,Cuauhtémoc,0001,Cuauhtémoc,0593,011,5555460039,NINOPAN9123@GMAIL.COM,NA,Fijo,19.44397082,-99.15981181,2024-11
877134,09015722212000691000000000U3,RESTAURANTE ANTONIOS,NA,722511,Restaurantes con servicio de preparación de alimentos a la carta o de comida corrida,0 a 5 personas,CALLE,SANTA MARIA LA RIBERA,CALLE,SOR JUANA INES DE LA CRUZ,EJE VIAL,1 NORTE (JOSE ANTONIO ALZATE),CALLE,DOCTOR ATL,97,C,NA,NA,NA,NA,COLONIA,SANTA MARIA LA RIBERA,NA,NA,NA,06400,09,Ciudad de México,015,Cuauhtémoc,0001,Cuauhtémoc,0485,020,NA,NA,NA,Fijo,19.44565926,-99.15751456,2010-07
867296,09015722219011671000000000U7,RESTAURANTE ARGENTINISIMA,NA,722511,Restaurantes con servicio de preparación de alimentos a la carta o de comida corrida,0 a 5 personas,AVENIDA,TAMAULIPAS,CALLE,SALVADOR ALVARADO,CALLE,GENERAL BENJAMIN HILL,AVENIDA,TAMAULIPAS,203,NA,NA,NA,0,B,COLONIA,CUAUHTEMOC,NA,NA,NA,06170,09,Ciudad de México,015,Cuauhtémoc,0001,Cuauhtémoc,1411,002,5532412246,RESTAURANTARGENTINISIMA.MX@HOTMAIL.COM,NA,Fijo,19.40727372,-99.17821344,2010-07
7756546,09015722511014842000000000U1,RESTAURANTE ARGENTINO CHE PEPE,NA,722511,Restaurantes con servicio de preparación de alimentos a la carta o de comida corrida,11 a 30 personas,CALLE,ABRAHAM GONZALEZ,CALLE,DONATO GUERRA,AVENIDA,MORELOS,EJE VIAL,1 PONIENTE (AVENIDA BUCARELI),4,NA,NA,NA,NA,NA,COLONIA,JUAREZ,NA,NA,NA,06600,09,Ciudad de México,015,Cuauhtémoc,0001,Cuauhtémoc,0856,021,NA,RESTODELARGENTONOCHEPEPE@GMAIL.COM,NA,Fijo,19.43323631,-99.15221037,2019-11
10888769,09015722511022553000000000M4,RESTAURANTE ARGENTINO QUILMES,GASTRONOMICA NEUQUEN S DE RL DE CV,722511,Restaurantes con servicio de preparación de alimentos a la carta o de comida corrida,11 a 30 personas,CALLE,RIO PANUCO,CALLE,RIO TIGRIS,CALLE,RIO DANUBIO,CALLE,RIO LERMA,0,SN,NA,NA,NA,NA,COLONIA,CUAUHTEMOC,NA,NA,NA,06500,09,Ciudad de México,015,Cuauhtémoc,0001,Cuauhtémoc,0822,013,NA,FEQUILMESNEUQUEN@GMAIL.COM,WWW.RESTAURANTEQUILMES.COM,Fijo,19.43044549,-99.16775888,2024-11
1020219,09015722219031572000000000U3,RESTAURANTE ARLES,NA,722511,Restaurantes con servicio de preparación de alimentos a la carta o de comida corrida,6 a 10 personas,AVENIDA,RIO RHIN,CALLE,RIO NAZAS,CALLE,RIO PANUCO,CALZADA,MANUEL VILLALONGIN,30,A,NA,NA,0,NA,COLONIA,CUAUHTEMOC,NA,NA,NA,06500,09,Ciudad de México,015,Cuauhtémoc,0001,Cuauhtémoc,0790,002,5554519117,MIMAVAENCIA236@GMAIL.COM,NA,Fijo,19.432329,-99.16545713,2010-07
8327021,09015722511012952000000000U0,RESTAURANTE ASADO BRASIL,RIAJO ALIMENTOS DE MEXICO SA DE CV,722511,Restaurantes con servicio de preparación de alimentos a la carta o de comida corrida,6 a 10 personas,EJE VIAL,1 PONIENTE AVENIDA CUAUHTEMOC,CALLE,ANTONIO M. ANZA,CALLE,HUATABAMPO,CALLE,TOLUCA,0,SN,NA,NA,NA,NA,COLONIA,ROMA NORTE,NA,NA,NA,06700,09,Ciudad de México,015,Cuauhtémoc,0001,Cuauhtémoc,138A,002,NA,ASADO8_BRASILPABELLON@HOTMAIL.COM,NA,Fijo,19.41163797,-99.15492918,2019-11
1025283,09015722219033063000000000U1,RESTAURANTE ASADOS SON ABEL,OPERADORA FG SA DE CV,722511,Restaurantes con servicio de preparación de alimentos a la carta o de comida corrida,11 a 30 personas,CALLE,RIO LERMA,AVENIDA,RIO RHIN,CALLE,RIO SENA,CALLE,RIO PAPALOAPAN,86,NA,NA,NA,0,NA,COLONIA,CUAHUTEMOC,NA,NA,NA,06500,09,Ciudad de México,015,Cuauhtémoc,0001,Cuauhtémoc,0837,006,NA,ASADOS.RIO.LERMA@GMAIL.COM,NA,Fijo,19.43005063,-99.16534302,2010-07
10143613,09015722511017762000000000U8,RESTAURANTE AVENIDA LA TIZONA,NA,722511,Restaurantes con servicio de preparación de alimentos a la carta o de comida corrida,6 a 10 personas,EJE VIAL,3 PONIENTE SALAMANCA,CALLE,DURANGO,CALLE,CERRADA SALAMANCA,CALLE,COZUMEL,69,NA,NA,NA,NA,NA,COLONIA,ROMA,NA,NA,NA,06700,09,Ciudad de México,015,Cuauhtémoc,0001,Cuauhtémoc,1093,014,NA,NA,WWW.AVTIZONA.COM,Fijo,19.41885758,-99.16962449,2024-11
10453152,09015722511019842000000000U6,RESTAURANTE AVENTURA,RESTAURANTE AVENTURA   SA DE CV,722511,Restaurantes con servicio de preparación de alimentos a la carta o de comida corrida,6 a 10 personas,CALLE,LONDRES,CALLE,NIZA,CALLE,GENOVA,CALLE,HAMBURGO,47,NA,NA,NA,NA,NA,COLONIA,JUAREZ,NA,NA,NA,06600,09,Ciudad de México,015,Cuauhtémoc,0001,Cuauhtémoc,095A,009,NA,NA,NA,Fijo,19.42621473,-99.1624414,2024-11
889312,09015722110005133001000000U7,RESTAURANTE AZTECA,NA,722511,Restaurantes con servicio de preparación de alimentos a la carta o de comida corrida,6 a 10 personas,AVENIDA,JOSE MARIA PINO SUAREZ,AVENIDA,JOSE MARIA IZAZAGA,CALLE,SAN JERONIMO,CALLE,CORREO MAYOR,140,A,NA,NA,0,NA,COLONIA,CENTRO,NA,NA,NA,06090,09,Ciudad de México,015,Cuauhtémoc,0001,Cuauhtémoc,0907,019,NA,NA,NA,Fijo,19.42608346,-99.13291947,2014-12
10638697,09015722511020374000000000U7,RESTAURANTE BABERO,GRUPO DURVAL OERADORA DE RESTAURANTES Y BAR SAPI DE CV,722511,Restaurantes con servicio de preparación de alimentos a la carta o de comida corrida,31 a 50 personas,CALLE,DURANGO,EJE VIAL,3 PONIENTE (SALAMANCA),CALLE,VALLADOLID,CALLE,SINALOA,219,NA,NA,NA,NA,NA,COLONIA,ROMA NORTE,NA,NA,NA,06700,09,Ciudad de México,015,Cuauhtémoc,0001,Cuauhtémoc,0998,005,5575450918,INFO@BABERO.MX,WWW.BABERO.MX,Fijo,19.41963986,-99.16829091,2024-11
10325228,09015722511022292000000000U9,RESTAURANTE BACANORA TERRAZA,BACANORA TERRAZA SA DE CV,722511,Restaurantes con servicio de preparación de alimentos a la carta o de comida corrida,6 a 10 personas,CALLE,TONALA,EJE VIAL,2 SUR (AVENIDA QUERETARO),CALLE,ZACATECAS,CALLE,JALAPA,144,NA,TONALA 144,PISO 2,NA,PISO 2,COLONIA,ROMA NORTE,EDIFICIO COMERCIAL Y DE SERVICIOS,TONALA 144,SN,06700,09,Ciudad de México,015,Cuauhtémoc,0001,Cuauhtémoc,1214,018,NA,BACANORATERRAZA@GMAIL.COM,NA,Fijo,19.41514884,-99.16187947,2024-11
1028195,09015722219028172000000000U7,RESTAURANTE BAGUETTERIAS,NA,722511,Restaurantes con servicio de preparación de alimentos a la carta o de comida corrida,0 a 5 personas,CALLE,HAMBURGO,EJE VIAL,3 PONIENTE (SEVILLA),CALLE,TOLEDO,CALLE,TOKIO,281,NA,NA,NA,NA,NA,COLONIA,COLONIA JUAREZ,NA,NA,NA,06600,09,Ciudad de México,015,Cuauhtémoc,0001,Cuauhtémoc,0945,010,NA,NA,WWW.BAGUETERIAS.COM,Fijo,19.42288475,-99.17189019,2010-07
8327547,09015722511013463000000000U7,RESTAURANTE BANAS,RESTAURANTE BAR ALCALA SA DE CV,722511,Restaurantes con servicio de preparación de alimentos a la carta o de comida corrida,11 a 30 personas,CALLE,FRONTERA,EJE VIAL,2A SUR (SAN LUIS POTOSI),EJE VIAL,1 PONIENTE (AVENIDA CUAUHTEMOC),EJE VIAL,2A SUR (SAN LUIS POTOSI),205,NA,NA,NA,NA,NA,COLONIA,ROMA NORTE,NA,NA,NA,06700,09,Ciudad de México,015,Cuauhtémoc,0001,Cuauhtémoc,1110,013,NA,RESTAURANTEALCALA@HOTMAIL.COM,NA,Fijo,19.41492077,-99.15490116,2019-11
991905,09015722219027642001000000U0,RESTAURANTE BAR 4 MARES,NA,722511,Restaurantes con servicio de preparación de alimentos a la carta o de comida corrida,6 a 10 personas,CALLE,INDEPENDENCIA,CALLE,DOLORES,CALLE,MARROQUI,CALLE,ARTICULO 123,30,NA,NA,NA,0,ABC,COLONIA,CUAUHTEMOC,NA,NA,NA,06050,09,Ciudad de México,015,Cuauhtémoc,0001,Cuauhtémoc,0748,003,NA,4MARESRETAURANTE@GMAIL.COM,NA,Fijo,19.43303309,-99.14315608,2010-07
10876268,09015722511023851000000000U1,RESTAURANTE BAR ALEUS,NA,722511,Restaurantes con servicio de preparación de alimentos a la carta o de comida corrida,0 a 5 personas,CALLE,REGINA,CALLE,5 DE FEBRERO,CALLE,ISABEL LA CATOLICA,PEATONAL,SAN JERONIMO,45,A,NA,NA,NA,A,COLONIA,CUAUHTEMOC,NA,NA,NA,06080,09,Ciudad de México,015,Cuauhtémoc,0001,Cuauhtémoc,0894,004,5554017331,BARMESTIZO@GMAIL.COM,NA,Fijo,19.42768812,-99.13594201,2024-11
1019067,09015722219016531000000000U8,RESTAURANTE BAR ARCOS DE REGINA,NA,722511,Restaurantes con servicio de preparación de alimentos a la carta o de comida corrida,0 a 5 personas,CALLE,REGINA,CALLE,5 DE FEBRERO,CALLE,ISABEL LA CATOLICA,PEATONAL,SAN JERONIMO,31,D,NA,NA,0,NA,COLONIA,CUAUHTEMOC,NA,NA,NA,06080,09,Ciudad de México,015,Cuauhtémoc,0001,Cuauhtémoc,0894,004,NA,NA,NA,Fijo,19.427825,-99.13694205,2010-07
1030846,09015722219026652000000000U0,RESTAURANTE BAR BARUJ EL LEON,NA,722511,Restaurantes con servicio de preparación de alimentos a la carta o de comida corrida,6 a 10 personas,CALLE,DOCTOR RUIZ,CALLE,DOCTOR LAVISTA,CALLE,DOCTOR VALENZUELA,CALLE,DOCTOR LAVISTA,30,NA,NA,NA,0,NA,COLONIA,DOCTORES,NA,NA,NA,06720,09,Ciudad de México,015,Cuauhtémoc,0001,Cuauhtémoc,1036,021,5551129977,FACRESTAURANTEBARUJ@GMAIL.COM,NA,Fijo,19.42394963,-99.14395103,2010-07
896271,09015722412002862001000000U4,RESTAURANTE BAR BARZA,EL CONVENTO DE LA CONDESA SA DE CV,722412,"Bares, cantinas y similares",6 a 10 personas,AVENIDA,MICHOACAN,CALLE,AMATLAN,CALLE,CUERNAVACA,CALLE,VICENTE SUAREZ,0,SN,NA,NA,0,NA,COLONIA,CONDESA,NA,NA,NA,06170,09,Ciudad de México,015,Cuauhtémoc,0001,Cuauhtémoc,1318,001,NA,NA,NA,Fijo,19.41153091,-99.17578413,2014-12
8326635,09015722511012712000000000U8,RESTAURANTE BAR BENGALA,JUGUETES DE ALIMENTOS SA DE CV,722511,Restaurantes con servicio de preparación de alimentos a la carta o de comida corrida,0 a 5 personas,AVENIDA,SONORA,CALLE,SINALOA,CALLE,PUEBLA,CALLE,GUADALAJARA,34,A,NA,NA,NA,NA,COLONIA,ROMA NORTE,NA,NA,NA,06700,09,Ciudad de México,015,Cuauhtémoc,0001,Cuauhtémoc,1089,002,NA,JOSELUIS@BENGALABAR.COM,WWW.BENGALABAR.COM,Fijo,19.41985211,-99.17301349,2019-11
867840,09015722110004843010000000U2,RESTAURANTE BAR BIARRITZ,RESTAURANTE GLORIETA SA DE CV,722511,Restaurantes con servicio de preparación de alimentos a la carta o de comida corrida,11 a 30 personas,AVENIDA,INSURGENTES SUR,CALLE,QUINTANA ROO,EJE VIAL,3 SUR (AVENIDA BAJA CALIFORNIA),CALLE,TUXPAN,470,NA,EDIFICIO ACRO,PLANTA BAJA,NA,D,COLONIA,ROMA SUR,NA,NA,NA,06760,09,Ciudad de México,015,Cuauhtémoc,0001,Cuauhtémoc,1445,008,NA,ALEJANDRATORTASBIARRITZ@GMAIL.COM,NA,Fijo,19.40523583,-99.16866626,2010-07
1024325,09015722219001111001000000U6,RESTAURANTE BAR BOLAÑOS,NA,722511,Restaurantes con servicio de preparación de alimentos a la carta o de comida corrida,0 a 5 personas,CALLE,5 DE FEBRERO,CALLE,VENUSTIANO CARRANZA,CALLE,REPUBLICA DE URUGUAY,CALLE,20 DE NOVIEMBRE,14,NA,NA,NA,0,NA,COLONIA,CENTRO,NA,NA,NA,06000,09,Ciudad de México,015,Cuauhtémoc,0001,Cuauhtémoc,0818,013,NA,BOLANOSBARCLUB@GMAIL.COM,WWW.BOLANOSBAR.COM.MX,Fijo,19.43071597,-99.13444664,2010-07
1046102,09015722110003703000000000U9,RESTAURANTE BAR CANTINA LA GRAN TENOCHTITLAN,CANTINA LA GRAN TENOCHTITLAN SA DE CV,722511,Restaurantes con servicio de preparación de alimentos a la carta o de comida corrida,11 a 30 personas,CALZADA,VALLEJO,CALLE,MARTINELLI,CALLE,TOLNAHUAC,CALZADA,VALLEJO,122,F,NA,NA,0,NA,COLONIA,SAN SIMON TOLNAHUAC,NA,NA,NA,06920,09,Ciudad de México,015,Cuauhtémoc,0001,Cuauhtémoc,0080,004,NA,NA,NA,Fijo,19.46027605,-99.14045572,2010-07
6257054,09015722110006545000000000U1,RESTAURANTE BAR CANTINA LA NUMERO UNO,LA NUMERO UNO DE CUAUHTEMOC SA DE CV,722511,Restaurantes con servicio de preparación de alimentos a la carta o de comida corrida,51 a 100 personas,EJE VIAL,1 PONIENTE (AVENIDA CUAUHTÉMOC),CALLE,DOCTOR IGNACIO ERAZO,CALLE,DOCTOR JOSÉ PABLO MARTÍNEZ DEL RÍO,CALLE,DOCTOR RAFAEL LUCIO,150,NA,NA,NA,0,SN,COLONIA,DOCTORES,NA,NA,NA,06720,09,Ciudad de México,015,Cuauhtémoc,0001,Cuauhtémoc,1125,008,NA,SANCHEZ.TREJO.CONTADORES@GMAIL.COM,WWW.LANUMEROUNO.COM.MX,Fijo,19.41838207,-99.15413691,2010-07
7743540,09015722511012142000000000U8,RESTAURANTE BAR CORONELA,NA,722511,Restaurantes con servicio de preparación de alimentos a la carta o de comida corrida,6 a 10 personas,CALLE,AVENIDA DE LA REPUBLICA,CALLE,EZEQUIEL MONTES,CALLE,AVENIDA DE LA REPUBLICA,CALLE,MAESTRO ANTONIO CASO,2,NA,NA,NA,0,NA,COLONIA,TABACALERA,NA,NA,NA,06030,09,Ciudad de México,015,Cuauhtémoc,0001,Cuauhtémoc,070A,004,NA,NA,NA,Fijo,19.4361664,-99.15589964,2019-11
877577,09015722219007631000000000U7,RESTAURANTE BAR DANY,NA,722511,Restaurantes con servicio de preparación de alimentos a la carta o de comida corrida,6 a 10 personas,CALLE,OROZCO Y BERRA,CALLE,BERNAL DIAZ,CALLE,BUENAVISTA,CALLE,HEROES FERROCARRILEROS,2,A,NA,NA,0,NA,COLONIA,BUENAVISTA,NA,NA,NA,06350,09,Ciudad de México,015,Cuauhtémoc,0001,Cuauhtémoc,049A,015,5555358498,NA,NA,Fijo,19.44034132,-99.15356759,2010-07
884938,09015722511006564001000000U1,RESTAURANTE BAR DON FER S,NA,722511,Restaurantes con servicio de preparación de alimentos a la carta o de comida corrida,6 a 10 personas,CALLE,SABINO,CALLE,ACACIAS,CALLE,ELIGIO ANCONA,CALLE,NARANJO,245,A,NA,NA,1,NA,COLONIA,SANTA MARIA LA RIBERA,NA,NA,NA,06400,09,Ciudad de México,015,Cuauhtémoc,0001,Cuauhtémoc,0470,006,NA,NA,NA,Fijo,19.45303919,-99.159146,2014-12
1013778,09015722412001502000000000U7,RESTAURANTE BAR DON RAMON,NA,722412,"Bares, cantinas y similares",0 a 5 personas,CALLE,OROZCO Y BERRA,CALLE,SALGADO,EJE VIAL,1 PONIENTE (GUERRERO),CALLE,MINA,9,A,NA,NA,NA,NA,COLONIA,BUENAVISTA,NA,NA,NA,06350,09,Ciudad de México,015,Cuauhtémoc,0001,Cuauhtémoc,0610,015,5589250945,DONRAMON_LUIS@HOTMAIL.COM,WWW.BARDONRAMON.COM,Fijo,19.43924204,-99.14925262,2010-07
8616295,09015722511014312000000000U5,RESTAURANTE BAR EBITA,NA,722511,Restaurantes con servicio de preparación de alimentos a la carta o de comida corrida,6 a 10 personas,AVENIDA,NIÑOS HEROES,AVENIDA,DOCTOR RIO DE LA LOZA,CALLE,DOCTOR LAVISTA,CALLE,DOCTOR LAVISTA,72,A,NA,NA,0,NA,COLONIA,DOCTORES,NA,NA,NA,06720,09,Ciudad de México,015,Cuauhtémoc,0001,Cuauhtémoc,1534,008,NA,ABITA.CERVECERIA72@OUTLOOK.COM,NA,Fijo,19.42405728,-99.14942639,2019-11
894525,09015722511003934000000000M9,RESTAURANTE BAR EL ASADO ARGENTINO,PAMPA BARBARA SA DE CV,722511,Restaurantes con servicio de preparación de alimentos a la carta o de comida corrida,11 a 30 personas,CALLE,DINAMARCA,AVENIDA,CHAPULTEPEC,CALLE,MARSELLA,CALLE,BERLIN,72,NA,NA,NA,NA,NA,COLONIA,JUAREZ,NA,NA,NA,06600,09,Ciudad de México,015,Cuauhtémoc,0001,Cuauhtémoc,0841,014,NA,NA,WWW.ELASADOARGENTINO.COM.MX,Fijo,19.42572786,-99.15764323,2014-12
11333889,09015722412005852000000000U2,RESTAURANTE BAR EL BOTANERO,NA,722412,"Bares, cantinas y similares",6 a 10 personas,CALZADA,SAN ANTONIO ABAD,CALLE,ANTONIO LEON Y GAMA,CALLE,LORENZO BOTURINI,CALLE,5 DE FEBRERO,89,A,NA,NA,NA,NA,COLONIA,OBRERA,NA,NA,NA,08600,09,Ciudad de México,015,Cuauhtémoc,0001,Cuauhtémoc,1055,008,NA,NA,NA,Fijo,19.41846221,-99.1343488,2024-11
1030094,09015722219003861000000000U4,RESTAURANTE BAR EL COMPADRE,NA,722511,Restaurantes con servicio de preparación de alimentos a la carta o de comida corrida,0 a 5 personas,EJE VIAL,1 PONIENTE AVENIDA CUAUHTEMOC,CALLE,DOCTOR J. NAVARRO,CALLE,DOCTOR ILDELFONSO VELASCO,CALLE,DOCTOR MANUEL CARMONA Y VALLE,112,B,NA,NA,NA,NA,COLONIA,DOCTORES,NA,NA,NA,06720,09,Ciudad de México,015,Cuauhtémoc,0001,Cuauhtémoc,1549,046,5568872591,NA,NA,Fijo,19.42043669,-99.15396778,2010-07
895488,09015722511005863000000000U8,RESTAURANTE BAR EL DRAGON,NA,722511,Restaurantes con servicio de preparación de alimentos a la carta o de comida corrida,11 a 30 personas,CALLE,HAMBURGO,CALLE,COPENHAGUE,CALLE,GENOVA,AVENIDA,PASEO DE LA REFORMA,97,C,NA,NA,NA,NA,COLONIA,JUAREZ,NA,NA,NA,06600,09,Ciudad de México,015,Cuauhtémoc,0001,Cuauhtémoc,0803,015,5555252466,RESTAURANTEELDRAGON@GMAIL.COM,NA,Fijo,19.42674487,-99.163747420000007,2014-12
890624,09015722511004972001000000U8,RESTAURANTE BAR EL FAROLITO,NA,722511,Restaurantes con servicio de preparación de alimentos a la carta o de comida corrida,0 a 5 personas,CALLE,LUIS MOYA,CALLE,ARTICULO 123,CALLE,VICTORIA,CALLE,REVILLAGIGEDO,51,A,51,PLANTA BAJA,0,A,COLONIA,CENTRO,NA,NA,NA,06000,09,Ciudad de México,015,Cuauhtémoc,0001,Cuauhtémoc,0748,007,5551917114,ELFAROLITO51@GMAIL.COM,NA,Fijo,19.43239694,-99.14525778,2014-12
896241,09015722514007563011000000S6,RESTAURANTE BAR EL HUEQUITO JUAN ESCUTIA,TAQUITO TOWN SA DE CV,722511,Restaurantes con servicio de preparación de alimentos a la carta o de comida corrida,11 a 30 personas,CIRCUITO,INTERIOR JOSE VASCONCELOS,CALLE,FERNANDO MONTES DE OCA,EJE VIAL,2 SUR (JUAN ESCUTIA),CIRCUITO,INTERIOR (JOSE VASCONCELOS),108,L,NA,NA,NA,NA,COLONIA,CONDESA,NA,NA,NA,06140,09,Ciudad de México,015,Cuauhtémoc,0001,Cuauhtémoc,1178,018,NA,JUANESCUTIAHUEQUITO@GMAIL.COM,NA,Fijo,19.41628052,-99.1792297,2014-12
1042317,09015722412001462001000000U4,RESTAURANTE BAR EL LAURO,NA,722412,"Bares, cantinas y similares",0 a 5 personas,CALLE,DOCTOR AGUSTIN ANDRADE,AVENIDA,DOCTOR RIO DE LA LOZA,AVENIDA,ARCOS DE BELEN,CALLE,DOCTOR VALENZUELA,18,NA,NA,NA,NA,B,COLONIA,DOCTOR ANDRADE,NA,NA,NA,06720,09,Ciudad de México,015,Cuauhtémoc,0001,Cuauhtémoc,0875,016,5557092629,NA,NA,Fijo,19.42570455,-99.14453784,2010-07
877476,09015722110003513000069229M2,RESTAURANTE BAR EL MARISQUERO,NA,722511,Restaurantes con servicio de preparación de alimentos a la carta o de comida corrida,11 a 30 personas,CALLE,HEROES FERROCARRILEROS,PEATONAL,PLAZA BUENAVISTA,CALLE,BERNAL DIAZ,CALLE,OROZCO Y BERRA,6,NA,NA,NA,1,A,COLONIA,BUENAVISTA,NA,NA,NA,06350,09,Ciudad de México,015,Cuauhtémoc,0001,Cuauhtémoc,049A,015,NA,MARISQUERO2001@HOTMAIL.COM,NA,Fijo,19.44084981,-99.15307902,2010-07
852246,09015722110002863000000000U2,RESTAURANTE BAR EL MEZON DEL MOLINERO,MESON DEL MOLINERO SA DE CV,722511,Restaurantes con servicio de preparación de alimentos a la carta o de comida corrida,11 a 30 personas,CALZADA,CALZADA DE GUADALUPE,CALLE,JUVENTINO ROSAS,CALLE,NINGUNO,CALZADA,CALZADA DE LOS MISTERIOS,50,NA,NA,NA,50,NA,COLONIA,EXHIPODROMO DE PERALVILLO,NA,NA,NA,06220,09,Ciudad de México,015,Cuauhtémoc,0001,Cuauhtémoc,0165,035,NA,MESONDELMOLINERO@HOTMAIL.COM,WWW.MESONDELMOLINERO.COM,Fijo,19.45595572,-99.12890563,2010-07
1013524,09015722511006213000000000U5,RESTAURANTE BAR EL MIRADOR,OPERADORA DE BARES CAMB DA SA DE CV,722511,Restaurantes con servicio de preparación de alimentos a la carta o de comida corrida,6 a 10 personas,EJE VIAL,1 PONIENTE AVENIDA ROSALES,CALLE,IGNACIO MARISCAL,AVENIDA,MEXICO-TENOCHTITLAN,CALLE,JESUS DE TERAN,1,NA,NA,NA,1,NA,COLONIA,TABACALERA,NA,NA,NA,06030,09,Ciudad de México,015,Cuauhtémoc,0001,Cuauhtémoc,0714,011,NA,NA,NA,Fijo,19.43763045,-99.14936119,2010-07
884937,09015722412002682001000000S6,RESTAURANTE BAR EL PARAISO,NA,722412,"Bares, cantinas y similares",6 a 10 personas,CALLE,ELIGIO ANCONA,CALLE,SABINO,CALLE,NARANJO,CALLE,ACACIAS,245,NA,NA,NA,0,NA,COLONIA,SANTA MARIA LA RIBERA,NA,NA,NA,06400,09,Ciudad de México,015,Cuauhtémoc,0001,Cuauhtémoc,0470,006,NA,NA,NA,Fijo,19.45291583,-99.15916618,2010-07
899682,09015722412002692000000000U5,RESTAURANTE BAR EL RINCON BIQUINGO,NA,722412,"Bares, cantinas y similares",11 a 30 personas,AVENIDA,INSURGENTES SUR,EJE VIAL,4 SUR (TEHUANTEPEC),CALLE,QUINTANA ROO,CALLE,CULIACAN,497,NA,NA,NA,495,NA,COLONIA,HIPODROMO,NA,NA,NA,06100,09,Ciudad de México,015,Cuauhtémoc,0001,Cuauhtémoc,1430,002,NA,VIOLETASANTILLANQ@HOTMAIL.COM,NA,Fijo,19.4037967,-99.16935884,2014-12
658875,09015722110002242000000000U9,RESTAURANTE BAR EL RONQUILLO,RESTAURANTE BAR EL RONQUILLO SA DE CV,722511,Restaurantes con servicio de preparación de alimentos a la carta o de comida corrida,11 a 30 personas,AVENIDA,RIO RHIN,CALLE,RIO LERMA,CALLE,RIO PAPALOAPAN,CALLE,RIO SENA,75,NA,NA,NA,NA,PB,COLONIA,CUAHUTEMOC,NA,NA,NA,06500,09,Ciudad de México,015,Cuauhtémoc,0001,Cuauhtémoc,0837,006,NA,ELRONQUILLO@LIVE.COM,WWW.ELRONQUILLO.COM.MX,Fijo,19.43026244,-99.16458805,2011-03
6797612,09015722511009152001000000U2,RESTAURANTE BAR ESQUINA 44,AL QUE MADRUGA SA DE CV,722511,Restaurantes con servicio de preparación de alimentos a la carta o de comida corrida,11 a 30 personas,CALLE,VARSOVIA,CALLE,LONDRES,CALLE,HAMBURGO,EJE VIAL,2 PONIENTE (FLORENCIA),44,NA,NA,NA,NA,NA,COLONIA,JUAREZ,NA,NA,NA,06600,09,Ciudad de México,015,Cuauhtémoc,0001,Cuauhtémoc,095A,019,5552076191,ESQUINA44COMPRAS@GMAIL.COM,NA,Fijo,19.42381266,-99.16759689,2017-11
1030752,09015722219028902001000000U7,RESTAURANTE BAR FRITZ,ROBERTO JOEL HASSEY MENDEZ SA DE CV,722511,Restaurantes con servicio de preparación de alimentos a la carta o de comida corrida,0 a 5 personas,AVENIDA,DOCTOR RIO DE LA LOZA,RETORNO,DOCTOR RIO DE LA LOZA,CALLE,DOCTOR RAFAEL LUCIO,AVENIDA,CHAPULTEPEC,221,NA,NA,NA,NA,NA,COLONIA,DOCTORES,NA,NA,NA,06720,09,Ciudad de México,015,Cuauhtémoc,0001,Cuauhtémoc,0860,019,NA,FRITZ.BAR.221@GMAIL.COM,WWW.ELFRITZ.REST,Fijo,19.42578322,-99.15180988,2010-07
1025416,09015722110004183001000000U3,RESTAURANTE BAR G BOLAÑOS,NA,722511,Restaurantes con servicio de preparación de alimentos a la carta o de comida corrida,6 a 10 personas,CALLE,VENUSTIANO CARRANZA,CALLE,5 DE FEBRERO,CALLE,ISABEL LA CATOLICA,CALLE,REPUBLICA DE URUGUAY,71,NA,PABELLON V CARRANZA,PLANTA BAJA,NA,NA,COLONIA,CENTRO,CENTRO Y PLAZA COMERCIAL,PABELLON V CARRANZA,71,06000,09,Ciudad de México,015,Cuauhtémoc,0001,Cuauhtémoc,0818,010,NA,NA,NA,Fijo,19.43108928,-99.13526896,2010-07
989426,09015722219032803000000000U1,RESTAURANTE BAR GANTE,NA,722511,Restaurantes con servicio de preparación de alimentos a la carta o de comida corrida,11 a 30 personas,CALLE,FRAY PEDRO DE GANTE,CALLE,FRANCISCO I. MADERO,CALLE,16 DE SEPTIEMBRE,CALLE,BOLIVAR,8,3,NA,NA,8,A,COLONIA,CENTRO,NA,NA,NA,06000,09,Ciudad de México,015,Cuauhtémoc,0001,Cuauhtémoc,0767,004,5555183311,MIKETAPIA300@GMAIL.COM.MX,NA,Fijo,19.43335563,-99.13937633,2010-07
1028459,09015722219009421000000000U1,RESTAURANTE BAR LA COCHINITA,NA,722511,Restaurantes con servicio de preparación de alimentos a la carta o de comida corrida,0 a 5 personas,CALLE,LONDRES,EJE VIAL,3 PONIENTE (SEVILLA),CERRADA,LONDRES,CALLE,HAMBURGO,0,SN,NA,NA,0,NA,COLONIA,JUAREZ,NA,NA,NA,06600,09,Ciudad de México,015,Cuauhtémoc,0001,Cuauhtémoc,0983,004,NA,NA,NA,Fijo,19.42240918,-99.1704791,2010-07
984453,09015722110003433001000000U3,RESTAURANTE BAR LA DIANA CAZADORA,NA,722511,Restaurantes con servicio de preparación de alimentos a la carta o de comida corrida,6 a 10 personas,CALLE,MAGNOLIA,CALLE,RIVA PALACIO,EJE VIAL,CENTRAL (LAZARO CARDENAS),CALLE,PRIMERA DE MOCTEZUMA,3,NA,NA,NA,NA,NA,CONJUNTO HABITACIONAL,NINGUNO,NA,NA,NA,06300,09,Ciudad de México,015,Cuauhtémoc,0001,Cuauhtémoc,063A,024,NA,LADIANACAZADORA01@HOTMAIL.COM,NA,Fijo,19.4421004,-99.13992757,2010-07
9200645,09015722412005122000000000U0,RESTAURANTE BAR LA ESCENA,NA,722412,"Bares, cantinas y similares",6 a 10 personas,EJE VIAL,1 PONIENTE AVENIDA BUCARELI,AVENIDA,MORELOS,CALLE,ARTICULO 123,CALLE,ITURBIDE,36,NA,NA,NA,0,NA,COLONIA,CENTRO,NA,NA,NA,06040,09,Ciudad de México,015,Cuauhtémoc,0001,Cuauhtémoc,0860,020,5539253544,NA,NA,Fijo,19.4331939,-99.15052539,2019-11
865855,09015722219017431000000000U0,RESTAURANTE BAR LA MAS BARATA,NA,722511,Restaurantes con servicio de preparación de alimentos a la carta o de comida corrida,0 a 5 personas,CALLE,LUNA,CALLEJON,ANGELES,CALLE,GALEANA,PRIVADA,ARTEAGA,60,NA,NA,NA,60,NA,COLONIA,GUERRERO,NA,NA,NA,06300,09,Ciudad de México,015,Cuauhtémoc,0001,Cuauhtémoc,0521,011,5547580568,NA,NA,Fijo,19.44832891,-99.14105736,2010-07
1006677,09015722219016571001000000U4,RESTAURANTE BAR LA MONTAÑESA,NA,722511,Restaurantes con servicio de preparación de alimentos a la carta o de comida corrida,0 a 5 personas,CALLE,PALMA,CALLE,PRIMERA CERRADA 5 DE MAYO,CALLE,5 DE MAYO,CALLE,PALMA,9,NA,EDIFICIO COMERCIAL Y DE SERVICIOS SIN NOMBRE,PLANTA BAJA,NA,A,COLONIA,CENTRO,EDIFICIO COMERCIAL Y DE SERVICIOS,EDIFICIO COMERCIAL Y DE SERVICIOS SIN NOMBRE,A,11470,09,Ciudad de México,015,Cuauhtémoc,0001,Cuauhtémoc,0771,018,NA,MONTANESA1946@HOTMAIL.COM,NA,Fijo,19.43451575,-99.13508134,2010-07
1028107,09015722219029802000000000U8,RESTAURANTE BAR LA NORIA,NA,722511,Restaurantes con servicio de preparación de alimentos a la carta o de comida corrida,11 a 30 personas,CALLE,AMBERES,CALLE,ESTRASBURGO,CALLE,HAMBURGO,CALLE,GENOVA,24,NA,NA,NA,NA,A,COLONIA,JUAREZ,NA,NA,NA,06600,09,Ciudad de México,015,Cuauhtémoc,0001,Cuauhtémoc,0945,015,5555110797,OZ1995.OD@GMAIL.COM,NA,Fijo,19.42618704,-99.16556604,2010-07
886400,09015722511004331000000000U7,RESTAURANTE BAR LA NORTEÑA,NA,722511,Restaurantes con servicio de preparación de alimentos a la carta o de comida corrida,0 a 5 personas,CALLE,CALLE DEL CARMEN,CALLE,REPUBLICA DE COLOMBIA,CALLE,REPUBLICA DE VENEZUELA,CALLE,REPUBLICA DE ARGENTINA,46,C,NA,NA,0,NA,COLONIA,CENTRO,NA,NA,NA,06010,09,Ciudad de México,015,Cuauhtémoc,0001,Cuauhtémoc,0659,019,5545872354,NA,NA,Fijo,19.43775074,-99.12934827,2014-12
873969,09015722412002331001000000U0,RESTAURANTE BAR LA ONZE,RESTAURANTE BAR LAONZE SA,722412,"Bares, cantinas y similares",11 a 30 personas,AVENIDA,MORELOS,EJE VIAL,1 PONIENTE (AVENIDA BUCARELI),CALLE,ABRAHAM GONZALEZ,CALLE,DONATO GUERRA,57,NA,NA,NA,NA,NA,COLONIA,JUAREZ,NA,NA,NA,06600,09,Ciudad de México,015,Cuauhtémoc,0001,Cuauhtémoc,0856,021,NA,NA,NA,Fijo,19.43266905,-99.15105336,2014-12
1016942,09015561432000251001000000U4,RESTAURANTE BAR LA QUIMERA,NA,722412,"Bares, cantinas y similares",6 a 10 personas,CALLE,AVENIDA DE LA REPUBLICA,CALLE,AVENIDA DE LA REPUBLICA,CALLE,EZEQUIEL MONTES,CALLE,TOMAS ALVA EDISON,55,2,NA,NA,0,NA,COLONIA,TABACALERA,NA,NA,NA,06030,09,Ciudad de México,015,Cuauhtémoc,0001,Cuauhtémoc,070A,001,5555352208,OSGAMEN@YAHOO.COM,NA,Fijo,19.43652722,-99.15584426,2010-07
1017709,09015722219009941001000000U8,RESTAURANTE BAR LA RESURRECCION,NA,722511,Restaurantes con servicio de preparación de alimentos a la carta o de comida corrida,6 a 10 personas,CALLE,MESONES,CALLE,ISABEL LA CATOLICA,CALLEJON,PRIMER DE MESONES,CALLE,REGINA,59,NA,NA,NA,0,NA,COLONIA,CUAHUTEMOC,NA,NA,NA,06080,09,Ciudad de México,015,Cuauhtémoc,0001,Cuauhtémoc,0894,005,5557093203,NA,NA,Fijo,19.4285328,-99.13666984,2010-07
896885,09015722412002521000000000U6,RESTAURANTE BAR LA ROSA,NA,722511,Restaurantes con servicio de preparación de alimentos a la carta o de comida corrida,0 a 5 personas,AVENIDA,FRAY SERVANDO TERESA DE MIER,CALLE,SAN LUCAS,CALLE,SAN MIGUEL,CALLE,CERRADA NEZAHUALCOYOTL,242,NA,NA,NA,NA,NA,COLONIA,CENTRO,NA,NA,NA,06010,09,Ciudad de México,015,Cuauhtémoc,0001,Cuauhtémoc,0979,011,5575186589,NA,NA,Fijo,19.42377855,-99.13187888,2010-07
1028351,09015722110002513000000000U3,RESTAURANTE BAR LEPANTO,ARMADO DE INMUEBLES PARDO SA DE CV,722511,Restaurantes con servicio de preparación de alimentos a la carta o de comida corrida,11 a 30 personas,AVENIDA,OAXACA,CALLE,PUEBLA,CALLE,SINALOA,AVENIDA,INSURGENTES SUR,24,NA,NA,NA,0,NA,COLONIA,ROMA NORTE,NA,NA,NA,06700,09,Ciudad de México,015,Cuauhtémoc,0001,Cuauhtémoc,0998,020,NA,BARLEPANTO@YAHOO.COM.MX,WWW.BARLEPANTO.COM.MX,Fijo,19.42209862,-99.16422822,2010-07
1015624,09015722110003273001000000U3,RESTAURANTE BAR LOS 5 CAUDILLOS,NA,722511,Restaurantes con servicio de preparación de alimentos a la carta o de comida corrida,31 a 50 personas,CALLE,CALLE DE LA REPUBLICA,CALLE,JOSE DE EMPARAM,CALLE,JESUS DE TERAN,CALLE,TOMAS ALVA EDISON,127,B,NA,NA,0,NA,COLONIA,TABACALERA,NA,NA,NA,06030,09,Ciudad de México,015,Cuauhtémoc,0001,Cuauhtémoc,0714,003,NA,TOMMYRUIZ@LIVE.COM.MX,NA,Fijo,19.43583106,-99.1513606,2010-07
896883,09015722412000931000000000U9,RESTAURANTE BAR LOS CHENCHOS,NA,722511,Restaurantes con servicio de preparación de alimentos a la carta o de comida corrida,0 a 5 personas,AVENIDA,FRAY SERVANDO TERESA DE MIER,CALLE,SAN LUCAS,CALLE,SAN MIGUEL,CALLE,CERRADA NEZAHUALCOYOTL,232,NA,NA,NA,NA,NA,COLONIA,CENTRO,NA,NA,NA,06010,09,Ciudad de México,015,Cuauhtémoc,0001,Cuauhtémoc,0979,011,5521904633,NA,NA,Fijo,19.4238555,-99.13243205,2014-12
10026663,09015722511020221000000000U0,RESTAURANTE BAR MATUCHE,NA,722511,Restaurantes con servicio de preparación de alimentos a la carta o de comida corrida,0 a 5 personas,EJE VIAL,2 A SUR SAN LUIS POTOSI,CALLE,JALAPA,CALLE,TONALA,EJE VIAL,2 SUR (AVENIDA QUERETARO),121,B,NA,NA,NA,NA,COLONIA,ROMA NORTE,NA,NA,NA,06700,09,Ciudad de México,015,Cuauhtémoc,0001,Cuauhtémoc,1214,007,NA,NA,NA,Fijo,19.41400675,-99.16028979,2024-11
1016871,09015722110006254000000000U0,RESTAURANTE BAR MESON PUERTO CHICO,PROMOCIONES TURISTICAS PRINCIPADO SA DE CV,722511,Restaurantes con servicio de preparación de alimentos a la carta o de comida corrida,11 a 30 personas,CALLE,AVENIDA DE LA REPUBLICA,CALLE,JOSE MARIA IGLESIAS,CALLE,AVENIDA DE LA REPUBLICA,CALLE,EZEQUIEL MONTES,55,A,RESTAURAN MESON PUERTO CHICO,PLANTA BAJA,0,NA,COLONIA,TABACALERA,NA,NA,NA,06030,09,Ciudad de México,015,Cuauhtémoc,0001,Cuauhtémoc,070A,001,5532635608,MESONPUERTOCHICO@YAHOO.COM.MX,NA,Fijo,19.43665262,-99.15564958,2010-07
885629,09015722511003012001000000U4,RESTAURANTE BAR MI SOLDADITA,NA,722511,Restaurantes con servicio de preparación de alimentos a la carta o de comida corrida,0 a 5 personas,PEATONAL,PLAZA GARIBALDI,EJE VIAL,CENTRAL (LAZARO CARDENAS),PEATONAL,RINCONADA GARIBALDI,OTRO(ESPECIFIQUE),NA,43,NA,NA,NA,0,NA,COLONIA,CENTRO,NA,NA,NA,06000,09,Ciudad de México,015,Cuauhtémoc,0001,Cuauhtémoc,0644,028,NA,NA,NA,Fijo,19.44033696,-99.1395645,2014-12
989697,09015722110004943001000000U0,RESTAURANTE BAR MIRALTO,OPERADORA DE RESTAURANTES MIRALTO SA DE CV,722511,Restaurantes con servicio de preparación de alimentos a la carta o de comida corrida,31 a 50 personas,EJE VIAL,CENTRAL LAZARO CARDENAS,CALLE,FRANCISCO I. MADERO,CALLE,16 DE SEPTIEMBRE,CALLE,FRAY PEDRO DE GANTE,2,NA,TORRE LATINOAMERICANA,PISO 24,40,NA,COLONIA,CENTRO,EDIFICIO COMERCIAL Y DE SERVICIOS,TORRE LATINOAMERICANA,40 - 41,06000,09,Ciudad de México,015,Cuauhtémoc,0001,Cuauhtémoc,0767,005,5518449862,ADMIN@MIRALTO.COM.MX,WWW.MIRALTO.COM.MX,Fijo,19.43398888,-99.14076583,2010-07
875933,09015722411000051011000000U8,RESTAURANTE BAR MN ROY,GUAYABOS DEL SUR SA DE CV,722412,"Bares, cantinas y similares",11 a 30 personas,CALLE,MERIDA,EJE VIAL,2 SUR (AVENIDA QUERETARO),EJE VIAL,2A SUR (SAN LUIS POTOSI),CALLE,FRONTERA,186,NA,NA,NA,NA,NA,COLONIA,ROMA NORTE,NA,NA,NA,06700,09,Ciudad de México,015,Cuauhtémoc,0001,Cuauhtémoc,1110,003,NA,INFO@MNROYCLUB.COM,MNROYCLUB.COM,Fijo,19.41530942,-99.1564417,2012-06
6258341,09015722110006825000000000U7,RESTAURANTE BAR MONTEJO,RESTAURANTE BAR MONTEJO SA,722511,Restaurantes con servicio de preparación de alimentos a la carta o de comida corrida,51 a 100 personas,EJE VIAL,4 SUR (BENJAMÍN FRANKLIN),CALLE,NUEVO LEÓN,CALLE,SINDICALISMO,AVENIDA,NUEVO LEÓN,261,NA,NA,NA,NA,NA,COLONIA,HIPODROMO,NA,NA,NA,06100,09,Ciudad de México,015,Cuauhtémoc,0001,Cuauhtémoc,1426,019,NA,FRBMONTEJO@HOTMAIL.COM,NA,Fijo,19.40378403,-99.17180891,2010-07
991961,09015722219024892000000000U4,RESTAURANTE BAR MR LEE,SENOR LEE SA DE CV,722412,"Bares, cantinas y similares",6 a 10 personas,CALLE,INDEPENDENCIA,CALLE,LOPEZ,CALLE,DOLORES,AVENIDA,JUAREZ,15,A,NA,NA,NA,NA,COLONIA,CENTRO,NA,NA,NA,06050,09,Ciudad de México,015,Cuauhtémoc,0001,Cuauhtémoc,0748,012,5555101424,NA,NA,Fijo,19.43301911,-99.14219113,2010-07
9579230,09015722511020863000000000U9,RESTAURANTE BAR OCHEEL,STIERS 44 SA DE CV,722511,Restaurantes con servicio de preparación de alimentos a la carta o de comida corrida,11 a 30 personas,AVENIDA,PASEO DE LA REFORMA,CALLE,GENOVA,CALLE,BELGRADO,CALLE,ESTRASBURGO,296,NA,TORRE REFORMA LATINO,PLANTA BAJA,NA,NA,COLONIA,JUAREZ,EDIFICIO COMERCIAL Y DE SERVICIOS,TORRE REFORMA LATINO,1,06600,09,Ciudad de México,015,Cuauhtémoc,0001,Cuauhtémoc,0945,018,NA,ADMINISTRACION@OCHEEL.COM,NA,Fijo,19.42747973,-99.16552987,2024-11
1030649,09015722110003933001000000U2,RESTAURANTE BAR RINCON DE LA PURISIMA,COVEMAR SA DE CV,722511,Restaurantes con servicio de preparación de alimentos a la carta o de comida corrida,6 a 10 personas,CALLE,LUIS MOYA,CALLE,MARQUEZ STERLING,AVENIDA,ARCOS DE BELEN,CALLE,MARQUEZ STERLING,115,NA,NA,NA,NA,E F G,COLONIA,CENTRO,NA,NA,NA,06010,09,Ciudad de México,015,Cuauhtémoc,0001,Cuauhtémoc,0875,005,NA,EVENTOS@ELRINCONDELAPURISIMA.COM.MX,WWW.ELRINCONDELAPURISIMA.COM.MX,Fijo,19.42779089,-99.14607143,2010-07
885627,09015722511002173000000000U5,RESTAURANTE BAR RINCON DEL MARIACHI,NA,722511,Restaurantes con servicio de preparación de alimentos a la carta o de comida corrida,11 a 30 personas,CERRADA,GARIBALDI,PEATONAL,CALLEJON DE GARIBALDI,PEATONAL,CALLEJON MONTERO,CALLE,ALLENDE,0,SN,NA,NA,3,NA,COLONIA,CENTRO,NA,NA,NA,06010,09,Ciudad de México,015,Cuauhtémoc,0001,Cuauhtémoc,0644,022,5587013446,NA,NA,Fijo,19.4404633,-99.13845369,2014-12
10515748,09015722511021033000000000U8,RESTAURANTE BAR RIO NANSA,RIO NANSAS SA DE CV,722511,Restaurantes con servicio de preparación de alimentos a la carta o de comida corrida,11 a 30 personas,CALLE,RIO LERMA,CALLE,RIO NEVA,CALLE,RIO AMAZONAS,CALLE,RIO PANUCO,31,NA,NA,NA,NA,NA,COLONIA,CUAHUTEMOC,NA,NA,NA,06500,09,Ciudad de México,015,Cuauhtémoc,0001,Cuauhtémoc,0790,007,NA,NA,NA,Fijo,19.43125906,-99.16312069,2024-11
872328,09015722219027742000000000U8,RESTAURANTE BAR RITZ,NA,722511,Restaurantes con servicio de preparación de alimentos a la carta o de comida corrida,6 a 10 personas,CALLE,SABINO,CALLE,ACACIAS,AVENIDA,RICARDO FLORES MAGON,CALLE,NARANJO,297,A,NA,NA,0,NA,COLONIA,SANTA MARIA LA RIBERA,NA,NA,NA,06400,09,Ciudad de México,015,Cuauhtémoc,0001,Cuauhtémoc,0470,007,NA,AKD.SANTIAGO@GMAIL.COM,NA,Fijo,19.45490727,-99.15876849,2014-12
863667,09015722219032182001000000U0,RESTAURANTE BAR SAN LUIS,DIVERSIONES Y ESPECTACULOS LUCI SA DE CV,722511,Restaurantes con servicio de preparación de alimentos a la carta o de comida corrida,11 a 30 personas,EJE VIAL,2 A SUR SAN LUIS POTOSI,CALLE,MERIDA,CALLE,FRONTERA,CALLE,FRONTERA,26,NA,NA,NA,NA,NA,COLONIA,ROMA NORTE,NA,NA,NA,06700,09,Ciudad de México,015,Cuauhtémoc,0001,Cuauhtémoc,1110,013,5555741442,NA,NA,Fijo,19.41474915,-99.15590962,2010-07
10432273,09015722511022682000000000U1,RESTAURANTE BAR SEMINARIO,NA,722511,Restaurantes con servicio de preparación de alimentos a la carta o de comida corrida,6 a 10 personas,CALLE,SEMINARIO,CALLE,MONEDA,CALLE,REPUBLICA DE GUATEMALA,CALLE,LICENCIADO VERDAD,10,NA,NA,NA,NA,NA,COLONIA,CENTRO,NA,NA,NA,06060,09,Ciudad de México,015,Cuauhtémoc,0001,Cuauhtémoc,0771,009,NA,NA,NA,Fijo,19.43416484,-99.13189361,2024-11
1016980,09015722219006871000000000U0,RESTAURANTE BAR SULLIBAR,NA,722511,Restaurantes con servicio de preparación de alimentos a la carta o de comida corrida,6 a 10 personas,CALLE,JAMES SULLIVAN,CALLE,SADI CARNOT,AVENIDA,INSURGENTES CENTRO,CALLE,MAESTRO ANTONIO CASO,13,NA,NA,NA,0,NA,COLONIA,SAN RAFAEL,NA,NA,NA,06470,09,Ciudad de México,015,Cuauhtémoc,0001,Cuauhtémoc,0697,011,NA,NA,NA,Fijo,19.43255796,-99.15959268,2010-07
1001549,09015722219031562000000000U4,RESTAURANTE BAR TAHUR DE QUIROGA,NA,722511,Restaurantes con servicio de preparación de alimentos a la carta o de comida corrida,0 a 5 personas,CALLE,BELISARIO DOMINGUEZ,CALLE,CALLEJON DEL 57,CALLE,ALLENDE,CALLE,REPUBLICA DE CUBA,11,NA,NA,NA,0,C,COLONIA,CENTRO,NA,NA,NA,06010,09,Ciudad de México,015,Cuauhtémoc,0001,Cuauhtémoc,0644,020,NA,NA,NA,Fijo,19.43835353,-99.13874549,2010-07
8326441,09015722412004542000000000U0,RESTAURANTE BAR TLACHIQUERO,NA,722412,"Bares, cantinas y similares",6 a 10 personas,CALLE,COLIMA,EJE VIAL,1 PONIENTE (AVENIDA CUAUHTEMOC),CALLE,MORELIA,CALLE,DURANGO,5,A,NA,NA,NA,NA,COLONIA,ROMA,NA,NA,NA,06700,09,Ciudad de México,015,Cuauhtémoc,0001,Cuauhtémoc,1017,018,NA,NA,NA,Fijo,19.4212045,-99.15441967,2019-11
992028,09015722219025412000000000U0,RESTAURANTE BAR VILLA RICA,NA,722511,Restaurantes con servicio de preparación de alimentos a la carta o de comida corrida,6 a 10 personas,CALLE,LOPEZ,CALLE,ARTICULO 123,CALLE,VICTORIA,EJE VIAL,CENTRAL (LAZARO CARDENAS),34,H,EDIFICIO VIENA,PLANTA BAJA,34,H,COLONIA,CALLE ARTICULO 23,NA,NA,NA,06050,09,Ciudad de México,015,Cuauhtémoc,0001,Cuauhtémoc,0748,015,5556776274,ADARSA@INFOSEL.NET.MX,NA,Fijo,19.43177682,-99.14215805,2010-07
10928739,09015722412005442000000000U2,RESTAURANTE BAR YARDAS,NA,722412,"Bares, cantinas y similares",6 a 10 personas,EJE VIAL,CENTRAL LAZARO CARDENAS,CALLE,REPUBLICA DE ECUADOR,PEATONAL,PLAZA GARIBALDI,CALLE,SAN CAMILITO,67,NA,NA,NA,NA,NA,COLONIA,CENTRO,NA,NA,NA,06010,09,Ciudad de México,015,Cuauhtémoc,0001,Cuauhtémoc,0536,014,5556355597,NA,NA,Fijo,19.44227331,-99.13944266,2024-11
1013889,09015722219010371000000000U5,RESTAURANTE BARRO MESTIZO,NA,722511,Restaurantes con servicio de preparación de alimentos a la carta o de comida corrida,0 a 5 personas,CALLE,REPUBLICA DE URUGUAY,CALLE,ISABEL LA CATOLICA,CALLE,BOLIVAR,CALLE,VENUSTIANO CARRANZA,36,NA,NA,NA,0,NA,COLONIA,CENTRO,NA,NA,NA,06000,09,Ciudad de México,015,Cuauhtémoc,0001,Cuauhtémoc,0818,002,NA,EROMERO@BARROMESTIZO.COM,NA,Fijo,19.43067834,-99.13772346,2010-07
9168392,09015722511015823000000000U0,RESTAURANTE BARRO MESTIZO,NA,722511,Restaurantes con servicio de preparación de alimentos a la carta o de comida corrida,11 a 30 personas,CALLE,ISABEL LA CATOLICA,CALLE,5 DE MAYO,CALLE,TACUBA,CALLE,MOTOLINIA,7,1A,NA,NA,0,NA,COLONIA,CENTRO,NA,NA,NA,06010,09,Ciudad de México,015,Cuauhtémoc,0001,Cuauhtémoc,0767,010,NA,BARROMESTIZO@GMAIL.COM,NA,Fijo,19.43502352,-99.13604676,2019-11
1028519,09015722110003463000000000U0,RESTAURANTE BEATRICITA,PROCESADORA DE ALIMENTOS BEATRICITA SA DE CV,722511,Restaurantes con servicio de preparación de alimentos a la carta o de comida corrida,6 a 10 personas,CALLE,LONDRES,EJE VIAL,2 PONIENTE (FLORENCIA),CALLE,VARSOVIA,CALLE,LIVERPOOL,190,NA,NA,NA,NA,D,COLONIA,JUAREZ,NA,NA,NA,06600,09,Ciudad de México,015,Cuauhtémoc,0001,Cuauhtémoc,095A,018,5555114213,BEATRICITAZROSA@GMAIL.COM,NA,Fijo,19.42390866,-99.16698874,2010-07
1029690,09015722511006461001000000U0,RESTAURANTE BELMONDO,NA,722511,Restaurantes con servicio de preparación de alimentos a la carta o de comida corrida,31 a 50 personas,CALLE,TABASCO,CALLE,CORDOBA,CALLE,MERIDA,CALLE,COLIMA,109,A,NA,NA,0,NA,COLONIA,ROMA NORTE,NA,NA,NA,06700,09,Ciudad de México,015,Cuauhtémoc,0001,Cuauhtémoc,1017,022,5574250301,NA,NA,Fijo,19.41963159,-99.15771793,2014-12
863173,09015722219030482000000000U6,RESTAURANTE BETOS,NA,722511,Restaurantes con servicio de preparación de alimentos a la carta o de comida corrida,0 a 5 personas,EJE VIAL,3 SUR AVENIDA BAJA CALIFORNIA,CALLE,CHILPANCINGO,CALLE,VILLAHERMOSA,CALLE,COMITAN,250,NA,NA,NA,0,NA,COLONIA,HIPODROMO,NA,NA,NA,06100,09,Ciudad de México,015,Cuauhtémoc,0001,Cuauhtémoc,1430,009,5537330825,TAQUERIA_BETOS@HOTMAIL.COM,NA,Fijo,19.40571658,-99.16962088,2010-07
1005620,09015722110005744002000000S1,RESTAURANTE BISQUETS OBREGON,CAFE RESTAURANTES DEL CENTRO SA DE CV,722511,Restaurantes con servicio de preparación de alimentos a la carta o de comida corrida,31 a 50 personas,CALLE,TACUBA,CALLE,MONTE DE PIEDAD,CALLE,PALMA,CALLE,5 DE MAYO,85,NA,NA,NA,3,NA,COLONIA,CENTRO,NA,NA,NA,06000,09,Ciudad de México,015,Cuauhtémoc,0001,Cuauhtémoc,0771,007,NA,CENTRO@BOGREGONCOMMX,WWW.BISQUETSOBREGON.COM,Fijo,19.43511777,-99.13444832,2010-07
865419,09015722212023331000000000U9,RESTAURANTE BISTRO DEL PARQUE,BISTRO DEL PARQUE SA DE CV,722511,Restaurantes con servicio de preparación de alimentos a la carta o de comida corrida,6 a 10 personas,AVENIDA,MEXICO,AVENIDA,MICHOACAN,CALLE,TEOTIHUACAN,AVENIDA,AMSTERDAM,157,NA,NA,NA,0,NA,COLONIA,HIPODROMO,NA,NA,NA,06100,09,Ciudad de México,015,Cuauhtémoc,0001,Cuauhtémoc,1341,021,NA,NA,NA,Fijo,19.41174581,-99.16836933,2010-07
1028132,09015722110005373000000000U9,RESTAURANTE BIWON,YEHEE SA DE CV,722511,Restaurantes con servicio de preparación de alimentos a la carta o de comida corrida,6 a 10 personas,EJE VIAL,2 PONIENTE FLORENCIA,CALLE,BERNA,CALLE,HAMBURGO,CALLE,ESTOCOLMO,20,NA,NA,NA,NA,NA,COLONIA,JUAREZ,NA,NA,NA,06600,09,Ciudad de México,015,Cuauhtémoc,0001,Cuauhtémoc,0945,009,NA,NA,WWW.RESTAURANTECOREANOBEWON.MX,Fijo,19.42556286,-99.16682005,2010-07
10304734,09015722511021333000000000U2,RESTAURANTE BLANCO COLIMA,GOM CARLU SA DE CV,722511,Restaurantes con servicio de preparación de alimentos a la carta o de comida corrida,11 a 30 personas,CALLE,COLIMA,CALLE,ORIZABA,CALLE,CORDOBA,CALLE,TABASCO,168,NA,NA,NA,NA,NA,COLONIA,ROMA NORTE,NA,NA,NA,06700,09,Ciudad de México,015,Cuauhtémoc,0001,Cuauhtémoc,1002,012,NA,NA,WWW.GRUPOCARACOL.COM,Fijo,19.41979731,-99.15993913,2024-11
1010484,09015722219019841000000000U8,RESTAURANTE BLANQUITA,NA,722511,Restaurantes con servicio de preparación de alimentos a la carta o de comida corrida,6 a 10 personas,CALLE,SANTA MARIA LA RIBERA,CALLE,AMADO NERVO,AVENIDA,RIBERA DE SAN COSME,CALLE,JAIME TORRES BODET,22,NA,PAÑALES Y DESECHABLES,PLANTA BAJA,0,HJ,COLONIA,SANTA MARIALA RIBERA,CENTRAL CAMIONERA,PAÑALES Y DESECHABLES,HJ,06400,09,Ciudad de México,015,Cuauhtémoc,0001,Cuauhtémoc,0606,012,5525728218,NA,NA,Fijo,19.44241958,-99.15824084,2010-07
1040499,09015722219021841000000000U4,RESTAURANTE BRODY,NA,722511,Restaurantes con servicio de preparación de alimentos a la carta o de comida corrida,0 a 5 personas,CALLE,ROMA,CALLE,MILAN,CALLE,VIENA,CALLE,LUCERNA,35,NA,NA,NA,0,NA,COLONIA,JUAREZ,NA,NA,NA,06600,09,Ciudad de México,015,Cuauhtémoc,0001,Cuauhtémoc,0856,015,NA,NA,NA,Fijo,19.42943369,-99.15764572,2010-07
11245482,09015722511017952000000000U5,RESTAURANTE BUFFET DRAGON CHINO,NA,722511,Restaurantes con servicio de preparación de alimentos a la carta o de comida corrida,6 a 10 personas,CALLEJON,DOLORES,CALLE,ARTICULO 123,CALLE,INDEPENDENCIA,CALLE,ARTICULO 123,3,NA,EDIFICIO 2A CERRADA CALLEJON DOLORES,PISO 1,1,NA,COLONIA,CENTRO,NA,NA,NA,06000,09,Ciudad de México,015,Cuauhtémoc,0001,Cuauhtémoc,0748,004,5573614231,NA,NA,Fijo,19.43250656,-99.14285098,2024-11
6736978,09015722511008801000000000U5,RESTAURANTE BURGERS SONS,ATTITUD FOR LIVING SA DE CV,722511,Restaurantes con servicio de preparación de alimentos a la carta o de comida corrida,0 a 5 personas,AVENIDA,INSURGENTES SUR,CALLE,QUINTANA ROO,EJE VIAL,3 SUR (AVENIDA BAJA CALIFORNIA),CALLE,TUXPAN,470,C,NA,NA,NA,NA,COLONIA,ROMA SUR,NA,NA,NA,06760,09,Ciudad de México,015,Cuauhtémoc,0001,Cuauhtémoc,1445,008,NA,BURGUERSSONSFACTURAS@GMAIL.COM,NA,Fijo,19.40526283,-99.16865615,2016-10
1015564,09015722219009051001000000U6,RESTAURANTE CAHUICH,NA,722511,Restaurantes con servicio de preparación de alimentos a la carta o de comida corrida,6 a 10 personas,CALLE,TOMAS ALVA EDISON,CALLE,RAMOS ARISPE,CALLE,ALCAZAR,CALLE,TOMAS ALVA EDISON,63,A,NA,NA,30,NA,COLONIA,TABACALERA,NA,NA,NA,06030,09,Ciudad de México,015,Cuauhtémoc,0001,Cuauhtémoc,0714,007,5555663527,DESOLVERA0@GMAIL.COM,NA,Fijo,19.43708791,-99.15264261,2010-07
1024258,09015722219027442001000000U5,RESTAURANTE CANOS,NA,722511,Restaurantes con servicio de preparación de alimentos a la carta o de comida corrida,0 a 5 personas,CALLE,VENUSTIANO CARRANZA,CALLE,20 DE NOVIEMBRE,AVENIDA,JOSE MARIA PINO SUAREZ,CALLE,REPUBLICA DE URUGUAY,93,NA,NA,NA,101,NA,COLONIA,CENTRO,NA,NA,NA,06000,09,Ciudad de México,015,Cuauhtémoc,0001,Cuauhtémoc,0818,016,NA,NA,NA,Fijo,19.43078,-99.13292596,2010-07
10834239,09015722511018793000000000U2,RESTAURANTE CARACOL,ITACATE DEL MAR SA DE CV,722511,Restaurantes con servicio de preparación de alimentos a la carta o de comida corrida,11 a 30 personas,CALLE,REPUBLICA DE GUATEMALA,CALLE,REPUBLICA DE BRASIL,CALLE,REPUBLICA DE ARGENTINA,CALLE,DONCELES,20,NA,HOTEL CIRCULO MEXICANO,PLANTA BAJA,2,NA,COLONIA,DONCELES,EDIFICIO COMERCIAL Y DE SERVICIOS,HOTEL CIRCULO MEXICANO,2,06000,09,Ciudad de México,015,Cuauhtémoc,0001,Cuauhtémoc,0752,003,NA,NA,CARACOL.COM.MX,Fijo,19.43502842,-99.13296089,2024-11
8327127,09015722514011331000000000U2,RESTAURANTE CARBON 2-54,NA,722511,Restaurantes con servicio de preparación de alimentos a la carta o de comida corrida,0 a 5 personas,EJE VIAL,2 PONIENTE MONTERREY,CALLE,CAMPECHE,CALLE,NAYARIT,CALLE,TONALA,254,NA,NA,NA,NA,NA,COLONIA,ROMA SUR,NA,NA,NA,06760,09,Ciudad de México,015,Cuauhtémoc,0001,Cuauhtémoc,1375,001,NA,NA,NA,Fijo,19.41014572,-99.16216427,2019-11
10806303,09015722511018952000000000U4,RESTAURANTE CAYENA CUAUHTEMOC,RESTAURANTE CAYENA CUAUHTEMOC SAS,722511,Restaurantes con servicio de preparación de alimentos a la carta o de comida corrida,6 a 10 personas,CALLE,RIO NEVA,AVENIDA,PASEO DE LA REFORMA,CALLE,RIO LERMA,CALLE,RIO MARNE,26,NA,NA,NA,NA,NA,COLONIA,CUAUHTEMOC,NA,NA,NA,06500,09,Ciudad de México,015,Cuauhtémoc,0001,Cuauhtémoc,0837,004,5551018848,RAFA4406@HOTMAIL.COM,NA,Fijo,19.43128829,-99.16229408,2024-11
6308088,09015722511005025001000000U4,RESTAURANTE CENTRO CASTELLANO,RESTAURANTE CENTRO CASTELLANO SA DE CV,722511,Restaurantes con servicio de preparación de alimentos a la carta o de comida corrida,51 a 100 personas,CALLE,REPÚBLICA DE URUGUAY,EJE VIAL,CENTRAL (LÁZARO CÁRDENAS),CALLE,BOLÍVAR,CALLE,VENUSTIANO CARRANZA,16,NA,NA,NA,NA,NA,COLONIA,CENTRO,NA,NA,NA,06000,09,Ciudad de México,015,Cuauhtémoc,0001,Cuauhtémoc,0818,001,NA,MIGUEL@GRUPOCASTELLANO.COM.MX,WWW.CENTROCASTELLANO.COM.MX,Fijo,19.43099485,-99.13986982,2010-07
1015580,09015722511003002001000000U5,RESTAURANTE CERVECERIA LA MATRACA,NA,722511,Restaurantes con servicio de preparación de alimentos a la carta o de comida corrida,0 a 5 personas,CALLE,ALCAZAR,CALLE,CALLE DE LA REPUBLICA,CALLE,TOMAS ALVA EDISON,CALLE,RAMOS ARISPE,27,NA,NA,NA,0,NA,COLONIA,TABACALERA,NA,NA,NA,06030,09,Ciudad de México,015,Cuauhtémoc,0001,Cuauhtémoc,0714,006,NA,NA,NA,Fijo,19.43625752,-99.15250127,2012-06
1023151,09015722511005062001000000U7,RESTAURANTE CESAR,NA,722511,Restaurantes con servicio de preparación de alimentos a la carta o de comida corrida,0 a 5 personas,CALLE,PALMA,CALLE,FRANCISCO I. MADERO,CALLE,16 DE SEPTIEMBRE,CALLE,ISABEL LA CATOLICA,35,NA,CENTRO JOYERO,PLANTA BAJA,5,E,COLONIA,CENTRO HISTORICO DE LA CIUDAD DE MEXICO,CENTRO Y PLAZA COMERCIAL,CENTRO JOYERO,5E,06000,09,Ciudad de México,015,Cuauhtémoc,0001,Cuauhtémoc,0771,015,5547641829,ANGELICAGONZPER.19@GMAIL.COM,NA,Fijo,19.4326343,-99.13531431,2010-07
1029996,09015722212020051010000000U6,RESTAURANTE CHABELITA,NA,722511,Restaurantes con servicio de preparación de alimentos a la carta o de comida corrida,0 a 5 personas,CALLE,CLAUDIO BERNARD,CALLE,DOCTOR RAFAEL LUCIO,CALLE,DOCTOR MACIAS,CALLE,DOCTOR C. LICEAGA,130,NA,NA,NA,0,NA,COLONIA,DOCTORES,NA,NA,NA,06720,09,Ciudad de México,015,Cuauhtémoc,0001,Cuauhtémoc,1534,003,5573836042,NA,NA,Fijo,19.42306605,-99.15158342,2010-07
1046059,09015722219007831001000000U3,RESTAURANTE CHAPALA,NA,722511,Restaurantes con servicio de preparación de alimentos a la carta o de comida corrida,6 a 10 personas,CALZADA,VALLEJO,CALLE,CLARK,CALLE,MARTINELLI,CALLE,ZOLTAN KODALY,138,NA,NA,NA,0,NA,COLONIA,SAN SIMONON TOLNAHUCA,NA,NA,NA,06920,09,Ciudad de México,015,Cuauhtémoc,0001,Cuauhtémoc,0080,006,NA,NA,NA,Fijo,19.46129993,-99.1409615,2010-07
9457037,09015722511017093000000000U8,RESTAURANTE CHIMEX,AGUILA KANG MEXICO SA DE CV,722511,Restaurantes con servicio de preparación de alimentos a la carta o de comida corrida,0 a 5 personas,CALLE,HAMBURGO,EJE VIAL,3 PONIENTE (SEVILLA),CALLE,TOLEDO,CALLE,TOKIO,273,NA,NA,NA,1,NA,COLONIA,COLONIA JUAREZ,NA,NA,NA,06600,09,Ciudad de México,015,Cuauhtémoc,0001,Cuauhtémoc,0945,010,NA,NA,NA,Fijo,19.42302448,-99.17160083,2023-11
10498593,09015722511022751000000000U4,RESTAURANTE CHINO,NA,722511,Restaurantes con servicio de preparación de alimentos a la carta o de comida corrida,0 a 5 personas,CALLE,REPUBLICA DE BRASIL,EJE VIAL,1 NORTE (IGNACIO LOPEZ RAYON),CALLE,REPUBLICA DE ECUADOR,EJE VIAL,1 NORTE (IGNACIO LOPEZ RAYON),94,S,NA,NA,NA,NA,COLONIA,CENTRO,NA,NA,NA,06010,09,Ciudad de México,015,Cuauhtémoc,0001,Cuauhtémoc,0540,011,NA,NA,NA,Fijo,19.44294644,-99.13285081,2024-11
980999,09015463211047271000000000U4,RESTAURANTE CHINO,NA,722511,Restaurantes con servicio de preparación de alimentos a la carta o de comida corrida,0 a 5 personas,CALLE,CALLEJON VAQUITAS,CALLE,REPUBLICA DE ECUADOR,CALLE,PLAZA COMONFORT,CALLE,COMONFORT,5,A,NA,NA,NA,NA,COLONIA,CENTRO,NA,NA,NA,06020,09,Ciudad de México,015,Cuauhtémoc,0001,Cuauhtémoc,0536,011,NA,NA,NA,Fijo,19.44246213,-99.1359866,2010-07
1012574,09015722511005951000000000U1,RESTAURANTE CHINO PONHING,NA,722511,Restaurantes con servicio de preparación de alimentos a la carta o de comida corrida,0 a 5 personas,CALLE,JAMES SULLIVAN,CALLE,JOAQUIN VELAZQUEZ DE LEON,CALLE,MANUEL MARIA CONTRERAS,CALLE,MAESTRO ANTONIO CASO,165,NA,NA,NA,NA,NA,COLONIA,SAN RAFAEL,NA,NA,NA,06470,09,Ciudad de México,015,Cuauhtémoc,0001,Cuauhtémoc,0678,021,NA,NA,NA,Fijo,19.43503654,-99.16633468,2011-03
884669,09015722518003301010000000U6,RESTAURANTE CHIQUIS,NA,722511,Restaurantes con servicio de preparación de alimentos a la carta o de comida corrida,0 a 5 personas,CALLE,TILOS,CALLE,POPLE,CALLE,MAPLE,CALLE,AZAHARES,59,B,NA,NA,0,NA,COLONIA,SANTA MARIA INSURGENTES,NA,NA,NA,06430,09,Ciudad de México,015,Cuauhtémoc,0001,Cuauhtémoc,0061,005,5563045495,NA,NA,Fijo,19.46229149,-99.14703273,2014-12
1042953,09015722219011391000000000U2,RESTAURANTE CHORIPAN CHE BOLUDO,NA,722511,Restaurantes con servicio de preparación de alimentos a la carta o de comida corrida,0 a 5 personas,CALLE,NEZAHUALCOYOTL,CALLE,5 DE FEBRERO,CALLE,20 DE NOVIEMBRE,AVENIDA,FRAY SERVANDO TERESA DE MIER,165,NA,NA,NA,NA,B,COLONIA,CENTRO,NA,NA,NA,06090,09,Ciudad de México,015,Cuauhtémoc,0001,Cuauhtémoc,0964,007,5527530293,NA,NA,Fijo,19.42499802,-99.13491062,2010-07
991908,09015722219025132001000000U4,RESTAURANTE CHUNG KING,CENTRO GASTRONOMICO ORIENTAL SA DE CV,722511,Restaurantes con servicio de preparación de alimentos a la carta o de comida corrida,11 a 30 personas,CALLE,DOLORES,CALLE,INDEPENDENCIA,CALLE,ARTICULO 123,CALLE,MARROQUI,27,G,NA,NA,0,NA,COLONIA,CUAUHTEMOC,NA,NA,NA,06050,09,Ciudad de México,015,Cuauhtémoc,0001,Cuauhtémoc,0748,003,NA,RESTAURANT-CHUNKING@HOTMAIL.COM,NA,Fijo,19.43237298,-99.14302903,2010-07
7733532,09015722511011462000000000U1,RESTAURANTE CIENAGA,NA,722511,Restaurantes con servicio de preparación de alimentos a la carta o de comida corrida,11 a 30 personas,CALLE,CAMPECHE,CALLE,MANZANILLO,EJE VIAL,3 PONIENTE (MEDELLIN),CALLE,COAHUILA,139,C,NA,NA,NA,NA,COLONIA,CONDESA,NA,NA,NA,06170,09,Ciudad de México,015,Cuauhtémoc,0001,Cuauhtémoc,1356,011,NA,GONZALEZFABIOLA@OUTLOOK.COM,NA,Fijo,19.40991263,-99.16462564,2019-11
7733203,09015722515009372000000000U7,RESTAURANTE CLARA YEMA,NA,722511,Restaurantes con servicio de preparación de alimentos a la carta o de comida corrida,0 a 5 personas,EJE VIAL,2 SUR JUAN ESCUTIA,CIRCUITO,INTERIOR (JOSE VASCONCELOS),CALLE,ZAMORA,CALLE,JUAN DE LA BARRERA,125,NA,NA,NA,NA,A,COLONIA,CONDESA,NA,NA,NA,06140,09,Ciudad de México,015,Cuauhtémoc,0001,Cuauhtémoc,1178,009,NA,NA,NA,Fijo,19.41664803,-99.17823445,2019-11
880560,09015722219026932000000000U6,RESTAURANTE CLAVE CON K,NA,722511,Restaurantes con servicio de preparación de alimentos a la carta o de comida corrida,0 a 5 personas,CALLE,JESUS CARRANZA,CALLE,GRANADA,CALLE,GOROSTIZA,AVENIDA,PERALVILLO,124,NA,NA,NA,0,D,COLONIA,MORELOS,NA,NA,NA,06200,09,Ciudad de México,015,Cuauhtémoc,0001,Cuauhtémoc,0339,012,5549176590,NA,NA,Fijo,19.45166135,-99.12984691,2010-07
8625440,09015722511013772000000000U1,RESTAURANTE COLMENEROS,NA,722511,Restaurantes con servicio de preparación de alimentos a la carta o de comida corrida,6 a 10 personas,CALLE,CULIACAN,EJE VIAL,3 SUR (AVENIDA BAJA CALIFORNIA),CALLE,QUINTANA ROO,CALLE,VILLAHERMOSA,64,NA,NA,NA,NA,NA,COLONIA,HIPODROMO,NA,NA,NA,06100,09,Ciudad de México,015,Cuauhtémoc,0001,Cuauhtémoc,1430,006,5571364575,NA,NA,Fijo,19.40544397,-99.17053869,2019-11
864456,09015722219031522000000000U8,RESTAURANTE COLOMBIANO CIENEGA,NA,722511,Restaurantes con servicio de preparación de alimentos a la carta o de comida corrida,6 a 10 personas,CALLE,COAHUILA,CALLE,MANZANILLO,EJE VIAL,3 PONIENTE (MEDELLIN),CALLE,CAMPECHE,202,NA,NA,NA,NA,NA,COLONIA,CONDESA,NA,NA,NA,06170,09,Ciudad de México,015,Cuauhtémoc,0001,Cuauhtémoc,1356,011,5555642255,CIENEGA@OUTLOOK.COM,NA,Fijo,19.41060547,-99.16567194,2010-07
956451,09015722511002551001000000U2,RESTAURANTE COME,NA,722511,Restaurantes con servicio de preparación de alimentos a la carta o de comida corrida,6 a 10 personas,CALLE,COAHUILA,CALLE,TONALA,EJE VIAL,2 PONIENTE (MONTERREY),CALLE,TAPACHULA,141,NA,NA,NA,NA,NA,COLONIA,ROMA NORTE,NA,NA,NA,06700,09,Ciudad de México,015,Cuauhtémoc,0001,Cuauhtémoc,1375,013,NA,NA,NA,Fijo,19.41144051,-99.16221485,2010-07
6750965,09015722511008895000000000U7,RESTAURANTE COMICX,COMICX SA DE CV,722511,Restaurantes con servicio de preparación de alimentos a la carta o de comida corrida,31 a 50 personas,EJE VIAL,EJE1 NORTE MOSQUETA,AVENIDA,INSURGENTES NORTE,ANDADOR,NINGUNO,AVENIDA,INSURGENTES NORTE,259,NA,NA,NA,NA,NA,COLONIA,BUENAVISTA,CENTRO Y PLAZA COMERCIAL,PLAZA BUENAVISTA,N2-28,06350,09,Ciudad de México,015,Cuauhtémoc,0001,Cuauhtémoc,049A,001,NA,ADMON.BUENAVISTA@COMICX.COM.MX,WWW.COMICX.COM.MX,Fijo,19.44687238,-99.15236972,2016-10
1001558,09015722511005302001000000U7,RESTAURANTE COMIDA CUBANA,NA,722511,Restaurantes con servicio de preparación de alimentos a la carta o de comida corrida,0 a 5 personas,CALLE,ALLENDE,CALLE,BELISARIO DOMINGUEZ,CALLE,REPUBLICA DE CUBA,CALLE,CALLEJON DEL 57,26,NA,NA,NA,4,NA,COLONIA,CENTRO,NA,NA,NA,06010,09,Ciudad de México,015,Cuauhtémoc,0001,Cuauhtémoc,0644,020,5580987842,NA,NA,Fijo,19.43783743,-99.13776042,2010-07
1028806,09015722110005033001000000S9,RESTAURANTE COMIDA JAPONESA SUSHI ROLL,BUFFET PRIME SA DE CV,722511,Restaurantes con servicio de preparación de alimentos a la carta o de comida corrida,11 a 30 personas,CALLE,LONDRES,CALLE,AMBERES,CALLE,GENOVA,CALLE,HAMBURGO,127,NA,PLAZA LA ROSA,PLANTA BAJA,127,NA,COLONIA,JUAREZ,CENTRO Y PLAZA COMERCIAL,PLAZA LA ROSA,7,06600,09,Ciudad de México,015,Cuauhtémoc,0001,Cuauhtémoc,095A,008,5555112323,ZONAROSA@SUSHIROLL.MX,WWW.SUSHIROLL.MX,Fijo,19.42529341,-99.16439056,2010-07
10997181,09015722511020811000000000U8,RESTAURANTE CORAZON PANZON,NA,722511,Restaurantes con servicio de preparación de alimentos a la carta o de comida corrida,0 a 5 personas,CALLE,RIO BALSAS,CALLE,RIO TIGRIS,CALLE,RIO SENA,CALLE,RIO NAZAS,32,D,NA,NA,NA,NA,COLONIA,CUAUHTEMOC,NA,NA,NA,06500,09,Ciudad de México,015,Cuauhtémoc,0001,Cuauhtémoc,0822,025,5589250044,NA,NA,Fijo,19.43320216,-99.16803896,2024-11
1028486,09015812210001641010000000U2,RESTAURANTE COREANO,NA,722511,Restaurantes con servicio de preparación de alimentos a la carta o de comida corrida,0 a 5 personas,CALLE,BIARRITZ,CALLE,HAMBURGO,CALLE,LONDRES,EJE VIAL,3 PONIENTE (SEVILLA),3,NA,NA,NA,NA,NA,COLONIA,JUAREZ,NA,NA,NA,06600,09,Ciudad de México,015,Cuauhtémoc,0001,Cuauhtémoc,0983,001,NA,NA,NA,Fijo,19.42359488,-99.17000881,2010-07
894800,09015722511002021000000000U6,RESTAURANTE COREANO GO HYANG ZIB,NA,722511,Restaurantes con servicio de preparación de alimentos a la carta o de comida corrida,0 a 5 personas,EJE VIAL,2 PONIENTE FLORENCIA,CALLE,LONDRES,CALLE,HAMBURGO,CALLE,VARSOVIA,43,NA,NA,NA,NA,NA,COLONIA,JUAREZ,NA,NA,NA,06600,09,Ciudad de México,015,Cuauhtémoc,0001,Cuauhtémoc,095A,019,5552072438,NA,NA,Fijo,19.42463731,-99.16652492,2014-12
883869,09015722219025162001000000U1,RESTAURANTE CORREO ESPAÑOL,NA,722511,Restaurantes con servicio de preparación de alimentos a la carta o de comida corrida,6 a 10 personas,AVENIDA,PERALVILLO,CALLE,GONZALEZ BOCANEGRA,CALLE,SANTA ANA,CALLE,COMONFORT,30,NA,NA,NA,0,NA,COLONIA,MORELOS,NA,NA,NA,06200,09,Ciudad de México,015,Cuauhtémoc,0001,Cuauhtémoc,0540,015,NA,NA,NA,Fijo,19.44628865,-99.13275986,2010-07
1016816,09015722219032342001000000U0,RESTAURANTE COSTILLAS EL SITIO,NA,722511,Restaurantes con servicio de preparación de alimentos a la carta o de comida corrida,6 a 10 personas,CALLE,JOSE MARIA IGLESIAS,AVENIDA,MEXICO A TENOCHTITLAN,CALLE,IGNACIO MARISCAL,CALLE,PONCIANO ARRIAGA,26,D,NA,NA,NA,NA,COLONIA,TABACALERA,NA,NA,NA,06030,09,Ciudad de México,015,Cuauhtémoc,0001,Cuauhtémoc,070A,012,5555350525,NA,NA,Fijo,19.43850641,-99.15491672,2010-07
6317516,09015722511006574000000000U0,RESTAURANTE COVADONGA,RESTAURANTE HISPANO MEXICANO SA DE CV,722511,Restaurantes con servicio de preparación de alimentos a la carta o de comida corrida,11 a 30 personas,CALLE,PUEBLA,CALLE,CORDOBA,CALLE,ORIZABA,AVENIDA,CHAPULTEPEC,121,NA,NA,NA,NA,NA,COLONIA,ROMA NORTE,NA,NA,NA,16700,09,Ciudad de México,015,Cuauhtémoc,0001,Cuauhtémoc,1002,009,NA,COVADONGA121@HOTMAIL.COM,WWW.BANQUETESCOVADONGA.COM.MX,Fijo,19.42281629,-99.16049695,2010-07
8616684,09015722511014342000000000U2,RESTAURANTE D ANGELO,NA,722511,Restaurantes con servicio de preparación de alimentos a la carta o de comida corrida,0 a 5 personas,CALLE,TOLEDO,CALLE,LONDRES,CALLE,HAMBURGO,EJE VIAL,3 PONIENTE (SEVILLA),40,NA,NA,NA,NA,NA,COLONIA,JUAREZ,NA,NA,NA,06600,09,Ciudad de México,015,Cuauhtémoc,0001,Cuauhtémoc,0983,004,NA,NA,NA,Fijo,19.42216726,-99.17167163,2019-11
6318264,09015722219029902002000000U6,RESTAURANTE DAIKOKU,ADMINISTRADORA SHIROIKAI SA DE CV,722511,Restaurantes con servicio de preparación de alimentos a la carta o de comida corrida,11 a 30 personas,CALLE,RIO PANUCO,CALLE,RIO NILO,CALLE,RIO GANGES,CALLE,RIO LERMA,170,NA,NA,NA,NA,NA,COLONIA,CUAHUTEMOC,NA,NA,NA,06500,09,Ciudad de México,015,Cuauhtémoc,0001,Cuauhtémoc,0926,003,NA,NA,NA,Fijo,19.42843292,-99.17199477,2010-07
8485266,09015722511014273000000000U9,RESTAURANTE DAIKOKU REFORMA,SAIGONOMISE S DE RL DE CV,722511,Restaurantes con servicio de preparación de alimentos a la carta o de comida corrida,11 a 30 personas,AVENIDA,PASEO DE LA REFORMA,CALLE,JOSE MARIA LAFRAGUA,CALLE,CALLE DE LA REPUBLICA,CALLE,AVENIDA DE LA REPUBLICA,45,NA,NA,NA,NA,NA,COLONIA,TABACALERA,NA,NA,NA,06030,09,Ciudad de México,015,Cuauhtémoc,0001,Cuauhtémoc,0729,006,NA,RESTAURANTEBARCELO@HOTMAIL.COM,WWW.DAIKOKU.MX,Fijo,19.43462599,-99.15189277,2019-11
1012691,09015722219027812000000000U9,RESTAURANTE DALI,NA,722511,Restaurantes con servicio de preparación de alimentos a la carta o de comida corrida,6 a 10 personas,CALLE,JAMES SULLIVAN,CALLE,MANUEL MARIA CONTRERAS,CALLE,GABINO BARREDA,CALLE,MAESTRO ANTONIO CASO,143,B,NA,NA,NA,NA,COLONIA,SAN RAFAEL,NA,NA,NA,06470,09,Ciudad de México,015,Cuauhtémoc,0001,Cuauhtémoc,0678,020,5555350300,RESBANDALI@HOTMAIL.COM,NA,Fijo,19.43472812,-99.16544405,2010-07
10070992,09015722511019032000000000U4,RESTAURANTE DE COMIDA CHINA,NA,722511,Restaurantes con servicio de preparación de alimentos a la carta o de comida corrida,6 a 10 personas,CALLE,MANUEL DOBLADO,CALLE,JOSE JOAQUIN HERRERA,CALLE,LECUMBERRI,CALLE,LEONA VICARIO,74,NA,NA,NA,NA,NA,COLONIA,CENTRO,NA,NA,NA,06020,09,Ciudad de México,015,Cuauhtémoc,0001,Cuauhtémoc,0659,018,5613793992,NA,NA,Fijo,19.43863544,-99.12536325,2024-11
8326153,09015722511012522000000000U1,RESTAURANTE DE COMIDA COREANA ARIRANG,NA,722511,Restaurantes con servicio de preparación de alimentos a la carta o de comida corrida,11 a 30 personas,EJE VIAL,2 PONIENTE FLORENCIA,CALLE,LIVERPOOL,CALLE,LONDRES,CALLE,VARSOVIA,67,NA,NA,NA,NA,NA,COLONIA,JUAREZ,NA,NA,NA,06600,09,Ciudad de México,015,Cuauhtémoc,0001,Cuauhtémoc,095A,018,5559969618,JBM5338@GMAIL.COM,NA,Fijo,19.42361274,-99.16602176,2019-11
1028535,09015722110005053001000000U7,RESTAURANTE DE COMIDA COREANA NA DE FO,NA,722511,Restaurantes con servicio de preparación de alimentos a la carta o de comida corrida,11 a 30 personas,CALLE,LIVERPOOL,EJE VIAL,2 PONIENTE (FLORENCIA),CALLE,VARSOVIA,CALLE,LONDRES,183,NA,NA,NA,NA,NA,COLONIA,JUAREZ,NA,NA,NA,06600,09,Ciudad de México,015,Cuauhtémoc,0001,Cuauhtémoc,095A,018,NA,NA,NA,Fijo,19.42325025,-99.16645067,2010-07
8625424,09015722511013752000000000U3,RESTAURANTE DE COMIDA COREANA NUL BOM,NA,722511,Restaurantes con servicio de preparación de alimentos a la carta o de comida corrida,6 a 10 personas,CALLE,LONDRES,CALLE,VARSOVIA,EJE VIAL,2 PONIENTE (FLORENCIA),CALLE,HAMBURGO,177,NA,NA,NA,NA,NA,COLONIA,JUAREZ,NA,NA,NA,06600,09,Ciudad de México,015,Cuauhtémoc,0001,Cuauhtémoc,095A,019,NA,BRENDA@CPHDZ.COM,CPHDZ.COM,Fijo,19.42419753,-99.16667472,2019-11
9306330,09015722511016655000062803M5,RESTAURANTE DE COMIDA CUBANA LA BODEGUITA DEL MEDIO,CARGUE CON SU PESAO SA DE CV,722511,Restaurantes con servicio de preparación de alimentos a la carta o de comida corrida,51 a 100 personas,CALLE,COZUMEL,CALLE,SINALOA,CALLE,DURANGO,AVENIDA,SONORA,37,NA,NA,NA,NA,NA,COLONIA,ROMA NORTE,NA,NA,NA,06700,09,Ciudad de México,015,Cuauhtémoc,0001,Cuauhtémoc,1089,004,NA,GERENCIACOZUMEL@GRUPOSON.COM,WWW.LABODEGUITADELMEDIO.COM.MX,Fijo,19.41950152,-99.17111386,2020-11
7756830,09015722511014951000000000U0,RESTAURANTE DE COMIDA HINDU,NA,722511,Restaurantes con servicio de preparación de alimentos a la carta o de comida corrida,0 a 5 personas,CALLE,MANUEL DOBLADO,CALLE,REPUBLICA DE GUATEMALA,CALLE,MIXCALCO,CALLE,LEONA VICARIO,10,NA,GRAN BAZAR CENTRO MIXCALCO,CORREDOR,30,NA,COLONIA,CENTRO,CENTRO Y PLAZA COMERCIAL,GRAN BAZAR CENTRO MIXCALCO,30,06020,09,Ciudad de México,015,Cuauhtémoc,0001,Cuauhtémoc,0663,014,NA,NA,NA,Fijo,19.43455816,-99.12590342,2019-11
847633,09015722511007841000000000U2,RESTAURANTE DE COMIDA ITALIANA OSTERIA 8,NA,722511,Restaurantes con servicio de preparación de alimentos a la carta o de comida corrida,6 a 10 personas,CALLE,SINALOA,AVENIDA,VERACRUZ,CALLE,TAMPICO,CALLE,DURANGO,252,NA,NA,NA,NA,A,COLONIA,ROMA NORTE,NA,NA,NA,06700,09,Ciudad de México,015,Cuauhtémoc,0001,Cuauhtémoc,1089,013,NA,OSTERIA8@YAHOO.COM.MX,NA,Fijo,19.41881827,-99.17540359,2010-07
658497,09015722110001992001000000U0,RESTAURANTE DE COMIDA ITALIANA VECCHIO FORNO,BASILICO E POMODORO SA DE CV,722511,Restaurantes con servicio de preparación de alimentos a la carta o de comida corrida,6 a 10 personas,AVENIDA,VERACRUZ,CALLE,SINALOA,CALLE,DURANGO,CALLE,TAMPICO,38,NA,NA,NA,NA,D,COLONIA,ROMA NORTE,NA,NA,NA,06700,09,Ciudad de México,015,Cuauhtémoc,0001,Cuauhtémoc,1089,013,NA,CONTACTO@VECCHIOFORNO.MX,WWW.VECCHIOFORNO.MX,Fijo,19.41855781,-99.1752794,2011-03
10285582,09015722511022041000000000U0,RESTAURANTE DE COMIDA JAPONESA AZUL PELTRE,NA,722511,Restaurantes con servicio de preparación de alimentos a la carta o de comida corrida,0 a 5 personas,AVENIDA,RIBERA DE SAN COSME,CALLE,GABINO BARREDA,CALLE,IGNACIO MANUEL ALTAMIRANO,CALLE,JOAQUIN GARCIA ICAZBALCETA,6,NA,SAN COSME,PLANTA BAJA,278,278 Y 279,COLONIA,SAN RAFAEL,MERCADO PUBLICO,SAN COSME,278 Y 279,07460,09,Ciudad de México,015,Cuauhtémoc,0001,Cuauhtémoc,0682,013,NA,PIDE@AZULPELTRE.COM,NA,Fijo,19.44227418,-99.16214177,2024-11
6489686,09015722110004813011000000U5,RESTAURANTE DE COMIDA JAPONESA SUSHITTO,MASVIDA SA DE CV,722511,Restaurantes con servicio de preparación de alimentos a la carta o de comida corrida,11 a 30 personas,CALLE,HAMBURGO,CALLE,ESTOCOLMO,CALLE,AMBERES,AVENIDA,PASEO DE LA REFORMA,141,A,NA,NA,NA,NA,COLONIA,JUAREZ,NA,NA,NA,06600,09,Ciudad de México,015,Cuauhtémoc,0001,Cuauhtémoc,0945,012,NA,NA,WWW.SUSHITTO.COM.MX,Fijo,19.42575295,-99.16584183,2016-01
8386292,09015722511015163000000000U1,RESTAURANTE DE COMIDA JAPONESA WAN OWAN,MAYAJIRO SA DE CV,722511,Restaurantes con servicio de preparación de alimentos a la carta o de comida corrida,0 a 5 personas,CALLE,LONDRES,CALLE,VARSOVIA,CALLE,PRAGA,CALLE,HAMBURGO,209,NA,NA,NA,0,NA,COLONIA,JUAREZ,NA,NA,NA,06600,09,Ciudad de México,015,Cuauhtémoc,0001,Cuauhtémoc,0983,005,NA,RESTAURANTE.MURAKAMI@GMAIL.COM,NA,Fijo,19.42364877,-99.16785641,2019-11
8326090,09015722511012491000000000U9,RESTAURANTE DE COMIDA TIPICA RUMANA LA GUERITA,NA,722511,Restaurantes con servicio de preparación de alimentos a la carta o de comida corrida,6 a 10 personas,CALLE,LONDRES,CALLE,VARSOVIA,EJE VIAL,2 PONIENTE (FLORENCIA),CALLE,HAMBURGO,181,NA,LONDRES 181,PLANTA BAJA,NA,NA,COLONIA,JUAREZ,PASAJE Y ANDADOR COMERCIAL,LONDRES 181,2,06600,09,Ciudad de México,015,Cuauhtémoc,0001,Cuauhtémoc,095A,019,NA,NA,NA,Fijo,19.42413249,-99.16681247,2019-11
8327466,09015722511013382000000000U9,RESTAURANTE DE COMIDA VEGETARIANA FALAFELITO CONDESA,COMERCIALIZADORA FALAFELOTE SA DE CV,722511,Restaurantes con servicio de preparación de alimentos a la carta o de comida corrida,6 a 10 personas,CALLE,IZTACCIHUATL,AVENIDA,AMSTERDAM,AVENIDA,MEXICO,CALLE,CHILPANCINGO,56,NA,NA,NA,6,NA,COLONIA,HIPODROMO,NA,NA,NA,06100,09,Ciudad de México,015,Cuauhtémoc,0001,Cuauhtémoc,1341,019,NA,NA,NA,Fijo,19.41032454,-99.16931179,2019-11
1027916,09015722219031952000000000U7,RESTAURANTE DE COMIDA VEJETARIANA LA VIDA EN VERDE,TCKT2GO SA DE CV,722511,Restaurantes con servicio de preparación de alimentos a la carta o de comida corrida,6 a 10 personas,CALLE,SINALOA,EJE VIAL,3 PONIENTE (SALAMANCA),CALLE,VALLADOLID,CALLE,PUEBLA,107,NA,NA,NA,NA,NA,COLONIA,ROMA,NA,NA,NA,06700,09,Ciudad de México,015,Cuauhtémoc,0001,Cuauhtémoc,0998,006,NA,MANUEL@LAVIDAENVERDE.MX,WWW.LAVIDAENVERDE.MX,Fijo,19.42049403,-99.16844488,2010-07
8326919,09015722511012832000000000U4,RESTAURANTE DE HAMURGUESAS Y ENSALADAS DADDYS BURGER,NA,722511,Restaurantes con servicio de preparación de alimentos a la carta o de comida corrida,0 a 5 personas,CALLE,PUEBLA,CALLE,JALAPA,CALLE,ORIZABA,CALLE,DURANGO,158,A,NA,NA,0,NA,COLONIA,ROMA NORTE,NA,NA,NA,06700,09,Ciudad de México,015,Cuauhtémoc,0001,Cuauhtémoc,1002,001,5533519932,OPERADORADB@YAHOO.COM.MX,NA,Fijo,19.42239197,-99.16181543,2019-11
894734,09015722511006941001000000U1,RESTAURANTE DE TAPAS ROMELIA,GRUPO ROMELIA SA DE CV,722511,Restaurantes con servicio de preparación de alimentos a la carta o de comida corrida,6 a 10 personas,CALLE,TABASCO,CALLE,MERIDA,CALLE,FRONTERA,CALLE,COLIMA,99,NA,NA,NA,NA,NA,COLONIA,ROMA NORTE,NA,NA,NA,06700,09,Ciudad de México,015,Cuauhtémoc,0001,Cuauhtémoc,1017,021,NA,GRUPOROMELIA@GMAIL.COM,NA,Fijo,19.41982049,-99.15683453,2014-12
1018106,09015722219031142000000000U5,RESTAURANTE DEL BICENTENARIO,RESTAURANTE DEL BICENTENARIO  SA DE CV,722511,Restaurantes con servicio de preparación de alimentos a la carta o de comida corrida,0 a 5 personas,AVENIDA,JOSE MARIA PINO SUAREZ,CALLE,RINCONADA DE JESUS,CALLE,REPUBLICA DE URUGUAY,CALLE,20 DE NOVIEMBRE,27,NA,NA,NA,1,NA,CIUDAD,CENTRO HISTORICO,NA,NA,NA,06060,09,Ciudad de México,015,Cuauhtémoc,0001,Cuauhtémoc,0818,017,NA,NA,NA,Fijo,19.42962968,-99.13259707,2010-07
8764623,09015722511013991000000000U7,RESTAURANTE DEL MUSEO CASA DE LA MEMORIA INDOMITA,POR LA VIDA Y LA LIBERTAD DE LOS DESAPARECIDOS AC,722511,Restaurantes con servicio de preparación de alimentos a la carta o de comida corrida,0 a 5 personas,CALLE,REGINA,CALLE,5 DE FEBRERO,CALLE,20 DE NOVIEMBRE,CALLE,MESONES,66,NA,NA,NA,0,NA,CONDOMINIO,REGINA 64,NA,NA,NA,06090,09,Ciudad de México,015,Cuauhtémoc,0001,Cuauhtémoc,0894,002,NA,NA,NA,Fijo,19.42758708,-99.13455001,2019-11
1029941,09015722511007662001000000U2,RESTAURANTE DELI ABEJA,TABBOT SA DE CV,722511,Restaurantes con servicio de preparación de alimentos a la carta o de comida corrida,11 a 30 personas,CALLE,DOCTOR LAVISTA,CALLE,DOCTOR MIGUEL FRANCISCO JIMENEZ,AVENIDA,NIÑOS HEROES,CALLE,DOCTOR C. LICEAGA,102,NA,NA,NA,NA,NA,COLONIA,DOCTORES,NA,NA,NA,06720,09,Ciudad de México,015,Cuauhtémoc,0001,Cuauhtémoc,1534,009,NA,NA,NA,Fijo,19.42370565,-99.14805199,2010-07
855766,09015722219025792001000000U5,RESTAURANTE DELICIAS LA FLAMITA,NA,722511,Restaurantes con servicio de preparación de alimentos a la carta o de comida corrida,6 a 10 personas,EJE VIAL,CENTRAL LAZARO CARDENAS,PEATONAL,NINGUNO,EJE VIAL,CENTRAL (LAZARO CARDENAS),OTRO(ESPECIFIQUE),MANZANA O EDIFICACION CONTIGUA,475,NA,NA,NA,6,NA,CONJUNTO HABITACIONAL,TLATELOLCO,NA,NA,NA,06900,09,Ciudad de México,015,Cuauhtémoc,0001,Cuauhtémoc,0288,005,NA,NA,NA,Fijo,19.45310978,-99.13797861,2010-07
867677,09015722219013981001000000U8,RESTAURANTE DON CARRETINO,NA,722511,Restaurantes con servicio de preparación de alimentos a la carta o de comida corrida,0 a 5 personas,CALLE,NINGUNO,EJE VIAL,4 SUR (CHILPANCINGO),CALLE,QUINTANA ROO,CALLE,TUXPAN,480,NA,NA,NA,NA,NA,COLONIA,ROMA SUR,NA,NA,NA,06760,09,Ciudad de México,015,Cuauhtémoc,0001,Cuauhtémoc,1445,006,NA,DONDARRETINO@HOTMAIL.COM,DONCARRETINO.COM,Fijo,19.40428026,-99.16857748,2014-12
872148,09015722110004673000000000U3,RESTAURANTE DON LAZARO EL VIAJERO,RESTAURANTE EL VIAJERO DE GUADALAJARA SA DE CV,722511,Restaurantes con servicio de preparación de alimentos a la carta o de comida corrida,11 a 30 personas,CIRCUITO,INTERIOR INSTITUTO TECNICO INDUSTRIAL,CALLE,MANUEL CARPIO,CALLE,PRIMERA CERRADA DE LA SEPTIMA DE NOGAL,CALLE,NOGAL,241,NA,NA,NA,0,NA,COLONIA,SANTA MARIA LA RIBERA,NA,NA,NA,06400,09,Ciudad de México,015,Cuauhtémoc,0001,Cuauhtémoc,0466,016,NA,DONLAZAROELVIAJERO@YAHOO.COM.MX,NA,Fijo,19.4522512,-99.16400267,2010-07
988550,09015722219026682001000000U7,RESTAURANTE DON MIGUEL TACO Y COSTILLA,NA,722511,Restaurantes con servicio de preparación de alimentos a la carta o de comida corrida,0 a 5 personas,CALLE,INDEPENDENCIA,CALLE,LUIS MOYA,CALLE,REVILLAGIGEDO,CALLE,ARTICULO 123,68,NA,68 LOCAL 2,PLANTA BAJA,2,NA,COLONIA,CENTRO,NA,NA,NA,06000,09,Ciudad de México,015,Cuauhtémoc,0001,Cuauhtémoc,0748,008,5566957465,NA,NA,Fijo,19.43345176,-99.14591688,2010-07
9817359,09015722511023233000000000S2,RESTAURANTE DON TORIVIO,GASTRONOMICA DON TORIVIO SA DE CV,722511,Restaurantes con servicio de preparación de alimentos a la carta o de comida corrida,11 a 30 personas,CALLE,BOLIVAR,CALLE,FRANCISCO I. MADERO,CALLE,16 DE SEPTIEMBRE,CALLE,FRAY PEDRO DE GANTE,31,NA,31,PISO 2,201,A,COLONIA,CENTRO,NA,NA,NA,06000,09,Ciudad de México,015,Cuauhtémoc,0001,Cuauhtémoc,0767,004,NA,RESTAURANTE.DONTORIVIO@GMAIL.COM,NA,Fijo,19.43268637,-99.13851648,2024-11
899814,09015722511007372000000000U8,RESTAURANTE DOÑA BLANCA,NA,722511,Restaurantes con servicio de preparación de alimentos a la carta o de comida corrida,6 a 10 personas,AVENIDA,NUEVO LEON,CALLE,BAJIO,AVENIDA,INSURGENTES SUR,AVENIDA,INSURGENTES SUR,284,A,NA,NA,0,NA,COLONIA,HIPODROMO,NA,NA,NA,06100,09,Ciudad de México,015,Cuauhtémoc,0001,Cuauhtémoc,1430,008,5552769841,NA,NA,Fijo,19.40122021,-99.17044367,2014-12
7756406,09015722511014744000000000U9,RESTAURANTE DOÑA FELA,RAUL OZIEL MARTINEZ ENGFUI SA DE CV,722511,Restaurantes con servicio de preparación de alimentos a la carta o de comida corrida,6 a 10 personas,CALLE,5 DE MAYO,CALLE,CONDESA,CALLE,FILOMENO MATA,CALLE,TACUBA,10,E,NA,NA,0,NA,COLONIA,CENTRO,NA,NA,NA,06000,09,Ciudad de México,015,Cuauhtémoc,0001,Cuauhtémoc,0767,007,NA,CAFELAPAGODA@PRODIGY.NET.MX,WWW.CAFELAPAGODA.COM.MX,Fijo,19.43464755,-99.13946398,2019-11
11084152,09015722511023763000000000U8,RESTAURANTE DOÑA JULITA,ROPAPE SA DE CV,722511,Restaurantes con servicio de preparación de alimentos a la carta o de comida corrida,11 a 30 personas,AVENIDA,HIDALGO,AVENIDA,PASEO DE LA REFORMA,CALLE,TRUJANO,AVENIDA,PASEO DE LA REFORMA,85,NA,NA,NA,NA,NA,COLONIA,GUERRERO,NA,NA,NA,06300,09,Ciudad de México,015,Cuauhtémoc,0001,Cuauhtémoc,0625,002,5548969912,RESTAURANTEDONJULITA@GMAIL.COM,NA,Fijo,19.43734365,-99.14566251,2024-11
898959,09015722511007501001000000U2,RESTAURANTE DOÑA VERO,NA,722511,Restaurantes con servicio de preparación de alimentos a la carta o de comida corrida,6 a 10 personas,EJE VIAL,2 PONIENTE MONTERREY,CALLE,TEPIC,EJE VIAL,3 SUR (AVENIDA BAJA CALIFORNIA),CALLE,TENANGO,313,NA,NA,NA,NA,NA,COLONIA,ROMA SUR,NA,NA,NA,06760,09,Ciudad de México,015,Cuauhtémoc,0001,Cuauhtémoc,1360,009,5654161885,RESTAURANTE@DONAVERO.COM.MX,NA,Fijo,19.40715,-99.16149948,2014-12
7733800,09015722511011532000000000U1,RESTAURANTE DULCE JESUS MIO,NA,722511,Restaurantes con servicio de preparación de alimentos a la carta o de comida corrida,11 a 30 personas,EJE VIAL,3 PONIENTE MEDELLIN,CALLE,COAHUILA,CALLE,TAPACHULA,EJE VIAL,2 PONIENTE (MONTERREY),214,A,NA,NA,NA,NA,COLONIA,ROMA NORTE,NA,NA,NA,06700,09,Ciudad de México,015,Cuauhtémoc,0001,Cuauhtémoc,1360,013,NA,DULCEJESUSMIO88@GMAIL.COM,NA,Fijo,19.41125504,-99.16442354,2019-11
1018989,09015722110002683001000000U4,RESTAURANTE DZIB,NA,722511,Restaurantes con servicio de preparación de alimentos a la carta o de comida corrida,6 a 10 personas,CALLE,REGINA,CALLE,5 DE FEBRERO,CALLEJON,PRIMER DE MESONES,CALLE,MESONES,54,D,NA,NA,0,NA,COLONIA,CUAHUTEMOC,NA,NA,NA,06090,09,Ciudad de México,015,Cuauhtémoc,0001,Cuauhtémoc,0894,001,NA,DZIB_REST@HOTMAIL.COM,NA,Fijo,19.42774488,-99.13569274,2010-07
8626062,09015722511013971000000000U9,RESTAURANTE EDISON,NA,722511,Restaurantes con servicio de preparación de alimentos a la carta o de comida corrida,0 a 5 personas,CALLE,IGNACIO MARISCAL,CALLE,RAMOS ARISPE,CALLE,JOSE DE EMPARAM,AVENIDA,MEXICO-TENOCHTITLAN,59,B,NA,NA,0,A,COLONIA,TABACALERA,NA,NA,NA,06030,09,Ciudad de México,015,Cuauhtémoc,0001,Cuauhtémoc,0714,008,NA,VIRYESESQ@GMAIL.COM,NA,Fijo,19.43732958,-99.15159674,2019-11
867262,09015722110004173000000000U4,RESTAURANTE EL 10,RESTAURANTE EL DIEZ SA,722511,Restaurantes con servicio de preparación de alimentos a la carta o de comida corrida,11 a 30 personas,CALLE,ALFONSO REYES,AVENIDA,MAZATLÁN,CALLE,COSALÁ,AVENIDA,MICHOACÁN,66,NA,NA,NA,NA,NA,COLONIA,HIPODROMO CONDESA,NA,NA,NA,06170,09,Ciudad de México,015,Cuauhtémoc,0001,Cuauhtémoc,1303,013,NA,NA,WWW.ELDIEZ.COM,Fijo,19.4102476,-99.17984277,2010-07
9454647,09015722511017255000004193S3,RESTAURANTE EL BAJIO,LA CALLE DEL VINO SA DE CV,722511,Restaurantes con servicio de preparación de alimentos a la carta o de comida corrida,101 a 250 personas,CALLE,BOLÍVAR,CALLE,TACUBA,CALLE,5 DE MAYO,CALLE,MOTOLINÍA,14,NA,NA,NA,NA,NA,COLONIA,CENTRO,NA,NA,NA,06000,09,Ciudad de México,015,Cuauhtémoc,0001,Cuauhtémoc,0767,009,NA,JOSE.GARCIA@RESTAURANTEELBAJIO.COM.MX,NA,Fijo,19.43490563,-99.13807725,2023-11
6318415,09015722110006505000004193S5,RESTAURANTE EL BAJIO COCINA MEXICANA,LA CALLE DEL VINO SA DE CV,722511,Restaurantes con servicio de preparación de alimentos a la carta o de comida corrida,101 a 250 personas,AVENIDA,PASEO DE LA REFORMA,CALLE,NÁPOLES,CALLE,HAVRE,CALLE,HAMBURGO,222,NA,NA,NA,6,NA,COLONIA,JUAREZ,CENTRO Y PLAZA COMERCIAL,REFORMA 222,SR,06600,09,Ciudad de México,015,Cuauhtémoc,0001,Cuauhtémoc,0803,008,NA,JOSE.GARCIA@RESTAURANTEELBAJIO.COM,NA,Fijo,19.42908531,-99.16211672,2010-07
984409,09015722110001962000000000U3,RESTAURANTE EL BUEN COMER,NA,722511,Restaurantes con servicio de preparación de alimentos a la carta o de comida corrida,6 a 10 personas,CALLE,SOTO,CALLE,MINA,CALLE,VIOLETA,CALLE,ZARCO,86,NA,NA,NA,0,NA,COLONIA,GUERRERO,NA,NA,NA,06300,09,Ciudad de México,015,Cuauhtémoc,0001,Cuauhtémoc,0625,006,NA,NA,NA,Fijo,19.44061388,-99.14462199,2010-07
890020,09015722511003471000000000U2,RESTAURANTE EL BUEN SABOR,NA,722511,Restaurantes con servicio de preparación de alimentos a la carta o de comida corrida,6 a 10 personas,CALLE,JUAN ALDAMA,CALLE,PEDRO MORENO,CALLE,VIOLETA,CALLE,ZARAGOZA,81,NA,NA,NA,6,NA,COLONIA,BUENAVISTA,NA,NA,NA,06350,09,Ciudad de México,015,Cuauhtémoc,0001,Cuauhtémoc,0610,006,5580129589,NA,NA,Fijo,19.44229163,-99.15092984,2014-12
996765,09015722110002032000000000U4,RESTAURANTE EL CAMPIRANO,NA,722511,Restaurantes con servicio de preparación de alimentos a la carta o de comida corrida,11 a 30 personas,CALLE,BOLIVAR,CALLE,FRANCISCO I. MADERO,CALLE,5 DE MAYO,CALLE,MOTOLINIA,20,C,NA,NA,NA,20C,COLONIA,CENTRO,NA,NA,NA,06000,09,Ciudad de México,015,Cuauhtémoc,0001,Cuauhtémoc,0767,002,NA,CAMPIRANO.BOLIVAR@GMAIL.COM,WWW.ELCAMPIRANO.COM,Fijo,19.43403046,-99.13820091,2010-07
894772,09015722511004393000000000U7,RESTAURANTE EL CAMPIRANO,NA,722511,Restaurantes con servicio de preparación de alimentos a la carta o de comida corrida,6 a 10 personas,AVENIDA,ALVARO OBREGON,CALLE,MORELIA,CALLE,FRONTERA,CALLE,TABASCO,21,NA,NA,NA,NA,NA,COLONIA,BENITO JUAREZ,NA,NA,NA,06700,09,Ciudad de México,015,Cuauhtémoc,0001,Cuauhtémoc,1017,026,5552072804,ELCAMPIRANOROMA@GMAIL.COM,WWW.ELCAMPIRANO.COM.MX,Fijo,19.41921534,-99.15558813,2014-12
6256967,09015722110006966000000000U9,RESTAURANTE EL CARDENAL,BRIGAR SA DE CV,722511,Restaurantes con servicio de preparación de alimentos a la carta o de comida corrida,101 a 250 personas,CERRADA,SEGUNDA CERRADA 5 DE MAYO,CALLE,PALMA,CALLE,5 DE MAYO,CALLE,FRANCISCO I  MADERO,31,NA,NA,NA,0,SN,COLONIA,CENTRO,NA,NA,NA,06000,09,Ciudad de México,015,Cuauhtémoc,0001,Cuauhtémoc,0771,016,NA,JARC1977@YAHOO.COM.MX,WWW.RESTAURANTEELCARDENAL.COM,Fijo,19.43371814,-99.1353089,2010-07
8337039,09015722518005331000000000U1,RESTAURANTE EL CHARQUITO DE LA RANA,NA,722511,Restaurantes con servicio de preparación de alimentos a la carta o de comida corrida,6 a 10 personas,CALLE,LIBERTAD,CALLE,COMONFORT,CALLE,PALMA NORTE,EJE VIAL,1 NORTE (IGNACIO LOPEZ RAYON),33,NA,NA,NA,181,181 182 209 210,COLONIA,MORELOS,NA,NA,NA,06200,09,Ciudad de México,015,Cuauhtémoc,0001,Cuauhtémoc,0540,005,NA,NA,NA,Fijo,19.44427489,-99.13493435,2019-11
854593,09015722219016411000000000U3,RESTAURANTE EL CHINO,NA,722511,Restaurantes con servicio de preparación de alimentos a la carta o de comida corrida,0 a 5 personas,CALLE,PABLO DE SARAZATE,PRIVADA,SARAZATE,CALLE,FRANCISCO TAMAGNO,CALLE,FELIPE VILLANUEVA,101,NA,NA,NA,0,NA,COLONIA,PERALVILLO,NA,NA,NA,06220,09,Ciudad de México,015,Cuauhtémoc,0001,Cuauhtémoc,0023,001,5587584408,NA,NA,Fijo,19.46208909,-99.13355401,2010-07
1030731,09015722219026742001000000U9,RESTAURANTE EL CHIVERIO,NA,722511,Restaurantes con servicio de preparación de alimentos a la carta o de comida corrida,6 a 10 personas,CALLE,TOLSA,CALLE,ENRICO MARTINEZ,AVENIDA,CHAPULTEPEC,AVENIDA,CHAPULTEPEC,20,NA,NA,NA,0,NA,COLONIA,CENTRO,NA,NA,NA,06020,09,Ciudad de México,015,Cuauhtémoc,0001,Cuauhtémoc,0860,011,NA,ELCHIVERIO@LIVE.COM,NA,Fijo,19.42726302,-99.15020292,2010-07
875858,09015722219022701000000000U9,RESTAURANTE EL CHIVITO,NA,722511,Restaurantes con servicio de preparación de alimentos a la carta o de comida corrida,0 a 5 personas,CALLE,BOLIVAR,CALLE,FRANCISCO OLAGUIBEL,CALLE,JOSE MARIA ROA BARCENAS,CALLE,ISABEL LA CATOLICA,376,B,NA,NA,0,C,COLONIA,OBRERA,NA,NA,NA,06800,09,Ciudad de México,015,Cuauhtémoc,0001,Cuauhtémoc,1252,003,5513584837,NA,NA,Fijo,19.41149408,-99.14156025,2010-07
1025302,09015722219024202000000000U6,RESTAURANTE EL COCINERO,NA,722511,Restaurantes con servicio de preparación de alimentos a la carta o de comida corrida,0 a 5 personas,CALLE,RIO LERMA,AVENIDA,RIO RHIN,CALLE,RIO AMAZONAS,AVENIDA,PASEO DE LA REFORMA,46,A,NA,NA,0,NA,COLONIA,CUAUHTEMOC,NA,NA,NA,06500,09,Ciudad de México,015,Cuauhtémoc,0001,Cuauhtémoc,0837,003,5545865638,COCINERO_1@HOTMAIL.COM,NA,Fijo,19.43064503,-99.16410874,2010-07
9802360,09015722511017702000000000U4,RESTAURANTE EL COLIBRI,NA,722511,Restaurantes con servicio de preparación de alimentos a la carta o de comida corrida,6 a 10 personas,CALLE,DEGOLLADO,CALLE,SOTO,CALLE,ZARCO,CALLE,CAMELIA,125,NA,NA,NA,NA,NA,COLONIA,GUERRERO,NA,NA,NA,06300,09,Ciudad de México,015,Cuauhtémoc,0001,Cuauhtémoc,056A,009,NA,NA,NA,Fijo,19.44565811,-99.14441047,2024-11
1030806,09015722110002523000000000U2,RESTAURANTE EL COMEDOR,NA,722511,Restaurantes con servicio de preparación de alimentos a la carta o de comida corrida,0 a 5 personas,CALLE,DOCTOR AGUSTIN ANDRADE,AVENIDA,ARCOS DE BELEN,AVENIDA,DOCTOR RIO DE LA LOZA,AVENIDA,DOCTOR JOSE MARIA VERTIZ,15,NA,NA,NA,NA,C,COLONIA,CENTRO,NA,NA,NA,06010,09,Ciudad de México,015,Cuauhtémoc,0001,Cuauhtémoc,0875,017,5621836900,NA,NA,Fijo,19.42592439,-99.14461502,2010-07
11669875,09015722511018351000000000U9,RESTAURANTE EL COMEDOR,NA,722511,Restaurantes con servicio de preparación de alimentos a la carta o de comida corrida,0 a 5 personas,AVENIDA,DOCTOR RIO DE LA LOZA,AVENIDA,DOCTOR JOSE MARIA VERTIZ,CALLE,GENERAL GABRIEL HERNANDEZ,AVENIDA,ARCOS DE BELEN,115,NA,NA,NA,NA,NA,COLONIA,DOTORES,NA,NA,NA,06720,09,Ciudad de México,015,Cuauhtémoc,0001,Cuauhtémoc,0875,018,NA,NA,NA,Fijo,19.42533526,-99.1464799,2024-11
11576059,09015722511019813000000000U7,RESTAURANTE EL CUATRO 20,HATOC RESTAURADORES SA DE CV,722511,Restaurantes con servicio de preparación de alimentos a la carta o de comida corrida,11 a 30 personas,CALLE,ISABEL LA CATOLICA,CALLE,5 DE MAYO,CALLE,TACUBA,CALLE,MOTOLINIA,10,NA,NA,NA,NA,NA,COLONIA,TACUBA,NA,NA,NA,06010,09,Ciudad de México,015,Cuauhtémoc,0001,Cuauhtémoc,0767,010,NA,ELCUATRO20FACTURA@GMAIL.COM,NA,Fijo,19.43489702,-99.13606814,2024-11
6418097,09015722511008111001045646S9,RESTAURANTE EL CUDILLERO,RESTAURANTES GROGI SA DE CV,722511,Restaurantes con servicio de preparación de alimentos a la carta o de comida corrida,11 a 30 personas,CALLE,MANZANILLO,CALLE,AGUASCALIENTES,CALLE,NAYARIT,EJE VIAL,3 PONIENTE (MEDELLIN),64,NA,NA,NA,NA,NA,COLONIA,ROMA SUR,NA,NA,NA,06760,09,Ciudad de México,015,Cuauhtémoc,0001,Cuauhtémoc,1356,003,5543475506,CARM.GAONA.1983@GMAIL.COM,NA,Fijo,19.40902967,-99.16552522,2014-12
631809,09015722511006094001000000U9,RESTAURANTE EL DIEZ REFORMA,EL DIEZ REFORMA SA,722511,Restaurantes con servicio de preparación de alimentos a la carta o de comida corrida,11 a 30 personas,AVENIDA,PASEO DE LA REFORMA,CALLE,PARÍS,CALLE,IGNACIO RAMÍREZ,CALLE,MADRID,107,NA,NA,NA,NA,NA,COLONIA,TABACALERA,NA,NA,NA,06030,09,Ciudad de México,015,Cuauhtémoc,0001,Cuauhtémoc,0729,003,NA,ADMON.REFORMA@ELDIEZ.COM.MX,NA,Fijo,19.43247351,-99.15652,2010-07
984458,09015722412000421000000000U1,RESTAURANTE EL DORADO,NA,722412,"Bares, cantinas y similares",6 a 10 personas,EJE VIAL,CENTRAL LAZARO CARDENAS,CALLE,MAGNOLIA,CALLE,PEDRO MORENO,CALLE,RIVA PALACIO,72,NA,NA,NA,0,B,COLONIA,GUERRERO,NA,NA,NA,06300,09,Ciudad de México,015,Cuauhtémoc,0001,Cuauhtémoc,063A,017,NA,NA,NA,Fijo,19.44182029,-99.13988769,2010-07
1044069,09015722219010041000000000U4,RESTAURANTE EL ENCANTO,NA,722511,Restaurantes con servicio de preparación de alimentos a la carta o de comida corrida,0 a 5 personas,AVENIDA,FRAY SERVANDO TERESA DE MIER,CALLE,SAN LUCAS,CALLE,SAN MIGUEL,CALLE,CERRADA NEZAHUALCOYOTL,232,D,NA,NA,NA,NA,COLONIA,CENTRO,NA,NA,NA,06010,09,Ciudad de México,015,Cuauhtémoc,0001,Cuauhtémoc,0979,011,5562144402,NA,NA,Fijo,19.42385012,-99.13239337,2010-07
984426,09015722518002721011000000U6,RESTAURANTE EL FOGON DE LA ARRACHERA,NA,722511,Restaurantes con servicio de preparación de alimentos a la carta o de comida corrida,6 a 10 personas,CALLE,MINA,CALLE,SOTO,CALLE,ZARCO,CALLE,VIOLETA,93,NA,NA,NA,0,NA,COLONIA,GUERRERO,NA,NA,NA,06300,09,Ciudad de México,015,Cuauhtémoc,0001,Cuauhtémoc,0625,006,NA,NA,NA,Fijo,19.439442,-99.14503674,2010-07
1016817,09015722219029112001000000U2,RESTAURANTE EL FORTIN,NA,722511,Restaurantes con servicio de preparación de alimentos a la carta o de comida corrida,6 a 10 personas,CALLE,JOSE MARIA IGLESIAS,AVENIDA,MEXICO-TENOCHTITLAN,CALLE,IGNACIO MARISCAL,CALLE,PONCIANO ARRIAGA,26,C,NA,NA,NA,NA,COLONIA,TABACALERA,NA,NA,NA,06030,09,Ciudad de México,015,Cuauhtémoc,0001,Cuauhtémoc,070A,012,5555350702,SOPMAT@HOTMAIL.COM,NA,Fijo,19.43846131,-99.15492727,2010-07
11001677,09015722511019434000000000U2,RESTAURANTE EL GALERO,GRUPO HOTELERO SA DE CV,722511,Restaurantes con servicio de preparación de alimentos a la carta o de comida corrida,31 a 50 personas,CALLE,AMBERES,CALLE,LONDRES,CALLE,LIVERPOOL,CALLE,GENOVA,64,NA,NA,NA,54,NA,COLONIA,ZONA ROSA,NA,NA,NA,06600,09,Ciudad de México,015,Cuauhtémoc,0001,Cuauhtémoc,095A,001,NA,NA,NA,Fijo,19.42442774,-99.16463252,2024-11
890207,09015722518002041011000000U9,RESTAURANTE EL GALLO DE ORO,NA,722511,Restaurantes con servicio de preparación de alimentos a la carta o de comida corrida,6 a 10 personas,CALLE,INDEPENDENCIA,CALLE,AZUETA,AVENIDA,BALDERAS,AVENIDA,JUAREZ,95,NA,NA,NA,95,NA,COLONIA,CENTRO,NA,NA,NA,06010,09,Ciudad de México,015,Cuauhtémoc,0001,Cuauhtémoc,0748,026,NA,NA,NA,Fijo,19.43375288,-99.14692424,2014-12
10320842,09015722511020892000000000U8,RESTAURANTE EL GUERO,NA,722511,Restaurantes con servicio de preparación de alimentos a la carta o de comida corrida,6 a 10 personas,AVENIDA,DOCTOR JOSE MARIA VERTIZ,CALLE,DOCTOR C. LICEAGA,CALLE,DOCTOR PASCUA,CALLE,DOCTOR AGUSTIN ANDRADE,71,A1,NA,NA,NA,NA,COLONIA,DOCTORES,NA,NA,NA,06720,09,Ciudad de México,015,Cuauhtémoc,0001,Cuauhtémoc,1036,001,5592359029,NA,NA,Fijo,19.42208741,-99.1468444,2024-11
894203,09015722511007452000000000U8,RESTAURANTE EL HABITAT,NA,722511,Restaurantes con servicio de preparación de alimentos a la carta o de comida corrida,6 a 10 personas,CALLE,PLAZA MELCHOR OCAMPO,CALLE,RIO NAZAS,CALLE,RIO PANUCO,CALLE,RIO GANGES,28,A,NA,NA,NA,NA,COLONIA,CUAHUTEMOC,NA,NA,NA,06500,09,Ciudad de México,015,Cuauhtémoc,0001,Cuauhtémoc,0926,001,5574966717,NA,NA,Fijo,19.42881536,-99.17308734,2014-12
9785797,09015722511023112000000000U8,RESTAURANTE EL INICIO,NA,722511,Restaurantes con servicio de preparación de alimentos a la carta o de comida corrida,6 a 10 personas,AVENIDA,ALVARO OBREGON,CALLE,CORDOBA,CALLE,MERIDA,CALLE,TABASCO,62,NA,MERIDA,PLANTA BAJA,109,NA,COLONIA,ROMA NORTE,NA,NA,NA,06700,09,Ciudad de México,015,Cuauhtémoc,0001,Cuauhtémoc,1017,028,NA,NA,NA,Fijo,19.41881424,-99.1575728,2024-11
896297,09015722110005824000000000U1,RESTAURANTE EL JAPONES,GASTRONOMICA MILAGROS SA DE CV,722511,Restaurantes con servicio de preparación de alimentos a la carta o de comida corrida,31 a 50 personas,AVENIDA,TAMAULIPAS,AVENIDA,CAMPECHE,CALLE,VICENTE SUAREZ,CALLE,ATLIXCO,109,B,NA,NA,0,NA,COLONIA,CONDESA,NA,NA,NA,06170,09,Ciudad de México,015,Cuauhtémoc,0001,Cuauhtémoc,1318,012,NA,NA,NA,Fijo,19.41029875,-99.17516354,2010-07
9849217,09015722511023621000000000U8,RESTAURANTE EL JORDAN,NA,722511,Restaurantes con servicio de preparación de alimentos a la carta o de comida corrida,0 a 5 personas,CALLE,VIOLETA,CALLE,ZARAGOZA,EJE VIAL,1 PONIENTE (GUERRERO),CALLE,PEDRO MORENO,82,NA,NA,NA,NA,NA,COLONIA,GUERRERO,NA,NA,NA,06300,09,Ciudad de México,015,Cuauhtémoc,0001,Cuauhtémoc,0610,001,5632372247,NA,NA,Fijo,19.44171933,-99.14840971,2024-11
8528953,09015722518006371000000000U6,RESTAURANTE EL LAUREL,NA,722511,Restaurantes con servicio de preparación de alimentos a la carta o de comida corrida,0 a 5 personas,EJE VIAL,1 NORTE IGNACIO LOPEZ RAYON,CALLE,REPUBLICA DE BRASIL,PEATONAL,ECUADOR,CALLE,REPUBLICA DE ECUADOR,113,B,NA,NA,0,NA,COLONIA,COLONIA CENTRO,NA,NA,NA,06010,09,Ciudad de México,015,Cuauhtémoc,0001,Cuauhtémoc,0540,010,5538884767,NA,NA,Fijo,19.44320102,-99.13190976,2019-11
7743826,09015722511012252000000000U5,RESTAURANTE EL MESON DEL GENERAL,NA,722511,Restaurantes con servicio de preparación de alimentos a la carta o de comida corrida,6 a 10 personas,CALLE,PARIS,CALLE,MADRID,CALLE,MAESTRO ANTONIO CASO,CALLE,MADRID,10,B,NA,NA,0,NA,COLONIA,TABACALERA,NA,NA,NA,06030,09,Ciudad de México,015,Cuauhtémoc,0001,Cuauhtémoc,070A,013,NA,ELMESONDELGRAL@GMAIL.COM,NA,Fijo,19.43396828,-99.15771578,2019-11
11477146,09015722511023962000000000U6,RESTAURANTE EL MEXICANITO,NA,722511,Restaurantes con servicio de preparación de alimentos a la carta o de comida corrida,6 a 10 personas,CALLE,MEDELLIN,AVENIDA,ALVARO OBREGON,AVENIDA,INSURGENTES SUR,AVENIDA,INSURGENTES SUR,0,SN,NA,NA,NA,NA,COLONIA,HIPODROMO CONDESA,NA,NA,NA,06700,09,Ciudad de México,015,Cuauhtémoc,0001,Cuauhtémoc,120A,015,NA,NA,NA,Fijo,19.41675311,-99.16574112,2024-11
1015491,09015722511004601001000000U3,RESTAURANTE EL MIXTECO,NA,722511,Restaurantes con servicio de preparación de alimentos a la carta o de comida corrida,0 a 5 personas,CALLE,LOTERIA NACIONAL,CALLE,TOMAS ALVA EDISON,CALLE,CALLE DE LA REPUBLICA,CALLE,JESUS DE TERAN,1,NA,NA,NA,0,A,COLONIA,TABACALERA,NA,NA,NA,06030,09,Ciudad de México,015,Cuauhtémoc,0001,Cuauhtémoc,0714,013,5579790487,NA,NA,Fijo,19.43630819,-99.15036225,2010-07
9115844,09015722511015591000000000U3,RESTAURANTE EL NARANJO,NA,722511,Restaurantes con servicio de preparación de alimentos a la carta o de comida corrida,0 a 5 personas,AVENIDA,NIÑOS HEROES,CALLE,DOCTOR ILDELFONSO VELASCO,CALLE,DOCTOR J. NAVARRO,CALLE,DOCTOR RAFAEL LUCIO,161,NA,NA,NA,0,NA,COLONIA,DOCTORES,NA,NA,NA,06720,09,Ciudad de México,015,Cuauhtémoc,0001,Cuauhtémoc,1549,044,NA,NA,NA,Fijo,19.41960932,-99.15043857,2019-11
1040485,09015722219011801000000000U7,RESTAURANTE EL NUEVO TEHUACAN,NA,722511,Restaurantes con servicio de preparación de alimentos a la carta o de comida corrida,0 a 5 personas,CALLE,MILAN,CALLE,LUCERNA,CALLE,ROMA,CALLE,VIENA,35,NA,NA,NA,0,NA,COLONIA,JUAREZ,NA,NA,NA,06600,09,Ciudad de México,015,Cuauhtémoc,0001,Cuauhtémoc,0856,015,NA,NA,NA,Fijo,19.43000567,-99.15689362,2010-07
8337460,09015722511010121000000000S4,RESTAURANTE EL OAXAQUITO,NA,722511,Restaurantes con servicio de preparación de alimentos a la carta o de comida corrida,6 a 10 personas,CALLE,INDEPENDENCIA,CALLE,SANTOS DEGOLLADO,CALLE,LUIS MOYA,CALLE,ARTICULO 123,40,NA,GASTRONOMICA INDEPENDENCIA,PLANTA BAJA,NA,L 202,COLONIA,CENTRO,EDIFICIO COMERCIAL Y DE SERVICIOS,GASTRONOMICA INDEPENDENCIA,202,06050,09,Ciudad de México,015,Cuauhtémoc,0001,Cuauhtémoc,0748,001,5559259680,OXAQUITOMX@GMAIL.COM,WWW.OXAQUITO.COM,Fijo,19.43323644,-99.14439386,2019-11
8337177,09015722511010012000000000U5,RESTAURANTE EL OSO,NA,722511,Restaurantes con servicio de preparación de alimentos a la carta o de comida corrida,6 a 10 personas,CALLE,ARTICULO 123,EJE VIAL,1 PONIENTE (AVENIDA BUCARELI),CALLE,ITURBIDE,AVENIDA,JUAREZ,125,NA,NA,NA,123,B,COLONIA,CUAUHTEMOC,NA,NA,NA,06050,09,Ciudad de México,015,Cuauhtémoc,0001,Cuauhtémoc,0733,009,NA,MIGELSHARR@HOTMAIL.COM,NA,Fijo,19.43322321,-99.14973322,2019-11
9650928,09015722511019861000000000U6,RESTAURANTE EL PADRINO,NA,722511,Restaurantes con servicio de preparación de alimentos a la carta o de comida corrida,0 a 5 personas,CALLE,DOCTOR MIGUEL FRANCISCO JIMENEZ,CALLE,DOCTOR C. LICEAGA,CALLE,DOCTOR LAVISTA,AVENIDA,NIÑOS HEROES,41,A,NA,NA,NA,NA,COLONIA,DOCTORES,NA,NA,NA,06720,09,Ciudad de México,015,Cuauhtémoc,0001,Cuauhtémoc,1534,009,5528582787,NA,NA,Fijo,19.42236786,-99.14829238,2024-11
1029440,09015722412002853001000000U3,RESTAURANTE EL PECADO DE NOE,EL PECADO DE NOE SA DE CV,722412,"Bares, cantinas y similares",0 a 5 personas,AVENIDA,OAXACA,CALLE,VALLADOLID,AVENIDA,PLAZA VILLA MADRID,CALLE,DURANGO,69,NA,NA,NA,0,NA,COLONIA,ROMA NORTE,NA,NA,NA,06700,09,Ciudad de México,015,Cuauhtémoc,0001,Cuauhtémoc,1093,007,5555148817,NA,NA,Fijo,19.41937602,-99.16696745,2010-07
8152836,09015722511010432000000000U5,RESTAURANTE EL RECREO,NA,722511,Restaurantes con servicio de preparación de alimentos a la carta o de comida corrida,6 a 10 personas,CALLE,JAIME TORRES BODET,CALLE,AMADO NERVO,AVENIDA,RIBERA DE SAN COSME,CALLE,SANTA MARIA LA RIBERA,13,NA,PASAJE 22,PLANTA BAJA,11,NA,COLONIA,SANTA MARIALA RIBERA,PASAJE Y ANDADOR COMERCIAL,PASAJE 22,13,06400,09,Ciudad de México,015,Cuauhtémoc,0001,Cuauhtémoc,0606,012,NA,NA,NA,Fijo,19.44247127,-99.15912391,2019-11
9106530,09015722511015473000000000U4,RESTAURANTE EL REFUGIO,NA,722511,Restaurantes con servicio de preparación de alimentos a la carta o de comida corrida,0 a 5 personas,CALLE,DOCTOR AGUSTIN ANDRADE,CALLE,DOCTOR RUIZ,AVENIDA,DOCTOR RIO DE LA LOZA,CALLE,DOCTOR VALENZUELA,30,NA,NA,NA,0,NA,COLONIA,DOCTORES,NA,NA,NA,06720,09,Ciudad de México,015,Cuauhtémoc,0001,Cuauhtémoc,1036,020,5555786366,NA,NA,Fijo,19.42426043,-99.1448542,2019-11
892125,09015722518004493010000000U0,RESTAURANTE EL RELOJ,NA,722511,Restaurantes con servicio de preparación de alimentos a la carta o de comida corrida,11 a 30 personas,CALLE,REGINA,CALLE,5 DE FEBRERO,CALLE,20 DE NOVIEMBRE,CALLE,MESONES,72,B,NA,NA,0,NA,CONDOMINIO,REGINA 64,NA,NA,NA,06090,09,Ciudad de México,015,Cuauhtémoc,0001,Cuauhtémoc,0894,002,NA,NA,NA,Fijo,19.42757235,-99.13449347,2014-12
1024002,09015722110004513000000000U1,RESTAURANTE EL REY DEL PAVO,NA,722511,Restaurantes con servicio de preparación de alimentos a la carta o de comida corrida,6 a 10 personas,CALLE,PALMA,CALLE,FRANCISCO I. MADERO,CALLE,16 DE SEPTIEMBRE,CALLE,PLAZA DE LA CONSTITUCION,32,NA,EDIFICIO MONTAÑES,PLANTA BAJA,0,B,COLONIA,CENTRO,EDIFICIO COMERCIAL Y DE SERVICIOS,EDIFICIO MONTAÑES,B,06000,09,Ciudad de México,015,Cuauhtémoc,0001,Cuauhtémoc,0771,005,5555182810,CARLISMORENO@HOTMAIL.COM,WWW.REYDELPAVO.COM.MX,Fijo,19.43246111,-99.13524362,2010-07
7733316,09015722511011342000000000U5,RESTAURANTE EL RINCON GOURMET,NA,722511,Restaurantes con servicio de preparación de alimentos a la carta o de comida corrida,6 a 10 personas,CALLE,PACHUCA,EJE VIAL,2 SUR (JUAN ESCUTIA),CALLE,FERNANDO MONTES DE OCA,CALLE,ZAMORA,87,NA,NA,NA,NA,NA,COLONIA,CONDESA,NA,NA,NA,06140,09,Ciudad de México,015,Cuauhtémoc,0001,Cuauhtémoc,1178,007,NA,GRUPOMAJOSA120314@ICLOUD.COM,NA,Fijo,19.41548659,-99.17759879,2019-11
1024276,09015722511006263000000000U0,RESTAURANTE EL SAZON 1,NA,722511,Restaurantes con servicio de preparación de alimentos a la carta o de comida corrida,11 a 30 personas,CALLE,REPUBLICA DE URUGUAY,CALLE,20 DE NOVIEMBRE,AVENIDA,JOSE MARIA PINO SUAREZ,CALLE,VENUSTIANO CARRANZA,100,NA,NA,NA,1,NA,COLONIA,CENTRO,NA,NA,NA,06000,09,Ciudad de México,015,Cuauhtémoc,0001,Cuauhtémoc,0818,016,5524549684,NA,NA,Fijo,19.4300447,-99.13324687,2010-07
992019,09015722219032192001000000U9,RESTAURANTE EL SAZON 2,NA,722511,Restaurantes con servicio de preparación de alimentos a la carta o de comida corrida,11 a 30 personas,CALLE,ARTICULO 123,CALLE,LOPEZ,EJE VIAL,CENTRAL (LAZARO CARDENAS),CALLE,VICTORIA,10,A,NA,NA,0,NA,COLONIA,CALLE ARTICULO 23,NA,NA,NA,06050,09,Ciudad de México,015,Cuauhtémoc,0001,Cuauhtémoc,0748,015,5543982059,OCDI19@YAHOO.COM.MX,NA,Fijo,19.43194725,-99.14140252,2010-07
1017568,09015722219029652000000000U7,RESTAURANTE EL SOL,NA,722511,Restaurantes con servicio de preparación de alimentos a la carta o de comida corrida,0 a 5 personas,CALLE,VALENTIN GOMEZ FARIAS,CALLE,SERAPIO RENDON,CALLE,SADI CARNOT,CALLE,TOMAS ALVA EDISON,67,NA,NA,NA,0,NA,COLONIA,SAN RAFAEL,NA,NA,NA,06470,09,Ciudad de México,015,Cuauhtémoc,0001,Cuauhtémoc,0697,001,NA,BANQUETESELSOL@PRODIGY.NET.MX,WWW.RESTAURANTEBARELSOL.COM,Fijo,19.43799304,-99.15904599,2010-07
855693,09015722212012301000000000U5,RESTAURANTE EL SOL JAROCHO,NA,722511,Restaurantes con servicio de preparación de alimentos a la carta o de comida corrida,0 a 5 personas,OTRO(ESPECIFIQUE),MANZANA O EDIFICACION CONTIGUA,PEATONAL,NINGUNO,OTRO(ESPECIFIQUE),MANZANA O EDIFICACION CONTIGUA,OTRO(ESPECIFIQUE),MANZANA O EDIFICACION CONTIGUA,314,14,NA,NA,14,NA,UNIDAD HABITACIONAL,NONOALCO TLATELOLCO,NA,NA,NA,06900,09,Ciudad de México,015,Cuauhtémoc,0001,Cuauhtémoc,0269,002,5577193622,NA,NA,Fijo,19.45434283,-99.1412579,2010-07
956008,09015722110003493001000000U7,RESTAURANTE EL TAPANCO,NA,722511,Restaurantes con servicio de preparación de alimentos a la carta o de comida corrida,0 a 5 personas,CALLE,DOCTOR ILDELFONSO VELASCO,CALLE,DOCTOR MIGUEL FRANCISCO JIMENEZ,AVENIDA,NIÑOS HEROES,CALLE,DOCTOR IGNACIO ERAZO,168,NA,NA,NA,18,NA,COLONIA,DOCTORES,NA,NA,NA,06720,09,Ciudad de México,015,Cuauhtémoc,0001,Cuauhtémoc,1125,018,5557614832,NA,NA,Fijo,19.41934904,-99.15010066,2010-07
8484572,09015722511014083000000000U2,RESTAURANTE EL TIMON DE CORTES,NA,722511,Restaurantes con servicio de preparación de alimentos a la carta o de comida corrida,11 a 30 personas,CALLE,DOCTOR ENRIQUE GONZALEZ MARTINEZ,AVENIDA,RIBERA DE SAN COSME,CALLE,MANUEL OROZCO Y BERRA,AVENIDA,INSURGENTES NORTE,7,NA,NA,NA,0,NA,COLONIA,SANTA MARIA LA RIBERA,NA,NA,NA,06400,09,Ciudad de México,015,Cuauhtémoc,0001,Cuauhtémoc,0606,011,5527324724,NA,NA,Fijo,19.441163800000002,-99.15652855,2019-11
9219942,09015722511016182000000000U0,RESTAURANTE EL TRECE,NA,722511,Restaurantes con servicio de preparación de alimentos a la carta o de comida corrida,0 a 5 personas,CALLE,RIO GUADIANA,CALLE,RIO LERMA,AVENIDA,PASEO DE LA REFORMA,CALLE,RIO NEVA,18,NA,NA,NA,0,A B,COLONIA,CUAUHTEMOC,NA,NA,NA,06500,09,Ciudad de México,015,Cuauhtémoc,0001,Cuauhtémoc,0837,002,NA,ELTRECE.GUADIANA18@GMAIL.COM,NA,Fijo,19.43035849,-99.16248539,2019-11
1016941,09015722219007841000000000U2,RESTAURANTE EL TULE,NA,722511,Restaurantes con servicio de preparación de alimentos a la carta o de comida corrida,11 a 30 personas,CALLE,AVENIDA DE LA REPUBLICA,CALLE,JOSE MARIA IGLESIAS,CALLE,AVENIDA DE LA REPUBLICA,CALLE,JOSE MARIA IGLESIAS,55,NA,NA,NA,1,A,COLONIA,TABACALERA,NA,NA,NA,06030,09,Ciudad de México,015,Cuauhtémoc,0001,Cuauhtémoc,070A,001,5555353295,CONTACTO@ELTULERESTSAURANTE.COM,WWW.ELTULERESTAURANTE.COM,Fijo,19.43662537,-99.15565887,2010-07
1030653,09015722219005991000000000U7,RESTAURANTE EL VALLE,NA,722511,Restaurantes con servicio de preparación de alimentos a la carta o de comida corrida,0 a 5 personas,AVENIDA,ARCOS DE BELEN,CALLE,REVILLAGIGEDO,CALLE,LUIS MOYA,CALLE,MARQUEZ STERLING,63,NA,NA,NA,NA,NA,COLONIA,CENTRO,NA,NA,NA,06010,09,Ciudad de México,015,Cuauhtémoc,0001,Cuauhtémoc,0875,005,NA,NA,NA,Fijo,19.42733028,-99.14649536,2010-07
1017340,09015722219028892000000000U0,RESTAURANTE EL ZAGUAN,NA,722511,Restaurantes con servicio de preparación de alimentos a la carta o de comida corrida,0 a 5 personas,CALLE,BOLIVAR,CALLE,MESONES,CALLE,REPUBLICA DEL SALVADOR,CALLE,ALDACO,77,B,NA,NA,NA,NA,COLONIA,CENTRO,NA,NA,NA,06080,09,Ciudad de México,015,Cuauhtémoc,0001,Cuauhtémoc,088A,010,NA,CRULABRILNABMI@GMAIL.COM,NA,Fijo,19.42934303,-99.13900058,2010-07
956589,09015722515003621011000000U3,RESTAURANTE ESQUINA DE BUENOS AIRES,NA,722511,Restaurantes con servicio de preparación de alimentos a la carta o de comida corrida,6 a 10 personas,CALLE,QUINTANA ROO,EJE VIAL,3 PONIENTE (MEDELLIN),EJE VIAL,3 SUR (AVENIDA BAJA CALIFORNIA),CALLE,QUINTANA ROO,1,NA,NA,NA,NA,B C D,COLONIA,ROMA SUR,NA,NA,NA,06760,09,Ciudad de México,015,Cuauhtémoc,0001,Cuauhtémoc,1464,015,5550726262,ESQUINADEBUENOSAIRES@HOTMAIL.COM,NA,Fijo,19.40591533,-99.16282676,2010-07
9431143,09015722511016934000000000U4,RESTAURANTE FILIGRANA,MAS ARTE MAS SABOR SAPI DE CV,722511,Restaurantes con servicio de preparación de alimentos a la carta o de comida corrida,31 a 50 personas,AVENIDA,VERACRUZ,CALLE,DURANGO,CALLE,ACAPULCO,AVENIDA,VERACRUZ,62,NA,NA,NA,NA,NA,COLONIA,ROMA NORTE,NA,NA,NA,06700,09,Ciudad de México,015,Cuauhtémoc,0001,Cuauhtémoc,1182,007,NA,NA,WWW.FILIGRANA.COM.MX,Fijo,19.41745481,-99.17394821,2023-11
9006450,09015722511015223000000000U3,RESTAURANTE FLOR DE CAFE,CENTRAL CAMPESINA INDEPENDIENTE AC,722511,Restaurantes con servicio de preparación de alimentos a la carta o de comida corrida,0 a 5 personas,CALLE,DOCTOR ENRIQUE GONZALEZ MARTINEZ,EJE VIAL,1 NORTE (JOSE ANTONIO ALZATE),PRIVADA,MARTINEZ,CALLE,DOCTOR MARIANO AZUELA,101,NA,NA,NA,NA,NA,COLONIA,SANTA MARIA LA RIBERA,NA,NA,NA,06400,09,Ciudad de México,015,Cuauhtémoc,0001,Cuauhtémoc,0485,018,NA,NA,NA,Fijo,19.44621168,-99.15556419,2019-11
863158,09015722219013541001000000U0,RESTAURANTE FLORES DE LA CONDESA,NA,722511,Restaurantes con servicio de preparación de alimentos a la carta o de comida corrida,6 a 10 personas,EJE VIAL,3 SUR AVENIDA BAJA CALIFORNIA,CALLE,VILLAHERMOSA,CALLE,CULIACAN,CALLE,QUINTANA ROO,266,A,NA,NA,1,NA,COLONIA,HIPODROMO,NA,NA,NA,06100,09,Ciudad de México,015,Cuauhtémoc,0001,Cuauhtémoc,1430,006,NA,NA,NA,Fijo,19.40567765,-99.17054854,2010-07
958643,09015722212016271010000000U6,RESTAURANTE FONDA ECONOMICA COCINA OAXACA,NA,722511,Restaurantes con servicio de preparación de alimentos a la carta o de comida corrida,0 a 5 personas,CALLE,TOLUCA,CALLE,IXTLAN,EJE VIAL,3 SUR (AVENIDA BAJA CALIFORNIA),CALLE,URES,31,NA,NA,NA,0,SN,COLONIA,ROMA SUR,NA,NA,NA,06760,09,Ciudad de México,015,Cuauhtémoc,0001,Cuauhtémoc,1479,009,5534888535,NA,NA,Fijo,19.40658339,-99.15686752,2010-07
10892919,09015722511022923000000000U9,RESTAURANTE FONDA FINA,FONDA FINA SA DE CV,722511,Restaurantes con servicio de preparación de alimentos a la carta o de comida corrida,11 a 30 personas,CALLE,MEDELLIN,CALLE,COLIMA,CALLE,TABASCO,CALLE,VALLADOLID,79,NA,NA,NA,52,NA,COLONIA,ROMA NORTE,NA,NA,NA,06700,09,Ciudad de México,015,Cuauhtémoc,0001,Cuauhtémoc,1093,002,NA,NA,NA,Fijo,19.41811316,-99.16623538,2024-11
6258331,09015722110006004001000000U9,RESTAURANTE FONDA GARUFA,GASTRONOMICA TRADICIONAL GARUFA SA DE CV,722511,Restaurantes con servicio de preparación de alimentos a la carta o de comida corrida,11 a 30 personas,CALLE,ATLIXCO,AVENIDA,MICHOACAN,CALLE,FERNANDO MONTES DE OCA,CALLE,PARRAL,94,NA,NA,NA,0,NA,COLONIA,BUFFALO LUCAS,NA,NA,NA,06170,09,Ciudad de México,015,Cuauhtémoc,0001,Cuauhtémoc,1318,010,NA,NA,NA,Fijo,19.41164169,-99.17504194,2010-07
11835406,09015722511024631000000000U6,RESTAURANTE FRIDA K,NA,722511,Restaurantes con servicio de preparación de alimentos a la carta o de comida corrida,0 a 5 personas,CALLE,Monte de Piedad,CALLE,5 de Mayo,CALLE,Francisco I. Madero,CALLE,Palma,13,NA,MERCADO CENTRO,PISO 5,550,NA,MANZANA,CENTRO,EDIFICIO COMERCIAL Y DE SERVICIOS,MERCADO CENTRO,SN,06000,09,Ciudad de México,015,Cuauhtémoc,0001,Cuauhtémoc,0771,006,5587811716,BLANCAATZIRI31@GMAIL.COM,NA,Fijo,19.43368134,-99.13410999,2025-04
9431024,09015722511016974000000000U0,RESTAURANTE GIN GIN,OPERADORA DEL PARQUE 171 SAPI DE CV,722511,Restaurantes con servicio de preparación de alimentos a la carta o de comida corrida,11 a 30 personas,CALLE,CORDOBA,AVENIDA,ALVARO OBREGON,CALLE,CHIHUAHUA,CALLE,ORIZABA,107,NA,NA,NA,0,NA,COLONIA,ROMA NORTE,NA,NA,NA,06700,09,Ciudad de México,015,Cuauhtémoc,0001,Cuauhtémoc,1110,023,NA,NA,NA,Fijo,19.41825965,-99.15854064,2023-11
890205,09015722511003162000000000U7,RESTAURANTE GLORIA,NA,722511,Restaurantes con servicio de preparación de alimentos a la carta o de comida corrida,11 a 30 personas,CALLE,AZUETA,AVENIDA,JUAREZ,CALLE,INDEPENDENCIA,AVENIDA,BALDERAS,27,A,NA,NA,0,NA,COLONIA,CENTRO,NA,NA,NA,06010,09,Ciudad de México,015,Cuauhtémoc,0001,Cuauhtémoc,0748,026,5576692173,GLORIA.RESTAURANTE@MAIL.COM,NA,Fijo,19.43405633,-99.14675979,2014-12
8326548,09015722511012693000000000U0,RESTAURANTE GLOSANU,GLOSANU SA DE CV,722511,Restaurantes con servicio de preparación de alimentos a la carta o de comida corrida,0 a 5 personas,CALLE,FRONTERA,CALLE,TABASCO,AVENIDA,ALVARO OBREGON,CALLE,MERIDA,115,NA,NA,NA,0,NA,COLONIA,JUAREZ,NA,NA,NA,06700,09,Ciudad de México,015,Cuauhtémoc,0001,Cuauhtémoc,1017,027,NA,NA,NA,Fijo,19.41956167,-99.15604439,2019-11
877314,09015722511004792000000000U0,RESTAURANTE GOURMET RINCONCINTO MEXICANO,CONFEDERACION NACIONAL CAMPESINA SA DE CV,722511,Restaurantes con servicio de preparación de alimentos a la carta o de comida corrida,6 a 10 personas,CALLE,DOCTOR MARIANO AZUELA,CALLE,SALVADOR DIAZ MIRON,EJE VIAL,1 NORTE (JOSE ANTONIO ALZATE),AVENIDA,INSURGENTES NORTE,121,NA,NA,NA,NA,NA,COLONIA,SANTA MARIA LA RIBERA,NA,NA,NA,06400,09,Ciudad de México,015,Cuauhtémoc,0001,Cuauhtémoc,0485,014,NA,NA,NA,Fijo,19.44682266,-99.15433681,2010-07
11012553,09015722511022532000000000U8,RESTAURANTE GRIS,NA,722511,Restaurantes con servicio de preparación de alimentos a la carta o de comida corrida,6 a 10 personas,ANDADOR,MANZANA O EDIFICACION CONTIGUA,PEATONAL,NINGUNO,PEATONAL,NINGUNO,ANDADOR,MANZANA O EDIFICACION CONTIGUA,304,NA,NA,NA,9,NA,UNIDAD HABITACIONAL,NONOALCO TLTELOLCO,NA,NA,NA,06900,09,Ciudad de México,015,Cuauhtémoc,0001,Cuauhtémoc,0269,001,5518134973,NA,NA,Fijo,19.45459345,-99.14157694,2024-11
1045654,09015722219014201000000000U0,RESTAURANTE GUAPO GRILL,NA,722511,Restaurantes con servicio de preparación de alimentos a la carta o de comida corrida,0 a 5 personas,CALLE,ELIGIO ANCONA,CALLE,FRESNO,CALLE,LAUREL,AVENIDA,RICARDO FLORES MAGON,207,NA,NA,NA,0,NA,COLONIA,SANTA MARIA LA RIBERA,NA,NA,NA,06400,09,Ciudad de México,015,Cuauhtémoc,0001,Cuauhtémoc,0470,012,NA,CHEGUAPO@HOTMAIL.COM,NA,Fijo,19.45306002,-99.16004653,2010-07
8337857,09015722511010152000000000U9,RESTAURANTE HILARIA JARDIN,NA,722511,Restaurantes con servicio de preparación de alimentos a la carta o de comida corrida,0 a 5 personas,CALLE,BOLIVAR,CALLE,5 DE MAYO,CALLE,FRANCISCO I. MADERO,CALLE,FILOMENO MATA,21,NA,NA,NA,0,DESPACHO 908,COLONIA,CENTRO,NA,NA,NA,06000,09,Ciudad de México,015,Cuauhtémoc,0001,Cuauhtémoc,0767,001,5583044523,HILARIA.GASTROBAR@HOTMAIL.COM,NA,Fijo,19.43413172,-99.1382846,2019-11
865305,09015722219030162000000000U4,RESTAURANTE HIPODROMO,NA,722511,Restaurantes con servicio de preparación de alimentos a la carta o de comida corrida,6 a 10 personas,CALLE,POPOCATEPETL,EJE VIAL,2 SUR (AVENIDA YUCATAN),AVENIDA,AMSTERDAM,CALLE,CACAHUAMILPA,3,2,NA,NA,2,NA,COLONIA,HIPODROMO,NA,NA,NA,06100,09,Ciudad de México,015,Cuauhtémoc,0001,Cuauhtémoc,120A,009,NA,RESTAURANTHIPODROMOFACTURACION@GMAIL.COM,NA,Fijo,19.41544489,-99.16599969,2010-07
991902,09015722110004053000000000U8,RESTAURANTE HONG KING,NA,722511,Restaurantes con servicio de preparación de alimentos a la carta o de comida corrida,11 a 30 personas,CALLE,INDEPENDENCIA,CALLE,DOLORES,CALLE,MARROQUI,CALLE,ARTICULO 123,30,L1B,NA,NA,0,NA,COLONIA,CUAUHTEMOC,NA,NA,NA,06050,09,Ciudad de México,015,Cuauhtémoc,0001,Cuauhtémoc,0748,003,NA,TOMOIMI@HOTMAIL.COM,HONGKING.COM.MX,Fijo,19.43303309,-99.14315608,2010-07
1030252,09015722219031732000000000U3,RESTAURANTE HOSTERIA DE LA LEONA,NA,722511,Restaurantes con servicio de preparación de alimentos a la carta o de comida corrida,0 a 5 personas,CALLE,AYUNTAMIENTO,EJE VIAL,1 PONIENTE (AVENIDA BUCARELI),CALLE,ENRICO MARTINEZ,AVENIDA,MORELOS,169,NA,NA,NA,NA,NA,COLONIA,CENTRO,NA,NA,NA,06010,09,Ciudad de México,015,Cuauhtémoc,0001,Cuauhtémoc,0860,014,NA,HOSTERIADELALEONA@HOTMAIL.COM,NA,Fijo,19.43174358,-99.15105378,2010-07
6258489,09015722511002525001000000U6,RESTAURANTE ITALIANNIS BUENAVISTA,AMORE DI MERRIER SA DE CV,722511,Restaurantes con servicio de preparación de alimentos a la carta o de comida corrida,31 a 50 personas,ANDADOR,MANZANA O EDIFICACION CONTIGUA,AVENIDA,INSURGENTES NORTE,ANDADOR,NINGUNO,ANDADOR,ANDADOR,259,NA,FORUM BUENAVISTA,PLANTA BAJA,NA,NA,COLONIA,BUENAVISTA,CENTRO Y PLAZA COMERCIAL,FORUM BUENAVISTA,47-48,06350,09,Ciudad de México,015,Cuauhtémoc,0001,Cuauhtémoc,049A,001,NA,CONTABILIDAD.AMORE@ITALIANNIS.COM,NA,Fijo,19.44692781,-99.15272398,2014-12
866207,09015722219025452000000000S6,RESTAURANTE JACS,RESTAURANTES POPULARES SA DE CV,722511,Restaurantes con servicio de preparación de alimentos a la carta o de comida corrida,11 a 30 personas,EJE VIAL,3 SUR AVENIDA BAJA CALIFORNIA,CALLE,CULIACAN,CALLE,CHILPANCINGO,CALLE,TLAXCALA,225,B,NA,NA,NA,NA,COLONIA,HIPODROMO,NA,NA,NA,06100,09,Ciudad de México,015,Cuauhtémoc,0001,Cuauhtémoc,1341,013,5555647939,REST_JACS@HOTMAIL.COM,NA,Fijo,19.40589497,-99.16988462,2010-07
10879341,09015722511019292000000000U4,RESTAURANTE JAMETARU,NA,722511,Restaurantes con servicio de preparación de alimentos a la carta o de comida corrida,6 a 10 personas,CALLE,ELIGIO ANCONA,CALLE,SABINO,CALLE,NARANJO,CALLE,ACACIAS,167,NA,NA,NA,NA,NA,COLONIA,SANTA MARIA LA RIBERA,NA,NA,NA,06400,09,Ciudad de México,015,Cuauhtémoc,0001,Cuauhtémoc,0470,006,NA,NA,NA,Fijo,19.45279896,-99.15848456,2024-11
1026626,09015722110005223001000000U6,RESTAURANTE JAPONES MIKADO,RESTAURANTE TAURO SA,722511,Restaurantes con servicio de preparación de alimentos a la carta o de comida corrida,11 a 30 personas,AVENIDA,PASEO DE LA REFORMA,CALLE,RIO GUADALQUIVIR,CALLE,RIO NILO,CALLE,RIO VOLGA,369,NA,LOCAL 4,PLANTA BAJA,NA,NA,COLONIA,CUAUHTEMOC,NA,NA,NA,06500,09,Ciudad de México,015,Cuauhtémoc,0001,Cuauhtémoc,0930,004,NA,FACTURAS.MIKADO@GMAIL.COM,NA,Fijo,19.42659852,-99.16937742,2010-07
10009017,09015722511022051000000000U9,RESTAURANTE JAPONES MUKYU,NA,722511,Restaurantes con servicio de preparación de alimentos a la carta o de comida corrida,0 a 5 personas,CALLE,RIO NAZAS,CALLE,RIO SENA,AVENIDA,RIO RHIN,CALLE,RIO SENA,24,A,NA,NA,NA,NA,COLONIA,CUAUHTEMOC,NA,NA,NA,06500,09,Ciudad de México,015,Cuauhtémoc,0001,Cuauhtémoc,0790,003,NA,NA,WWW.RESTAURANTEJAPONESMUKYU.COM,Fijo,19.43264176,-99.16614056,2024-11
11376955,09015722511023781000000000U0,RESTAURANTE JERRYS,NA,722511,Restaurantes con servicio de preparación de alimentos a la carta o de comida corrida,0 a 5 personas,CALLE,RIO BALSAS,CALLE,RIO EUFRATES,CALLE,RIO SENA,CALLE,RIO NAZAS,16,NA,NA,NA,NA,NA,COLONIA,CUAHUTEMOC,NA,NA,NA,06500,09,Ciudad de México,015,Cuauhtémoc,0001,Cuauhtémoc,0790,011,NA,NA,NA,Fijo,19.43345349,-99.16751694,2024-11
864632,09015722110004983001000000U6,RESTAURANTE KA FU,NA,722511,Restaurantes con servicio de preparación de alimentos a la carta o de comida corrida,6 a 10 personas,CALLE,TLAXCALA,CALLE,TLACOTALPAN,CERRADA,TLAXCALA,CALLE,TEPIC,134,NA,NA,NA,0,NA,COLONIA,ROMA SUR,NA,NA,NA,06760,09,Ciudad de México,015,Cuauhtémoc,0001,Cuauhtémoc,1356,017,5559127966,RESTAURANTEKAFU@GMAIL.COM,NA,Fijo,19.40707876,-99.16739576,2010-07
10290556,09015722511023711000000000S7,RESTAURANTE KABAH,NA,722511,Restaurantes con servicio de preparación de alimentos a la carta o de comida corrida,0 a 5 personas,CALLE,LONDRES,CALLE,DINAMARCA,CALLE,NAPOLES,CALLE,LIVERPOOL,46,NA,NA,NA,NA,NA,COLONIA,JUAREZ,NA,NA,NA,06600,09,Ciudad de México,015,Cuauhtémoc,0001,Cuauhtémoc,0841,001,NA,NA,NA,Fijo,19.42720865,-99.16002665,2024-11
6798439,09015722511009173000000000U8,RESTAURANTE KAIYUE,NA,722511,Restaurantes con servicio de preparación de alimentos a la carta o de comida corrida,6 a 10 personas,CALLE,NIZA,CALLE,HAMBURGO,CALLE,LONDRES,CALLE,GENOVA,39,NA,NA,NA,NA,NA,COLONIA,JUAREZ,NA,NA,NA,06600,09,Ciudad de México,015,Cuauhtémoc,0001,Cuauhtémoc,095A,009,NA,NA,NA,Fijo,19.42659999,-99.16262183,2017-11
991960,09015722219021261001000000U5,RESTAURANTE KANTON,RESTAURANTE KANTON SA DE CV,722511,Restaurantes con servicio de preparación de alimentos a la carta o de comida corrida,11 a 30 personas,CALLE,INDEPENDENCIA,CALLE,LOPEZ,CALLE,DOLORES,AVENIDA,JUAREZ,19,B,NA,NA,NA,NA,COLONIA,CENTRO,NA,NA,NA,06050,09,Ciudad de México,015,Cuauhtémoc,0001,Cuauhtémoc,0748,012,NA,NA,NA,Fijo,19.43305593,-99.14244885,2010-07
8327413,09015722511013303000000000U5,RESTAURANTE KOKU CONDESA,CENTRO DE PRODUCCION POQUET SA DE CV,722511,Restaurantes con servicio de preparación de alimentos a la carta o de comida corrida,31 a 50 personas,CALLE,IZTACCIHUATL,AVENIDA,AMSTERDAM,AVENIDA,MEXICO,CALLE,CHILPANCINGO,54,NA,NA,NA,NA,NA,COLONIA,HIPODROMO,NA,NA,NA,06100,09,Ciudad de México,015,Cuauhtémoc,0001,Cuauhtémoc,1341,019,NA,NA,NA,Fijo,19.41027095,-99.16927249,2019-11
8131644,09015722511010363000000000S2,RESTAURANTE KROKET,NA,722511,Restaurantes con servicio de preparación de alimentos a la carta o de comida corrida,11 a 30 personas,CALLE,JALAPA,EJE VIAL,2 SUR (AVENIDA QUERETARO),EJE VIAL,2A SUR (SAN LUIS POTOSI),CALLE,TONALA,189,NA,CASA JALAPA,PLANTA BAJA,NA,A,COLONIA,ROMA NORTE,CENTRO Y PLAZA COMERCIAL,CASA JALAPA,A,06700,09,Ciudad de México,015,Cuauhtémoc,0001,Cuauhtémoc,1214,007,NA,NA,WWW.KROKET.COOM.MX,Fijo,19.41414139,-99.16020885,2019-11
855765,09015722212009281000000000U4,RESTAURANTE L ROYALI,NA,722511,Restaurantes con servicio de preparación de alimentos a la carta o de comida corrida,0 a 5 personas,EJE VIAL,CENTRAL  LAZARO CARDENAS,PEATONAL,NINGUNO,OTRO(ESPECIFIQUE),MANZANA O EDIFICACION CONTIGUA,OTRO(ESPECIFIQUE),MANZANA O EDIFICACION CONTIGUA,475,NA,NA,NA,0,0,CONJUNTO HABITACIONAL,TLATELOLCO,NA,NA,NA,06900,09,Ciudad de México,015,Cuauhtémoc,0001,Cuauhtémoc,0288,005,NA,ROYALICIA@HOTMAIL.COM,NA,Fijo,19.45339962,-99.13790203,2010-07
9011307,09015722511011851000000000U5,RESTAURANTE LA ABUNDANCIA,NA,722511,Restaurantes con servicio de preparación de alimentos a la carta o de comida corrida,0 a 5 personas,CALLE,RIO DUERO,CIRCUITO,INTERIOR (CALZADA MELCHOR OCAMPO),CALLE,RIO PANUCO,CALLE,RIO DE LA PLATA,17,NA,C2,PLANTA BAJA,20,C 2,COLONIA,CUAHUTEMOC,NA,NA,NA,06500,09,Ciudad de México,015,Cuauhtémoc,0001,Cuauhtémoc,0926,012,NA,NA,NA,Fijo,19.42794525,-99.17398951,2019-11
11459815,09015722511023151000000000U6,RESTAURANTE LA ATREVIDA,NA,722511,Restaurantes con servicio de preparación de alimentos a la carta o de comida corrida,0 a 5 personas,AVENIDA,INSURGENTES CENTRO,CALLE,AVENIDA DE LA REPUBLICA,CALLE,TOMAS ALVA EDISON,CALLE,EZEQUIEL MONTES,60,NA,NA,NA,NA,B,COLONIA,TABACALERA,NA,NA,NA,06030,09,Ciudad de México,015,Cuauhtémoc,0001,Cuauhtémoc,070A,006,5561593010,AMIGOPULQUERO@GMAIL.COM,NA,Fijo,19.43702612,-99.15665783,2024-11
956471,09015722511005271001000000U4,RESTAURANTE LA CADENCIA LONCHERIA,SU LONCHERIA AMIGA SA DE CV,722511,Restaurantes con servicio de preparación de alimentos a la carta o de comida corrida,6 a 10 personas,CALLE,TONALA,CALLE,CHIAPAS,CALLE,TAPACHULA,EJE VIAL,2 PONIENTE (MONTERREY),183,NA,NA,NA,NA,B,COLONIA,ROMA SUR,NA,NA,NA,06760,09,Ciudad de México,015,Cuauhtémoc,0001,Cuauhtémoc,1375,016,5555642985,NA,WWW.LACADENCIA.COM,Fijo,19.4125018,-99.16131099,2012-06
11253308,09015722511021843000000000U0,RESTAURANTE LA CAPILLA,NA,722511,Restaurantes con servicio de preparación de alimentos a la carta o de comida corrida,11 a 30 personas,CALLE,5 DE MAYO,CALLE,ISABEL LA CATOLICA,CALLE,MOTOLINIA,CALLE,FRANCISCO I. MADERO,39,NA,NA,NA,NA,NA,COLONIA,CENTRO,NA,NA,NA,06000,09,Ciudad de México,015,Cuauhtémoc,0001,Cuauhtémoc,0767,011,NA,JULIO@HOTMAIL.COM,NA,Fijo,19.43418345,-99.136789340000007,2024-11
8392399,09004722511001233000000000U2,RESTAURANTE LA CAPITAL,MALASARTES SA DE CV,722511,Restaurantes con servicio de preparación de alimentos a la carta o de comida corrida,11 a 30 personas,AVENIDA,NUEVO LEON,CALLE,OMETUSCO,CALLE,SALTILLO,CALLE,SALTILLO,137,NA,NA,NA,NA,NA,COLONIA,CUAUHTEMOC,NA,NA,NA,06170,09,Ciudad de México,015,Cuauhtémoc,0001,Cuauhtémoc,1337,009,NA,NA,NA,Fijo,19.40932926,-99.17282468,2019-11
956420,09015722110005774001000000U8,RESTAURANTE LA CASA DE BENELL,TU CASA BUENA VIBRA CDMX SA DE CV,722511,Restaurantes con servicio de preparación de alimentos a la carta o de comida corrida,11 a 30 personas,AVENIDA,YUCATAN,CALLE,CHIAPAS,CALLE,COAHUILA,CALLE,TONALA,147,NA,NA,NA,NA,NA,COLONIA,ROMA SUR,NA,NA,NA,06760,09,Ciudad de México,015,Cuauhtémoc,0001,Cuauhtémoc,1375,014,NA,ROMANORTE@PAMVEENEM.COM,NA,Fijo,19.41228465,-99.1600923,2010-07
991957,09015722110003913001000000U4,RESTAURANTE LA CASA DE TODOS,NA,722511,Restaurantes con servicio de preparación de alimentos a la carta o de comida corrida,11 a 30 personas,CALLE,LOPEZ,AVENIDA,JUAREZ,CALLE,INDEPENDENCIA,CALLE,DOLORES,15,B,NA,NA,0,C,COLONIA,CENTRO,NA,NA,NA,06050,09,Ciudad de México,015,Cuauhtémoc,0001,Cuauhtémoc,0748,012,NA,LACASADETODOS_REST@HOTMAIL.COM,NA,Fijo,19.43322441,-99.14204957,2010-07
956051,09015722110003043001000000U0,RESTAURANTE LA CASA GALLEGA,LA CASA GALLEGA SA DE CV,722511,Restaurantes con servicio de preparación de alimentos a la carta o de comida corrida,31 a 50 personas,CALLE,DOCTOR M GARCIA DIEGO,EJE VIAL,1 PONIENTE (AVENIDA CUAUHTEMOC),CALLE,DOCTOR RAFAEL LUCIO,CALLE,DOCTOR JOSE PABLO MARTINEZ DEL RIO,0,SN,NA,NA,0,NA,COLONIA,DOCTORES,NA,NA,NA,06720,09,Ciudad de México,015,Cuauhtémoc,0001,Cuauhtémoc,1125,007,5555881826,LACASAGALLEGA@HOTMAIL.COM,NA,Fijo,19.41690305,-99.15417714,2010-07
1026600,09015722219031632001000000U5,RESTAURANTE LA CASITA,OPERADORA RESTAURANTERA LA CASITA SA DE CV,722511,Restaurantes con servicio de preparación de alimentos a la carta o de comida corrida,6 a 10 personas,CALLE,RIO LERMA,CALLE,RIO GUADALQUIVIR,CALLE,RIO NILO,CALLE,RIO VOLGA,182,NA,NA,NA,NA,NA,COLONIA,CUAUHTEMOC,NA,NA,NA,06500,09,Ciudad de México,015,Cuauhtémoc,0001,Cuauhtémoc,0930,001,NA,LAUARM@PRODIGY.NET.MX,NA,Fijo,19.42771209,-99.17029031,2010-07
865096,09015722219008841000000000U1,RESTAURANTE LA CASONA,NA,722511,Restaurantes con servicio de preparación de alimentos a la carta o de comida corrida,0 a 5 personas,CALLE,ZARCO,CALLE,ESTRELLA,CALLE,MARTE,CALLE,HEROES,222,A,NA,NA,0,NA,COLONIA,GUERRERO,NA,NA,NA,06300,09,Ciudad de México,015,Cuauhtémoc,0001,Cuauhtémoc,0517,011,5573244370,NA,NA,Fijo,19.45029856,-99.14403332,2010-07
1028072,09015722219019951000000000U5,RESTAURANTE LA CAZADORA,NA,722511,Restaurantes con servicio de preparación de alimentos a la carta o de comida corrida,0 a 5 personas,CALLE,TOKIO,EJE VIAL,3 PONIENTE (SEVILLA),CALLE,PRAGA,CALLE,HAMBURGO,12,NA,NA,NA,NA,NA,COLONIA,COLONIA JUAREZ,NA,NA,NA,06600,09,Ciudad de México,015,Cuauhtémoc,0001,Cuauhtémoc,0945,006,NA,RESTAURANTELACAZADORA12@GMAIL.COM,NA,Fijo,19.42408078,-99.17091024,2010-07
984279,09015722212017791010000000U2,RESTAURANTE LA CUMBRE,NA,722511,Restaurantes con servicio de preparación de alimentos a la carta o de comida corrida,0 a 5 personas,CALLE,MOCTEZUMA,CALLE,LERDO,CALLE,SOTO,CALLE,MAGNOLIA,80,A,NA,NA,NA,NA,COLONIA,GUERRERO,NA,NA,NA,06300,09,Ciudad de México,015,Cuauhtémoc,0001,Cuauhtémoc,0574,014,NA,NA,NA,Fijo,19.44345091,-99.14280287,2014-12
896311,09015722511005161000000000U7,RESTAURANTE LA ESPECIAL,NA,722511,Restaurantes con servicio de preparación de alimentos a la carta o de comida corrida,0 a 5 personas,CALLE,ATLIXCO,AVENIDA,CAMPECHE,AVENIDA,MICHOACAN,CALLE,AMATLAN,117,NA,NA,NA,0,NA,COLONIA,CONDESA,NA,NA,NA,06170,09,Ciudad de México,015,Cuauhtémoc,0001,Cuauhtémoc,1318,027,NA,NA,NA,Fijo,19.4108099,-99.175586,2014-12
1013905,09015722219029682000000000U4,RESTAURANTE LA FIESTA BRAVA FAENA,RESTAURANTE LA FIESTA BRAVA FAENA S DE RL DE CV,722511,Restaurantes con servicio de preparación de alimentos a la carta o de comida corrida,6 a 10 personas,CALLE,VENUSTIANO CARRANZA,CALLE,ISABEL LA CATOLICA,CALLE,BOLIVAR,CALLE,REPUBLICA DE URUGUAY,49,NA,NA,NA,0,B,COLONIA,CENTRO,NA,NA,NA,06000,09,Ciudad de México,015,Cuauhtémoc,0001,Cuauhtémoc,0818,002,NA,BF21206@GMAIL.COM,NA,Fijo,19.43144231,-99.13786977,2010-07
864476,09015722219001761000000000U8,RESTAURANTE LA FLOR DE MEDELLIN,LA FLOR DE MEDELLIN LOS HERMANOS MENDOZA SA DE CV,722511,Restaurantes con servicio de preparación de alimentos a la carta o de comida corrida,0 a 5 personas,CALLE,CAMPECHE,CALLE,MANZANILLO,EJE VIAL,3 PONIENTE (MEDELLIN),CALLE,COAHUILA,0,SN,NA,NA,NA,NA,COLONIA,CONDESA,NA,NA,NA,06170,09,Ciudad de México,015,Cuauhtémoc,0001,Cuauhtémoc,1356,011,5552644446,NA,NA,Fijo,19.40971566,-99.16562342,2010-07
8529033,09015722511011631000000000U1,RESTAURANTE LA FONDA,NA,722511,Restaurantes con servicio de preparación de alimentos a la carta o de comida corrida,6 a 10 personas,CALLE,ZARCO,CALLE,VIOLETA,CALLE,MINA,CALLE,HEROES,0,SN,NA,NA,67,B,COLONIA,GUERRERO,NA,NA,NA,06300,09,Ciudad de México,015,Cuauhtémoc,0001,Cuauhtémoc,0610,003,5533224736,NA,NA,Fijo,19.44125295,-99.14824678,2019-11
9508919,09015722511024321000000000U4,RESTAURANTE LA FRONTERA,NA,722511,Restaurantes con servicio de preparación de alimentos a la carta o de comida corrida,0 a 5 personas,AVENIDA,INSURGENTES CENTRO,CALLE,AVENIDA DE LA REPUBLICA,CALLE,TOMAS ALVA EDISON,CALLE,EZEQUIEL MONTES,62,NA,NA,NA,NA,NA,COLONIA,TABACALERA,NA,NA,NA,06030,09,Ciudad de México,015,Cuauhtémoc,0001,Cuauhtémoc,070A,006,5519029777,OCTAVIOACEVES@HOTMAIL.COM,NA,Fijo,19.43694369,-99.15669355,2024-11
984378,09015722219030212000000000U7,RESTAURANTE LA GAMBETA DEPOSITO DE REFRESCOS,RESTAURANTE BAR LA CUCHARA DE PLATA SA DE CV,722511,Restaurantes con servicio de preparación de alimentos a la carta o de comida corrida,0 a 5 personas,CALLE,REPUBLICA DE PERU,PEATONAL,CALLEJON MONTERO,CALLE,ALLENDE,PEATONAL,REPUBLICA DE HONDURAS,11,NA,NA,NA,0,NA,COLONIA,CENTRO,NA,NA,NA,06010,09,Ciudad de México,015,Cuauhtémoc,0001,Cuauhtémoc,0644,022,5555297791,NA,NA,Fijo,19.43960741,-99.1376789,2010-07
8485277,09015722511014283000000000U8,RESTAURANTE LA MANIFESTACION,NA,722511,Restaurantes con servicio de preparación de alimentos a la carta o de comida corrida,31 a 50 personas,CALLE,CALLE DE LA REPUBLICA,CALLE,PEDRO BARANDA,CALLE,JOSE DE EMPARAM,CALLE,TOMAS ALVA EDISON,135,NA,NA,NA,NA,NA,COLONIA,TABACALERA,NA,NA,NA,06030,09,Ciudad de México,015,Cuauhtémoc,0001,Cuauhtémoc,0714,004,5555663502,LAMANIFESTACION@HOTMAIL.COM,NA,Fijo,19.43585483,-99.15160837,2019-11
1060916,09015722211000371001000000U4,RESTAURANTE LA NORIA,NA,722511,Restaurantes con servicio de preparación de alimentos a la carta o de comida corrida,6 a 10 personas,CALLE,LONDRES,CALLE,NAPOLES,CALLE,HAVRE,CALLE,LIVERPOOL,56,A,NA,NA,0,NA,COLONIA,JUAREZ,NA,NA,NA,06600,09,Ciudad de México,015,Cuauhtémoc,0001,Cuauhtémoc,0841,006,NA,LANORIA029@GMAIL.COM,NA,Fijo,19.42686423,-99.16077604,2010-07
1028558,09015722219027342010000000U7,RESTAURANTE LA OLITA,NA,722511,Restaurantes con servicio de preparación de alimentos a la carta o de comida corrida,0 a 5 personas,CALLE,LONDRES,EJE VIAL,2 PONIENTE (FLORENCIA),CALLE,VARSOVIA,CALLE,LIVERPOOL,190,NA,NA,NA,NA,C,COLONIA,JUAREZ,NA,NA,NA,06600,09,Ciudad de México,015,Cuauhtémoc,0001,Cuauhtémoc,095A,018,NA,LA_OLITA_190@HOTMAIL.COM,NA,Fijo,19.42390866,-99.16698874,2010-07
991163,09015722511004044000000000U8,RESTAURANTE LA OPERA,MARIA ZORAIDA ESCUDERO CASTELLANOS SA,722511,Restaurantes con servicio de preparación de alimentos a la carta o de comida corrida,31 a 50 personas,CALLE,5 DE MAYO,CALLE,CONDESA,CALLE,FILOMENO MATA,CALLE,TACUBA,10,NA,NA,NA,NA,NA,COLONIA,CENTRO,NA,NA,NA,06000,09,Ciudad de México,015,Cuauhtémoc,0001,Cuauhtémoc,0767,007,NA,LA_OPERA@HOTMAIL.COM,WWW.LAOPERABAR.COM,Fijo,19.43463082,-99.13933968,2010-07
9492337,09015722511022454000000000U5,RESTAURANTE LA PALAPA CANTINA CARIBEÑA,OPERADORA SOCIEDAD LIQUIDA SA DE CV,722511,Restaurantes con servicio de preparación de alimentos a la carta o de comida corrida,31 a 50 personas,CALLE,VERSALLES,AVENIDA,CHAPULTEPEC,CALLE,BERLIN,CALLE,BERLIN,113,A,NA,NA,NA,NA,COLONIA,JUAREZ,NA,NA,NA,06600,09,Ciudad de México,015,Cuauhtémoc,0001,Cuauhtémoc,0841,014,NA,NA,NA,Fijo,19.42565778,-99.15649795,2024-11
864652,09015722219024782001000000U7,RESTAURANTE LA PARRILLA,NA,722511,Restaurantes con servicio de preparación de alimentos a la carta o de comida corrida,6 a 10 personas,CALLE,TEPIC,CALLE,TLACOTALPAN,CALLE,TUXPAN,CALLE,TLAXCALA,143,NA,NA,NA,0,NA,COLONIA,ROMA SUR,NA,NA,NA,06760,09,Ciudad de México,015,Cuauhtémoc,0001,Cuauhtémoc,1356,017,5555646948,LAPARRILLARESTAURANTE@HOTMAIL.COM.MX,NA,Fijo,19.40606562,-99.16748392,2010-07
986045,09015722412000011000000000U0,RESTAURANTE LA PELUSA,NA,722511,Restaurantes con servicio de preparación de alimentos a la carta o de comida corrida,6 a 10 personas,CALLE,PENSADOR MEXICANO,EJE VIAL,CENTRAL (LAZARO CARDENAS),CALLE,2 DE ABRIL,CALLE,SANTA VERACRUZ,26,NA,NA,NA,8,NA,COLONIA,CENTRO,NA,NA,NA,06000,09,Ciudad de México,015,Cuauhtémoc,0001,Cuauhtémoc,063A,011,NA,NA,NA,Fijo,19.43796212,-99.14187382,2010-07
6257011,09015722110006916000000000U4,RESTAURANTE LA POLAR,RESTAURANTE LA POLAR SA DE CV,722511,Restaurantes con servicio de preparación de alimentos a la carta o de comida corrida,31 a 50 personas,CALLE,GUILLERMO PRIETO,CALLE,FRANCISCO PIMENTEL,CALLE,GUILLERMO PRIETO,CALLE,JOAQUÍN VELÁZQUEZ DE LEÓN,129,NA,NA,NA,NA,NA,COLONIA,SAN RAFAEL,NA,NA,NA,06470,09,Ciudad de México,015,Cuauhtémoc,0001,Cuauhtémoc,0678,005,NA,RGRUPODIAZ@GMAI.COM,NA,Fijo,19.43873045,-99.16786783,2010-07
9276620,09015722511016611000000000U3,RESTAURANTE LA PROVOLETA,GRUPO RESTAURANTERO LA PROVOLETA SA DE CV,722511,Restaurantes con servicio de preparación de alimentos a la carta o de comida corrida,51 a 100 personas,CALLE,PUEBLA,EJE VIAL,3 PONIENTE (SALAMANCA),CALLE,COZUMEL,CALLE,SINALOA,300,NA,NA,NA,NA,NA,COLONIA,ROMA NORTE,NA,NA,NA,06700,09,Ciudad de México,015,Cuauhtémoc,0001,Cuauhtémoc,0998,017,NA,LAPROVOLETAROMA@HOTMAIL.COM,NA,Fijo,19.4207311,-99.17077638,2020-11
1025307,09015722511001033001000000U2,RESTAURANTE LA PROVOLETA,PARRILLEROS DEL NORTE SA DE CV,722511,Restaurantes con servicio de preparación de alimentos a la carta o de comida corrida,11 a 30 personas,AVENIDA,RIO RHIN,CALLE,RIO LERMA,AVENIDA,PASEO DE LA REFORMA,CALLE,RIO AMAZONAS,72,NA,NA,NA,NA,A,COLONIA,CUAUHTEMOC,NA,NA,NA,06500,09,Ciudad de México,015,Cuauhtémoc,0001,Cuauhtémoc,0837,003,NA,LAPROVOLETA2010@HOTMAIL.COM,WWW.LAPROVOLETA.COM,Fijo,19.43019591,-99.16431786,2010-07
7732826,09015722511011172000000000U6,RESTAURANTE LA RAMONA DE LOS TUETANOS,GRUPO GASTRONOMICO SIERRA MADRE SA DE CV,722511,Restaurantes con servicio de preparación de alimentos a la carta o de comida corrida,11 a 30 personas,CALLE,TEHUANTEPEC,CALLE,TORREON,EJE VIAL,3 PONIENTE (MEDELLIN),CALLE,BAJIO,144,NA,NA,NA,NA,NA,COLONIA,ROMA SUR,NA,NA,NA,06760,09,Ciudad de México,015,Cuauhtémoc,0001,Cuauhtémoc,1464,007,5518194316,LARAMONADELOSTUETANOS@GMAIL.COM,NA,Fijo,19.40479346,-99.16273632,2019-11
853366,09015722219018531000000000U6,RESTAURANTE LA RONDA,NA,722511,Restaurantes con servicio de preparación de alimentos a la carta o de comida corrida,0 a 5 personas,CALLE,CALZADA DE LA RONDA,EJE VIAL,CENTRAL (LAZARO CARDENAS),CALLE,JUAN SEBASTIAN BACH,CALLE,ENRIQUE GRANADOS,137,NA,NA,NA,0,NA,COLONIA,EXHIPODROMO DE PERALVILLO,NA,NA,NA,06250,09,Ciudad de México,015,Cuauhtémoc,0001,Cuauhtémoc,0095,023,NA,NA,NA,Fijo,19.45667426,-99.13771148,2010-07
1000937,09015722219027562000000000U0,RESTAURANTE LA ROSITA,NA,722511,Restaurantes con servicio de preparación de alimentos a la carta o de comida corrida,0 a 5 personas,CALLE,TACUBA,CALLE,ALLENDE,CALLE,REPUBLICA DE CHILE,CALLE,DONCELES,36,NA,NA,NA,0,101 Y 102,CIUDAD,CUAUHTEMOC,NA,NA,NA,06000,09,Ciudad de México,015,Cuauhtémoc,0001,Cuauhtémoc,0752,009,NA,PICAPIEDRAYARE137@GMAIL.COM,NA,Fijo,19.43556414,-99.13679907,2010-07
876995,09015722219019891001000000U3,RESTAURANTE LA SANTA MARIA,NA,722511,Restaurantes con servicio de preparación de alimentos a la carta o de comida corrida,0 a 5 personas,CALLE,SALVADOR DIAZ MIRON,CALLE,DOCTOR ENRIQUE GONZALEZ MARTINEZ,CALLE,DOCTOR ATL,CALLE,MANUEL CARPIO,85,NA,NA,NA,0,B,COLONIA,SANTA MARIA RIVERA,NA,NA,NA,06400,09,Ciudad de México,015,Cuauhtémoc,0001,Cuauhtémoc,0485,001,5578518514,NA,NA,Fijo,19.44857002,-99.15575476,2010-07
865596,09015722219029002001000000U5,RESTAURANTE LA SELVA CAFE,NA,722511,Restaurantes con servicio de preparación de alimentos a la carta o de comida corrida,6 a 10 personas,AVENIDA,AMSTERDAM,CALLE,IZTACCIHUATL,AVENIDA,AMSTERDAM,CALLE,CHILPANCINGO,36,NA,NA,NA,0,NA,COLONIA,HIPOROMO,NA,NA,NA,06100,09,Ciudad de México,015,Cuauhtémoc,0001,Cuauhtémoc,1341,009,NA,FINANZAS.LASELVA@GMAIL.COM,NA,Fijo,19.40951114,-99.16887224,2010-07
969406,09015722219002471010000000U3,RESTAURANTE LA TARASCA,NA,722511,Restaurantes con servicio de preparación de alimentos a la carta o de comida corrida,0 a 5 personas,CALLE,REPUBLICA DE VENEZUELA,CALLE,CALLE DEL CARMEN,CALLE,REPUBLICA DE ARGENTINA,CALLE,SAN ILDEFONSO,31,1,NA,NA,1,NA,COLONIA,CENTRO,NA,NA,NA,06500,09,Ciudad de México,015,Cuauhtémoc,0001,Cuauhtémoc,0659,020,NA,NA,NA,Fijo,19.43724284,-99.13091705,2010-07
984410,09015722219032502000000000U9,RESTAURANTE LA TERRAZA,NA,722511,Restaurantes con servicio de preparación de alimentos a la carta o de comida corrida,6 a 10 personas,CALLE,VIOLETA,CALLE,SOTO,CALLE,ZARCO,CALLE,MINA,63,NA,NA,NA,0,NA,COLONIA,GUERRERO,NA,NA,NA,06300,09,Ciudad de México,015,Cuauhtémoc,0001,Cuauhtémoc,0625,006,NA,NA,NA,Fijo,19.44115991,-99.14586997,2010-07
10277122,09015722511017461000000000U7,RESTAURANTE LA TERRAZA,NA,722511,Restaurantes con servicio de preparación de alimentos a la carta o de comida corrida,0 a 5 personas,CALLE,JUAN HERNANDEZ Y DAVALOS,CALLE,BERNARDO COUTO,CALLE,ISABEL LA CATOLICA,CALLE,JOSE TORIBIO MEDINA,89,NA,NA,NA,NA,B,COLONIA,ALGARIN,NA,NA,NA,06880,09,Ciudad de México,015,Cuauhtémoc,0001,Cuauhtémoc,1498,011,NA,NA,NA,Fijo,19.40622755,-99.13954524,2024-11
8483787,09015722511014032000087940M9,RESTAURANTE LA TERRAZA DE LOS AMIGOS,NA,722511,Restaurantes con servicio de preparación de alimentos a la carta o de comida corrida,6 a 10 personas,CALLE,PROLONGACION LERDO,CALZADA,SAN SIMON,EJE VIAL,2 NORTE (MANUEL GONZALEZ),CALLE,ZOLTAN KODALY,322,NA,NA,NA,NA,NA,COLONIA,SAN SIMON TOLNAHUAC,NA,NA,NA,06920,09,Ciudad de México,015,Cuauhtémoc,0001,Cuauhtémoc,0080,026,NA,NA,NA,Fijo,19.45679485,-99.14010673,2019-11
1012071,09015722511004571001000000U8,RESTAURANTE LA TIA,NA,722511,Restaurantes con servicio de preparación de alimentos a la carta o de comida corrida,11 a 30 personas,CALLE,MANUEL MARIA CONTRERAS,CALLE,JOAQUIN GARCIA ICAZBALCETA,CALLE,ALFONSO HERRERA,CALLE,GABINO BARREDA,20,NA,NA,NA,NA,NA,COLONIA,SAN RAFAEL,NA,NA,NA,06470,09,Ciudad de México,015,Cuauhtémoc,0001,Cuauhtémoc,0678,009,5521989054,MAYELACARAPIAGONZALEZ@YAHOO.COM.MX,NA,Fijo,19.44099892,-99.16410202,2010-07
6200597,09015722511004783000000000U9,RESTAURANTE LA TRAINERA,LA TRAINERA POLANCO SAPI DE CV,722511,Restaurantes con servicio de preparación de alimentos a la carta o de comida corrida,0 a 5 personas,AVENIDA,JUAREZ,CALLE,LUIS MOYA,CALLE,DOLORES,CALLE,INDEPENDENCIA,30,NA,NA,NA,38,NA,COLONIA,AVENIDA JUAREZ,NA,NA,NA,06050,09,Ciudad de México,015,Cuauhtémoc,0001,Cuauhtémoc,0748,010,NA,JLSERRATOA@GMAIL.COM,NA,Fijo,19.43465543,-99.14437409,2010-07
1025381,09015722219018291000000000U7,RESTAURANTE LA TREGUA,NA,722511,Restaurantes con servicio de preparación de alimentos a la carta o de comida corrida,0 a 5 personas,CALLE,RIO AMAZONAS,CALLE,RIO LERMA,AVENIDA,PASEO DE LA REFORMA,CALLE,RIO GUADIANA,94,NA,NA,NA,NA,NA,COLONIA,CUAUHTEMOC,NA,NA,NA,06500,09,Ciudad de México,015,Cuauhtémoc,0001,Cuauhtémoc,0837,001,NA,REST_LATREGUA@HOTMAIL.COM,NA,Fijo,19.43001455,-99.16294942,2010-07
1042558,09015722212017801000000000U9,RESTAURANTE LA VERACRUZANA,NA,722511,Restaurantes con servicio de preparación de alimentos a la carta o de comida corrida,0 a 5 personas,AVENIDA,FRAY SERVANDO TERESA DE MIER,CALLE,ISABEL LA CATOLICA,CALLE,5 DE FEBRERO,CALLE,NEZAHUALCOYOTL,142,A,NA,NA,5,NA,COLONIA,CENTRO,NA,NA,NA,06080,09,Ciudad de México,015,Cuauhtémoc,0001,Cuauhtémoc,0964,003,NA,NA,NA,Fijo,19.42410261,-99.13656275,2010-07
1003311,09015722219014241001000000U6,RESTAURANTE LA VIKINA,NA,722511,Restaurantes con servicio de preparación de alimentos a la carta o de comida corrida,6 a 10 personas,CALLE,DONCELES,CALLE,PALMA NORTE,CALLE,REPUBLICA DE BRASIL,CALLE,TACUBA,85,3,NA,NA,3,NA,COLONIA,DONCELES,NA,NA,NA,06010,09,Ciudad de México,015,Cuauhtémoc,0001,Cuauhtémoc,0752,004,5596887007,NA,NA,Fijo,19.43594111,-99.13391514,2010-07
896283,09015722511004693000000000U0,RESTAURANTE LA VINIERIA,LA ESQUINA DEL BARRIO SAPI DE CV,722511,Restaurantes con servicio de preparación de alimentos a la carta o de comida corrida,11 a 30 personas,CALLE,AMATLAN,CALLE,VICENTE SUAREZ,CALLE,FERNANDO MONTES DE OCA,CALLE,JOJUTLA,0,SN,NA,NA,NA,A,COLONIA,CONDESA,NA,NA,NA,06170,09,Ciudad de México,015,Cuauhtémoc,0001,Cuauhtémoc,1318,008,NA,NA,NA,Fijo,19.41175486,-99.17570092,2014-12
6733135,09015722511008604001000000U3,RESTAURANTE LARDO,GASTRONOMIA REYSA,722511,Restaurantes con servicio de preparación de alimentos a la carta o de comida corrida,101 a 250 personas,CALLE,AGUSTÍN MELGAR,AVENIDA,VERACRUZ,CALLE,JUAN DE LA BARRERA,CALLE,ZAMORA,5,NA,LOC. 18,PLANTA BAJA,NA,NA,COLONIA,CONDESA,NA,NA,NA,NA,09,Ciudad de México,015,Cuauhtémoc,0001,Cuauhtémoc,1178,017,NA,INFOALARDA@ALARDO.MX,NA,Fijo,19.41794386,-99.17532766,2016-10
7732806,09015722511011152000000000U8,RESTAURANTE LAS 3 MARIAS,NA,722511,Restaurantes con servicio de preparación de alimentos a la carta o de comida corrida,6 a 10 personas,CALLE,MORELIA,AVENIDA,CHAPULTEPEC,CALLE,PUEBLA,CALLE,FRONTERA,23,NA,NA,NA,0,NA,COLONIA,ROMA NORTE,NA,NA,NA,06700,09,Ciudad de México,015,Cuauhtémoc,0001,Cuauhtémoc,1017,012,NA,ABRAHAM1964@GMAIL.COM,NA,Fijo,19.42415951,-99.1562148,2019-11
6878167,09015722511009643001019319S0,RESTAURANTE LAS ALITAS SUC CONDESA,RESTAURANTE LAS ALITAS SA DE CV,722511,Restaurantes con servicio de preparación de alimentos a la carta o de comida corrida,11 a 30 personas,EJE VIAL,3 SUR (AVENIDA BAJA CALIFORNIA),CALLE,CHILPANCINGO,CALLE,CULIACÁN,CALLE,TLAXCALA,265,NA,NA,NA,NA,NA,COLONIA,HIPODROMO CONDESA,NA,NA,NA,NA,09,Ciudad de México,015,Cuauhtémoc,0001,Cuauhtémoc,1341,013,NA,RDAVILA@LASALITAS.COM,NA,Fijo,19.40588105,-99.17041791,2019-04
1025360,09015722219025572000000000U1,RESTAURANTE LAS BANQUITAS,NA,722511,Restaurantes con servicio de preparación de alimentos a la carta o de comida corrida,0 a 5 personas,CALLE,RIO MARNE,CALLE,PLAZA CARLOS FINLAY,AVENIDA,PASEO DE LA REFORMA,CALLE,RIO TAMESIS,14,NA,NA,NA,NA,NA,COLONIA,CUAUHTEMOC,NA,NA,NA,06500,09,Ciudad de México,015,Cuauhtémoc,0001,Cuauhtémoc,0837,007,NA,DAVID55CAT@YAHOO.COM.MX,NA,Fijo,19.43115317,-99.16134069,2010-07
1004080,09015722219025242000000000U1,RESTAURANTE LAS BUGAMBILIAS,NA,722511,Restaurantes con servicio de preparación de alimentos a la carta o de comida corrida,6 a 10 personas,CALLE,REPUBLICA DE COLOMBIA,CALLE,REPUBLICA DE BRASIL,CALLE,REPUBLICA DE ARGENTINA,CALLE,REPUBLICA DE BOLIVIA,2,NA,NA,NA,NA,NA,COLONIA,CENTRO,NA,NA,NA,06010,09,Ciudad de México,015,Cuauhtémoc,0001,Cuauhtémoc,0644,004,5555290440,NA,NA,Fijo,19.43851721,-99.1330969,2010-07
874234,09015722219031172000000000U2,RESTAURANTE LAS GOYAS,NA,722511,Restaurantes con servicio de preparación de alimentos a la carta o de comida corrida,0 a 5 personas,CALLE,JOSE TOMAS CUELLAR,CALLE,ALFREDO CHAVERO,CALLE,PORFIRIO PARRA,EJE VIAL,CENTRAL (LAZARO CARDENAS),15,NA,NA,NA,NA,NA,COLONIA,OBRERA,NA,NA,NA,06800,09,Ciudad de México,015,Cuauhtémoc,0001,Cuauhtémoc,1144,009,5569928375,NA,NA,Fijo,19.41745651,-99.14225892,2010-07
958623,09015722212025501010000000U5,RESTAURANTE LAS MARGARITAS,NA,722511,Restaurantes con servicio de preparación de alimentos a la carta o de comida corrida,0 a 5 personas,CALLE,TEHUANTEPEC,CALLE,MISANTLA,CALLE,URES,CALLE,BAJIO,56,A B,NA,NA,0,NA,COLONIA,ROMA SUR,NA,NA,NA,06760,09,Ciudad de México,015,Cuauhtémoc,0001,Cuauhtémoc,1479,007,5555842006,NA,NA,Fijo,19.40566261,-99.15834434,2010-07
1016815,09015722219033253000000000U8,RESTAURANTE LAS MARIPOSAS,NA,722511,Restaurantes con servicio de preparación de alimentos a la carta o de comida corrida,6 a 10 personas,CALLE,JOSE MARIA IGLESIAS,AVENIDA,MEXICO-TENOCHTITLAN,CALLE,IGNACIO MARISCAL,CALLE,PONCIANO ARRIAGA,26,E,NA,NA,0,NA,COLONIA,TABACALERA,NA,NA,NA,06030,09,Ciudad de México,015,Cuauhtémoc,0001,Cuauhtémoc,070A,012,5555350525,NA,NA,Fijo,19.43843355,-99.15493377,2010-07
1003568,09015722219029732000000000U7,RESTAURANTE LAS TORRES,NA,722511,Restaurantes con servicio de preparación de alimentos a la carta o de comida corrida,0 a 5 personas,CALLE,PALMA NORTE,CALLE,BELISARIO DOMINGUEZ,CALLE,REPUBLICA DE CUBA,CALLE,SANTO DOMINGO,505,E,NA,NA,0,NA,COLONIA,CENTRO,NA,NA,NA,06000,09,Ciudad de México,015,Cuauhtémoc,0001,Cuauhtémoc,0644,012,5531412013,NA,NA,Fijo,19.43718884,-99.13461175,2010-07
8625207,09015722511013623000000000U6,RESTAURANTE LE BON BISTRO,HABI REST SA DE CV,722511,Restaurantes con servicio de preparación de alimentos a la carta o de comida corrida,6 a 10 personas,AVENIDA,AMSTERDAM,CALLE,IZTACCIHUATL,AVENIDA,MICHOACAN,AVENIDA,INSURGENTES SUR,225,NA,NA,NA,0,NA,COLONIA,HIPODRMO,NA,NA,NA,06100,09,Ciudad de México,015,Cuauhtémoc,0001,Cuauhtémoc,1341,010,NA,ALEALMADE@HOTMAIL.COM,NA,Fijo,19.41017511,-99.16824768,2019-11
1025298,09015722110005974001000000U4,RESTAURANTE LES MOUSTACHES,GASTRONOMICA LES MOSTACHES SA DE CV,722511,Restaurantes con servicio de preparación de alimentos a la carta o de comida corrida,11 a 30 personas,CALLE,RIO SENA,CALLE,RIO LERMA,CALLE,RIO PAPALOAPAN,AVENIDA,RIO RHIN,88,NA,NA,NA,NA,NA,COLONIA,CUAHUTEMOC,NA,NA,NA,06500,09,Ciudad de México,015,Cuauhtémoc,0001,Cuauhtémoc,0837,006,5633397209,RESTAURANTE@LESMOUSTACHES.COM.MX,WWW.LESMOUSTACHES.COM.MX,Fijo,19.42961265,-99.16569026,2010-07
9947726,09015722511023523000000000U6,RESTAURANTE LINA,MAAR DE RAIZ SA DE CV,722511,Restaurantes con servicio de preparación de alimentos a la carta o de comida corrida,11 a 30 personas,AVENIDA,YUCATAN,CALLE,CHIAPAS,CALLE,COAHUILA,CALLE,TONALA,147,B,NA,NA,NA,NA,COLONIA,ROMA SUR,NA,NA,NA,06760,09,Ciudad de México,015,Cuauhtémoc,0001,Cuauhtémoc,1375,014,NA,NA,NA,Fijo,19.41233518,-99.1601904,2024-11
872307,09015722219029182000000000U5,RESTAURANTE LIZBETH,NA,722511,Restaurantes con servicio de preparación de alimentos a la carta o de comida corrida,0 a 5 personas,CALLE,ELIGIO ANCONA,CALLE,CEDRO,CALLE,FRESNO,AVENIDA,RICARDO FLORES MAGON,229,A,NA,NA,0,NA,COLONIA,SANTA MARIA LA RIBERA,NA,NA,NA,06400,09,Ciudad de México,015,Cuauhtémoc,0001,Cuauhtémoc,0470,015,NA,NA,NA,Fijo,19.45323677,-99.16109324,2010-07
880385,09015722219008431000000000U1,RESTAURANTE LOON CHIY,NA,722511,Restaurantes con servicio de preparación de alimentos a la carta o de comida corrida,6 a 10 personas,EJE VIAL,1 NORTE MOSQUETA,EJE VIAL,1 PONIENTE (GUERRERO),CALLE,HEROES,CALLE,MOCTEZUMA,180,A,NA,NA,NA,NA,COLONIA,GUERRERO,NA,NA,NA,06300,09,Ciudad de México,015,Cuauhtémoc,0001,Cuauhtémoc,056A,005,NA,NA,NA,Fijo,19.44512374,-99.14702883,2010-07
6799641,09015722511009203000000000U3,RESTAURANTE LOREA,PUERTO GETARIA S DE RL DE CV,722511,Restaurantes con servicio de preparación de alimentos a la carta o de comida corrida,31 a 50 personas,CALLE,SINALOA,EJE VIAL,3 PONIENTE (SALAMANCA),CALLE,COZUMEL,CALLE,PUEBLA,141,NA,NA,NA,NA,NA,COLONIA,ROMA NOTRTE,NA,NA,NA,06700,09,Ciudad de México,015,Cuauhtémoc,0001,Cuauhtémoc,0998,017,NA,INFO@LOREA.MX,WWW.LOREA.MX,Fijo,19.42014259,-99.17006605,2017-11
10127372,09015722511018971000000000U4,RESTAURANTE LOS 3 SABORES DE FREDY,NA,722511,Restaurantes con servicio de preparación de alimentos a la carta o de comida corrida,0 a 5 personas,CALLE,ALLENDE,CALLE,BELISARIO DOMINGUEZ,CALLE,REPUBLICA DE CUBA,CALLE,CALLEJON DEL 57,24,NA,PLAZA ALLENDE,PLANTA BAJA,0,NA,COLONIA,CENTRO,CENTRO Y PLAZA COMERCIAL,PLAZA ALLENDE,24,06010,09,Ciudad de México,015,Cuauhtémoc,0001,Cuauhtémoc,0644,020,NA,NA,NA,Fijo,19.43782862,-99.13776209,2024-11
868731,09015722110003003001000000U4,RESTAURANTE LOS ANGELES,NA,722511,Restaurantes con servicio de preparación de alimentos a la carta o de comida corrida,6 a 10 personas,CALLE,QUINTANA ROO,CALLE,ANAHUAC,CALLE,TLACOTALPAN,CALLE,TEHUANTEPEC,64,NA,NA,NA,0,NA,COLONIA,ROMA SUR,NA,NA,NA,06760,09,Ciudad de México,015,Cuauhtémoc,0001,Cuauhtémoc,145A,014,NA,YAYO207@HOTMAIL.COM,NA,Fijo,19.40508543,-99.16648226,2010-07
11818514,09015722511024581000000000U3,RESTAURANTE LOS CARNALES,NA,722511,Restaurantes con servicio de preparación de alimentos a la carta o de comida corrida,0 a 5 personas,EJE VIAL,1 Norte (Mosqueta),EJE VIAL,1 Poniente (Guerrero),CALLE,Zaragoza,CALLE,Moctezuma,216,NA,NA,NA,NA,NA,COLONIA,GUERRERO,NA,NA,NA,NA,09,Ciudad de México,015,Cuauhtémoc,0001,Cuauhtémoc,0502,013,NA,NA,NA,Fijo,19.4453793,-99.1486285,2025-04
863168,09015722219024242000000000U2,RESTAURANTE LOS COLMENEROS,NA,722511,Restaurantes con servicio de preparación de alimentos a la carta o de comida corrida,0 a 5 personas,EJE VIAL,3 SUR AVENIDA BAJA CALIFORNIA,CALLE,VILLAHERMOSA,CALLE,CULIACAN,CALLE,QUINTANA ROO,266,D,NA,NA,302,NA,COLONIA,HIPODROMO,NA,NA,NA,06100,09,Ciudad de México,015,Cuauhtémoc,0001,Cuauhtémoc,1430,006,5571364575,NA,NA,Fijo,19.40567851,-99.17052888,2010-07
1044077,09015722219011031010000000U4,RESTAURANTE LOS COMPADRES,NA,722511,Restaurantes con servicio de preparación de alimentos a la carta o de comida corrida,0 a 5 personas,AVENIDA,FRAY SERVANDO TERESA DE MIER,CALLE,CERRADA FRAY SERVANDO,CALLE,XOCONGO,CALLE,CHIMALPOPOCA,229,NA,NA,NA,3,NA,COLONIA,TRANSITO,NA,NA,NA,06820,09,Ciudad de México,015,Cuauhtémoc,0001,Cuauhtémoc,106A,013,NA,NA,NA,Fijo,19.42361042,-99.13267599,2010-07
885005,09015722511006032000000000U9,RESTAURANTE LOS COMPADRES,JONATHAN GALAOR MONROY VELAZQUEZ S DE RL MI,722511,Restaurantes con servicio de preparación de alimentos a la carta o de comida corrida,6 a 10 personas,CALLE,FRANZ SCHUBERT,EJE VIAL,CENTRAL (LAZARO CARDENAS),CALLE,JUAN SEBASTIAN BACH,CALLE,FRANZ LISZT,165,NA,NA,NA,0,NA,COLONIA,PERALVILLO,NA,NA,NA,06220,09,Ciudad de México,015,Cuauhtémoc,0001,Cuauhtémoc,0019,004,5567929552,NA,NA,Fijo,19.46228098,-99.13729722,2014-12
1029782,09015722219024622000000000U5,RESTAURANTE LOS DORADOS DE DURANGO,DOMINGUEZ RESTAURANTES SA DE CV,722511,Restaurantes con servicio de preparación de alimentos a la carta o de comida corrida,6 a 10 personas,CALLE,MORELIA,CALLE,DURANGO,CALLE,COLIMA,CALLE,FRONTERA,67,A Y B,NA,NA,NA,NA,COLONIA,ROMA,NA,NA,NA,06700,09,Ciudad de México,015,Cuauhtémoc,0001,Cuauhtémoc,1017,005,NA,LOSDORADOSDEDURANGO@YAHOO.COM.MX,WWW.LOSDORADOSDEDURANGO.COM.MX,Fijo,19.42201006,-99.15566984,2010-07
6258626,09015722110006926002000000U3,RESTAURANTE LOS GIRASOLES,OPERADORA DE MARCAS CRASSUS  SA,722511,Restaurantes con servicio de preparación de alimentos a la carta o de comida corrida,11 a 30 personas,CALLE,XICOTENCATL,CALLE,TACUBA,CALLE,DONCELES,CALLE,ALLENDE,3,NA,NA,NA,NA,NA,COLONIA,CENTRO,NA,NA,NA,06010,09,Ciudad de México,015,Cuauhtémoc,0001,Cuauhtémoc,0752,013,NA,ADMON.LOSGIRASOLES@AFOSO.MX,NA,Fijo,19.43603298,-99.13891873,2010-07
10117768,09015722511022141000000000U8,RESTAURANTE LOS GIRASOLES,NA,722511,Restaurantes con servicio de preparación de alimentos a la carta o de comida corrida,0 a 5 personas,AVENIDA,NIÑOS HEROES,CALLE,DOCTOR C. LICEAGA,CALLE,DOCTOR LAVISTA,CALLE,DOCTOR MIGUEL FRANCISCO JIMENEZ,98,NA,NA,NA,NA,NA,COLONIA,DOCTORES,NA,NA,NA,06720,09,Ciudad de México,015,Cuauhtémoc,0001,Cuauhtémoc,1534,009,NA,NA,NA,Fijo,19.42335433,-99.14960639,2024-11
867014,09015722219019781001000000U6,RESTAURANTE LOS GOLOSOS,NA,722511,Restaurantes con servicio de preparación de alimentos a la carta o de comida corrida,11 a 30 personas,CALLE,AMATLAN,AVENIDA,CAMPECHE,AVENIDA,MICHOACAN,CALLE,CUERNAVACA,0,SN,NA,NA,0,NA,COLONIA,CONDESA,NA,NA,NA,06170,09,Ciudad de México,015,Cuauhtémoc,0001,Cuauhtémoc,1318,002,5537062424,YABERHADDAD@YAHOO.COM.MX,NA,Fijo,19.41064316,-99.17621614,2010-07
984213,09015722219002371000000000U5,RESTAURANTE LOS LIONES,NA,722511,Restaurantes con servicio de preparación de alimentos a la carta o de comida corrida,0 a 5 personas,CALLE,GALEANA,EJE VIAL,1 NORTE (MOSQUETA),CALLE,MOCTEZUMA,CALLE,LERDO,114,A,NA,NA,NA,NA,COLONIA,GUERRERO,NA,NA,NA,06300,09,Ciudad de México,015,Cuauhtémoc,0001,Cuauhtémoc,0574,004,NA,NA,NA,Fijo,19.44395594,-99.14120446,2010-07
8337260,09015722511010091000000000U9,RESTAURANTE LOS REYES,NA,722511,Restaurantes con servicio de preparación de alimentos a la carta o de comida corrida,0 a 5 personas,PEATONAL,PLAZA DE LA CONCEPCION,CALLE,BELISARIO DOMINGUEZ,CALLEJON,CALLEJON DE LA CONCEPCION,CALLE,REPUBLICA DE PERU,8,A,NA,NA,0,B,COLONIA,CENTRO,NA,NA,NA,06010,09,Ciudad de México,015,Cuauhtémoc,0001,Cuauhtémoc,0644,021,NA,NA,NA,Fijo,19.43853543,-99.13922272,2019-11
872340,09015722219025982001000000U2,RESTAURANTE LOS TRES CABALLEROS,NA,722511,Restaurantes con servicio de preparación de alimentos a la carta o de comida corrida,0 a 5 personas,EJE VIAL,2 NORTE EULALIA GUZMAN,CALLE,NARANJO,CALLE,SABINO,CALLE,CLAVEL,146,NA,NA,NA,NA,NA,COLONIA,ATLAMPA,NA,NA,NA,06450,09,Ciudad de México,015,Cuauhtémoc,0001,Cuauhtémoc,017A,010,5541484841,NA,NA,Fijo,19.45864726,-99.15766492,2010-07
9671043,09015722511021011000000000U4,RESTAURANTE LOS VALDEPEÑAS,NA,722511,Restaurantes con servicio de preparación de alimentos a la carta o de comida corrida,0 a 5 personas,CALLE,FERNANDO DE ALVA IXTLIXOCHITL,EJE VIAL,CENTRAL (LAZARO CARDENAS),CALLE,JUAN A. DE LA FUENTE,CALLE,LAURA M. DE CUENCA,16,NA,NA,NA,NA,NA,COLONIA,OBRERA,NA,NA,NA,06800,09,Ciudad de México,015,Cuauhtémoc,0001,Cuauhtémoc,1040,006,5521348859,JJ4_M@HOTMAIL.COM,NA,Fijo,19.42024563,-99.14250781,2024-11
1010394,09015722511006771000000000U2,RESTAURANTE LUPBYS,NA,722511,Restaurantes con servicio de preparación de alimentos a la carta o de comida corrida,0 a 5 personas,CALLE,SOR JUANA INES DE LA CRUZ,CALLE,DOCTOR MARIANO AZUELA,CERRADA,SOR JUANA INES DE LA CRUZ,CALLE,AMADO NERVO,60,NA,NA,NA,0,NA,COLONIA,SANTA MARIA LA RIVERA,NA,NA,NA,06400,09,Ciudad de México,015,Cuauhtémoc,0001,Cuauhtémoc,0606,002,5526300481,NA,NA,Fijo,19.4445338,-99.15491351,2014-12
863737,09015722219015491010000000U6,RESTAURANTE LUPITA,NA,722511,Restaurantes con servicio de preparación de alimentos a la carta o de comida corrida,0 a 5 personas,CALLE,ANTONIO M ANZA,CALLE,CORDOBA,CALLE,MERIDA,CALLE,COAHUILA,25,NA,NA,NA,0,NA,COLONIA,ROMA NORTE,NA,NA,NA,06700,09,Ciudad de México,015,Cuauhtémoc,0001,Cuauhtémoc,1110,028,NA,NA,NA,Fijo,19.41179062,-99.15621924,2010-07
863733,09015722219013161010000000U7,RESTAURANTE LYNOS,NA,722511,Restaurantes con servicio de preparación de alimentos a la carta o de comida corrida,6 a 10 personas,CALLE,DOCTOR RAFAEL LUCIO,EJE VIAL,2 SUR (DOCTOR OLVERA),EJE VIAL,2 A SUR (DOCTOR BALMIS),AVENIDA,NIÑOS HEROES,242,NA,NA,NA,NA,NA,COLONIA,DOCTORES,NA,NA,NA,06720,09,Ciudad de México,015,Cuauhtémoc,0001,Cuauhtémoc,1125,012,NA,NA,NA,Fijo,19.41518608,-99.15280824,2010-07
864162,09015722219025032000000000U2,RESTAURANTE MACONDO COMIDA COLOMBIANA,NA,722511,Restaurantes con servicio de preparación de alimentos a la carta o de comida corrida,6 a 10 personas,EJE VIAL,3 PONIENTE MEDELLIN,CALLE,COAHUILA,CALLE,CAMPECHE,EJE VIAL,2 PONIENTE (MONTERREY),226,B,NA,NA,NA,NA,COLONIA,ROMA SUR,NA,NA,NA,06070,09,Ciudad de México,015,Cuauhtémoc,0001,Cuauhtémoc,1360,008,NA,NA,NA,Fijo,19.41038221,-99.16420759,2010-07
9526117,09015722511023544000071703S2,RESTAURANTE MALLORCA,GRUPO PAMA LATAM SA DE CV,722511,Restaurantes con servicio de preparación de alimentos a la carta o de comida corrida,31 a 50 personas,AVENIDA,PASEO DE LA REFORMA,CALLE,RIO GUADALQUIVIR,AVENIDA,PASEO DE LA REFORMA,EJE VIAL,2 PONIENTE (RIO TIBER),365,NA,NA,NA,NA,NA,COLONIA,CUAUHTEMOC,NA,NA,NA,06500,09,Ciudad de México,015,Cuauhtémoc,0001,Cuauhtémoc,0930,003,NA,REFORMA@PASTELERIA-MALLORCA.MX,NA,Fijo,19.42671974,-99.16911658,2024-11
863998,09015722110005814001000000U2,RESTAURANTE MAMA RUMBA,DIENTE DE PERRO S DE RL DE CV,722511,Restaurantes con servicio de preparación de alimentos a la carta o de comida corrida,11 a 30 personas,CALLE,QUERÉTARO,EJE VIAL,2 PONIENTE (MONTERREY),EJE VIAL,3 PONIENTE (MEDELLÍN),CALLE,SAN LUIS POTOSÍ,230,NA,NA,NA,NA,NA,COLONIA,ROMA NORTE,NA,NA,NA,06700,09,Ciudad de México,015,Cuauhtémoc,0001,Cuauhtémoc,1214,014,NA,MAMARUMBA@GMAIL.COM,NA,Fijo,19.41379476,-99.1650158,2010-07
7733484,09015722511011421000000000U7,RESTAURANTE MANDARINO,NA,722511,Restaurantes con servicio de preparación de alimentos a la carta o de comida corrida,0 a 5 personas,CALLE,MANZANA O EDIFICACION CONTIGUA,CALLE,FRANCISCO MARQUEZ,CALLE,VICENTE SUAREZ,CALLE,PACHUCA,NA,SN,NA,NA,NA,NA,COLONIA,CONDESA,NA,NA,NA,06170,09,Ciudad de México,015,Cuauhtémoc,0001,Cuauhtémoc,1303,002,NA,ELMANDARINO@YAHOO.COM,NA,Fijo,19.41206082,-99.17847464,2019-11
872172,09015811121000791000000000U6,RESTAURANTE MANDRAGORA,NA,722511,Restaurantes con servicio de preparación de alimentos a la carta o de comida corrida,0 a 5 personas,CALLE,FRESNO,CALLE,MANUEL CARPIO,CALLE,ELIGIO ANCONA,CALLE,CEDRO,202,E,NA,NA,0,NA,COLONIA,CANTINA LA PERLA,NA,NA,NA,06400,09,Ciudad de México,015,Cuauhtémoc,0001,Cuauhtémoc,0466,001,NA,NA,NA,Fijo,19.451374,-99.16070997,2010-07
11199609,09015722511022491000000000U7,RESTAURANTE MANDRAGORA VEGAN,NA,722511,Restaurantes con servicio de preparación de alimentos a la carta o de comida corrida,0 a 5 personas,CALLE,AGUASCALIENTES,EJE VIAL,3 PONIENTE (MEDELLIN),EJE VIAL,2 PONIENTE (MONTERREY),CALLE,NAYARIT,33,NA,NA,NA,NA,NA,COLONIA,ROMA SUR,NA,NA,NA,06760,09,Ciudad de México,015,Cuauhtémoc,0001,Cuauhtémoc,1360,004,5517830023,NA,NA,Fijo,19.40928871,-99.16223216,2024-11
893293,09015722511001491000000000U2,RESTAURANTE MANHATAN,NA,722511,Restaurantes con servicio de preparación de alimentos a la carta o de comida corrida,0 a 5 personas,CALLE,SANTA MARIA LA RIBERA,CALLE,AMADO NERVO,AVENIDA,RIBERA DE SAN COSME,CALLE,JAIME TORRES BODET,22,NA,PAÑALES Y DESECHABLES,PISO 1,0,A,COLONIA,SANTA MARIALA RIBERA,CENTRAL CAMIONERA,PAÑALES Y DESECHABLES,A,06400,09,Ciudad de México,015,Cuauhtémoc,0001,Cuauhtémoc,0606,012,NA,JUANMG.2014@HOTMAIL.COM,NA,Fijo,19.44241958,-99.15824084,2014-12
10801435,09015722511023452000000000U8,RESTAURANTE MANZO,NA,722511,Restaurantes con servicio de preparación de alimentos a la carta o de comida corrida,6 a 10 personas,CALLE,GUANAJUATO,EJE VIAL,2 PONIENTE (MONTERREY),AVENIDA,INSURGENTES SUR,CALLE,ZACATECAS,224,NA,NA,NA,NA,NA,COLONIA,ROMA NORTE,NA,NA,NA,06700,09,Ciudad de México,015,Cuauhtémoc,0001,Cuauhtémoc,1106,005,NA,NA,NA,Fijo,19.41580305,-99.16419709,2024-11
891622,09015722511002533000000000U0,RESTAURANTE MAPLE,RESTAURANTE MAPLE SA DE CV,722511,Restaurantes con servicio de preparación de alimentos a la carta o de comida corrida,11 a 30 personas,CALLE,REPUBLICA DE URUGUAY,AVENIDA,JOSE MARIA PINO SUAREZ,CALLE,20 DE NOVIEMBRE,CALLE,REPUBLICA DEL SALVADOR,109,NA,NA,NA,0,NA,CIUDAD,CENTRO HISTORICO,NA,NA,NA,06060,09,Ciudad de México,015,Cuauhtémoc,0001,Cuauhtémoc,0818,017,5555227951,RESTAURANTEMAPLE@GMAIL.COM,NA,Fijo,19.42990363,-99.13297283,2014-12
868261,09015722219020241000000000U8,RESTAURANTE MAR Y TIERRA,NA,722511,Restaurantes con servicio de preparación de alimentos a la carta o de comida corrida,0 a 5 personas,CALLE,JOSE JOAQUIN ARRIAGA,CALZADA,SAN ANTONIO ABAD,CALLE,5 DE FEBRERO,CALLE,MANUEL GUTIERREZ NAJERA,69,NA,NA,NA,0,NA,COLONIA,OBRERA,NA,NA,NA,08600,09,Ciudad de México,015,Cuauhtémoc,0001,Cuauhtémoc,1159,003,5568084825,NA,NA,Fijo,19.41575073,-99.13638485,2010-07
10128595,09015722511022343000000000U0,RESTAURANTE MAREA,SURIPERA GASTRONOMIA SA DE CV,722511,Restaurantes con servicio de preparación de alimentos a la carta o de comida corrida,11 a 30 personas,CALLE,TAMPICO,CALLE,SINALOA,CALLE,DURANGO,AVENIDA,VERACRUZ,37,NA,NA,NA,NA,NA,COLONIA,ROMA NORTE,NA,NA,NA,06700,09,Ciudad de México,015,Cuauhtémoc,0001,Cuauhtémoc,1089,013,NA,SURIPERAMAKA@HOTMAIL.COM,NA,Fijo,19.41885679,-99.17503034,2024-11
8385769,09015722511015112000000000U8,RESTAURANTE MARIA CIENTO 38,MARIA LA ITALIANA SA DE CV,722511,Restaurantes con servicio de preparación de alimentos a la carta o de comida corrida,11 a 30 personas,CALLE,SANTA MARIA LA RIBERA,CALLE,SALVADOR DIAZ MIRON,EJE VIAL,1 NORTE (JOSE ANTONIO ALZATE),CALLE,JAIME TORRES BODET,138,NA,NA,NA,138,NA,COLONIA,SANTA MARIA LA RIBERA,NA,NA,NA,06400,09,Ciudad de México,015,Cuauhtémoc,0001,Cuauhtémoc,0485,022,NA,NA,NA,Fijo,19.4480098,-99.15720018,2019-11
893331,09015722511001921000000000U8,RESTAURANTE MARIA CONESA,NA,722511,Restaurantes con servicio de preparación de alimentos a la carta o de comida corrida,0 a 5 personas,CALLE,MIGUEL SCHULTZ,CALLE,ALFONSO HERRERA,AVENIDA,RIBERA DE SAN COSME,CALLE,JOSE ROSAS MORENO,35,NA,NA,NA,0,NA,COLONIA,SAN RAFAEL,NA,NA,NA,06470,09,Ciudad de México,015,Cuauhtémoc,0001,Cuauhtémoc,0697,017,5557053910,NA,NA,Fijo,19.43966543,-99.16026414,2014-12
1011380,09015722219022331001000000U5,RESTAURANTE MARSELLA,NA,722511,Restaurantes con servicio de preparación de alimentos a la carta o de comida corrida,0 a 5 personas,CALLE,SANTA MARIA LA RIBERA,CALLE,RAMON LOPEZ VELARDE,CALLE,AMADO NERVO,CALLE,JAIME TORRES BODET,48,NA,NA,NA,0,NA,COLONIA,SANTA MARIA LA RIVERA,NA,NA,NA,06400,09,Ciudad de México,015,Cuauhtémoc,0001,Cuauhtémoc,0606,013,NA,NA,NA,Fijo,19.44352212,-99.15805824,2010-07
872310,09015722219019241000000000U1,RESTAURANTE MARVIK,NA,722511,Restaurantes con servicio de preparación de alimentos a la carta o de comida corrida,0 a 5 personas,CALLE,MANUEL CARPIO,CALLE,NARANJO,CALLE,SABINO,CALLE,SALVADOR DIAZ MIRON,146,B,NA,NA,0,NA,COLONIA,SANTA MARIA RIVERRA,NA,NA,NA,06400,09,Ciudad de México,015,Cuauhtémoc,0001,Cuauhtémoc,0466,013,NA,NA,NA,Fijo,19.45093047,-99.15928768,2010-07
6257602,09015722511000243000049232S8,RESTAURANTE MATISSE BISTRO,GRUPO RESTAURANTERO MARZA SA DE CV,722511,Restaurantes con servicio de preparación de alimentos a la carta o de comida corrida,11 a 30 personas,AVENIDA,MICHOACAN,CALLE,PARRAL,CALLE,ATLIXCO,CALLE,FERNANDO MONTES DE OCA,93,NA,NA,NA,NA,NA,COLONIA,BUFFALO LUCAS,NA,NA,NA,06170,09,Ciudad de México,015,Cuauhtémoc,0001,Cuauhtémoc,1318,010,NA,NA,WWW.MATISSERESTAURANTE.COM,Fijo,19.41154665,-99.17490535,2014-12
6258321,09015722110006214001049232S4,RESTAURANTE MATISSE CONDESA,GRUPO RESTAURANTERO MARZA SA DE CV,722511,Restaurantes con servicio de preparación de alimentos a la carta o de comida corrida,31 a 50 personas,AVENIDA,AMSTERDAM,AVENIDA,MICHOACAN,CALLE,TEOTIHUACAN,AVENIDA,MEXICO,260,NA,NA,NA,0,NA,COLONIA,HIPODROMO,NA,NA,NA,06100,09,Ciudad de México,015,Cuauhtémoc,0001,Cuauhtémoc,1341,021,NA,MATISSE@MATISSE.COM.MX,NA,Fijo,19.411661,-99.16774788,2010-07
8896618,09015722310000191000000000U6,RESTAURANTE MAXIMO,GASTRONOMICA MAXIMUS SA DE CV,722511,Restaurantes con servicio de preparación de alimentos a la carta o de comida corrida,31 a 50 personas,AVENIDA,ALVARO OBREGON,CALLE,CORDOBA,CALLE,MERIDA,CALLE,TABASCO,61,NA,NA,NA,65,NA,COLONIA,ROMA NORTE,NA,NA,NA,06700,09,Ciudad de México,015,Cuauhtémoc,0001,Cuauhtémoc,1017,028,NA,NA,NA,Fijo,19.41882734,-99.15750478,2019-11
855707,09015722219019871000000000U5,RESTAURANTE MAYER,NA,722511,Restaurantes con servicio de preparación de alimentos a la carta o de comida corrida,0 a 5 personas,OTRO(ESPECIFIQUE),MANZANA O EDIFICACION CONTIGUA,PEATONAL,NINGUNO,PEATONAL,NINGUNO,OTRO(ESPECIFIQUE),MANZANA O EDIFICACION CONTIGUA,304,NA,NA,NA,110,10,UNIDAD HABITACIONAL,NONOALCO TLTELOLCO,NA,NA,NA,06900,09,Ciudad de México,015,Cuauhtémoc,0001,Cuauhtémoc,0269,001,NA,NA,NA,Fijo,19.45442238,-99.14162014,2010-07
953388,09015722219012871000000000U2,RESTAURANTE MERIDA,NA,722511,Restaurantes con servicio de preparación de alimentos a la carta o de comida corrida,0 a 5 personas,CALLE,DOCTOR MIGUEL FRANCISCO JIMENEZ,CALLE,DOCTOR DURAN,CALLE,DOCTOR MARQUEZ,CALLE,CERRADA DOCTOR DURAN,278,NA,NA,NA,0,NA,COLONIA,DOCTORES,NA,NA,NA,06720,09,Ciudad de México,015,Cuauhtémoc,0001,Cuauhtémoc,1233,016,NA,NA,NA,Fijo,19.41137453,-99.15036785,2010-07
6797966,09015722511009163000000000U9,RESTAURANTE MERKAVA,MAZAL TOV RESTAURACION SA DE CV,722511,Restaurantes con servicio de preparación de alimentos a la carta o de comida corrida,11 a 30 personas,AVENIDA,AMSTERDAM,AVENIDA,SONORA,CALLE,HUICHAPAN,AVENIDA,ALVARO OBREGON,53,NA,NA,NA,NA,PB,COLONIA,HIPODROMO,NA,NA,NA,06100,09,Ciudad de México,015,Cuauhtémoc,0001,Cuauhtémoc,120A,012,5550868065,CAJA.MERKAVA@GMAIL.COM,WWW.MERKAVA.MX,Fijo,19.41525251,-99.16931775,2017-11
658055,09015722110004853001000000U1,RESTAURANTE MEROTORO,EL FAUNO GOLOSO S DE RL DE CV,722511,Restaurantes con servicio de preparación de alimentos a la carta o de comida corrida,11 a 30 personas,AVENIDA,AMSTERDAM,CALLE,CHILPANCINGO,AVENIDA,AMSTERDAM,AVENIDA,AMSTERDAM,204,A,NA,NA,NA,NA,COLONIA,HIPODROMO,NA,NA,NA,06100,09,Ciudad de México,015,Cuauhtémoc,0001,Cuauhtémoc,1341,019,NA,INFO@MEROTORO.MX,WWW.MOROTORO.COM,Fijo,19.40969089,-99.16932007,2011-03
8764629,09015722511014011000000000U3,RESTAURANTE METATE,MEMORIAS Y RECETAS S DE RL,722511,Restaurantes con servicio de preparación de alimentos a la carta o de comida corrida,6 a 10 personas,EJE VIAL,2 PONIENTE MONTERREY,EJE VIAL,3 SUR (AVENIDA BAJA CALIFORNIA),CALLE,TEPIC,CALLE,LINARES,314,B,NA,NA,NA,NA,COLONIA,ROMA SUR,NA,NA,NA,06760,09,Ciudad de México,015,Cuauhtémoc,0001,Cuauhtémoc,1375,018,NA,RESTAURANTEMETATE@GMAIL.COM,NA,Fijo,19.40651181,-99.16119047,2019-11
9207759,09015722511016061000000000U6,RESTAURANTE MEXICANO LA VAQUERA,NA,722511,Restaurantes con servicio de preparación de alimentos a la carta o de comida corrida,0 a 5 personas,PEATONAL,REPUBLICA DE HONDURAS,CALLEJON,CALLEJON DE LA AMARGURA,CALLE,ALLENDE,CALLE,REPUBLICA DE ECUADOR,18,NA,NA,NA,0,NA,COLONIA,CENTR0,NA,NA,NA,06010,09,Ciudad de México,015,Cuauhtémoc,0001,Cuauhtémoc,0536,008,5619273242,NA,NA,Fijo,19.44087661,-99.1379671,2019-11
863820,09015722511002811000000000U0,RESTAURANTE MEZON DEL KAJON,NA,722511,Restaurantes con servicio de preparación de alimentos a la carta o de comida corrida,0 a 5 personas,EJE VIAL,2 SUR AVENIDA YUCATAN,CALLE,SAN LUIS POTOSI,EJE VIAL,2 PONIENTE (MONTERREY),CALLE,SAN LUIS POTOSI,89,NA,NA,NA,NA,NA,COLONIA,ROMA NORTE,NA,NA,NA,06700,09,Ciudad de México,015,Cuauhtémoc,0001,Cuauhtémoc,1214,005,5555740930,MEZONDELKAJON@YAHOO.COM.MX,NA,Fijo,19.41386151,-99.16283741,2010-07
857477,09015722219007461001000000U9,RESTAURANTE MI JACALITO,NA,722511,Restaurantes con servicio de preparación de alimentos a la carta o de comida corrida,0 a 5 personas,CALLE,MANUEL CARPIO,CALLE,DOCTOR ATL,CALLE,JAIME TORRES BODET,CALLE,ELIGIO ANCONA,99,NA,PLAZA MORISKO,PLANTA BAJA,10,NA,COLONIA,SANTA MARIA LA RIBERA,EDIFICIO COMERCIAL Y DE SERVICIOS,PLAZA MORISKO,10,06400,09,Ciudad de México,015,Cuauhtémoc,0001,Cuauhtémoc,0485,007,5537269627,NA,NA,Fijo,19.45055115,-99.15635434,2010-07
863707,09015722219027062001000000M1,RESTAURANTE MIGUEL,ALIMENTOS Y PRODUCTOS DEL SAHARA SA DE CV,722511,Restaurantes con servicio de preparación de alimentos a la carta o de comida corrida,11 a 30 personas,CALLE,CORDOBA,CALLE,CHIAPAS,CALLE,COAHUILA,CALLE,MERIDA,226,NA,NA,NA,0,NA,COLONIA,ROMA NORTE,NA,NA,NA,06700,09,Ciudad de México,015,Cuauhtémoc,0001,Cuauhtémoc,1110,021,NA,RESTMIG@PRODIGY.NET.MX,NA,Fijo,19.41253852,-99.15699348,2010-07
865367,09015722518001781011000000U1,RESTAURANTE MILOS,OPERADORA AMSTERDAM 308 SA DE CV,722511,Restaurantes con servicio de preparación de alimentos a la carta o de comida corrida,11 a 30 personas,AVENIDA,AMSTERDAM,CALLE,POPOCATEPETL,CALLE,CELAYA,CALLE,MEXICO,308,NA,NA,NA,0,B,COLONIA,HIPODROMO,NA,NA,NA,06100,09,Ciudad de México,015,Cuauhtémoc,0001,Cuauhtémoc,120A,001,NA,MILOSCAFEBISTROT@GMAIL.COM,NA,Fijo,19.41427278,-99.16686436,2010-07
8326146,09015722511012512000000000U2,RESTAURANTE MIN SOK CHON,NA,722511,Restaurantes con servicio de preparación de alimentos a la carta o de comida corrida,6 a 10 personas,EJE VIAL,2 PONIENTE FLORENCIA,CALLE,LONDRES,CALLE,HAMBURGO,CALLE,VARSOVIA,45,NA,NA,NA,NA,NA,COLONIA,JUAREZ,NA,NA,NA,06600,09,Ciudad de México,015,Cuauhtémoc,0001,Cuauhtémoc,095A,019,NA,NA,NA,Fijo,19.42454635,-99.16647795,2019-11
895813,09015722511005563000000000U4,RESTAURANTE MITHOS,MITHOS ROMA SA DE CV,722511,Restaurantes con servicio de preparación de alimentos a la carta o de comida corrida,11 a 30 personas,AVENIDA,PLAZA VILLA MADRID,AVENIDA,OAXACA,CALLE,MEDELLIN,CALLE,COLIMA,22,NA,NA,NA,1,NA,COLONIA,LA ROMA,NA,NA,NA,06700,09,Ciudad de México,015,Cuauhtémoc,0001,Cuauhtémoc,1093,008,5570959707,NA,WWW.MITHOS.MX,Fijo,19.41945248,-99.16655462,2014-12
11038842,09015722511023131000000000U8,RESTAURANTE MO,NA,722511,Restaurantes con servicio de preparación de alimentos a la carta o de comida corrida,0 a 5 personas,CALLE,ALLENDE,CALLE,REPUBLICA DE CUBA,CALLE,DONCELES,CALLE,CALLEJON DEL 57,14,NA,NA,NA,NA,NA,CIUDAD,CIUDAD DE MEXICO,NA,NA,NA,06010,09,Ciudad de México,015,Cuauhtémoc,0001,Cuauhtémoc,0752,014,NA,NA,NA,Fijo,19.43691636,-99.13792359,2024-11
9276621,09015722511016621000000000U2,RESTAURANTE MOG BISTRO,NIPPONIA SA DE CV,722511,Restaurantes con servicio de preparación de alimentos a la carta o de comida corrida,101 a 250 personas,CALLE,FRONTERA,CALLE,ZACATECAS,CALLE,2 SUR (AVENIDA QUERÉTARO),EJE VIAL,1 PONIENTE (AVENIDA CUAUHTÉMOC),168,NA,NA,NA,NA,A,COLONIA,ROMA NORTE,NA,NA,NA,06700,09,Ciudad de México,015,Cuauhtémoc,0001,Cuauhtémoc,1110,011,NA,MOGBISTRO@GMAIL.COM,NA,Fijo,19.41619654,-99.15509087,2020-11
9995762,09015722511018361000000000U8,RESTAURANTE MOMENTOS,NA,722511,Restaurantes con servicio de preparación de alimentos a la carta o de comida corrida,0 a 5 personas,CALLE,CALLEJON DE LA CANDELARITA,CALLE,ERNESTO PUGIBET,CALLE,MARQUEZ STERLING,AVENIDA,BALDERAS,1,NA,NA,NA,NA,NA,COLONIA,CENTRO,NA,NA,NA,06010,09,Ciudad de México,015,Cuauhtémoc,0001,Cuauhtémoc,0875,029,NA,NA,NA,Fijo,19.4300323,-99.14766034,2024-11
863104,09015722219018701000000000U5,RESTAURANTE MONY,NA,722511,Restaurantes con servicio de preparación de alimentos a la carta o de comida corrida,0 a 5 personas,CALLE,ZACATECAS,CALLE,TONALA,CALLE,JALAPA,CALLE,GUANAJUATO,145,A,NA,NA,0,NA,COLONIA,ROMA NORTE,NA,NA,NA,06700,09,Ciudad de México,015,Cuauhtémoc,0001,Cuauhtémoc,1106,003,5518191694,AMONY.CEVICHERIA@GMAIL.COM,NA,Fijo,19.41553917,-99.16134643,2010-07
8484927,09015722511014202000000000U8,RESTAURANTE MURALLA CHINA,NA,722511,Restaurantes con servicio de preparación de alimentos a la carta o de comida corrida,6 a 10 personas,EJE VIAL,EJE1 NORTE MOSQUETA 259,AVENIDA,INSURGENTES NORTE,ANDADOR,NINGUNO,AVENIDA,INSURGENTES NORTE,259,NA,FORUM BUENAVISTA,PASAJE,NA,FC-18A,COLONIA,BUENAVISTA,CENTRO Y PLAZA COMERCIAL,FORUM BUENAVISTA,F18-A,06350,09,Ciudad de México,015,Cuauhtémoc,0001,Cuauhtémoc,049A,001,NA,LAMURALLACHINABUENAVISTA@GMAIL.COM,NA,Fijo,19.44648674,-99.15244331,2019-11
10253758,09015722511019312000000000U0,RESTAURANTE MUSEO,NA,722511,Restaurantes con servicio de preparación de alimentos a la carta o de comida corrida,6 a 10 personas,CALLE,FRANCISCO I MADERO,CALLE,PALMA,CALLE,MONTE DE PIEDAD,CALLE,5 DE MAYO,74,A,NA,NA,74,A,MANZANA,CENTRO,NA,NA,NA,06000,09,Ciudad de México,015,Cuauhtémoc,0001,Cuauhtémoc,0771,006,5555108609,INFO@MUMEDI.ORG,NA,Fijo,19.43323874,-99.13451708,2024-11
11071392,09015722511022993000000000U2,RESTAURANTE MUX,NA,722511,Restaurantes con servicio de preparación de alimentos a la carta o de comida corrida,11 a 30 personas,EJE VIAL,2 A SUR SAN LUIS POTOSI,CALLE,JALAPA,CALLE,TONALA,EJE VIAL,2 SUR (AVENIDA QUERETARO),121,NA,NA,NA,NA,NA,COLONIA,ROMA NORTE,NA,NA,NA,06700,09,Ciudad de México,015,Cuauhtémoc,0001,Cuauhtémoc,1214,007,5590396990,NA,NA,Fijo,19.4139991,-99.16032833,2024-11
7757075,09015722511014981000000000U7,RESTAURANTE NAINA,NA,722511,Restaurantes con servicio de preparación de alimentos a la carta o de comida corrida,6 a 10 personas,CALLE,REGINA,CALLE,20 DE NOVIEMBRE,AVENIDA,JOSE MARIA PINO SUAREZ,CALLE,SAN JERONIMO,81,NA,NA,NA,0,NA,COLONIA,CENTRO,NA,NA,NA,06500,09,Ciudad de México,015,Cuauhtémoc,0001,Cuauhtémoc,0894,010,NA,NA,NA,Fijo,19.4274045,-99.1336945,2019-11
1030734,09015722110003303000000000U8,RESTAURANTE NANCY,NA,722511,Restaurantes con servicio de preparación de alimentos a la carta o de comida corrida,6 a 10 personas,AVENIDA,CHAPULTEPEC,CALLE,ENRICO MARTINEZ,CALLE,TOLSA,CALLE,TOLSA,29,NA,NA,NA,0,NA,COLONIA,CENTRO,NA,NA,NA,06020,09,Ciudad de México,015,Cuauhtémoc,0001,Cuauhtémoc,0860,011,NA,RESTAURANTENANCY@OUTLOOK.COM,NA,Fijo,19.42698879,-99.14989479,2010-07
871115,09015722219029522000000000U2,RESTAURANTE NATY,NA,722511,Restaurantes con servicio de preparación de alimentos a la carta o de comida corrida,0 a 5 personas,CALLE,JOSE MARIA CORREA,CALLE,JUAN A. MATEOS,EJE VIAL,3 SUR (CALZADA DE CHABACANO),CALLE,MARCOS CARRILLO,15,NA,NA,NA,NA,NA,COLONIA,VISTA ALEGRE,NA,NA,NA,06860,09,Ciudad de México,015,Cuauhtémoc,0001,Cuauhtémoc,1286,013,5557402925,NA,NA,Fijo,19.40947443,-99.13250526,2010-07
658636,09015722110004313000000000U6,RESTAURANTE NONNA,GASTRONOMICA MEZZONOT SA DE CV,722511,Restaurantes con servicio de preparación de alimentos a la carta o de comida corrida,31 a 50 personas,AVENIDA,AMSTERDAM,AVENIDA,MICHOACAN,CALLE,IZTACCIHUATL,AVENIDA,MEXICO,240,NA,NA,NA,NA,NA,COLONIA,HIPODROMO,NA,NA,NA,06100,09,Ciudad de México,015,Cuauhtémoc,0001,Cuauhtémoc,1341,020,NA,NA,WWW.RESTAURANTENONNA.COM,Fijo,19.410681,-99.16813283,2011-03
1020094,09015722110004823000070653S4,RESTAURANTE NOROESTE GRILL REVOLUCION,GASTRONOMICA NG SA DE CV,722511,Restaurantes con servicio de preparación de alimentos a la carta o de comida corrida,31 a 50 personas,CALLE,AVENIDA DE LA REPUBLICA,CALLE,CALLE DE LA REPUBLICA,CALLE,RAMOS ARISPE,CALLE,ALCAZAR,9,NA,AVENIDA DE LA REPUBLICA 9,PLANTA BAJA,NA,NA,COLONIA,TABACALERA,EDIFICIO COMERCIAL Y DE SERVICIOS,AVENIDA DE LA REPUBLICA 9,01,06030,09,Ciudad de México,015,Cuauhtémoc,0001,Cuauhtémoc,0714,006,NA,R394GT@CCONTROL.COM.MX,NORESTEGRILL.COM.MX,Fijo,19.43626534,-99.152838,2010-07
6872056,09015722511009635001059833S6,RESTAURANTE NUEVE,GH OPERACION DE RESTAUARANTES SAPI DE CV,722511,Restaurantes con servicio de preparación de alimentos a la carta o de comida corrida,11 a 30 personas,AVENIDA,ÁLVARO OBREGÓN,CALLE,CÓRDOBA,CALLE,ORIZABA,CALLE,TABASCO,99,NA,NA,NA,NA,NA,COLONIA,ROMA NORTE,NA,NA,NA,06700,09,Ciudad de México,015,Cuauhtémoc,0001,Cuauhtémoc,1002,018,NA,RSANCHEZ.CO@GRUPOHUNAN.COM,NA,Fijo,19.41846252,-99.15937102,2019-04
884911,09015722219023101000000000U1,RESTAURANTE NUEVO TEPATITLAN,NA,722511,Restaurantes con servicio de preparación de alimentos a la carta o de comida corrida,6 a 10 personas,CALLE,ELIGIO ANCONA,CALLE,CEDRO,CALLE,FRESNO,AVENIDA,RICARDO FLORES MAGON,233,NA,NA,NA,NA,NA,COLONIA,SANTA MARIA LA RIBERA,NA,NA,NA,06400,09,Ciudad de México,015,Cuauhtémoc,0001,Cuauhtémoc,0470,015,NA,NUEVOTEPATITLAN@HOTMAIL.COM,NA,Fijo,19.453261,-99.16123698,2010-07
1023940,09015722110002643000000000U8,RESTAURANTE OASIS,NA,722511,Restaurantes con servicio de preparación de alimentos a la carta o de comida corrida,6 a 10 personas,CALLE,PALMA,CALLE,FRANCISCO I. MADERO,CALLE,16 DE SEPTIEMBRE,CALLE,PLAZA DE LA CONSTITUCION,30,NA,PALMA 30,PISO 1,107,NA,COLONIA,CENTRO,EDIFICIO COMERCIAL Y DE SERVICIOS,PALMA 30,107,06000,09,Ciudad de México,015,Cuauhtémoc,0001,Cuauhtémoc,0771,005,5555100283,EV8807@GMAIL.COM,NA,Fijo,19.43275041,-99.13520051,2010-07
7757077,09015722511014992000000000U4,RESTAURANTE OAXAQUEÑO,NA,722511,Restaurantes con servicio de preparación de alimentos a la carta o de comida corrida,11 a 30 personas,CALLE,REGINA,CALLE,20 DE NOVIEMBRE,AVENIDA,JOSE MARIA PINO SUAREZ,CALLE,MESONES,90,F,NA,NA,0,NA,COLONIA,CENTRO,NA,NA,NA,06090,09,Ciudad de México,015,Cuauhtémoc,0001,Cuauhtémoc,0894,009,NA,NA,NA,Fijo,19.4273892,-99.13302544,2019-11
1015591,09015722219015131000000000U8,RESTAURANTE ODRA,NA,722511,Restaurantes con servicio de preparación de alimentos a la carta o de comida corrida,0 a 5 personas,CALLE,RAMOS ARISPE,CALLE,TOMAS ALVA EDISON,CALLE,AVENIDA DE LA REPUBLICA,CALLE,CALLE DE LA REPUBLICA,38,NA,NA,NA,0,NA,COLONIA,TABACALERA,NA,NA,NA,06030,09,Ciudad de México,015,Cuauhtémoc,0001,Cuauhtémoc,0714,006,NA,NA,NA,Fijo,19.43668177,-99.15293311,2010-07
1028160,09015722518000871011000000U1,RESTAURANTE OMANDU,KHAN INTERNATIONAL SA DE CV,722511,Restaurantes con servicio de preparación de alimentos a la carta o de comida corrida,0 a 5 personas,CALLE,ESTOCOLMO,AVENIDA,PASEO DE LA REFORMA,CALLE,HAMBURGO,CALLE,AMBERES,18,A,NA,NA,NA,NA,COLONIA,JUAREZ,NA,NA,NA,06600,09,Ciudad de México,015,Cuauhtémoc,0001,Cuauhtémoc,0945,012,NA,HOLA1004@NOVER.COM,WWW.OMANDU.COM,Fijo,19.42665956,-99.16634829,2010-07
6801139,09015722511009253000000000U8,RESTAURANTE OTTO,NA,722511,Restaurantes con servicio de preparación de alimentos a la carta o de comida corrida,11 a 30 personas,CALLE,RIO NAZAS,CALLE,RIO TIGRIS,CALLE,RIO SENA,CALLE,RIO BALSAS,55,B,NA,NA,NA,NA,COLONIA,CUAUHTEMOC,NA,NA,NA,06500,09,Ciudad de México,015,Cuauhtémoc,0001,Cuauhtémoc,0822,025,5552072036,NA,WWW.RESTAURANTEOTTO.MX,Fijo,19.43224819,-99.16722484,2017-11
10070272,09015722511022863000000000U7,RESTAURANTE OXACOBEO,OXACOBEO SA DE CV,722511,Restaurantes con servicio de preparación de alimentos a la carta o de comida corrida,11 a 30 personas,CALLE,COLIMA,CALLE,ORIZABA,CALLE,JALAPA,CALLE,TABASCO,194,A,NA,NA,NA,NA,COLONIA,ROMA NORTE,NA,NA,NA,06700,09,Ciudad de México,015,Cuauhtémoc,0001,Cuauhtémoc,1002,013,NA,NA,NA,Fijo,19.41950448,-99.16123464,2024-11
10997079,09015722511021342000000000U3,RESTAURANTE PACHUCA,NA,722511,Restaurantes con servicio de preparación de alimentos a la carta o de comida corrida,6 a 10 personas,AVENIDA,NIÑOS HEROES,CALLE,DOCTOR ILDELFONSO VELASCO,CALLE,DOCTOR J. NAVARRO,CALLE,DOCTOR RAFAEL LUCIO,161,B,NA,NA,0,NA,COLONIA,DOCTORES,NA,NA,NA,06720,09,Ciudad de México,015,Cuauhtémoc,0001,Cuauhtémoc,1549,044,NA,NA,NA,Fijo,19.41965406,-99.15043282,2024-11
847590,09015722219028712001000000U0,RESTAURANTE PAD THAI,NA,722511,Restaurantes con servicio de preparación de alimentos a la carta o de comida corrida,6 a 10 personas,AVENIDA,SONORA,CALLE,SINALOA,CALLE,DURANGO,CALLE,ACAPULCO,49,NA,NA,NA,NA,NA,COLONIA,ROMA NORTE,NA,NA,NA,06700,09,Ciudad de México,015,Cuauhtémoc,0001,Cuauhtémoc,1089,005,NA,ELNAR_52710@YAHOO.COM,WWW.PADTHAIMEXICO.COM,Fijo,19.41896603,-99.17250343,2010-07
883834,09015722219031942000000000U8,RESTAURANTE PALMA,NA,722511,Restaurantes con servicio de preparación de alimentos a la carta o de comida corrida,0 a 5 personas,CALLE,LIBERTAD,AVENIDA,PERALVILLO,CALLE,PALMA NORTE,CALLE,JAIME NUNO,112,2,NA,NA,0,NA,COLONIA,MORELOS,NA,NA,NA,06200,09,Ciudad de México,015,Cuauhtémoc,0001,Cuauhtémoc,0540,001,NA,NA,NA,Fijo,19.44423182,-99.13366485,2010-07
894887,09015722511001203000000000U1,RESTAURANTE PANCHOS GYM,NA,722511,Restaurantes con servicio de preparación de alimentos a la carta o de comida corrida,0 a 5 personas,AVENIDA,CHAPULTEPEC,CALLEJON,NINGUNO,AVENIDA,CHAPULTEPEC,CALLE,LIVERPOOL,317,B,NA,NA,8,NA,COLONIA,JUAREZ,NA,NA,NA,06600,09,Ciudad de México,015,Cuauhtémoc,0001,Cuauhtémoc,095A,004,5555253185,NA,NA,Fijo,19.42371192,-99.1638426,2014-12
658850,09015722511007651000000000U3,RESTAURANTE PAPILLON,NA,722511,Restaurantes con servicio de preparación de alimentos a la carta o de comida corrida,0 a 5 personas,CALLE,PRAGA,CALLE,HAMBURGO,CALLE,DRESDE,CALLE,OXFORD,30,NA,NA,NA,0,NA,COLONIA,COLONIA JUAREZ,NA,NA,NA,06600,09,Ciudad de México,015,Cuauhtémoc,0001,Cuauhtémoc,0945,003,NA,NA,NA,Fijo,19.42423755,-99.16948925,2010-07
1017872,09015722219023902001000000S2,RESTAURANTE PARIS,NA,722511,Restaurantes con servicio de preparación de alimentos a la carta o de comida corrida,0 a 5 personas,CALLE,SAN JERONIMO,CALLE,BOLIVAR,CALLE,ISABEL LA CATOLICA,AVENIDA,JOSE MARIA IZAZAGA,31,NA,NA,NA,0,NA,COLONIA,CENTRO,NA,NA,NA,06080,09,Ciudad de México,015,Cuauhtémoc,0001,Cuauhtémoc,088A,012,5531241843,NA,NA,Fijo,19.42708119,-99.13844825,2010-07
8529064,09015722511011652000000000U7,RESTAURANTE PARIS 19 BISTRO,NA,722511,Restaurantes con servicio de preparación de alimentos a la carta o de comida corrida,6 a 10 personas,AVENIDA,PASEO DE LA REFORMA,CALLE,OXFORD,CALLE,VARSOVIA,CALLE,HAMBURGO,382,NA,EDIFICIO VARSOVIA,PLANTA BAJA,368,NA,COLONIA,CUAHUTEMOC,NA,NA,NA,06600,09,Ciudad de México,015,Cuauhtémoc,0001,Cuauhtémoc,0945,001,NA,MIREYA.PARIS16@YAHOO.COM.MX,NA,Fijo,19.42562567,-99.16940055,2019-11
1021002,09015722511000773001000000M4,RESTAURANTE PATA NEGRA,RESTAURANTE PATA NEGRA SA DE CV,722511,Restaurantes con servicio de preparación de alimentos a la carta o de comida corrida,11 a 30 personas,CALLE,RIO NIAGARA,CALLE,RIO LERMA,CALLE,RIO PANUCO,CALLE,RIO NILO,43,NA,NA,NA,NA,NA,COLONIA,CHUAHUTEMOC,NA,NA,NA,06500,09,Ciudad de México,015,Cuauhtémoc,0001,Cuauhtémoc,0926,010,NA,COMPRAS@PATANEGRA.COM.MX,NA,Fijo,19.42868303,-99.17110231,2010-07
9546152,09015722511020062000000000U8,RESTAURANTE PATY,NA,722511,Restaurantes con servicio de preparación de alimentos a la carta o de comida corrida,6 a 10 personas,CALLE,ESTAÑO,CALZADA,CALZADA DE GUADALUPE,CALLE,SAN ANDRES DE LA SIERRA,CALLE,COBRE,7,B,NA,NA,NA,NA,COLONIA,MAZA,NA,NA,NA,06270,09,Ciudad de México,015,Cuauhtémoc,0001,Cuauhtémoc,0165,020,5530178140,NA,NA,Fijo,19.45563723,-99.12834014,2024-11
10844699,09015722511022202000000000U8,RESTAURANTE PEPE,NA,722511,Restaurantes con servicio de preparación de alimentos a la carta o de comida corrida,6 a 10 personas,CALLE,MONEDA,CALLE,CORREO MAYOR,CALLE,ACADEMIA,CALLE,MONEDA,19,NA,PLAZA COMERCIAL MONEDA 19,PISO 1,NA,NA,CIUDAD,CENTRAL,CENTRO Y PLAZA COMERCIAL,PLAZA COMERCIAL MONEDA 19,"110,111",06060,09,Ciudad de México,015,Cuauhtémoc,0001,Cuauhtémoc,0771,012,NA,NA,NA,Fijo,19.43323953,-99.12953047,2024-11
877300,09015722219002361001000000U6,RESTAURANTE PEPES,NA,722511,Restaurantes con servicio de preparación de alimentos a la carta o de comida corrida,0 a 5 personas,AVENIDA,INSURGENTES NORTE,CALLE,SALVADOR DIAZ MIRON,EJE VIAL,1 NORTE (JOSE ANTONIO ALZATE),CALLE,DOCTOR MARIANO AZUELA,240,NA,NA,NA,NA,A,COLONIA,SANTA MARIA LA RIBERA,NA,NA,NA,06400,09,Ciudad de México,015,Cuauhtémoc,0001,Cuauhtémoc,0485,014,NA,NA,NA,Fijo,19.44795896,-99.15309714,2010-07
8327023,09015722511012963000000000S7,RESTAURANTE PERROS Y BURROS,NA,722511,Restaurantes con servicio de preparación de alimentos a la carta o de comida corrida,11 a 30 personas,CALLE,ANTONIO M ANZA,CALLE,TOLUCA,EJE VIAL,1 PONIENTE (AVENIDA CUAUHTEMOC),CALLE,HUATABAMPO,20,NA,NA,NA,4,B,COLONIA,ROMA NORTE,NA,NA,NA,06700,09,Ciudad de México,015,Cuauhtémoc,0001,Cuauhtémoc,138A,002,NA,CUAHUTEMOCPERROSYBURROS@GMAIL.COM,PERROSYBURROS.COM,Fijo,19.41167337,-99.15647025,2019-11
9843929,09015722511020131000000000U1,RESTAURANTE PIDEME COMIDA VENEZOLANA,NA,722511,Restaurantes con servicio de preparación de alimentos a la carta o de comida corrida,0 a 5 personas,CALLE,RIO MARNE,AVENIDA,PASEO DE LA REFORMA,CALLE,RIO LERMA,CALLE,RIO NEVA,5,NA,NA,NA,NA,NA,COLONIA,CUAUHTEMOC,NA,NA,NA,06500,09,Ciudad de México,015,Cuauhtémoc,0001,Cuauhtémoc,0837,004,NA,GNLGUEZDEZ@GMAIL.COM,NA,Fijo,19.43163132,-99.16172267,2024-11
11459806,09015722511019523000000000U2,RESTAURANTE PIGION,OPERADORES DE RESTAURANTES LA BRUJAS SA DE CV,722511,Restaurantes con servicio de preparación de alimentos a la carta o de comida corrida,11 a 30 personas,CALLE,PLAZA RIO DE JANEIRO,CALLE,DURANGO,CERRADA,RIO DE JANEIRO,CALLE,JALAPA,56,NA,NA,NA,NA,NA,COLONIA,ROMA NORTE,NA,NA,NA,06700,09,Ciudad de México,015,Cuauhtémoc,0001,Cuauhtémoc,1002,001,NA,NA,NA,Fijo,19.42107613,-99.16096307,2024-11
1020922,09015722212023021000000000U6,RESTAURANTE PIPIRIN,NA,722511,Restaurantes con servicio de preparación de alimentos a la carta o de comida corrida,0 a 5 personas,CALLE,RIO NAZAS,CALLE,RIO GUADALQUIVIR,CALLE,RIO EBRO,CALLE,RIO BALSAS,149,A,NA,NA,0,NA,COLONIA,CUAUHTEMOC,NA,NA,NA,06500,09,Ciudad de México,015,Cuauhtémoc,0001,Cuauhtémoc,0822,019,5555143849,ISIDOROVRUIZ@GMAIL.COM,NA,Fijo,19.43059207,-99.17079285,2010-07
11585245,09015722412005731000000000U8,RESTAURANTE PLATOS ROTOS,NA,722412,"Bares, cantinas y similares",0 a 5 personas,CALLE,DOCTOR AGUSTIN ANDRADE,AVENIDA,DOCTOR RIO DE LA LOZA,AVENIDA,ARCOS DE BELEN,CALLE,DOCTOR VALENZUELA,18,NA,NA,NA,0,NA,COLONIA,DOCTOR ANDRADE,NA,NA,NA,06720,09,Ciudad de México,015,Cuauhtémoc,0001,Cuauhtémoc,0875,016,NA,NA,NA,Semifijo,19.42570455,-99.14453784,2024-11
888369,09015722511006403000000000U2,RESTAURANTE PRIMER CUADRO,ALIMENTOS EXCLUCIVOS PRIMER CUADRO SA DE CV,722511,Restaurantes con servicio de preparación de alimentos a la carta o de comida corrida,11 a 30 personas,PEATONAL,PLAZA DE LA CONSTITUCION,CALLE,FRANCISCO I. MADERO,CALLE,16 DE SEPTIEMBRE,CALLE,PALMA,13,NA,CENTRO JOYERO ZOCALO,PISO 5,0,NA,COLONIA,CENTRO,EDIFICIO COMERCIAL Y DE SERVICIOS,CENTRO JOYERO ZOCALO,13,06000,09,Ciudad de México,015,Cuauhtémoc,0001,Cuauhtémoc,0771,005,5552020639,FACTURACIONPRIMERCUADRO@GMAIL.COM,NA,Fijo,19.432705,-99.13422092,2014-12
1028601,09015722219024592000000000U0,RESTAURANTE PUNTO Y COMA,NA,722511,Restaurantes con servicio de preparación de alimentos a la carta o de comida corrida,11 a 30 personas,CALLE,PUEBLA,CALLE,JALAPA,CALLE,ORIZABA,CALLE,PUEBLA,135,NA,NA,NA,0,NA,COLONIA,ROMA NORTE,NA,NA,NA,06700,09,Ciudad de México,015,Cuauhtémoc,0001,Cuauhtémoc,1002,008,5534762610,RUBILUI2600@GMAIL.COM,NA,Fijo,19.42273567,-99.16094797,2010-07
11601018,09015722511022261000000000U4,RESTAURANTE QUE CORTE DE JUSTICIA,NA,722511,Restaurantes con servicio de preparación de alimentos a la carta o de comida corrida,0 a 5 personas,OTRO(ESPECIFIQUE),MANZANA O EDIFICACION CONTIGUA,OTRO(ESPECIFIQUE),MANZANA O EDIFICACION CONTIGUA,OTRO(ESPECIFIQUE),MANZANA O EDIFICACION CONTIGUA,OTRO(ESPECIFIQUE),MANZANA O EDIFICACION CONTIGUA,103,NA,ORION,PLANTA BAJA,4,NA,COLONIA,DOCTORES,NA,NA,NA,06720,09,Ciudad de México,015,Cuauhtémoc,0001,Cuauhtémoc,1549,038,5647825586,QCORTEDEJUSTICIA@GMAIL.COM,NA,Fijo,19.42211135,-99.15192843,2024-11
1001679,09015722219028682001000000U5,RESTAURANTE QUE RICO,NA,722511,Restaurantes con servicio de preparación de alimentos a la carta o de comida corrida,6 a 10 personas,CALLE,BELISARIO DOMINGUEZ,CALLE,ALLENDE,CALLE,REPUBLICA DE CHILE,CALLE,REPUBLICA DE CUBA,37,NA,NA,NA,0,A,CIUDAD,CENTRO,NA,NA,NA,06010,09,Ciudad de México,015,Cuauhtémoc,0001,Cuauhtémoc,0644,014,NA,NA,NA,Fijo,19.43811951,-99.1372132,2010-07
10306269,09015722511021504000000000U8,RESTAURANTE QUEENIS,CONSORCIO QUEENS ENTERTEIMENT SA DE CV,722511,Restaurantes con servicio de preparación de alimentos a la carta o de comida corrida,31 a 50 personas,AVENIDA,INSURGENTES SUR,CALLE,DURANGO,CALLE,COLIMA,CALLE,TONALA,210,NA,NA,NA,NA,NA,COLONIA,ROMA NORTE,NA,NA,NA,06700,09,Ciudad de México,015,Cuauhtémoc,0001,Cuauhtémoc,1002,016,NA,QUEENSMEXICOCITY@YAHOO.COM,WWW.QUEENSMEXICOCITY.COM.MX,Fijo,19.4201074,-99.16390594,2024-11
9507328,09015722511018612000000000U4,RESTAURANTE RAMEN HOUSE,DAKSURI RESTAURANTE SA DE CV,722511,Restaurantes con servicio de preparación de alimentos a la carta o de comida corrida,6 a 10 personas,EJE VIAL,2 PONIENTE RIO TIBER,CALLE,RIO NAZAS,CALLE,RIO PANUCO,CALLE,RIO EBRO,71,NA,NA,NA,NA,NA,COLONIA,CUAUHTEMOC,NA,NA,NA,06500,09,Ciudad de México,015,Cuauhtémoc,0001,Cuauhtémoc,0822,005,NA,NA,NA,Fijo,19.43005098,-99.16937245,2024-11
658903,09015722511001133000000000U0,RESTAURANTE REAL DEL BARRO COCINA OAXAQUEÑA Y MEXICANA,ERNESTO FERNANDEZ GUTIERREZ SA DE CV,722511,Restaurantes con servicio de preparación de alimentos a la carta o de comida corrida,11 a 30 personas,CALLE,HAMBURGO,CALLE,VARSOVIA,CALLE,PRAGA,CALLE,LONDRES,222,NA,NA,NA,0,NA,COLONIA,JUAREZ,NA,NA,NA,06600,09,Ciudad de México,015,Cuauhtémoc,0001,Cuauhtémoc,0983,005,NA,NA,WWW.REALDELBARRO.COM.MX,Fijo,19.42417559,-99.16883933,2010-07
8327471,09015722511013392000000000S8,RESTAURANTE REBEL WINGS,REBEL WINGS 2 SA DE CV,722511,Restaurantes con servicio de preparación de alimentos a la carta o de comida corrida,11 a 30 personas,AVENIDA,INSURGENTES SUR,CALLE,COAHUILA,CALLE,CHIAPAS,CALLE,MANZANILLO,366,NA,NA,NA,0,NA,COLONIA,ROMA SUR,NA,NA,NA,06760,09,Ciudad de México,015,Cuauhtémoc,0001,Cuauhtémoc,1356,020,NA,NA,NA,Fijo,19.41082634,-99.16678689,2019-11
847624,09015722219012161000000000U8,RESTAURANTE RICO SAZON,NA,722511,Restaurantes con servicio de preparación de alimentos a la carta o de comida corrida,0 a 5 personas,CALLE,PUEBLA,CALLE,TAMPICO,AVENIDA,VERACRUZ,CALLE,SINALOA,416,B,NA,NA,0,NA,COLONIA,ROMA NORTE,NA,NA,NA,06700,09,Ciudad de México,015,Cuauhtémoc,0001,Cuauhtémoc,1089,014,5552110000,IGVISANCHEZ60@GMAIL.COM,NA,Fijo,19.41967125,-99.17556927,2010-07
1016209,09015722219032813001000000U0,RESTAURANTE RIO DEVA,RESTAURANTE RIO DEVA SA,722511,Restaurantes con servicio de preparación de alimentos a la carta o de comida corrida,6 a 10 personas,CALLE,IGNACIO RAMIREZ,CALLE,PRIVADA VALLARTA,CALLE,AVENIDA DE LA REPUBLICA,CALLE,IGNACIO L. VALLARTA,11,A,NA,NA,0,NA,COLONIA,TABACALERA,NA,NA,NA,06030,09,Ciudad de México,015,Cuauhtémoc,0001,Cuauhtémoc,070A,003,NA,RESTAURANTERIODEVA@HOTMAIL.COM,NA,Fijo,19.4347744,-99.15457557,2010-07
6738605,09015722511008784001000000U3,RESTAURANTE RIOS,PIZZERIA Y CERVECERIA SA DE CV,722511,Restaurantes con servicio de preparación de alimentos a la carta o de comida corrida,31 a 50 personas,CALLE,RIO NILO,CALLE,RIO LERMA,AVENIDA,PASEO DE LA REFORMA,EJE VIAL,3 PONIENTE (RIO MISSISSIPI),71,NA,NA,NA,NA,NA,COLONIA,CUAUHTEMOC,NA,NA,NA,06500,09,Ciudad de México,015,Cuauhtémoc,0001,Cuauhtémoc,0930,005,5552075222,SALONRIOS@GRUPOPATAGONIA.MX,NA,Fijo,19.42723264,-99.17112456,2016-10
896544,09015722219030102000000000U0,RESTAURANTE ROBERTA TRATTORIA,NA,722511,Restaurantes con servicio de preparación de alimentos a la carta o de comida corrida,6 a 10 personas,CALLE,AGUASCALIENTES,AVENIDA,NUEVO LEON,CALLE,CULIACAN,CALLE,TLAXCALA,196,NA,NA,NA,0,NA,COLONIA,HIPODROMO,NA,NA,NA,06100,09,Ciudad de México,015,Cuauhtémoc,0001,Cuauhtémoc,1341,005,5552565086,NA,WWW.CENTANNI.MX,Fijo,19.40729134,-99.17175696,2014-12
866791,09015722110004993000000000U5,RESTAURANTE ROJO BISTROT,OPERADORA BISTROT ROJO SA DE CV,722511,Restaurantes con servicio de preparación de alimentos a la carta o de comida corrida,11 a 30 personas,AVENIDA,AMSTERDAM,AVENIDA,SONORA,CALLE,PARRAS,AVENIDA,NUEVO LEON,71,C,NA,NA,0,NA,COLONIA,HIPODROMO,NA,NA,NA,06100,09,Ciudad de México,015,Cuauhtémoc,0001,Cuauhtémoc,1197,008,NA,ROJOBISTROT@GMAIL.COM,NA,Fijo,19.41462991,-99.16999796,2010-07
659436,09015722110000391001000000U6,RESTAURANTE ROSETTA,REICO ALIMENTOS SA DE CV,722511,Restaurantes con servicio de preparación de alimentos a la carta o de comida corrida,251 y más personas,CALLE,COLIMA,CALLE,JALAPA,CALLE,ORIZABA,CALLE,ORIZABA,166,NA,166,PLANTA BAJA,NA,NA,COLONIA,ROMA NORTE,NA,NA,NA,06700,09,Ciudad de México,015,Cuauhtémoc,0001,Cuauhtémoc,1002,003,NA,NA,WWW.RESTAURANTEROSETTA.COM.MX,Fijo,19.41978854,-99.16051885,2011-03
1028469,09015722219025842000000000U7,RESTAURANTE ROSTI,NA,722511,Restaurantes con servicio de preparación de alimentos a la carta o de comida corrida,6 a 10 personas,CALLE,TOLEDO,CALLE,LONDRES,CALLE,HAMBURGO,EJE VIAL,3 PONIENTE (SEVILLA),44,B,NA,NA,NA,B,COLONIA,JUAREZ,NA,NA,NA,06600,09,Ciudad de México,015,Cuauhtémoc,0001,Cuauhtémoc,0983,004,5583831850,NA,NA,Fijo,19.42205639,-99.17160884,2010-07
1028471,09015722219026182000000000U8,RESTAURANTE SAN FRANCISCO,NA,722511,Restaurantes con servicio de preparación de alimentos a la carta o de comida corrida,11 a 30 personas,CALLE,TOLEDO,CALLE,LONDRES,CALLE,HAMBURGO,EJE VIAL,3 PONIENTE (SEVILLA),42,NA,NA,NA,0,B,COLONIA,JUAREZ,NA,NA,NA,06600,09,Ciudad de México,015,Cuauhtémoc,0001,Cuauhtémoc,0983,004,5555149783,NA,NA,Fijo,19.42212074,-99.17164528,2010-07
9542048,09015722511019111000000000U6,RESTAURANTE SANTAMARIA,NA,722511,Restaurantes con servicio de preparación de alimentos a la carta o de comida corrida,0 a 5 personas,EJE VIAL,CENTRAL LAZARO CARDENAS,CALLE,REPUBLICA DE ECUADOR,PEATONAL,PLAZA GARIBALDI,CALLE,SAN CAMILITO,61,C,NA,NA,NA,NA,COLONIA,CENTRO,NA,NA,NA,06010,09,Ciudad de México,015,Cuauhtémoc,0001,Cuauhtémoc,0536,014,5576616269,NA,NA,Fijo,19.44193919,-99.13949833,2024-11
8385789,09015722511015122000000000U7,RESTAURANTE SANTOS CALDOS,NA,722511,Restaurantes con servicio de preparación de alimentos a la carta o de comida corrida,0 a 5 personas,CALLE,QUINTANA ROO,CALLE,PUERTO MEXICO,CALLE,TLACOTALPAN,CALLE,TEHUANTEPEC,56,E,NA,NA,NA,NA,COLONIA,ROMA SUR,NA,NA,NA,06760,09,Ciudad de México,015,Cuauhtémoc,0001,Cuauhtémoc,145A,007,5534030543,NA,NA,Fijo,19.40515478,-99.16610928,2019-11
857287,09015722219009571000000000U3,RESTAURANTE SAPPARI SUSHI,NA,722511,Restaurantes con servicio de preparación de alimentos a la carta o de comida corrida,0 a 5 personas,AVENIDA,RICARDO FLORES MAGON,EJE VIAL,1 PONIENTE (GUERRERO),CALLE,ZARAGOZA,CALLE,PESADO,130,I,NA,NA,0,I,COLONIA,BUENAVISTA,NA,NA,NA,06350,09,Ciudad de México,015,Cuauhtémoc,0001,Cuauhtémoc,049A,004,5550415218,NA,NA,Fijo,19.45270499,-99.14710439,2010-07
9531719,09015722511024183000000000U8,RESTAURANTE SARDE,ENRIQUE LASCURLAIN LA CASA QUE NO SE CAE SA DE CV,722511,Restaurantes con servicio de preparación de alimentos a la carta o de comida corrida,11 a 30 personas,CALLE,PUEBLA,CALLE,CORDOBA,CALLE,ORIZABA,AVENIDA,CHAPULTEPEC,109,NA,NA,NA,NA,NA,COLONIA,ROMA NORTE,NA,NA,NA,16700,09,Ciudad de México,015,Cuauhtémoc,0001,Cuauhtémoc,1002,009,NA,RSTAURANTE@SARDE.MX,NA,Fijo,19.42296696,-99.15983476,2024-11
9094472,09015722511015522000000000U8,RESTAURANTE SAZON OAXAQUEÑO,NA,722511,Restaurantes con servicio de preparación de alimentos a la carta o de comida corrida,0 a 5 personas,CALLE,VENUSTIANO CARRANZA,CALLE,5 DE FEBRERO,CALLE,ISABEL LA CATOLICA,CALLE,REPUBLICA DE URUGUAY,71,NA,PABELLON V CARRANZA,PLANTA BAJA,21,NA,COLONIA,CENTRO,CENTRO Y PLAZA COMERCIAL,PABELLON V CARRANZA,21,06000,09,Ciudad de México,015,Cuauhtémoc,0001,Cuauhtémoc,0818,010,NA,NA,NA,Fijo,19.43108928,-99.13526896,2019-11
895276,09015722511005613000000000M7,RESTAURANTE SESAME,OPERADORA RESTAURANTERA SESAME SA DE CV,722511,Restaurantes con servicio de preparación de alimentos a la carta o de comida corrida,11 a 30 personas,CALLE,COLIMA,CALLE,JALAPA,CALLE,ORIZABA,CALLE,DURANGO,179,NA,NA,NA,0,NA,COLONIA,ROMA NORTE,NA,NA,NA,06700,09,Ciudad de México,015,Cuauhtémoc,0001,Cuauhtémoc,1002,003,NA,FACTURACION.RESTAURANTE.SESAME@GMAIL.COM,NA,Fijo,19.41972276,-99.16080976,2014-12
1028458,09015722511006191000000000U3,RESTAURANTE SEVILLA,NA,722511,Restaurantes con servicio de preparación de alimentos a la carta o de comida corrida,0 a 5 personas,CALLE,LONDRES,EJE VIAL,3 PONIENTE (SEVILLA),CERRADA,LONDRES,CALLE,HAMBURGO,275,B,NA,NA,NA,NA,COLONIA,JUAREZ,NA,NA,NA,06600,09,Ciudad de México,015,Cuauhtémoc,0001,Cuauhtémoc,0983,004,5548799538,NA,NA,Fijo,19.42221721,-99.17088414,2010-07
866989,09015722219031882001000000U6,RESTAURANTE SHALALA,NA,722511,Restaurantes con servicio de preparación de alimentos a la carta o de comida corrida,11 a 30 personas,CALLE,ATLIXCO,AVENIDA,CAMPECHE,CALLE,VICENTE SUAREZ,AVENIDA,TAMAULIPAS,132,NA,NA,NA,10,NA,COLONIA,CONDESA,NA,NA,NA,06170,09,Ciudad de México,015,Cuauhtémoc,0001,Cuauhtémoc,1318,012,NA,NA,NA,Fijo,19.41046786,-99.17569869,2010-07
11586394,09015722511023061000000000U7,RESTAURANTE SIN NOMBRE,NA,722511,Restaurantes con servicio de preparación de alimentos a la carta o de comida corrida,0 a 5 personas,AVENIDA,JOSE MARIA IZAZAGA,CALLE,BOLIVAR,CALLE,ISABEL LA CATOLICA,CALLE,SAN JERONIMO,52,NA,NA,NA,50,NA,COLONIA,CENTRO,NA,NA,NA,06080,09,Ciudad de México,015,Cuauhtémoc,0001,Cuauhtémoc,088A,012,NA,NA,NA,Fijo,19.42654097,-99.13910914,2024-11
11370331,09015722511019651000000000U1,RESTAURANTE SIN NOMBRE,NA,722511,Restaurantes con servicio de preparación de alimentos a la carta o de comida corrida,0 a 5 personas,CALLE,5 DE FEBRERO,EJE VIAL,3 SUR (JOSE PEON CONTRERAS),CALLE,JUAN HERNANDEZ Y DAVALOS,CALLE,MARCELINO DAVALOS,422,A,NA,NA,NA,NA,COLONIA,ALGARIN,NA,NA,NA,06880,09,Ciudad de México,015,Cuauhtémoc,0001,Cuauhtémoc,1498,022,5596478884,NA,NA,Fijo,19.40738748,-99.13761977,2024-11
11376644,09015722511024111000000000U9,RESTAURANTE SIN NOMBRE,NA,722511,Restaurantes con servicio de preparación de alimentos a la carta o de comida corrida,0 a 5 personas,CALLE,CAMPECHE,CALLE,CHAMPOTON,CALLE,CUYUTLAN,CALLE,AGUASCALIENTES,184,NA,NA,NA,NA,NA,COLONIA,ROMA SUR,NA,NA,NA,06760,09,Ciudad de México,015,Cuauhtémoc,0001,Cuauhtémoc,1356,009,5545078574,NA,NA,Fijo,19.4093695,-99.1665662,2024-11
874758,09015722212003031000000000U9,RESTAURANTE SONNY,NA,722511,Restaurantes con servicio de preparación de alimentos a la carta o de comida corrida,0 a 5 personas,CALLE,SIMON BOLIVAR,EJE VIAL,2 SUR (MANUEL JOSE OTHON),CALLE,ANTONIO GARCIA CUBAS,CALLE,ISABEL LA CATOLICA,310,NA,NA,NA,NA,NA,COLONIA,OBRERA,NA,NA,NA,06800,09,Ciudad de México,015,Cuauhtémoc,0001,Cuauhtémoc,1144,013,5541791367,REST.SONNY@HOTMAIL.COM,NA,Fijo,19.41485646,-99.14098067,2010-07
867220,09015722219029632001000000S9,RESTAURANTE SOUL,RESTAURANTE SOUL TRES SA DE CV,722511,Restaurantes con servicio de preparación de alimentos a la carta o de comida corrida,11 a 30 personas,AVENIDA,MAZATLAN,AVENIDA,MICHOACAN,CALLE,ALFONSO REYES,CALLE,YAUTEPEC,152,NA,NA,NA,2,NA,COLONIA,CUAUHTEMOC,NA,NA,NA,06170,09,Ciudad de México,015,Cuauhtémoc,0001,Cuauhtémoc,1318,023,NA,NA,NA,Fijo,19.41081463,-99.17882077,2010-07
1043033,09015722219031682001000000U0,RESTAURANTE SUPER CHEF,NA,722511,Restaurantes con servicio de preparación de alimentos a la carta o de comida corrida,0 a 5 personas,CALLE,SIMON BOLIVAR,CALLE,CHIMALPOPOCA,CALLE,LUCAS ALAMAN,CALLE,TERCERA CERRADA CHIMALPOPOCA,175,NA,NA,NA,0,NA,COLONIA,OBRERA,NA,NA,NA,06800,09,Ciudad de México,015,Cuauhtémoc,0001,Cuauhtémoc,1040,011,5557619667,NA,NA,Fijo,19.42204255,-99.14014562,2010-07
8326898,09015722511012811000000000U8,RESTAURANTE SURASANG KOREANO,NA,722511,Restaurantes con servicio de preparación de alimentos a la carta o de comida corrida,0 a 5 personas,CALLE,VARSOVIA,CERRADA,VARSOVIA,CALLE,HAMBURGO,CALLE,OXFORD,15,NA,NA,NA,0,NA,COLONIA,CUAHUTEMOC,NA,NA,NA,06600,09,Ciudad de México,015,Cuauhtémoc,0001,Cuauhtémoc,0945,001,5540277137,HX2108@HOTMAIL.COM,NA,Fijo,19.42533321,-99.1685523,2019-11
963095,09015722518000241010000000M7,RESTAURANTE SUSHI YOSHIMANGO,NA,722511,Restaurantes con servicio de preparación de alimentos a la carta o de comida corrida,0 a 5 personas,EJE VIAL,1 NORTE IGNACIO LOPEZ RAYON,CALLE,REPUBLICA DE ARGENTINA,PEATONAL,ECUADOR,CALLE,REPUBLICA DE ECUADOR,123,NA,NA,NA,0,NA,COLONIA,COLONIA CENTRO,NA,NA,NA,06010,09,Ciudad de México,015,Cuauhtémoc,0001,Cuauhtémoc,0540,009,NA,NA,NA,Fijo,19.4431475,-99.13131844,2010-07
887547,09015722511006502000000000M1,RESTAURANTE SUSHIE HOUSE ICHIBAN,NA,722511,Restaurantes con servicio de preparación de alimentos a la carta o de comida corrida,6 a 10 personas,CALLE,5 DE MAYO,CALLE,CONDESA,CALLE,FILOMENO MATA,CALLE,TACUBA,10,B,NA,NA,2,NA,COLONIA,CENTRO,NA,NA,NA,06000,09,Ciudad de México,015,Cuauhtémoc,0001,Cuauhtémoc,0767,007,NA,ZWNCHN08@GMAIL.COM,WWW.ICHIBANSUCHIHOUSE.COM,Fijo,19.43470265,-99.13987331,2014-12
8327121,09015722511013071000000000U8,RESTAURANTE TACOGAME,NA,722511,Restaurantes con servicio de preparación de alimentos a la carta o de comida corrida,0 a 5 personas,EJE VIAL,2 PONIENTE MONTERREY,CALLE,CAMPECHE,CALLE,NAYARIT,CALLE,TONALA,27,NA,NA,NA,NA,NA,COLONIA,ROMA SUR,NA,NA,NA,06760,09,Ciudad de México,015,Cuauhtémoc,0001,Cuauhtémoc,1375,001,NA,TACOGAMEINVERSIONES@GMAIL.COM,WWW.TACOGAME.COM.MX,Fijo,19.40984455,-99.16208737,2019-11
1040491,09015722511000802001000000U1,RESTAURANTE TAKE A WOK,NA,722511,Restaurantes con servicio de preparación de alimentos a la carta o de comida corrida,0 a 5 personas,CALLE,DINAMARCA,CALLE,ROMA,CALLE,HAMBURGO,CALLE,BERLIN,26,NA,NA,NA,NA,NA,COLONIA,JUAREZ,NA,NA,NA,06600,09,Ciudad de México,015,Cuauhtémoc,0001,Cuauhtémoc,0803,003,NA,CONTACTO@TAKEAWOK.COM.MX,WWW.TAKEAWOK.COM.MX,Fijo,19.42892486,-99.15931924,2010-07
865458,09015722511000682000000000U7,RESTAURANTE TANDOOR,RESTAURANTE TANDOOR SA DE CV,722511,Restaurantes con servicio de preparación de alimentos a la carta o de comida corrida,11 a 30 personas,AVENIDA,AMSTERDAM,AVENIDA,SONORA,CALLE,PARRAS,AVENIDA,MEXICO,70,NA,NA,NA,NA,NA,COLONIA,HIPODROMO,NA,NA,NA,06100,09,Ciudad de México,015,Cuauhtémoc,0001,Cuauhtémoc,1197,009,NA,RESTAURANTE_TANDOOR@HOTMAIL.COM,WWW.TANDOOR.MX,Fijo,19.41432166,-99.16993904,2014-12
966958,09015722110005463001000000U8,RESTAURANTE TAURINO EL TAQUITO,NA,722511,Restaurantes con servicio de preparación de alimentos a la carta o de comida corrida,6 a 10 personas,CALLE,CALLE DEL CARMEN,CALLE,REPUBLICA DE BOLIVIA,CALLE,PLAZA DEL ESTUDIANTE,CALLE,GIRON,69,NA,NA,NA,NA,NA,COLONIA,GIRON,NA,NA,NA,06020,09,Ciudad de México,015,Cuauhtémoc,0001,Cuauhtémoc,0659,004,5526167699,ELTAQUITOTAURINO@HOTMAIL.COM,WWW.EL-TAQUITO.COM.MX,Fijo,19.4391948,-99.12903257,2010-07
1021835,09015722511000953000000000U2,RESTAURANTE TEIKIT,KIOTO MAKI SA DE CV,722511,Restaurantes con servicio de preparación de alimentos a la carta o de comida corrida,11 a 30 personas,CALLE,RIO LERMA,CALLE,RIO TIGRIS,CALLE,RIO DANUBIO,CALLE,RIO PANUCO,119,NA,NA,NA,NA,NA,COLONIA,CUAUHTEMOC,NA,NA,NA,06500,09,Ciudad de México,015,Cuauhtémoc,0001,Cuauhtémoc,0822,013,NA,RIOLERMA@TEIKIT.MX,NA,Fijo,19.42941872,-99.16706451,2010-07
10959304,09015722511018591000000000U0,RESTAURANTE TELOTENGO,NA,722511,Restaurantes con servicio de preparación de alimentos a la carta o de comida corrida,0 a 5 personas,CALLE,VARSOVIA,CALLE,LONDRES,CALLE,HAMBURGO,CALLE,PRAGA,35,B,EDIFICIO COMERCIAL Y DE SERVICIOS SIN NOMBRE,PLANTA BAJA,NA,NA,COLONIA,JUAREZ,EDIFICIO COMERCIAL Y DE SERVICIOS,EDIFICIO COMERCIAL Y DE SERVICIOS SIN NOMBRE,SN,06600,09,Ciudad de México,015,Cuauhtémoc,0001,Cuauhtémoc,0983,005,5591387543,NA,NA,Fijo,19.42436454,-99.16802467,2024-11
10457050,09015722511018071000000000U3,RESTAURANTE TERRAZA 31,NA,722511,Restaurantes con servicio de preparación de alimentos a la carta o de comida corrida,0 a 5 personas,CALLE,MINA,CALLE,ZARCO,AVENIDA,PASEO DE LA REFORMA,CALLE,SAN ESMERALDA,94,A,NA,NA,108,NA,COLONIA,GUERRERO,NA,NA,NA,06300,09,Ciudad de México,015,Cuauhtémoc,0001,Cuauhtémoc,0625,001,5525393976,NA,NA,Fijo,19.43933311,-99.14509664,2024-11
10034203,09015722511023002000000000U1,RESTAURANTE TERRAZA XALAPA,NA,722511,Restaurantes con servicio de preparación de alimentos a la carta o de comida corrida,6 a 10 personas,CALLE,JALAPA,EJE VIAL,2 SUR (AVENIDA QUERETARO),EJE VIAL,2A SUR (SAN LUIS POTOSI),CALLE,TONALA,189,NA,CASA JALAPA,PISO 1,3,NA,COLONIA,ROMA NORTE,CENTRO Y PLAZA COMERCIAL,CASA JALAPA,3,06700,09,Ciudad de México,015,Cuauhtémoc,0001,Cuauhtémoc,1214,007,NA,TERRAZAJALAPA189@GMAIL.COM,NA,Fijo,19.41414139,-99.16020885,2024-11
1013868,09015722219023742000000000U2,RESTAURANTE THAI WONG,NA,722511,Restaurantes con servicio de preparación de alimentos a la carta o de comida corrida,0 a 5 personas,EJE VIAL,1 PONIENTE AVENIDA ROSALES,CALLE,TOMAS ALVA EDISON,CALLE,IGNACIO MARISCAL,CALLE,JESUS DE TERAN,19,NA,NA,NA,0,NA,COLONIA,TABACALERA,NA,NA,NA,06030,09,Ciudad de México,015,Cuauhtémoc,0001,Cuauhtémoc,0714,012,NA,VMCHAO@YAHOO.COM.MX,NA,Fijo,19.43654846,-99.14960719,2010-07
988567,09015722219028692001000000U4,RESTAURANTE TIPICO OAXACA EN MEXICO,NA,722511,Restaurantes con servicio de preparación de alimentos a la carta o de comida corrida,6 a 10 personas,CALLE,LUIS MOYA,CALLE,AYUNTAMIENTO,CALLE,VICTORIA,CALLE,REVILLAGIGEDO,59,NA,NA,NA,0,NA,COLONIA,CENTRO,NA,NA,NA,06050,09,Ciudad de México,015,Cuauhtémoc,0001,Cuauhtémoc,0748,022,NA,OAXENMEX@HOTMAIL.COM,NA,Fijo,19.43153938,-99.14542068,2010-07
1013487,09015722110002202000000000U5,RESTAURANTE TIPICO OAXACA EN MEXICO,NA,722511,Restaurantes con servicio de preparación de alimentos a la carta o de comida corrida,0 a 5 personas,CALLE,VIOLETA,EJE VIAL,1 PONIENTE (GUERRERO),CALLE,ZARAGOZA,CALLE,MINA,92,NA,NA,NA,NA,NA,COLONIA,BUENAVISTA,NA,NA,NA,06350,09,Ciudad de México,015,Cuauhtémoc,0001,Cuauhtémoc,0610,004,NA,OAXACAENMEXICO.REST@HOTMAIL.COM,NA,Fijo,19.44165647,-99.14883105,2010-07
989813,09015722219025612001000000U5,RESTAURANTE TLAQUEPAQUE,NA,722511,Restaurantes con servicio de preparación de alimentos a la carta o de comida corrida,6 a 10 personas,CALLE,INDEPENDENCIA,CALLE,LOPEZ,EJE VIAL,CENTRAL (LAZARO CARDENAS),CALLE,ARTICULO 123,4,NA,NA,NA,4,NA,COLONIA,CENTRO,NA,NA,NA,06010,09,Ciudad de México,015,Cuauhtémoc,0001,Cuauhtémoc,0748,014,5555100912,NA,NA,Fijo,19.43278334,-99.14143243,2010-07
7732817,09015722511011162000000000U7,RESTAURANTE TOKIO RYU,NA,722511,Restaurantes con servicio de preparación de alimentos a la carta o de comida corrida,6 a 10 personas,CALLE,TEHUANTEPEC,CALLE,MISANTLA,CALLE,URES,CALLE,BAJIO,56,D,NA,NA,NA,NA,COLONIA,ROMA SUR,NA,NA,NA,06760,09,Ciudad de México,015,Cuauhtémoc,0001,Cuauhtémoc,1479,007,NA,TOKIOCOMIDAJAPONESA@GMAIL.COM,WWW.TOKIORYU.COM,Fijo,19.40561812,-99.15855457,2019-11
10698339,09015722511023251000000000U4,RESTAURANTE TONG FONG,RESTAURANTE TONG FONG SA DE CV,722511,Restaurantes con servicio de preparación de alimentos a la carta o de comida corrida,0 a 5 personas,CALLE,INDEPENDENCIA,CALLE,DOLORES,CALLE,MARROQUI,CALLE,ARTICULO 123,30,NA,NA,NA,NA,NA,COLONIA,CUAUHTEMOC,NA,NA,NA,06050,09,Ciudad de México,015,Cuauhtémoc,0001,Cuauhtémoc,0748,003,5555181083,FACTURAS.HUALAN@GMAIL.COM,NA,Fijo,19.43303309,-99.14315608,2024-11
1043032,09015722219029552000000000U9,RESTAURANTE TOÑO Y JULIO,NA,722511,Restaurantes con servicio de preparación de alimentos a la carta o de comida corrida,0 a 5 personas,CALLE,SIMON BOLIVAR,CALLE,CHIMALPOPOCA,CALLE,LUCAS ALAMAN,CALLE,TERCERA CERRADA CHIMALPOPOCA,173,NA,NA,NA,0,NA,COLONIA,OBRERA,NA,NA,NA,06800,09,Ciudad de México,015,Cuauhtémoc,0001,Cuauhtémoc,1040,011,5565367009,NA,NA,Fijo,19.42213294,-99.14013407,2010-07
887985,09015722511007323000000000S1,RESTAURANTE TORIBIO,MANUEL ARJONILLA ALDAY SA DE CV,722511,Restaurantes con servicio de preparación de alimentos a la carta o de comida corrida,11 a 30 personas,CALLE,BOLIVAR,CALLE,FRANCISCO I. MADERO,CALLE,16 DE SEPTIEMBRE,CALLE,FRAY PEDRO DE GANTE,31,NA,NA,NA,201,A,COLONIA,CENTRO,NA,NA,NA,06000,09,Ciudad de México,015,Cuauhtémoc,0001,Cuauhtémoc,0767,004,5555189565,DONTORIBIO.RESTAURANTE@GMAIL.COM,NA,Fijo,19.43268637,-99.13851648,2014-12
7825081,09015722511011561000000000U0,RESTAURANTE TRATTORIA IL VINAINO,NA,722511,Restaurantes con servicio de preparación de alimentos a la carta o de comida corrida,0 a 5 personas,EJE VIAL,3 PONIENTE MEDELLIN,CALLE,COAHUILA,CALLE,CAMPECHE,EJE VIAL,2 PONIENTE (MONTERREY),226,NA,NA,NA,NA,NA,COLONIA,ROMA SUR,NA,NA,NA,06070,09,Ciudad de México,015,Cuauhtémoc,0001,Cuauhtémoc,1360,008,NA,LUNANDO69@GMAIL.COM,NA,Fijo,19.41037364,-99.16420556,2019-11
7732533,09015722511010943000000000U1,RESTAURANTE TRES TONALA,GRUPO CULTURA Y ENTRETENIMIENTO TONALA SA DE CV,722511,Restaurantes con servicio de preparación de alimentos a la carta o de comida corrida,11 a 30 personas,CALLE,TONALA,AVENIDA,YUCATAN,EJE VIAL,2-A SUR (SAN LUIS POTOSI),AVENIDA,YUCATAN,171,NA,NA,NA,NA,NA,COLONIA,ROMA NORTE,NA,NA,NA,06700,09,Ciudad de México,015,Cuauhtémoc,0001,Cuauhtémoc,1214,001,NA,TONALACAJA@OUTLOOK.COM,NA,Fijo,19.4134853,-99.16157819,2019-11
989342,09015722515000601011000000U8,RESTAURANTE VEGETARIANO,NA,722511,Restaurantes con servicio de preparación de alimentos a la carta o de comida corrida,11 a 30 personas,CALLE,MOTOLINIA,CALLE,FRANCISCO I. MADERO,CALLE,16 DE SEPTIEMBRE,CALLE,BOLIVAR,31,NA,EDIFICIO SIN NOMBRE,PISO 1,6,NA,COLONIA,CENTRO,NA,NA,NA,06000,09,Ciudad de México,015,Cuauhtémoc,0001,Cuauhtémoc,0767,003,NA,RESTAURANTVEGETARIANOMOTOLINIA@GMAIL.COM.MX,WWW.RESTAURANTEVEGETARIANOMOTOLINIA,Fijo,19.43317145,-99.13734943,2010-07
6707443,09015541610002915011000000U8,RESTAURANTE VEGETARIANO ELIHIR,NA,722511,Restaurantes con servicio de preparación de alimentos a la carta o de comida corrida,6 a 10 personas,EJE VIAL,2 PONIENTE MONTERREY,CALLE,COAHUILA,CALLE,CAMPECHE,EJE VIAL,3 PONIENTE (MEDELLIN),241,NA,EDIFICIO SIN NOMBRE,PLANTA BAJA,0,NA,COLONIA,ROMA SUR,NA,NA,NA,06070,09,Ciudad de México,015,Cuauhtémoc,0001,Cuauhtémoc,1360,008,NA,IOVELI_ELIHIR@HOTMAIL.COM,NA,Fijo,19.41066536,-99.16243848,2016-01
11152846,09015722511019992000000000U9,RESTAURANTE VIGNERON,VIGNERON SA DE CV,722511,Restaurantes con servicio de preparación de alimentos a la carta o de comida corrida,6 a 10 personas,CALLE,JALAPA,EJE VIAL,2 SUR (AVENIDA QUERETARO),EJE VIAL,2 A SUR (SAN LUIS POTOSI),CALLE,TONALA,181,NA,NA,NA,NA,NA,COLONIA,ROMA NORTE,NA,NA,NA,06700,09,Ciudad de México,015,Cuauhtémoc,0001,Cuauhtémoc,1214,007,NA,NA,NA,Fijo,19.41464877,-99.16034268,2024-11
896731,09015722511006225001000000U9,RESTAURANTE WICHITOS,NA,722511,Restaurantes con servicio de preparación de alimentos a la carta o de comida corrida,11 a 30 personas,AVENIDA,TAMAULIPAS,CALLE,VICENTE SUAREZ,AVENIDA,CAMPECHE,CALLE,ENSENADA,96,NA,EDIFICIO SIN NOMBRE,PLANTA BAJA,NA,NA,COLONIA,CUAUHTEMOC,NA,NA,NA,06170,09,Ciudad de México,015,Cuauhtémoc,0001,Cuauhtémoc,1337,014,5552117098,ALMACENES@WICHITOS.COM.MX,NA,Fijo,19.41058228,-99.17456971,2014-12
866896,09015722219033293000000000U4,RESTAURANTE XELHA,CORPORACION OGACAR S DE RL DE CV,722511,Restaurantes con servicio de preparación de alimentos a la carta o de comida corrida,11 a 30 personas,AVENIDA,TAMAULIPAS,CALLE,FERNANDO MONTES DE OCA,AVENIDA,MICHOACAN,CALLE,PARRAL,75,NA,NA,NA,0,NA,COLONIA,CUAUHTEMOC,NA,NA,NA,06170,09,Ciudad de México,015,Cuauhtémoc,0001,Cuauhtémoc,1318,022,5555535968,NA,NA,Fijo,19.41162435,-99.17393105,2010-07
1025282,09015722219024802001000000U3,RESTAURANTE Y CAFETERIA DEL RHIN,NA,722511,Restaurantes con servicio de preparación de alimentos a la carta o de comida corrida,6 a 10 personas,AVENIDA,RIO RHIN,CALLE,RIO PANUCO,CALLE,RIO LERMA,CALLE,RIO SENA,49,NA,NA,NA,0,NA,COLONIA,CUAUHTEMOC,NA,NA,NA,06500,09,Ciudad de México,015,Cuauhtémoc,0001,Cuauhtémoc,0790,009,NA,NA,NA,Fijo,19.43143465,-99.16518236,2010-07
986083,09015722219024612000000000U6,RESTAURANTE Y CAFETERIA GLORIA,NA,722511,Restaurantes con servicio de preparación de alimentos a la carta o de comida corrida,6 a 10 personas,CALLE,INDEPENDENCIA,AVENIDA,BALDERAS,CALLE,REVILLAGIGEDO,CALLE,ARTICULO 123,80,NA,NA,NA,0,NA,COLONIA,CUAHUTEMOC,NA,NA,NA,06050,09,Ciudad de México,015,Cuauhtémoc,0001,Cuauhtémoc,0748,025,NA,NA,NA,Fijo,19.43356703,-99.1466702,2010-07
1020141,09015722219020041000000000U2,RESTAURANTE Y CAFETERIA RICES,NA,722511,Restaurantes con servicio de preparación de alimentos a la carta o de comida corrida,0 a 5 personas,CALLE,RIO AMUR,CALLE,JAMES SULLIVAN,CALZADA,MANUEL VILLALONGIN,CALLE,RIO AMOY,16,NA,NA,NA,NA,NA,COLONIA,CUAUHTEMOC,NA,NA,NA,06500,09,Ciudad de México,015,Cuauhtémoc,0001,Cuauhtémoc,0790,015,5555464431,NA,NA,Fijo,19.43487909,-99.1683339,2010-07
1029024,09015722219001701001000000U4,RESTAURANTE YI PIN JU,NA,722511,Restaurantes con servicio de preparación de alimentos a la carta o de comida corrida,6 a 10 personas,CALLE,LONDRES,CALLE,AMBERES,CALLE,GENOVA,CALLE,LIVERPOOL,114,A,NA,NA,114,NA,COLONIA,ZONA ROSA,NA,NA,NA,06600,09,Ciudad de México,015,Cuauhtémoc,0001,Cuauhtémoc,095A,001,NA,NA,NA,Fijo,19.42508413,-99.16454659,2010-07
9134161,09015722511015632000000000U5,RESTAURANTE YOKOHAMA,YOKOHAMA SA DE CV,722511,Restaurantes con servicio de preparación de alimentos a la carta o de comida corrida,0 a 5 personas,CALLE,RIO ELBA,CALLE,RIO ATOYAC,CALLE,RIO LERMA,CALLE,RIO ATOYAC,31,C,EDIFICIO SIN NOMBRE,PLANTA BAJA,NA,E,COLONIA,CUAUHTEMOC,NA,NA,NA,06500,09,Ciudad de México,015,Cuauhtémoc,0001,Cuauhtémoc,0930,015,NA,SZLORETO@GMAIL.COM,SUSHIZENRIOELBA.COM,Fijo,19.42533901,-99.17511244,2019-11
9584622,09015722511020922000000000U3,RESTAURANTE YOUNG BIN KWAN,WOO JUNG S DE RL DE CV,722511,Restaurantes con servicio de preparación de alimentos a la carta o de comida corrida,6 a 10 personas,CALLE,COPENHAGUE,CALLE,OSLO,CALLE,HAMBURGO,CALLE,NIZA,28,NA,NA,NA,NA,NA,COLONIA,JUAREZ,NA,NA,NA,06600,09,Ciudad de México,015,Cuauhtémoc,0001,Cuauhtémoc,0803,012,5580068752,WOOJUNG.FACTURA@GMAIL.COM,WWW.YOUNGBINKWAN.COM,Fijo,19.4270515,-99.16356021,2024-11
1043148,09015722219024572000000000U2,RESTAURANTE ZENTLI,NA,722511,Restaurantes con servicio de preparación de alimentos a la carta o de comida corrida,6 a 10 personas,CALLE,LONDRES,CALLE,DINAMARCA,CALLE,NAPOLES,CALLE,LIVERPOOL,47,F G,NA,NA,NA,NA,COLONIA,JUAREZ,NA,NA,NA,06600,09,Ciudad de México,015,Cuauhtémoc,0001,Cuauhtémoc,0841,001,NA,IVETTEFCTURAS@GMAIL.COM,NA,Fijo,19.42757792,-99.15878334,2010-07
7743523,09015722511012111000000000U3,RESTAURANTE ZONA VEGANA,NA,722511,Restaurantes con servicio de preparación de alimentos a la carta o de comida corrida,0 a 5 personas,EJE VIAL,1 NORTE JOSE ANTONIO ALZATE,CALLE,NOGAL,CALLE,CEDRO,CALLE,SOR JUANA INES DE LA CRUZ,182,NA,NA,NA,0,NA,COLONIA,SANTA MARIA LA RIBERA,NA,NA,NA,06400,09,Ciudad de México,015,Cuauhtémoc,0001,Cuauhtémoc,0555,005,9981256724,NA,NA,Fijo,19.44778472,-99.16278356,2019-11
8949804,09015722511010541000000000U3,RESTAURANTES CON SERVICIO DE PREPARACIÓN DE ALIMENTOS A LA CARTA O DE COMIDA CORRIDA SIN NOMBRE,NA,722511,Restaurantes con servicio de preparación de alimentos a la carta o de comida corrida,0 a 5 personas,CALLE,LONDRES,EJE VIAL,2 PONIENTE (FLORENCIA),CALLE,AMBERES,CALLE,LIVERPOOL,154,NA,MERCADO INSURGENTES,PLANTA BAJA,223,NA,COLONIA,JUAREZ,MERCADO PUBLICO,MERCADO INSURGENTES,223,06600,09,Ciudad de México,015,Cuauhtémoc,0001,Cuauhtémoc,095A,006,5527742409,NA,NA,Fijo,19.42457883,-99.16561745,2019-11
9609562,09015722511023683000000000U8,RESTAURANTES CON SERVICIO DE PREPARACIÓN DE ALIMENTOS A LA CARTA O DE COMIDA CORRIDA SIN NOMBRE,SONIA  SA DE CV,722511,Restaurantes con servicio de preparación de alimentos a la carta o de comida corrida,11 a 30 personas,CALLE,OXFORD,AVENIDA,PASEO DE LA REFORMA,CALLE,DRESDE,CALLE,PRAGA,23,NA,NA,NA,NA,NA,COLONIA,JUAREZ,NA,NA,NA,06600,09,Ciudad de México,015,Cuauhtémoc,0001,Cuauhtémoc,0945,004,NA,NA,NA,Fijo,19.42496731,-99.16937315,2024-11
10812183,09015722511017561000000000U4,RESTAURANTES CON SERVICIO DE PREPARACION DE ALIMENTOS A LA CARTA O DE COMIDA CORRIDA SIN NOMBRE,NA,722511,Restaurantes con servicio de preparación de alimentos a la carta o de comida corrida,0 a 5 personas,CALLE,SINALOA,CALLE,MEDELLIN,CALLE,VALLADOLID,CALLE,MEDELLIN,64,NA,NA,NA,NA,NA,COLONIA,ROMA NORTE,NA,NA,NA,06700,09,Ciudad de México,015,Cuauhtémoc,0001,Cuauhtémoc,0998,004,NA,NA,NA,Fijo,19.42063239,-99.16725701,2024-11
10888236,09015722511019001000000000U9,RESTAURANTES CON SERVICIO DE PREPARACIÓN DE ALIMENTOS A LA CARTA O DE COMIDA CORRIDA SIN NOMBRE,NA,722511,Restaurantes con servicio de preparación de alimentos a la carta o de comida corrida,0 a 5 personas,CALZADA,SAN ANTONIO ABAD,CALLE,JOSE JOAQUIN ARRIAGA,CALLE,MANUEL GUTIERREZ NAJERA,CALLE,5 DE FEBRERO,143,NA,NA,NA,NA,NA,COLONIA,OBRERA,NA,NA,NA,08600,09,Ciudad de México,015,Cuauhtémoc,0001,Cuauhtémoc,1159,003,NA,NA,NA,Fijo,19.41528226,-99.13485643,2024-11
851894,09015722212007101010000000U6,RESTAURANTES DE COMIDA PARA LLEVAR,NA,722511,Restaurantes con servicio de preparación de alimentos a la carta o de comida corrida,0 a 5 personas,CALLE,LUDWING VAN BEETHOVEN,CALLE,ADELINA PATTI,CALLE,RICHARD WAGNER,CALLE,WOLFGANG AMADEUS MOZART,17,NA,MERCADO BETHOVEN,PASILLO,746,NA,COLONIA,PERALVILLO,MERCADO PUBLICO,MERCADO BETHOVEN,746,06220,09,Ciudad de México,015,Cuauhtémoc,0001,Cuauhtémoc,0112,008,NA,NA,NA,Fijo,19.45989847,-99.13011383,2010-07
9202157,09015722511016081000000000U4,RESTAURANTES PACOS,NA,722511,Restaurantes con servicio de preparación de alimentos a la carta o de comida corrida,0 a 5 personas,CALLE,DOCTOR MANUEL CARMONA Y VALLE,AVENIDA,DOCTOR RIO DE LA LOZA,CALLE,DOCTOR LAVISTA,CALLE,DOCTOR RAFAEL LUCIO,36,3,NA,NA,0,NA,COLONIA,DOCTORES,NA,NA,NA,06720,09,Ciudad de México,015,Cuauhtémoc,0001,Cuauhtémoc,1534,006,5591862346,LUSMARIA.FERNANDEZV@HOTMAIL.COM,NA,Fijo,19.42434747,-99.15279727,2019-11
6304343,09015722110005904001002491S1,RESTAURANTES SANBORNS CAFE,ADMINISTRACION INTEGRAL DE ALIMENTOS SA DE CV,722511,Restaurantes con servicio de preparación de alimentos a la carta o de comida corrida,11 a 30 personas,AVENIDA,BALDERAS,AVENIDA,JUÁREZ,CALLE,INDEPENDENCIA,CALLE,AZUETA,36,NA,NA,NA,NA,NA,COLONIA,JUAREZ,NA,NA,NA,06600,09,Ciudad de México,015,Cuauhtémoc,0001,Cuauhtémoc,0748,026,NA,SANBORNS@SANBORNS.COM.MX,NA,Fijo,19.43469167,-99.14726944,2010-07
877398,09015722518004081011000000U3,RESTAURAT D ALFREDO,NA,722511,Restaurantes con servicio de preparación de alimentos a la carta o de comida corrida,0 a 5 personas,EJE VIAL,1 NORTE JOSE ANTONIO ALZATE,CALLE,DOCTOR MARIANO AZUELA,CALLE,DOCTOR ENRIQUE GONZALEZ MARTINEZ,PRIVADA,MARTINEZ,46,NA,NA,NA,NA,NA,COLONIA,SANTA MARIA LA RIBERA,NA,NA,NA,06400,09,Ciudad de México,015,Cuauhtémoc,0001,Cuauhtémoc,0485,018,NA,NA,NA,Fijo,19.44658608,-99.15546235,2010-07
1027985,09015722219025682001000000U8,RESTAURENTE CONTRASTES PLUS,NA,722511,Restaurantes con servicio de preparación de alimentos a la carta o de comida corrida,6 a 10 personas,CALLE,COZUMEL,AVENIDA,CHAPULTEPEC,CALLE,PUEBLA,EJE VIAL,3 PONIENTE (SALAMANCA),6,NA,NA,NA,0,NA,COLONIA,LA ROMA,NA,NA,NA,06700,09,Ciudad de México,015,Cuauhtémoc,0001,Cuauhtémoc,0998,018,5573633035,CONTASTESCOSUMEL@GMAILI.COM,NA,Fijo,19.42124676,-99.17144152,2010-07
9565335,09015722511020082000000000U6,RESTORANES Y BARES CORINTO SA.,RESTORANES Y BARES CORINTO SA. SA DE CV,722511,Restaurantes con servicio de preparación de alimentos a la carta o de comida corrida,6 a 10 personas,CALLE,IGNACIO L VALLARTA,CALLE,PRIVADA VALLARTA,CALLE,MAESTRO ANTONIO CASO,CALLE,IGNACIO RAMIREZ,24,NA,NA,NA,NA,NA,COLONIA,TABACALERA,NA,NA,NA,06030,09,Ciudad de México,015,Cuauhtémoc,0001,Cuauhtémoc,070A,010,NA,NA,NA,Fijo,19.43440535,-99.15563048,2024-11
980782,09015722219024052001000000U5,RESTORANTE OFELIA,NA,722511,Restaurantes con servicio de preparación de alimentos a la carta o de comida corrida,0 a 5 personas,EJE VIAL,1 NORTE IGNACIO LOPEZ RAYON,CALLE,ALLENDE,EJE VIAL,CENTRAL (LAZARO CARDENAS),CALLE,LIBERTAD,26,NA,NA,NA,NA,A,COLONIA,MORELOS,NA,NA,NA,06200,09,Ciudad de México,015,Cuauhtémoc,0001,Cuauhtémoc,0536,005,5541862381,NA,NA,Fijo,19.4439608,-99.13817908,2010-07
8386349,09015722511015181000000000U3,RESTURANTE LUJA,NA,722511,Restaurantes con servicio de preparación de alimentos a la carta o de comida corrida,0 a 5 personas,AVENIDA,OAXACA,AVENIDA,CHAPULTEPEC,CALLE,PUEBLA,CALLE,PUEBLA,25,NA,NA,NA,0,NA,ZONA COMERCIAL,ROMA NORTE,NA,NA,NA,06700,09,Ciudad de México,015,Cuauhtémoc,0001,Cuauhtémoc,0998,011,5550885458,NA,NA,Fijo,19.42237933,-99.16426891,2019-11
1027973,09015722110003833000000000U4,RETAURANT LA LANGOSTA VIEJA,LA LANGOSTA VIEJA SA DE CV,722511,Restaurantes con servicio de preparación de alimentos a la carta o de comida corrida,11 a 30 personas,AVENIDA,CHAPULTEPEC,EJE VIAL,3 PONIENTE (SALAMANCA),CALLE,COZUMEL,CALLE,PUEBLA,464,NA,NA,NA,NA,NA,COLONIA,LA ROMA,NA,NA,NA,06700,09,Ciudad de México,015,Cuauhtémoc,0001,Cuauhtémoc,0998,018,NA,LALANGOSTAVIEJA@HOTMAIL.COM,NA,Fijo,19.42159681,-99.17080931,2010-07
897904,09015722219024222000000000U4,RETAURANTE EL TIO PEDRO,NA,722511,Restaurantes con servicio de preparación de alimentos a la carta o de comida corrida,6 a 10 personas,EJE VIAL,2 SUR DOCTOR OLVERA,CALLE,DOCTOR MANUEL VILLADA,EJE VIAL,1 PONIENTE (AVENIDA CUAUHTEMOC),CALLE,DOCTOR M GARCIA DIEGO,223,NA,NA,NA,NA,NA,COLONIA,DOCTORES,NA,NA,NA,06720,09,Ciudad de México,015,Cuauhtémoc,0001,Cuauhtémoc,1125,006,5555789132,NA,NA,Fijo,19.41598324,-99.15432601,2014-12
7743525,09015722511012122000000000U0,RETAURANTE MI ESPERANZA,NA,722511,Restaurantes con servicio de preparación de alimentos a la carta o de comida corrida,0 a 5 personas,CALLE,CEDRO,EJE VIAL,1 NORTE (JOSE ANTONIO ALZATE),CALLE,SOR JUANA INES DE LA CRUZ,CALLE,NOGAL,102,A,NA,NA,NA,NA,COLONIA,SANTA MARIA LA RIBERA,NA,NA,NA,06400,09,Ciudad de México,015,Cuauhtémoc,0001,Cuauhtémoc,0555,005,NA,NA,NA,Fijo,19.44653051,-99.162876549999993,2019-11
8842073,09015722511010531000000000U4,RETAURANTE RAFA,NA,722511,Restaurantes con servicio de preparación de alimentos a la carta o de comida corrida,0 a 5 personas,CALLE,LORENZO BOTURINI,CALLE,AGUSTIN DELGADO,CALLE,XOCONGO,CALLE,ALFREDO CHAVERO,215,NA,NA,NA,0,NA,COLONIA,TRANSITO,NA,NA,NA,06820,09,Ciudad de México,015,Cuauhtémoc,0001,Cuauhtémoc,1163,011,NA,NA,NA,Fijo,19.41764956,-99.13240035,2019-11
11190516,09015722511017493000000000U0,REVUELTA QH,NA,722511,Restaurantes con servicio de preparación de alimentos a la carta o de comida corrida,11 a 30 personas,CALLE,PUEBLA,CALLE,CORDOBA,CALLE,MERIDA,CALLE,DURANGO,96,A,NA,NA,NA,PISO 2,COLONIA,UNICA NAIL BAR,NA,NA,NA,07700,09,Ciudad de México,015,Cuauhtémoc,0001,Cuauhtémoc,1017,008,NA,NA,NA,Fijo,19.42306022,-99.15884984,2024-11
10375910,09015722511022091000000000U5,RICO MC TACO,NA,722511,Restaurantes con servicio de preparación de alimentos a la carta o de comida corrida,0 a 5 personas,CALLE,COAHUILA,CALLE,MANZANILLO,EJE VIAL,3 PONIENTE (MEDELLIN),CALLE,CAMPECHE,198,NA,NA,NA,NA,NA,COLONIA,CONDESA,NA,NA,NA,06170,09,Ciudad de México,015,Cuauhtémoc,0001,Cuauhtémoc,1356,011,NA,NA,NA,Fijo,19.41065283,-99.16543159,2024-11
11690774,09015722511017651000000000U3,RICO RICO,NA,722511,Restaurantes con servicio de preparación de alimentos a la carta o de comida corrida,0 a 5 personas,CALLE,PLOMO,CALLE,MAPIMI,CALLE,MELLADO,CALLE,PLATINO,43,H,NA,NA,0,H,COLONIA,VALLE GOMEZ,NA,NA,NA,06240,09,Ciudad de México,015,Cuauhtémoc,0001,Cuauhtémoc,0127,003,5544515697,NA,NA,Fijo,19.45760066,-99.12572157,2024-11
971047,09015722219000151001000000U3,RICOS GUISADOS,NA,722511,Restaurantes con servicio de preparación de alimentos a la carta o de comida corrida,6 a 10 personas,CALLE,REPUBLICA DE VENEZUELA,CALLE,CALLE DEL CARMEN,CALLE,RODRIGUEZ PUEBLA,CALLE,REPUBLICA DE COLOMBIA,72,NA,MERCADO ABELARDO L RODRIGUEZ,PLANTA BAJA,71,NA,COLONIA,CENTRO,MERCADO PUBLICO,MERCADO ABELARDO L RODRIGUEZ,L 70-71-96,06010,09,Ciudad de México,015,Cuauhtémoc,0001,Cuauhtémoc,0663,017,5514979679,NA,NA,Fijo,19.4369476,-99.1278763,2010-07
9449283,09015722511017263000003503S7,RINCON AZUL CLINICA LONDRES,OPERADORA DE HOSPITALES ANGELES SA DE CV,722511,Restaurantes con servicio de preparación de alimentos a la carta o de comida corrida,11 a 30 personas,CALLE,DURANGO,CALLE,MÉRIDA,CALLE,CÓRDOBA,CALLE,COLIMA,64,NA,NA,NA,NA,NA,COLONIA,ROMA NORTE,NA,NA,NA,06700,09,Ciudad de México,015,Cuauhtémoc,0001,Cuauhtémoc,1017,007,NA,FISCALGASS@SALUDANGELES.MX,WWW.HOSPITALANGELES.COM,Fijo,19.42151531,-99.15818854,2023-11
9443979,09015722511017273000003503S6,RINCON AZUL METROPOLITANO,OPERADORA DE HOSPITALES ANGELES SA DE CV,722511,Restaurantes con servicio de preparación de alimentos a la carta o de comida corrida,31 a 50 personas,CALLE,TLACOTALPAN,CALLE,TEPIC,CALLE,TLAXCALA,CERRADA,TLAXCALA,59,NA,NA,NA,NA,NA,COLONIA,ROMA SUR,NA,NA,NA,06760,09,Ciudad de México,015,Cuauhtémoc,0001,Cuauhtémoc,1356,017,NA,FISCALGASS@SALUDANGELES.MX,WWW.HOSPITALANGELES.COM,Fijo,19.40680278,-99.16665108,2023-11
1042641,09015722212013851001000000U8,RINCON GALLARDO,NA,722511,Restaurantes con servicio de preparación de alimentos a la carta o de comida corrida,0 a 5 personas,CALLE,TURIN,CALLE,ABRAHAM GONZALEZ,EJE VIAL,1 PONIENTE (AVENIDA BUCARELI),AVENIDA,CHAPULTEPEC,8,NA,MERCADO JUAREZ,PASILLO,NA,NA,COLONIA,JUAREZ,MERCADO PUBLICO,MERCADO JUAREZ,76 77 78 79 80 102,06600,09,Ciudad de México,015,Cuauhtémoc,0001,Cuauhtémoc,0856,019,5636256304,NA,NA,Fijo,19.42649305,-99.15480196,2014-12
9802097,09015722412006151000000000U8,RINCON LATINO,NA,722412,"Bares, cantinas y similares",0 a 5 personas,CALLE,QUERETARO,EJE VIAL,3 PONIENTE (MEDELLIN),EJE VIAL,2 SUR (AVENIDA YUCATAN),CALLE,ZACATECAS,225,NA,MERCADO ROMA,PLANTA BAJA,NA,NA,COLONIA,ROMA NORTE,CENTRO Y PLAZA COMERCIAL,MERCADO ROMA,32,06700,09,Ciudad de México,015,Cuauhtémoc,0001,Cuauhtémoc,1214,015,5567132675,NA,NA,Fijo,19.4140631,-99.16441382,2024-11
1029377,09015722511002222001000000U0,RINCONCITO DE LA ROMA,NA,722511,Restaurantes con servicio de preparación de alimentos a la carta o de comida corrida,0 a 5 personas,CALLE,TABASCO,CALLE,MEDELLIN,CALLE,VALLADOLID,CALLE,COLIMA,313,NA,NA,NA,0,NA,COLONIA,ROMA NORTE,NA,NA,NA,06700,09,Ciudad de México,015,Cuauhtémoc,0001,Cuauhtémoc,1093,002,NA,NA,NA,Fijo,19.41759299,-99.16725483,2010-07
7743906,09015722511012281000000000U4,ROBERTINA COMIDA CORRIDA Y ANTOJITOS,NA,722511,Restaurantes con servicio de preparación de alimentos a la carta o de comida corrida,0 a 5 personas,AVENIDA,RICARDO FLORES MAGON,CALLE,LAUREL,CALLE,SABINO,CALLE,ELIGIO ANCONA,436,4,NA,NA,0,NA,COLONIA,SANTA MARIA LA RIBERA,NA,NA,NA,06400,09,Ciudad de México,015,Cuauhtémoc,0001,Cuauhtémoc,0470,009,NA,RESTAURANTEROBERTINA@GMAIL.COM,NA,Fijo,19.45496722,-99.15901247,2019-11
882026,09015722511002191001000000U7,ROKAI,ROKAI MEYIMUSEO SA DE CV,722511,Restaurantes con servicio de preparación de alimentos a la carta o de comida corrida,6 a 10 personas,CALLE,RIO EBRO,CALLE,RIO LERMA,CALLE,RIO PANUCO,CALLE,RIO GUADALQUIVIR,89,NA,NA,NA,NA,NA,COLONIA,CUAUHTEMOC,NA,NA,NA,06500,09,Ciudad de México,015,Cuauhtémoc,0001,Cuauhtémoc,0822,017,NA,GERENCIAROKAI@EDOKOBAYASHI.COM,NA,Fijo,19.42860165,-99.1694026,2014-12
6803349,09015722511009294001000000U2,ROKAI RAMEN,ROKAI MEYIMUSEO  SA DE CV,722511,Restaurantes con servicio de preparación de alimentos a la carta o de comida corrida,11 a 30 personas,CALLE,RIO EBRO,CALLE,RIO LERMA,CALLE,RIO PANUCO,CALLE,RIO GUADALQUIVIR,89,NA,NA,NA,NA,NA,COLONIA,CUAUHTEMOC,NA,NA,NA,06500,09,Ciudad de México,015,Cuauhtémoc,0001,Cuauhtémoc,0822,017,NA,GERENCIAROKAI@EDOKOYASHI.COM,NA,Fijo,19.42860165,-99.1694026,2017-11
8859089,09015722511014472000000000U7,ROLDAN 37,NA,722511,Restaurantes con servicio de preparación de alimentos a la carta o de comida corrida,0 a 5 personas,CALLE,COZUMEL,CALLE,PUEBLA,CALLE,SINALOA,EJE VIAL,3 PONIENTE (SALAMANCA),326,NA,NA,NA,22,NA,COLONIA,ROMA NOTRTE,NA,NA,NA,06700,09,Ciudad de México,015,Cuauhtémoc,0001,Cuauhtémoc,0998,017,NA,NA,NA,Fijo,19.42026385,-99.1711926,2019-11
1000117,09015722110001211001000000U5,ROLDAN 37. COCINA DE LA MERCED,NA,722511,Restaurantes con servicio de preparación de alimentos a la carta o de comida corrida,6 a 10 personas,CALLE,ROLDAN,CALLE,REPUBLICA DE URUGUAY,CALLE,REPUBLICA DEL SALVADOR,CALLE,TALAVERA,37,NA,NA,NA,0,NA,COLONIA,CENTRO,NA,NA,NA,06090,09,Ciudad de México,015,Cuauhtémoc,0001,Cuauhtémoc,0911,009,NA,GERENCIAROLDAN37@OUTLOOL.COM,NA,Fijo,19.42862679,-99.12701634,2010-07
11035317,09015722511022941000000000U1,ROMAQUIL,NA,722511,Restaurantes con servicio de preparación de alimentos a la carta o de comida corrida,0 a 5 personas,CALLE,JALAPA,EJE VIAL,2 SUR (AVENIDA QUERETARO),EJE VIAL,2A SUR (SAN LUIS POTOSI),CALLE,ORIZABA,184,B,116C,PLANTA BAJA,116,C,COLONIA,ROMA NORTE,NA,NA,NA,06700,09,Ciudad de México,015,Cuauhtémoc,0001,Cuauhtémoc,1214,008,NA,ROMAQUILROMA@GMAIL.COM,NA,Fijo,19.41445758,-99.16018516,2024-11
11419573,09015722511022273000000000U9,ROSELLE,ROMA LOCAL SA DE CV,722511,Restaurantes con servicio de preparación de alimentos a la carta o de comida corrida,11 a 30 personas,CALLE,CHIAPAS,EJE VIAL,2 PONIENTE (MONTERREY),CALLE,TONALA,CALLE,TAPACHULA,122,NA,NA,NA,NA,NA,COLONIA,ROMA SUR,NA,NA,NA,06760,09,Ciudad de México,015,Cuauhtémoc,0001,Cuauhtémoc,1375,016,5614479737,NA,NA,Fijo,19.41243973,-99.16171713,2024-11
11670692,09015722511022844000000000U7,ROSETTA RESTAURANT,ROSETTA RESTAURANT SA DE CV,722511,Restaurantes con servicio de preparación de alimentos a la carta o de comida corrida,31 a 50 personas,CALLE,COLIMA,CALLE,ORIZABA,CALLE,CORDOBA,CALLE,TABASCO,166,NA,NA,NA,NA,NA,COLONIA,ROMA NORTE,NA,NA,NA,06700,09,Ciudad de México,015,Cuauhtémoc,0001,Cuauhtémoc,1002,012,NA,NA,NA,Fijo,19.41980565,-99.15990075,2024-11
1040413,09015722219024132000000000U5,ROUGE BOHEME,GYPSY GOURMET RESTAURANTE SA DE CV,722511,Restaurantes con servicio de preparación de alimentos a la carta o de comida corrida,6 a 10 personas,CALLE,COPENHAGUE,AVENIDA,PASEO DE LA REFORMA,CALLE,HAMBURGO,CALLE,GENOVA,29,NA,NA,NA,NA,NA,COLONIA,JUAREZ,NA,NA,NA,06600,09,Ciudad de México,015,Cuauhtémoc,0001,Cuauhtémoc,0803,015,NA,ROUGEBOHEMEBISTRO@GMAIL.COM,NA,Fijo,19.42707369,-99.16366067,2010-07
11549347,09015722412006041000000000U1,RUMBLE BURGER,NA,722412,"Bares, cantinas y similares",0 a 5 personas,CALLE,DOCTOR LAVISTA,CALLE,DOCTOR MANUEL CARMONA Y VALLE,CALLE,DOCTOR RAFAEL LUCIO,CALLE,CLAUDIO BERNARD,192,NA,ESTACION ATM A TODA MAQUINA,PISO 1,8,NA,COLONIA,DOCTORES,PASAJE Y ANDADOR COMERCIAL,ESTACION ATM A TODA MAQUINA,8,06720,09,Ciudad de México,015,Cuauhtémoc,0001,Cuauhtémoc,1534,005,NA,NA,NA,Fijo,19.4240597,-99.15223743,2024-11
11613979,09015722511019191000000000U8,RUTA 57 RESTAURANTE,NA,722511,Restaurantes con servicio de preparación de alimentos a la carta o de comida corrida,0 a 5 personas,CALLE,REPUBLICA DE CUBA,EJE VIAL,CENTRAL (LAZARO CARDENAS),CALLE,CALLEJON DEL 57,CALLE,BELISARIO DOMINGUEZ,14,C,NA,NA,NA,NA,COLONIA,GUERRERO,NA,NA,NA,06300,09,Ciudad de México,015,Cuauhtémoc,0001,Cuauhtémoc,0644,025,NA,NA,NA,Fijo,19.43762668,-99.13922904,2024-11
9852854,09015722511019851000000000U7,SABANA GRANDE FOOD,NA,722511,Restaurantes con servicio de preparación de alimentos a la carta o de comida corrida,0 a 5 personas,CALLE,VERSALLES,CALLE,BARCELONA,CALLE,TURIN,CALLE,ABRAHAM GONZALEZ,88,NA,NA,NA,12,NA,COLONIA,JUAREZ,NA,NA,NA,06600,09,Ciudad de México,015,Cuauhtémoc,0001,Cuauhtémoc,0856,014,5515191485,NA,NA,Fijo,19.42744599,-99.15567893,2024-11
1045441,09015722511003802000000000U8,SABINO 208,NA,722511,Restaurantes con servicio de preparación de alimentos a la carta o de comida corrida,6 a 10 personas,CALLE,SABINO,CALLE,ELIGIO ANCONA,CALLE,MANUEL CARPIO,CALLE,FRESNO,208,B1,NA,NA,0,NA,COLONIA,SANTA MARIA LA RIVERA,NA,NA,NA,06400,09,Ciudad de México,015,Cuauhtémoc,0001,Cuauhtémoc,0466,002,5574366892,NA,NA,Fijo,19.45155116,-99.15953088,2010-07
895478,09015722511001861001000000U6,SABOR DE HOGAR SANTA CECILIA,NA,722511,Restaurantes con servicio de preparación de alimentos a la carta o de comida corrida,6 a 10 personas,CALLE,COPENHAGUE,AVENIDA,PASEO DE LA REFORMA,CALLE,OSLO,CALLE,NIZA,2,A,NA,NA,0,NA,COLONIA,JUAREZ,NA,NA,NA,06600,09,Ciudad de México,015,Cuauhtémoc,0001,Cuauhtémoc,0803,013,NA,NA,NA,Fijo,19.42797288,-99.16408456,2014-12
10139772,09015722511018131000000000U5,SABOR INKA,NA,722511,Restaurantes con servicio de preparación de alimentos a la carta o de comida corrida,0 a 5 personas,CALLE,REPUBLICA DEL SALVADOR,CALLE,ISABEL LA CATOLICA,CALLE,5 DE FEBRERO,CALLE,REPUBLICA DE URUGUAY,80,NA,PLAZA DEL ARTESANO,PISO 1,NA,SN,COLONIA,CENTRO,CENTRO Y PLAZA COMERCIAL,PLAZA DEL ARTESANO,SN,06000,09,Ciudad de México,015,Cuauhtémoc,0001,Cuauhtémoc,0818,011,NA,NA,NA,Fijo,19.42956941,-99.13588361,2024-11
8327424,09015722511013341000000000U5,SABORES QUE NUTREN,NA,722511,Restaurantes con servicio de preparación de alimentos a la carta o de comida corrida,0 a 5 personas,CALLE,FERNANDO MONTES DE OCA,CALLE,JOJUTLA,CALLE,CUERNAVACA,CALLE,VICENTE SUAREZ,64,A,NA,NA,0,NA,COLONIA,CONDESA,NA,NA,NA,06170,09,Ciudad de México,015,Cuauhtémoc,0001,Cuauhtémoc,1318,007,NA,NA,NA,Fijo,19.4132626,-99.1755929,2019-11
11834878,09015722511024801000000000U5,SAIKO SUSHI,NA,722511,Restaurantes con servicio de preparación de alimentos a la carta o de comida corrida,0 a 5 personas,AVENIDA,Sonora,AVENIDA,México,CALLE,Ninguno,CALLE,México,164,B,NA,NA,NA,NA,COLONIA,HIPODROMO,NA,NA,NA,06100,09,Ciudad de México,015,Cuauhtémoc,0001,Cuauhtémoc,120A,005,NA,SAIKOCONDESA@GMAIL.COM,NA,Fijo,19.41413402,-99.1686253,2025-04
847484,09015722219008961000000000U7,SAKANAYA JAMES,MARUTSU  SA DE CV,722511,Restaurantes con servicio de preparación de alimentos a la carta o de comida corrida,6 a 10 personas,AVENIDA,CHAPULTEPEC,CALLE,COZUMEL,CALLE,GUADALAJARA,CALLE,PUEBLA,482,A,NA,NA,0,NA,COLONIA,ROMA NORTE,NA,NA,NA,06700,09,Ciudad de México,015,Cuauhtémoc,0001,Cuauhtémoc,1089,012,NA,SAKANAYAJAMES@GMAIL.COM,NA,Fijo,19.42136206,-99.17186462,2010-07
10514311,09015722511017552000000000U3,SAKURA,NA,722511,Restaurantes con servicio de preparación de alimentos a la carta o de comida corrida,6 a 10 personas,EJE VIAL,CENTRAL LAZARO CARDENAS,CALLE,INDEPENDENCIA,AVENIDA,JUAREZ,CALLE,LOPEZ,11,NA,FAN CENTER,PISO 5,519,NA,COLONIA,CENTRO,CENTRO Y PLAZA COMERCIAL,FAN CENTER,519,06000,09,Ciudad de México,015,Cuauhtémoc,0001,Cuauhtémoc,0748,013,5571376788,NA,NA,Fijo,19.433604,-99.14105481,2024-11
872171,09015722412002273001000000U4,SALON BAR PUEBLA,GASTRO ALIMENTOS BEBIDAS Y DERIVADOS SA DE CV,722412,"Bares, cantinas y similares",11 a 30 personas,CALLE,FRESNO,CALLE,MANUEL CARPIO,CALLE,ELIGIO ANCONA,CALLE,CEDRO,0,SN,NA,NA,1,NA,COLONIA,CANTINA LA PERLA,NA,NA,NA,06400,09,Ciudad de México,015,Cuauhtémoc,0001,Cuauhtémoc,0466,001,5566507260,GASTROALIMENTOSMAJI@YAHOO.COM.MX,NA,Fijo,19.45290931,-99.16042966,2010-07
1016236,09015722412000721000000000U4,SALON CANTINA ISABEL,NA,722412,"Bares, cantinas y similares",0 a 5 personas,CALLE,MAESTRO ANTONIO CASO,CALLE,PARIS,CALLE,MADRID,CALLE,MADRID,44,NA,NA,NA,0,NA,COLONIA,TABACALERA,NA,NA,NA,06030,09,Ciudad de México,015,Cuauhtémoc,0001,Cuauhtémoc,070A,013,NA,NA,NA,Fijo,19.43420814,-99.15746945,2010-07
8368396,09015722511009862000000000U6,SALON COHIBA,COGART SA DE CV,722511,Restaurantes con servicio de preparación de alimentos a la carta o de comida corrida,0 a 5 personas,CALLE,DOCTOR RAFAEL LUCIO,CALLE,DOCTOR ILDELFONSO VELASCO,CALLE,DOCTOR IGNACIO ERAZO,CALLE,DOCTOR MANUEL CARMONA Y VALLE,162,NA,NA,NA,0,NA,COLONIA,DOCTORES,NA,NA,NA,06720,09,Ciudad de México,015,Cuauhtémoc,0001,Cuauhtémoc,1125,016,5514691672,COGART45@HOTMAIL.COM,NA,Fijo,19.41934684,-99.15238992,2019-11
989358,09015722110005864001000000S7,SALON CORONA,OPERADORA DE RESTAURANTES Y BARES CORINTO SA DE CV,722511,Restaurantes con servicio de preparación de alimentos a la carta o de comida corrida,31 a 50 personas,CALLE,BOLIVAR,CALLE,FRANCISCO I. MADERO,CALLE,16 DE SEPTIEMBRE,CALLE,MOTOLINIA,24,NA,NA,NA,NA,NA,COLONIA,CENTRO,NA,NA,NA,06000,09,Ciudad de México,015,Cuauhtémoc,0001,Cuauhtémoc,0767,003,5555125725,CORONABOLIVAR1928@GMAIL.COM,WWW.SALONCORONA.COM,Fijo,19.43350613,-99.1382771,2010-07
989797,09015722110002933001000000U3,SALON CORONA,INMOBILIARIA MOREIGLAS SA DE CV,722511,Restaurantes con servicio de preparación de alimentos a la carta o de comida corrida,51 a 100 personas,CALLE,FILOMENO MATA,CALLE,5 DE MAYO,CALLE,FRANCISCO I. MADERO,CALLE,BOLÍVAR,18,J,NA,NA,NA,NA,COLONIA,CENTRO,NA,NA,NA,06000,09,Ciudad de México,015,Cuauhtémoc,0001,Cuauhtémoc,0767,001,NA,SALONCORONAFILOMENO@GMAIL.COM,NA,Fijo,19.43430488,-99.13927656,2010-07
8529300,09015722511011723000000000S6,SALON CORONA MADERO,SE VE SE SIENTE LA 6 ESTA PRESENTE SA DE CV,722511,Restaurantes con servicio de preparación de alimentos a la carta o de comida corrida,11 a 30 personas,CALLE,FRANCISCO I MADERO,EJE VIAL,CENTRAL (LAZARO CARDENAS),CALLE,FRAY PEDRO DE GANTE,CALLE,16 DE SEPTIEMBRE,13,NA,13,PLANTA BAJA,NA,NA,COLONIA,CENTRO,NA,NA,NA,06000,09,Ciudad de México,015,Cuauhtémoc,0001,Cuauhtémoc,0767,005,NA,NA,NA,Fijo,19.43389502,-99.13979461,2019-11
865235,09015722219032082000000000U2,SALON FAMILIAR ANAHUAC,NA,722511,Restaurantes con servicio de preparación de alimentos a la carta o de comida corrida,6 a 10 personas,CALLE,ZARCO,CALLE,CAMELIA,CALLE,DEGOLLADO,CALLE,HEROES,154,NA,NA,NA,0,C,COLONIA,GUERRERO,NA,NA,NA,06300,09,Ciudad de México,015,Cuauhtémoc,0001,Cuauhtémoc,056A,008,NA,NA,NA,Fijo,19.44643581,-99.14486907,2010-07
865729,09015722412003321010000000U0,SALON LA TEXANA,NA,722511,Restaurantes con servicio de preparación de alimentos a la carta o de comida corrida,0 a 5 personas,CALLE,DEGOLLADO,CALLE,SOTO,CALLE,ZARCO,CALLE,CAMELIA,101,NA,NA,NA,NA,A B,COLONIA,GUERRERO,NA,NA,NA,06300,09,Ciudad de México,015,Cuauhtémoc,0001,Cuauhtémoc,056A,009,5522764220,NA,NA,Fijo,19.44554077,-99.14375309,2010-07
980977,09015722110005644001000000U3,SALON TENAMPA INTERNACIONAL,TENAMPA INTERNACIONAL SA,722511,Restaurantes con servicio de preparación de alimentos a la carta o de comida corrida,51 a 100 personas,PEATONAL,REPÚBLICA DE HONDURAS,EJE VIAL,EJE CENTRAL LAZARO CARDENAS,CALLE,IGNACIO ALLENDE,CALLE,REPUBLICA DE ECUADOR,12,NA,NA,NA,NA,NA,COLONIA,CENTRO,NA,NA,NA,06010,09,Ciudad de México,015,Cuauhtémoc,0001,Cuauhtémoc,0536,008,NA,ISAIAS@INFINITUM.COM.MX,WWW.SALONTENAMPA.COM.MX,Fijo,19.44086657,-99.13778109,2010-07
1017519,09015722219033273001000000U6,SALON VERACRUZ,COSME RESTAURANTE SA DE CV,722511,Restaurantes con servicio de preparación de alimentos a la carta o de comida corrida,11 a 30 personas,CALLE,SERAPIO RENDON,AVENIDA,RIBERA DE SAN COSME,CALLE,TOMAS ALVA EDISON,CALLE,ANTONIO DEL CASTILLO,12,NA,NA,NA,NA,C,COLONIA,SAN RAFAEL,NA,NA,NA,06470,09,Ciudad de México,015,Cuauhtémoc,0001,Cuauhtémoc,0697,008,NA,NA,NA,Fijo,19.44052313,-99.15865008,2010-07
8530208,09015531113001001000000000U5,SALON VERACRUZ,NA,722412,"Bares, cantinas y similares",0 a 5 personas,EJE VIAL,2 SUR MANUEL JOSE OTHON,CALLE,SIMON BOLIVAR,CALLE,ISABEL LA CATOLICA,CALLE,ANTONIO GARCIA CUBAS,91,NA,NA,NA,NA,NA,COLONIA,OBRERA,NA,NA,NA,06800,09,Ciudad de México,015,Cuauhtémoc,0001,Cuauhtémoc,1144,013,NA,NA,NA,Fijo,19.41474763,-99.1391373,2019-11
7765947,09015722511010612000000000U2,SALON VICTORIA S,NA,722511,Restaurantes con servicio de preparación de alimentos a la carta o de comida corrida,0 a 5 personas,CALLE,ESTRELLA,CALLE,ZARAGOZA,EJE VIAL,1 PONIENTE (GUERRERO),CALLE,MARTE,107,B,NA,NA,NA,NA,COLONIA,BUENAVISTA,NA,NA,NA,06530,09,Ciudad de México,015,Cuauhtémoc,0001,Cuauhtémoc,0502,017,NA,NA,NA,Fijo,19.45000659,-99.14657322,2019-11
6698039,09015722511008381001000000U8,SALVAJE,NA,722511,Restaurantes con servicio de preparación de alimentos a la carta o de comida corrida,0 a 5 personas,CALLE,QUERETARO,EJE VIAL,3 PONIENTE (MEDELLIN),EJE VIAL,2 SUR (AVENIDA YUCATAN),CALLE,ZACATECAS,225,NA,MERCADO ROMA,PLANTA BAJA,30,NA,COLONIA,ROMA NORTE,CENTRO Y PLAZA COMERCIAL,MERCADO ROMA,30,06700,09,Ciudad de México,015,Cuauhtémoc,0001,Cuauhtémoc,1214,015,NA,NA,NA,Fijo,19.4140631,-99.16441382,2016-01
6304728,09015722110005784000002491S7,SAMBORNS CAFE SUC PARQUE VIA,ADMINISTRACION INTEGRAL DE ALIMENTOS SA DE CV,722511,Restaurantes con servicio de preparación de alimentos a la carta o de comida corrida,11 a 30 personas,CALLE,JAMES SULLIVAN,CALLE,MANUEL MARÍA CONTRERAS,CALLE,RÍO AMOY,CALZADA,MANUEL VILLALONGÍN,198,NA,NA,NA,NA,NA,COLONIA,CUAUHTEMOC,NA,NA,NA,06500,09,Ciudad de México,015,Cuauhtémoc,0001,Cuauhtémoc,0790,013,NA,GUZMANR@SANBORS.COM.MX,NA,Fijo,19.43539244,-99.16765005,2010-07
9675178,09015722511023392000000000U6,SAMBUCA,NA,722511,Restaurantes con servicio de preparación de alimentos a la carta o de comida corrida,6 a 10 personas,AVENIDA,YUCATAN,CALLE,CHIAPAS,CALLE,COAHUILA,CALLE,TONALA,140,NA,NA,NA,NA,NA,COLONIA,ROMA SUR,NA,NA,NA,06760,09,Ciudad de México,015,Cuauhtémoc,0001,Cuauhtémoc,1375,014,NA,NA,NA,Fijo,19.41245052,-99.16036735,2024-11
991979,09015722412000791001000000U7,SAN REMO BAR,CORPORACION SAN REMO SA DE CV,722412,"Bares, cantinas y similares",11 a 30 personas,CALLE,DOLORES,AVENIDA,JUAREZ,CALLE,INDEPENDENCIA,CALLE,LOPEZ,4,NA,NA,NA,4,B,COLONIA,CENTRO,NA,NA,NA,06050,09,Ciudad de México,015,Cuauhtémoc,0001,Cuauhtémoc,0748,012,NA,MARTINEZYBARAJAS@PRODIGY.NET.MX,NA,Fijo,19.43403442,-99.14267776,2010-07
9426166,09015722511017073000000000U0,SAN TO,SANTO ORIZABA SA DE CV,722511,Restaurantes con servicio de preparación de alimentos a la carta o de comida corrida,11 a 30 personas,CALLE,COLIMA,CALLE,CORDOBA,CALLE,ORIZABA,CALLE,DURANGO,161,NA,COLIMA 161,PISO 2,NA,NA,COLONIA,ROMA NORTE,EDIFICIO COMERCIAL Y DE SERVICIOS,COLIMA 161,1,06700,09,Ciudad de México,015,Cuauhtémoc,0001,Cuauhtémoc,1002,011,NA,GERENCIA@SANTOJAPONES.COM,WWW.RESTAURANTESANTO.COM,Fijo,19.42002457,-99.15949503,2023-11
6304154,09015722110006695002002491S4,SANBORNS CAFE SUC ANTONIO CASO,ADMINISTRACION INTEGRAL DE ALIMENTOS SA DE CV,722511,Restaurantes con servicio de preparación de alimentos a la carta o de comida corrida,31 a 50 personas,CALLE,MAESTRO ANTONIO CASO,CALLE,MADRID,CALLE,PARÍS,CALLE,MADRID,52,NA,NA,NA,NA,NA,COLONIA,TABACALERA,NA,NA,NA,06030,09,Ciudad de México,015,Cuauhtémoc,0001,Cuauhtémoc,070A,013,NA,SANBORNS@SANBORNS.COM.MX,NA,Fijo,19.43424627,-99.15773929,2010-07
6795040,09015722110007001000002491S4,SANBORNS CAFE SUC BELLAS ARTES,ADMINISTRACION INTEGRAL DE ALIMENTOS SA DE CV,722511,Restaurantes con servicio de preparación de alimentos a la carta o de comida corrida,31 a 50 personas,AVENIDA,JUÁREZ,EJE VIAL,CENTRAL (LÁZARO CÁRDENAS),CALLE,LÓPEZ,CALLE,INDEPENDENCIA,14,NA,NA,NA,NA,NA,COLONIA,CENTRO,NA,NA,NA,06000,09,Ciudad de México,015,Cuauhtémoc,0001,Cuauhtémoc,0748,013,NA,SANBORNS@SANBORNS.COM.MX,NA,Fijo,19.43420486,-99.14164171,2017-03
6795039,09015722110007011001002491S3,SANBORNS CAFE SUC JUAREZ,ADMINISTRACION INTEGRAL DE ALIMENTOS SA DE CV,722511,Restaurantes con servicio de preparación de alimentos a la carta o de comida corrida,31 a 50 personas,CALLE,HUMBOLDT,CALLE,CRISTÓBAL COLÓN,AVENIDA,JUÁREZ,AVENIDA,BALDERAS,26,NA,NA,NA,NA,NA,COLONIA,CENTRO,NA,NA,NA,06040,09,Ciudad de México,015,Cuauhtémoc,0001,Cuauhtémoc,0733,003,NA,SANBORNS@SANBORNS.COM.MX,NA,Fijo,19.43574353,-99.14798609,2017-03
6304155,09015722110006615002002491S2,SANBORNS CAFE SUC TABASCO,ADMINISTRACION INTEGRAL DE ALIMENTOS SA DE CV,722511,Restaurantes con servicio de preparación de alimentos a la carta o de comida corrida,31 a 50 personas,AVENIDA,JUÁREZ,EJE VIAL,CENTRAL (LÁZARO CÁRDENAS),CALLE,LÓPEZ,CALLE,INDEPENDENCIA,239,NA,NA,NA,NA,NA,COLONIA,ROMA NORTE,NA,NA,NA,06700,09,Ciudad de México,015,Cuauhtémoc,0001,Cuauhtémoc,0748,013,NA,SANBORNS@SANBORNS.COM.MX,NA,Fijo,19.43419792,-99.14159966,2010-07
11288186,09015722511022021000000000U2,SANCHARBEL,NA,722511,Restaurantes con servicio de preparación de alimentos a la carta o de comida corrida,0 a 5 personas,CALLE,ISABEL LA CATOLICA,CALLE,JOSE TORIBIO MEDINA,VIADUCTO,PRESIDENTE MIGUEL ALEMAN,CALLE,BERNARDO COUTO,520,NA,NA,NA,NA,NA,COLONIA,ALGARIN,NA,NA,NA,06880,09,Ciudad de México,015,Cuauhtémoc,0001,Cuauhtémoc,1498,012,5528746792,NA,NA,Fijo,19.40385186,-99.13996113,2024-11
10591179,09015722511024201000000000U8,SANDYS,NA,722511,Restaurantes con servicio de preparación de alimentos a la carta o de comida corrida,0 a 5 personas,CALLE,MAESTRO ANTONIO CASO,AVENIDA,PARQUE VIA,CALLE,JOAQUIN VELAZQUEZ DE LEON,CALLE,FRANCISCO DIAZ COVARRUBIAS,177,NA,NA,NA,0,NA,COLONIA,SAN RAFAEL,NA,NA,NA,06470,09,Ciudad de México,015,Cuauhtémoc,0001,Cuauhtémoc,0678,018,NA,NA,NA,Fijo,19.43568045,-99.16709642,2024-11
10245720,09015722511018582000000000S9,SANOPECADO SMART HEALTHY FOOD,NA,722511,Restaurantes con servicio de preparación de alimentos a la carta o de comida corrida,6 a 10 personas,CALLE,DINAMARCA,CALLE,LONDRES,CALLE,HAMBURGO,CALLE,BERLIN,34,NA,NA,NA,NA,NA,COLONIA,JUAREZ,NA,NA,NA,06600,09,Ciudad de México,015,Cuauhtémoc,0001,Cuauhtémoc,0841,009,5339250175,SPJUAREZ@GMAIL.COM,NA,Fijo,19.42850272,-99.15910098,2024-11
11582995,09015722511018672000000000U8,SANTA BRASA LOS CORTES DEL BARRIO,NA,722511,Restaurantes con servicio de preparación de alimentos a la carta o de comida corrida,6 a 10 personas,CALLE,MAESTRO ANTONIO CASO,CALLE,GABINO BARREDA,CALLE,IGNACIO MANUEL ALTAMIRANO,CALLE,JAMES SULLIVAN,138,B,NA,NA,NA,NA,COLONIA,SAN RFAEL,NA,NA,NA,06470,09,Ciudad de México,015,Cuauhtémoc,0001,Cuauhtémoc,0682,012,NA,SANTABRAZA@GMAIL.COM,NA,Fijo,19.43516172,-99.16440371,2024-11
11637207,09015722412006231000000000U8,SANTA CHELA,NA,722412,"Bares, cantinas y similares",0 a 5 personas,CALLE,SANTA MARIA LA RIBERA,CALLE,SALVADOR DIAZ MIRON,EJE VIAL,1 NORTE (JOSE ANTONIO ALZATE),CALLE,DOCTOR ATL,122,NA,EL MURAL,PLANTA BAJA,NA,NA,COLONIA,SANTA MARIA LA RIBERA,CENTRO Y PLAZA COMERCIAL,EL MURAL,L 4,06400,09,Ciudad de México,015,Cuauhtémoc,0001,Cuauhtémoc,0485,005,NA,NA,NA,Fijo,19.44712175,-99.15725096,2024-11
7743583,09015722511012161000000000U8,SANTA COCHINA,NA,722511,Restaurantes con servicio de preparación de alimentos a la carta o de comida corrida,6 a 10 personas,CALLE,FRESNO,EJE VIAL,1 NORTE (JOSE ANTONIO ALZATE),CALLE,SOR JUANA INES DE LA CRUZ,CALLE,SABINO,89,NA,NA,NA,NA,A,COLONIA,SANTA MARIA LA RIBERA,NA,NA,NA,06400,09,Ciudad de México,015,Cuauhtémoc,0001,Cuauhtémoc,0555,003,5593480045,NA,NA,Fijo,19.4461788,-99.16153462,2019-11
9449847,09015722412005332000000000U5,SANTA LEYENDA CONDESA,SANTA LEYENDA CONDESA SA DE CV,722412,"Bares, cantinas y similares",0 a 5 personas,CALLE,HAMBURGO,CALLE,COPENHAGUE,CALLE,GENOVA,AVENIDA,PASEO DE LA REFORMA,97,B,NA,NA,NA,NA,COLONIA,JUAREZ,NA,NA,NA,06600,09,Ciudad de México,015,Cuauhtémoc,0001,Cuauhtémoc,0803,015,NA,NA,NA,Fijo,19.42666296,-99.16391468,2023-11
11077618,09015722511022711000000000U8,SANTA RAFFAELLA,NA,722511,Restaurantes con servicio de preparación de alimentos a la carta o de comida corrida,0 a 5 personas,CALLE,SERAPIO RENDON,CALLE,VALENTIN GOMEZ FARIAS,PRIVADA,BLANCA,CALLE,SADI CARNOT,54,NA,NA,NA,88,NA,COLONIA,SAN RAFAEL,NA,NA,NA,06470,09,Ciudad de México,015,Cuauhtémoc,0001,Cuauhtémoc,0697,004,NA,NA,NA,Fijo,19.43726185,-99.15958404,2024-11
657863,09015722511005633000000000U5,SANTANA,NA,722511,Restaurantes con servicio de preparación de alimentos a la carta o de comida corrida,11 a 30 personas,AVENIDA,NUEVO LEON,CALLE,VICENTE SUAREZ,AVENIDA,MICHOACAN,AVENIDA,TAMAULIPAS,103,NA,NA,NA,0,NA,COLONIA,HIPODROMO,NA,NA,NA,06100,09,Ciudad de México,015,Cuauhtémoc,0001,Cuauhtémoc,1322,013,NA,SANTACONDESA3@GMAIL.COM,NA,Fijo,19.41095557,-99.17269863,2011-03
1017452,09015722219021381010000000U1,SANTIAGUITO CUNA DEL TACO,NA,722511,Restaurantes con servicio de preparación de alimentos a la carta o de comida corrida,0 a 5 personas,CALLE,MIGUEL SCHULTZ,CALLE,ALFONSO HERRERA,AVENIDA,RIBERA DE SAN COSME,CALLE,JOSE ROSAS MORENO,7,D,NA,NA,0,NA,COLONIA,SAN RAFAEL,NA,NA,NA,06470,09,Ciudad de México,015,Cuauhtémoc,0001,Cuauhtémoc,0697,017,NA,NA,NA,Fijo,19.44098104,-99.15980153,2010-07
7756198,09015722511014712000000000U6,SANTO POZOLE,NA,722511,Restaurantes con servicio de preparación de alimentos a la carta o de comida corrida,6 a 10 personas,CALLE,RIO PANUCO,CALLE,RIO DUERO,CALLE,RIO DE LA PLATA,CALLE,RIO LERMA,214,NA,1,PISO 1,0,NA,COLONIA,CUAHUTEMOC,NA,NA,NA,06500,09,Ciudad de México,015,Cuauhtémoc,0001,Cuauhtémoc,0926,011,NA,SANTOPOZOLE.PANUCO@GMAIL.COM,NA,Fijo,19.42736231,-99.17426253,2019-11
10897055,09015722511021462000000000U9,SAPO,GRUPO RESTAURANTERO SAPI DE CV,722511,Restaurantes con servicio de preparación de alimentos a la carta o de comida corrida,6 a 10 personas,CALLE,GUADALAJARA,CERRADA,PRIMERA GUADALAJARA,CERRADA,SEGUNDA GUADALAJARA,CALLE,GUADALAJARA,61,NA,NA,NA,NA,NA,COLONIA,ROMA NORTE,NA,NA,NA,06700,09,Ciudad de México,015,Cuauhtémoc,0001,Cuauhtémoc,1182,008,NA,NA,NA,Fijo,19.41811695,-99.17229501,2024-11
10551107,09015722511021493000000000U4,SARTORIA,GASTRONOMICA BARRO SALVIA SA DE CV,722511,Restaurantes con servicio de preparación de alimentos a la carta o de comida corrida,11 a 30 personas,CALLE,ORIZABA,CALLE,PUEBLA,CALLE,PLAZA RIO DE JANEIRO,CALLE,PLAZA RIO DE JANEIRO,42,NA,NA,NA,NA,NA,CIUDAD INDUSTRIAL,ROMA NORTE,NA,NA,NA,06700,09,Ciudad de México,015,Cuauhtémoc,0001,Cuauhtémoc,1002,010,NA,NA,NA,Fijo,19.42183818,-99.16052691,2024-11
10411309,09015722511023991000000000U5,SARUMIN,NA,722511,Restaurantes con servicio de preparación de alimentos a la carta o de comida corrida,0 a 5 personas,CALLE,BAJIO,CALLE,TUXPAN,CALLE,ANAHUAC,VIADUCTO,PRESIDENTE MIGUEL ALEMAN,284,NA,NA,NA,NA,NA,COLONIA,ROMA SUR,NA,NA,NA,06760,09,Ciudad de México,015,Cuauhtémoc,0001,Cuauhtémoc,145A,022,NA,ARTEMIOMARTINEZ.ROLDAN@GMAIL.COM,NA,Fijo,19.40294517,-99.16684211,2024-11
11235708,09015722511021861000000000U2,SAZANGIE,NA,722511,Restaurantes con servicio de preparación de alimentos a la carta o de comida corrida,0 a 5 personas,CALLE,TILOS,CALLE,POPLE,CALLE,MAPLE,CIRCUITO,INTERIOR (PASEO DE LAS JACARANDAS),39,C,NA,NA,NA,NA,COLONIA,SANTA MARIA INSURGENTES,NA,NA,NA,06430,09,Ciudad de México,015,Cuauhtémoc,0001,Cuauhtémoc,0061,008,NA,NA,NA,Fijo,19.46238694,-99.14710716,2024-11
7732442,09015722511010851000000000U6,SAZON,NA,722511,Restaurantes con servicio de preparación de alimentos a la carta o de comida corrida,0 a 5 personas,CALLE,TOKIO,EJE VIAL,3 PONIENTE (SEVILLA),CALLE,PRAGA,CALLE,HAMBURGO,12,NA,NA,NA,NA,NA,COLONIA,COLONIA JUAREZ,NA,NA,NA,06600,09,Ciudad de México,015,Cuauhtémoc,0001,Cuauhtémoc,0945,006,NA,NA,NA,Fijo,19.42408078,-99.17091024,2019-11
10547865,09015722412005551000000000U0,SAZON CRIOLLO,NA,722412,"Bares, cantinas y similares",0 a 5 personas,CALLE,DOCTOR LAVISTA,CALLE,DOCTOR MANUEL CARMONA Y VALLE,CALLE,DOCTOR RAFAEL LUCIO,CALLE,CLAUDIO BERNARD,192,NA,ESTACION ATM A TODA MAQUINA,PISO 1,NA,NA,COLONIA,DOCTORES,PASAJE Y ANDADOR COMERCIAL,ESTACION ATM A TODA MAQUINA,7,06720,09,Ciudad de México,015,Cuauhtémoc,0001,Cuauhtémoc,1534,005,NA,NA,NA,Fijo,19.4240597,-99.15223743,2024-11
855790,09015722219026192000000000U7,SECRETOS Y DELICIA DE LA ABUELA,NA,722511,Restaurantes con servicio de preparación de alimentos a la carta o de comida corrida,0 a 5 personas,PEATONAL,NINGUNO,CALLE,ANDADOR 98,OTRO(ESPECIFIQUE),MANZANA O EDIFICACION CONTIGUA,CALLE,ANDADOR 98,74,8,NA,NA,8,NA,UNIDAD HABITACIONAL,NONOALCO TLATELOLCO,NA,NA,NA,06900,09,Ciudad de México,015,Cuauhtémoc,0001,Cuauhtémoc,0447,003,NA,NA,NA,Fijo,19.45144503,-99.13565082,2010-07
10646722,09015722511019471000000000U4,SEN,NA,722511,Restaurantes con servicio de preparación de alimentos a la carta o de comida corrida,0 a 5 personas,CALLE,IZTACCIHUATL,AVENIDA,AMSTERDAM,CALLE,CAMPECHE,CALLE,CAMPECHE,26,NA,NA,NA,NA,NA,COLONIA,HIPOROMO,NA,NA,NA,06100,09,Ciudad de México,015,Cuauhtémoc,0001,Cuauhtémoc,1341,009,NA,NA,NA,Fijo,19.40927973,-99.16869361,2024-11
894855,09015722511003412000000000U6,SEÑOR GRILL RESTAURANTE,NA,722511,Restaurantes con servicio de preparación de alimentos a la carta o de comida corrida,31 a 50 personas,CALLE,AMBERES,CALLE,HAMBURGO,CALLE,LONDRES,CALLE,GENOVA,40,NA,NA,NA,NA,NA,COLONIA,JUAREZ,NA,NA,NA,06600,09,Ciudad de México,015,Cuauhtémoc,0001,Cuauhtémoc,095A,008,NA,NA,NA,Fijo,19.42564397,-99.16526805,2014-12
8386348,09015722511015174000000000U8,SEPIA COCINA DE MAR,SEPIA CUCINA ITALIANA  SA DE CV,722511,Restaurantes con servicio de preparación de alimentos a la carta o de comida corrida,31 a 50 personas,CALLE,SINALOA,CALLE,COZUMEL,AVENIDA,SONORA,CALLE,DURANGO,170,NA,NA,NA,NA,NA,COLONIA,ROMA NORTE,NA,NA,NA,06700,09,Ciudad de México,015,Cuauhtémoc,0001,Cuauhtémoc,1089,004,NA,OMAR@SINALOA170.MX,WWW.SEPIACOCINADEMAR.MX,Fijo,19.41972974,-99.17131593,2019-11
1016298,09015722110002292001070770M4,SEPS DE PARIS,GOC RESTAURANTES SA DE CV,722511,Restaurantes con servicio de preparación de alimentos a la carta o de comida corrida,11 a 30 personas,CALLE,MADRID,AVENIDA,INSURGENTES CENTRO,CALLE,PARIS,CALLE,PARIS,69,NA,NA,NA,0,NA,COLONIA,TABACALERA,NA,NA,NA,06030,09,Ciudad de México,015,Cuauhtémoc,0001,Cuauhtémoc,070A,014,5555669249,SEPSRESTAURANTE@YAHOO.COM.MX,WWW.RESTAURANTESSEPS.COM.MX,Fijo,19.43258202,-99.15852481,2010-07
8327212,09015722511013123000070770S7,SEPS RESTAURANT,GOC RESTAURANTES SA DE CV,722511,Restaurantes con servicio de preparación de alimentos a la carta o de comida corrida,11 a 30 personas,AVENIDA,MICHOACAN,AVENIDA,TAMAULIPAS,CALLE,PARRAL,CALLE,FERNANDO MONTES DE OCA,NA,SN,NA,NA,NA,NA,COLONIA,CUAUHTEMOC,NA,NA,NA,06170,09,Ciudad de México,015,Cuauhtémoc,0001,Cuauhtémoc,1318,022,NA,FACTURASSEPS_KI@HOTMAIL.COM,NA,Fijo,19.41156246,-99.174265020000007,2019-11
11767167,09015722511024591000000000U2,SEPTEM,NA,722511,Restaurantes con servicio de preparación de alimentos a la carta o de comida corrida,0 a 5 personas,AVENIDA,Ricardo Flores Magón,CALLE,Sabino,CALLE,Naranjo,CALLE,Acacias,422,A,NA,NA,0,NA,COLONIA,SANTA MARIA LA RIBERA,NA,NA,NA,NA,09,Ciudad de México,015,Cuauhtémoc,0001,Cuauhtémoc,0470,007,NA,NA,NA,Fijo,19.45492071,-99.15858379,2025-04
889981,09015722219027042000000000U3,SERVICIO DE COMEDOR EL BUEN COMER,NA,722511,Restaurantes con servicio de preparación de alimentos a la carta o de comida corrida,0 a 5 personas,CALLE,ZARAGOZA,CALLE,OROZCO Y BERRA,CALLE,MINA,CALLE,JUAN ALDAMA,32,A,NA,NA,0,NA,COLONIA,GUERRERO,NA,NA,NA,06300,09,Ciudad de México,015,Cuauhtémoc,0001,Cuauhtémoc,0610,017,NA,NA,NA,Fijo,19.43945163,-99.1503144,2014-12
8617063,09015722511014401000000000U6,SERVICIO DE COMIDA CORRIDA,NA,722511,Restaurantes con servicio de preparación de alimentos a la carta o de comida corrida,0 a 5 personas,CALLE,RIVA PALACIO,CALLE,MAGNOLIA,CALLE,PEDRO MORENO,EJE VIAL,CENTRAL (LAZARO CARDENAS),51,8,NA,NA,NA,NA,COLONIA,GUERRERO,NA,NA,NA,06300,09,Ciudad de México,015,Cuauhtémoc,0001,Cuauhtémoc,063A,017,5540664948,NA,NA,Fijo,19.44169098,-99.14030093,2019-11
1030613,09015722219031982000000000U4,SERVICIO DE RESTAURANTE RESTAURANT BAR VILLA JUAREZ,NA,722511,Restaurantes con servicio de preparación de alimentos a la carta o de comida corrida,0 a 5 personas,CALLE,LUIS MOYA,CALLE,DELICIAS,AVENIDA,ARCOS DE BELEN,CALLE,BUEN TONO,108,NA,NA,NA,0,A,COLONIA,CENTRO,NA,NA,NA,06070,09,Ciudad de México,015,Cuauhtémoc,0001,Cuauhtémoc,0875,004,5555109175,NA,NA,Fijo,19.42813217,-99.14590254,2010-07
11362407,09015722511017971000000000U5,SERVICIO MAYORDOMO,NA,722511,Restaurantes con servicio de preparación de alimentos a la carta o de comida corrida,0 a 5 personas,AVENIDA,NIÑOS HEROES,CALLE,DOCTOR LAVISTA,AVENIDA,NIÑOS HEROES,CALLE,DOCTOR RAFAEL LUCIO,53,B,NA,NA,NA,NA,COLONIA,DOCTORES,NA,NA,NA,06720,09,Ciudad de México,015,Cuauhtémoc,0001,Cuauhtémoc,1534,007,5593727452,NA,NA,Fijo,19.42439541,-99.14958972,2024-11
10783810,09015722412005772000000000U2,SEXTO PISO,NA,722412,"Bares, cantinas y similares",6 a 10 personas,EJE VIAL,CENTRAL LAZARO CARDENAS,AVENIDA,ARCOS DE BELEN,CALLE,DELICIAS,CALLE,LOPEZ,123,NA,EDIFICIO COMERCIAL Y DE SERVICIOS SIN NOMBRE,PISO 6,NA,NA,COLONIA,CENTRO,EDIFICIO COMERCIAL Y DE SERVICIOS,EDIFICIO COMERCIAL Y DE SERVICIOS SIN NOMBRE,123-PISO6,06070,09,Ciudad de México,015,Cuauhtémoc,0001,Cuauhtémoc,0875,027,NA,NA,NA,Fijo,19.42735218,-99.14203168,2024-11
8529650,09015722511011751000000000U7,SHALOM,NA,722511,Restaurantes con servicio de preparación de alimentos a la carta o de comida corrida,0 a 5 personas,CALLE,REPUBLICA DE VENEZUELA,CALLE,CALLE DEL CARMEN,CALLE,RODRIGUEZ PUEBLA,CALLE,CALLEJON DE GIRON,72,NA,MERCADO ABELARDO RODRIGUEZ,PLANTA BAJA,128,NA,COLONIA,CENTRO,MERCADO PUBLICO,MERCADO ABELARDO RODRIGUEZ,127 Y 128,06020,09,Ciudad de México,015,Cuauhtémoc,0001,Cuauhtémoc,0663,017,NA,MARKOSTOMM1986@GMAIL.COM,NA,Fijo,19.43697109,-99.12805707,2019-11
11745965,09015722511024671000000000U2,SHELFISH HOUSE,NA,722511,Restaurantes con servicio de preparación de alimentos a la carta o de comida corrida,0 a 5 personas,CALLE,Monte de Piedad,CALLE,Francisco I. Madero,CALLE,5 de Mayo,CALLE,Palma,13,NA,MERCADO CENTRO,PLANTA BAJA,206,207,MANZANA,CENTRO,MERCADO PUBLICO,MERCADO CENTRO,SN,NA,09,Ciudad de México,015,Cuauhtémoc,0001,Cuauhtémoc,0771,006,5619120422,NA,NA,Fijo,19.43368134,-99.13410999,2025-04
7732078,09015722511010631000000000U2,SHI RYU TIME,NA,722511,Restaurantes con servicio de preparación de alimentos a la carta o de comida corrida,0 a 5 personas,CALLE,TEPIC,EJE VIAL,3 SUR (AVENIDA BAJA CALIFORNIA),CALLE,TLACOTALPAN,CALLE,TEPIC,126,B,NA,NA,NA,NA,COLONIA,ROMA SUR,NA,NA,NA,06760,09,Ciudad de México,015,Cuauhtémoc,0001,Cuauhtémoc,1356,024,5562102837,NA,NA,Fijo,19.40606832,-99.16702609,2019-11
11062737,09015722511019702000000000U2,SHIWEITIAN,NA,722511,Restaurantes con servicio de preparación de alimentos a la carta o de comida corrida,6 a 10 personas,CALLE,LONDRES,CALLE,GENOVA,CALLE,NIZA,CALLE,LIVERPOOL,104,NA,NA,NA,NA,NA,COLONIA,ZONA ROSA,NA,NA,NA,06600,09,Ciudad de México,015,Cuauhtémoc,0001,Cuauhtémoc,095A,002,NA,NA,NA,Fijo,19.4259507,-99.16275366,2024-11
10809249,09015722511021143000000000U5,SHOMA HAND ROLL,NA,722511,Restaurantes con servicio de preparación de alimentos a la carta o de comida corrida,11 a 30 personas,CALLE,MEXICO,CALLE,POPOCATEPETL,CALLE,CACAHUAMILPA,AVENIDA,AMSTERDAM,35,NA,NA,NA,NA,NA,COLONIA,HIPODROMO,NA,NA,NA,06100,09,Ciudad de México,015,Cuauhtémoc,0001,Cuauhtémoc,120A,008,NA,NA,NA,Fijo,19.41496181,-99.16776411,2024-11
10492099,09015722511018401000000000S2,SHUCHI,JUMSUBUS NATURA SA DE CV,722511,Restaurantes con servicio de preparación de alimentos a la carta o de comida corrida,0 a 5 personas,CALLE,DURANGO,CALLE,VALLADOLID,AVENIDA,PLAZA VILLA MADRID,CALLE,MEDELLIN,209,NA,NA,NA,NA,NA,COLONIA,ROMA NORTE,NA,NA,NA,06700,09,Ciudad de México,015,Cuauhtémoc,0001,Cuauhtémoc,0998,004,NA,NA,NA,Fijo,19.41978067,-99.16762872,2024-11
9771139,09015722412005911000000000U6,SI COMO NO,NA,722412,"Bares, cantinas y similares",0 a 5 personas,EJE VIAL,CENTRAL LAZARO CARDENAS,CALLE,DOCTOR LAVISTA,CALLE,DOCTOR RUIZ,CALLE,DOCTOR VALENZUELA,45,NA,NA,NA,NA,NA,COLONIA,OBRERA,NA,NA,NA,06720,09,Ciudad de México,015,Cuauhtémoc,0001,Cuauhtémoc,1036,024,NA,NA,NA,Fijo,19.42416795,-99.14281459,2024-11
870800,09015722219031062000000000U5,SIENA NIGHT CLUB,NA,722511,Restaurantes con servicio de preparación de alimentos a la carta o de comida corrida,6 a 10 personas,CALZADA,SAN ANTONIO ABAD,EJE VIAL,3 SUR (JOSE PEON CONTRERAS),CALLE,FRAY JUAN DE TORQUEMADA,CALLE,5 DE FEBRERO,267,NA,NA,NA,NA,NA,COLONIA,OBRERA,NA,NA,NA,06800,09,Ciudad de México,015,Cuauhtémoc,0001,Cuauhtémoc,1407,007,5567156997,NA,NA,Fijo,19.40827112,-99.13594137,2010-07
9608550,09015722511017711000000000U5,SIETE MOLES,NA,722511,Restaurantes con servicio de preparación de alimentos a la carta o de comida corrida,0 a 5 personas,CALLE,MEDELLIN,EJE VIAL,2 SUR (AVENIDA YUCATAN),AVENIDA,ALVARO OBREGON,EJE VIAL,2 SUR (AVENIDA YUCATAN),119,NA,NA,NA,NA,NA,COLONIA,ROMA NORTE,NA,NA,NA,06700,09,Ciudad de México,015,Cuauhtémoc,0001,Cuauhtémoc,120A,014,5526595191,NA,NA,Fijo,19.41603872,-99.16572017,2024-11
7732304,09015722511010761000000000U7,SIETE QUINOS,SIETE QUINOS SA DE CV,722511,Restaurantes con servicio de preparación de alimentos a la carta o de comida corrida,31 a 50 personas,EJE VIAL,2 SUR AVENIDA YUCATAN,EJE VIAL,2 SUR (AVENIDA QUERETARO),EJE VIAL,2A SUR (SAN LUIS POTOSI),CALLE,TONALA,84,C,NA,NA,NA,NA,COLONIA,ROMA NORTE,NA,NA,NA,06700,09,Ciudad de México,015,Cuauhtémoc,0001,Cuauhtémoc,1214,006,NA,PARAMO.ALEJANDRA@OUTLOOK.COM,NA,Fijo,19.41410804,-99.16291356,2019-11
8617006,09015722516002043000000000U9,SISHI MESHIDON,NA,722511,Restaurantes con servicio de preparación de alimentos a la carta o de comida corrida,11 a 30 personas,CALLE,MANUEL DOBLADO,EJE VIAL,1 NORTE (IGNACIO LOPEZ RAYON)(HEROES DE GRANADITAS),CALLE,REPUBLICA DE COSTA RICA,CALLE,GONZALEZ ORTEGA,138,NA,NA,NA,NA,NA,COLONIA,MORELOS,NA,NA,NA,06200,09,Ciudad de México,015,Cuauhtémoc,0001,Cuauhtémoc,0589,007,NA,NA,SUSHIMOSHIDON.COM,Fijo,19.44240435,-99.1248582,2019-11
11333938,09015722412005631000000000U0,SNACKS LAS NENAS,NA,722412,"Bares, cantinas y similares",0 a 5 personas,CALLE,5 DE FEBRERO,CALLE,REGINA,CALLE,SAN JERONIMO,CALLE,20 DE NOVIEMBRE,66,C,NA,NA,66,NA,COLONIA,CENTRO,NA,NA,NA,06090,09,Ciudad de México,015,Cuauhtémoc,0001,Cuauhtémoc,0894,003,5611736288,KAREN.ARTT13@GMAIL.COM,NA,Fijo,19.42705706,-99.13508869,2024-11
11372818,09015722511022734000000000U0,SOCIAL CLUB,NA,722511,Restaurantes con servicio de preparación de alimentos a la carta o de comida corrida,31 a 50 personas,AVENIDA,SONORA,AVENIDA,INSURGENTES SUR,AVENIDA,AMSTERDAM,CALLE,CELAYA,210,NA,EDIFICIO COMERCIAL Y DE SERVICIOS,PLANTA BAJA,NA,NA,COLONIA,HIPODROMO,EDIFICIO COMERCIAL Y DE SERVICIOS,EDIFICIO COMERCIAL Y DE SERVICIOS,SN,06100,09,Ciudad de México,015,Cuauhtémoc,0001,Cuauhtémoc,120A,003,NA,NA,NA,Fijo,19.41289261,-99.16671835,2024-11
7732670,09015722511011082000000000U7,SOFIA BONITA,NA,722511,Restaurantes con servicio de preparación de alimentos a la carta o de comida corrida,6 a 10 personas,CALLE,LIVERPOOL,EJE VIAL,2 PONIENTE (FLORENCIA),CALLE,AMBERES,CALLE,LONDRES,169,1,NA,NA,NA,NA,COLONIA,JUAREZ,NA,NA,NA,06600,09,Ciudad de México,015,Cuauhtémoc,0001,Cuauhtémoc,095A,006,NA,CONSORCIOCM@AOL.COM,NA,Fijo,19.42361328,-99.16563014,2019-11
1044235,09015722219005511000000000U3,SOMBRILLAS VERDES,NA,722511,Restaurantes con servicio de preparación de alimentos a la carta o de comida corrida,0 a 5 personas,CALLE,MANUEL GUTIERREZ NAJERA,CALLE,XOCONGO,CALLE,FRANCISCO J. CLAVIJERO,CALLE,MANUEL JOSE OTHON,231,NA,NA,NA,0,NA,COLONIA,TRANSITO,NA,NA,NA,06820,09,Ciudad de México,015,Cuauhtémoc,0001,Cuauhtémoc,1163,005,5540947804,NA,NA,Fijo,19.41489454,-99.13217156,2010-07
11798611,09015722511024601000000000U9,SOMMA WINE BAR,SOMMA WINE BAR  SA DE CV,722511,Restaurantes con servicio de preparación de alimentos a la carta o de comida corrida,0 a 5 personas,CALLE,Río Lerma,CALLE,Río Ebro,EJE VIAL,2 Poniente (Río Tíber),CALLE,Río Pánuco,159,NA,NA,NA,NA,NA,COLONIA,CUAUHTEMOC,NA,NA,NA,NA,09,Ciudad de México,015,Cuauhtémoc,0001,Cuauhtémoc,0822,016,NA,ADMINISTRACION@SOMMAWINEBAR.COM,WWW.SOMMAWINEBAR.COM,Fijo,19.42855687,-99.16888835,2025-04
864005,09015722219012731000000000U8,SON DE LA LOMA,OBATUR CORPORACION CULTURAL Y COMERCIAL SA DE CV,722511,Restaurantes con servicio de preparación de alimentos a la carta o de comida corrida,0 a 5 personas,CALLE,QUERETARO,EJE VIAL,2 PONIENTE (MONTERREY),EJE VIAL,3 PONIENTE (MEDELLIN),CALLE,SAN LUIS POTOSI,222,NA,NA,NA,NA,NA,COLONIA,ROMA NORTE,NA,NA,NA,06700,09,Ciudad de México,015,Cuauhtémoc,0001,Cuauhtémoc,1214,014,5514342638,OBATURCORP1@YAHOO.COM.MX,WWW.SONDELALOMA.COM,Fijo,19.41382357,-99.16486905,2010-07
9901826,09015722511017453000000000U4,SON DE SIRLON,NA,722511,Restaurantes con servicio de preparación de alimentos a la carta o de comida corrida,11 a 30 personas,CALZADA,CALZADA DE GUADALUPE,CIRCUITO,INTERIOR (AVENIDA RIO CONSULADO),CALLE,LUDWING VAN BEETHOVEN,CALZADA,CALZADA DE LOS MISTERIOS,148,NA,NA,NA,NA,NA,COLONIA,PERALVILLO,NA,NA,NA,06220,09,Ciudad de México,015,Cuauhtémoc,0001,Cuauhtémoc,0127,016,5587928708,NA,NA,Fijo,19.46013293,-99.12699888,2024-11
6752400,09015722511008955000027772S9,SONORA GRILL,OPERADORA DE ALIMENTOS DURANGO SAPI DE CV,722511,Restaurantes con servicio de preparación de alimentos a la carta o de comida corrida,101 a 250 personas,AVENIDA,PASEO DE LA REFORMA,CALLE,AVENIDA DE LA REPÚBLICA,CALLE,JOSÉ MARÍA LAFRAGUA,CALLE,CALLE DE LA REPÚBLICA,1,NA,NA,NA,NA,NA,COLONIA,TABACALERA,NA,NA,NA,06030,09,Ciudad de México,015,Cuauhtémoc,0001,Cuauhtémoc,0729,006,NA,JVILCHIS@SGGROUP.COM.MX,WWW.SONORAGRILL.COM.MX,Fijo,19.43500172,-99.15108126,2016-10
6318328,09015722511006716000027772S7,SONORA PRIME GRILL,OPERADORA DE ALIMENTOS DURANGO SAPI DE CV,722511,Restaurantes con servicio de preparación de alimentos a la carta o de comida corrida,51 a 100 personas,CALLE,DURANGO,CALLE,VALLADOLID,CALLE,MEDELLÍN,CALLE,SINALOA,205,1,NA,NA,NA,NA,COLONIA,ROMA NORTE,NA,NA,NA,06700,09,Ciudad de México,015,Cuauhtémoc,0001,Cuauhtémoc,0998,004,NA,JVILCHIS@SGGROUP.COM.MX,WWW.SONORAGRILL.COM.MX,Fijo,19.41978031,-99.16763035,2010-07
9160927,09015722511015911000000000U3,SONORA STREET FOOD,NA,722511,Restaurantes con servicio de preparación de alimentos a la carta o de comida corrida,0 a 5 personas,EJE VIAL,2 PONIENTE MONTERREY,CALLE,TLAXCALA,CALLE,TEPEJI,EJE VIAL,3 PONIENTE (MEDELLIN),293,NA,NA,NA,NA,NA,COLONIA,ROMA SUR,NA,NA,NA,06760,09,Ciudad de México,015,Cuauhtémoc,0001,Cuauhtémoc,1360,005,NA,SONORASTREET@GMAIL.COM,NA,Fijo,19.40810619,-99.16176694,2019-11
10415278,09015722511022981000000000U7,SORU RESTAURANT,NA,722511,Restaurantes con servicio de preparación de alimentos a la carta o de comida corrida,0 a 5 personas,CALLE,LONDRES,CALLE,VARSOVIA,CALLE,PRAGA,CALLE,HAMBURGO,227,NA,NA,NA,0,NA,COLONIA,JUAREZ,NA,NA,NA,06600,09,Ciudad de México,015,Cuauhtémoc,0001,Cuauhtémoc,0983,005,NA,NA,NA,Fijo,19.42328853,-99.16861683,2024-11
6807808,09015722511009373000000000U4,SOUL LA ROMA,SOUL STORE SA DE CV,722511,Restaurantes con servicio de preparación de alimentos a la carta o de comida corrida,0 a 5 personas,CALLE,TABASCO,CALLE,MERIDA,CALLE,FRONTERA,CALLE,COLIMA,101,A,NA,NA,NA,NA,COLONIA,ROMA NORTE,NA,NA,NA,06700,09,Ciudad de México,015,Cuauhtémoc,0001,Cuauhtémoc,1017,021,NA,NA,NA,Fijo,19.41971333,-99.15735276,2017-11
8007219,09015722412004211000000000U2,SPIRITU SANTO PULQUERIA,NA,722412,"Bares, cantinas y similares",0 a 5 personas,CALLE,MANUEL CARPIO,CALLE,NARANJO,CALLE,SABINO,CALLE,SALVADOR DIAZ MIRON,144,NA,144,PLANTA BAJA,NA,NA,COLONIA,SANTA MARIA RIVERRA,EDIFICIO COMERCIAL Y DE SERVICIOS,144,10,06400,09,Ciudad de México,015,Cuauhtémoc,0001,Cuauhtémoc,0466,013,NA,NA,NA,Fijo,19.45090831,-99.15915465,2019-11
9435749,09015722511017103000000000U5,SPOOT HAAB,NEST CENTER SA DE CV,722511,Restaurantes con servicio de preparación de alimentos a la carta o de comida corrida,6 a 10 personas,AVENIDA,AMSTERDAM,AVENIDA,MICHOACAN,CALLE,TEOTIHUACAN,AVENIDA,INSURGENTES SUR,255,NA,NA,NA,NA,NA,COLONIA,HIPODROMO,NA,NA,NA,06100,09,Ciudad de México,015,Cuauhtémoc,0001,Cuauhtémoc,1341,022,NA,LOGIN@HAADPROJECT.COM,WWW.HAADPROJECT.COM,Fijo,19.41135934,-99.16761067,2023-11
11095569,09015722515006431000000000U4,SR. CHICHARRON,NA,722412,"Bares, cantinas y similares",0 a 5 personas,CALLE,20 DE NOVIEMBRE,CALLE,VENUSTIANO CARRANZA,CALLE,REPUBLICA DE URUGUAY,CALLE,5 DE FEBRERO,35,B,NA,NA,NA,NA,COLONIA,CENTRO,NA,NA,NA,06000,09,Ciudad de México,015,Cuauhtémoc,0001,Cuauhtémoc,0818,013,NA,CECY-0023@IDOUD.COM,NA,Fijo,19.43066451,-99.13369413,2024-11
7254720,09015722511010502000000000U5,ST CAFE RESTAURANT BAR,NA,722511,Restaurantes con servicio de preparación de alimentos a la carta o de comida corrida,0 a 5 personas,CALLE,CULIACAN,EJE VIAL,4 SUR (TEHUANTEPEC),CALLE,BAJIO,AVENIDA,INSURGENTES SUR,114,A,NA,NA,NA,NA,COLONIA,HIPODROMO,NA,NA,NA,06100,09,Ciudad de México,015,Cuauhtémoc,0001,Cuauhtémoc,1430,003,NA,NA,NA,Fijo,19.40324185,-99.17002983,2019-11
10961364,09015722511022891000000000U8,STAR WINGS,NA,722511,Restaurantes con servicio de preparación de alimentos a la carta o de comida corrida,0 a 5 personas,CALLE,ZACATECAS,EJE VIAL,3 PONIENTE (MEDELLIN),EJE VIAL,2 SUR (AVENIDA YUCATAN),CALLE,QUERETARO,228,NA,NA,NA,NA,NA,COLONIA,ROMA NORTE,NA,NA,NA,06700,09,Ciudad de México,015,Cuauhtémoc,0001,Cuauhtémoc,1214,015,NA,NA,NA,Fijo,19.41469882,-99.16489754,2024-11
9288551,09015722511016671000000000U2,STARBUCKS COFFE,CAFE SIRENA S DE R.L DE C.V S DE RL DE CV,722511,Restaurantes con servicio de preparación de alimentos a la carta o de comida corrida,0 a 5 personas,CALLE,FRANCISCO I  MADERO,CALLE,ISABEL LA CATOLICA,CALLE,MOTOLINIA,CALLE,5 DE MAYO,42,NA,NA,NA,42,NA,COLONIA,CENTRO,NA,NA,NA,06000,09,Ciudad de México,015,Cuauhtémoc,0001,Cuauhtémoc,0767,011,NA,NA,NA,Fijo,19.43354188,-99.13676532,2020-11
1059772,09015722412003313001000000U7,STUDIO SOUL BAR,STUDIO SOUL SA DE CV,722412,"Bares, cantinas y similares",6 a 10 personas,CALLE,CADEREYTA,AVENIDA,TAMAULIPAS,AVENIDA,NUEVO LEON,EJE VIAL,2 SUR (JUAN ESCUTIA),17,NA,NA,NA,NA,NA,COLONIA,HIPODROMO,NA,NA,NA,06100,09,Ciudad de México,015,Cuauhtémoc,0001,Cuauhtémoc,1322,010,5555530438,NA,NA,Fijo,19.41244358,-99.17249648,2010-07
11595043,09015722511018503000000000U5,SU COCINA,NA,722511,Restaurantes con servicio de preparación de alimentos a la carta o de comida corrida,11 a 30 personas,CALLE,LORENZO BOTURINI,CALLE,FRANCISCO J CLAVIJERO,CALLE,TOPACIO,CALLE,JOSE LANZ,282,NA,NA,NA,NA,NA,COLONIA,ESPERANZA,NA,NA,NA,06820,09,Ciudad de México,015,Cuauhtémoc,0001,Cuauhtémoc,1074,004,NA,NA,NA,Fijo,19.41760396,-99.1291159,2024-11
10516402,09015722511023583000000000U0,SU COCINA,NA,722511,Restaurantes con servicio de preparación de alimentos a la carta o de comida corrida,11 a 30 personas,CALLE,LORENZO BOTURINI,CALLE,FRANCISCO J. CLAVIJERO,CALLE,TOPACIO,CALLE,PROLONGACION RAFAEL ANGEL DE LA PEÑA,285,NA,NA,NA,NA,NA,COLONIA,TRANSITO,NA,NA,NA,06820,09,Ciudad de México,015,Cuauhtémoc,0001,Cuauhtémoc,1074,001,NA,NA,NA,Fijo,19.41745033,-99.12925226,2024-11
897045,09015722511007822000000000U2,SU COCINA,NA,722511,Restaurantes con servicio de preparación de alimentos a la carta o de comida corrida,0 a 5 personas,CALLE,LORENZO BOTURINI,CALLE,FRANCISCO J. CLAVIJERO,CALLE,TOPACIO,CALLE,PROLONGACION RAFAEL ANGEL DE LA PEÑA,258,NA,NA,NA,0,NA,COLONIA,TRANSITO,NA,NA,NA,06820,09,Ciudad de México,015,Cuauhtémoc,0001,Cuauhtémoc,1074,001,5584425407,NA,NA,Fijo,19.41751226,-99.12989127,2014-12
11768427,09015722511024842000000000U9,SUKIYA,ZENSHO FOOD DE MEXICO SA DE CV,722511,Restaurantes con servicio de preparación de alimentos a la carta o de comida corrida,6 a 10 personas,CALLE,GENOVA,CALLE,HAMBURGO,CALLE,LONDRES,CALLE,AMBERES,65,NA,NA,NA,59,NA,COLONIA,JUAREZ,NA,NA,NA,06600,09,Ciudad de México,015,Cuauhtémoc,0001,Cuauhtémoc,095A,008,NA,NA,NA,Fijo,19.42568045,-99.16380183,2025-04
11675904,09015722511018391000000000U5,SUKIYA,ZENSHO FOOD DE MEXICO SA DE CV,722511,Restaurantes con servicio de preparación de alimentos a la carta o de comida corrida,0 a 5 personas,AVENIDA,PASEO DE LA REFORMA,CALLE,NAPOLES,CALLE,HAVRE,CALLE,HAMBURGO,222,NA,REFORMA 222,PISO 3,NA,NA,COLONIA,JUAREZ,CENTRO Y PLAZA COMERCIAL,REFORMA 222,3,06600,09,Ciudad de México,015,Cuauhtémoc,0001,Cuauhtémoc,0803,008,NA,REFORMASUKIYA@VENTASSUKUYA.COM,NA,Fijo,19.42907267,-99.162143,2024-11
11695299,09015722511018811000000000U2,SUKIYA,SENSHOO FOOD DE MEXICO SA DE CV,722511,Restaurantes con servicio de preparación de alimentos a la carta o de comida corrida,0 a 5 personas,AVENIDA,JUAREZ,CALLE,AZUETA,AVENIDA,BALDERAS,CALLE,INDEPENDENCIA,76,NA,PARQUE ALAMEDA,CORREDOR,NA,NA,COLONIA,CENTRO,CENTRO Y PLAZA COMERCIAL,PARQUE ALAMEDA,B,06010,09,Ciudad de México,015,Cuauhtémoc,0001,Cuauhtémoc,0748,026,5570081094,KEVIN.YASAR@MX.ZENSHO.CM,NA,Fijo,19.43500224,-99.14671647,2024-11
866990,09015722219025522001000000U6,SUMO BUFFET,NA,722511,Restaurantes con servicio de preparación de alimentos a la carta o de comida corrida,11 a 30 personas,AVENIDA,TAMAULIPAS,AVENIDA,CAMPECHE,CALLE,VICENTE SUAREZ,CALLE,ATLIXCO,99,A,NA,NA,0,NA,COLONIA,CONDESA,NA,NA,NA,06170,09,Ciudad de México,015,Cuauhtémoc,0001,Cuauhtémoc,1318,012,NA,FACTURACION@GMAIL.COM,NA,Fijo,19.41060546,-99.1748649,2010-07
10312974,09015722511022384000000000S4,SUMO SAN COSME,SUMO SC DE RL DE CV,722511,Restaurantes con servicio de preparación de alimentos a la carta o de comida corrida,31 a 50 personas,AVENIDA,MEXICO TENOCHTITLAN,CALLE,ZARAGOZA,CALLE,JUAN ALDAMA,CALLE,OROZCO Y BERRA,43,NA,NA,NA,NA,NA,COLONIA,BUENAVISTA,NA,NA,NA,06350,09,Ciudad de México,015,Cuauhtémoc,0001,Cuauhtémoc,0714,019,NA,SAN_COSME@SUMO.COM.MX,WWW.SUMO.COM.MX,Fijo,19.43848404,-99.15117081,2024-11
11214198,09015722511021411000000000S6,SUNFLOWER,NA,722511,Restaurantes con servicio de preparación de alimentos a la carta o de comida corrida,0 a 5 personas,CALLE,HAMBURGO,CALLE,PRAGA,CALLE,BIARRITZ,CALLE,LONDRES,238,NA,EDIFICIO SIN NOMBRE,PLANTA BAJA,NA,A,COLONIA,JUAREZ,EDIFICIO COMERCIAL Y DE SERVICIOS,EDIFICIO COMERCIAL Y DE SERVICIOS SIN NOMBRE,A,06600,09,Ciudad de México,015,Cuauhtémoc,0001,Cuauhtémoc,0983,002,NA,NA,NA,Fijo,19.42372028,-99.16980276,2024-11
857167,09015722219016401001000000U4,SUPER COCINA TERE,NA,722511,Restaurantes con servicio de preparación de alimentos a la carta o de comida corrida,0 a 5 personas,PEATONAL,NINGUNO,OTRO(ESPECIFIQUE),MANZANA O EDIFICACION CONTIGUA,OTRO(ESPECIFIQUE),MANZANA O EDIFICACION CONTIGUA,PEATONAL,NINGUNO,340,NA,NA,NA,3,NA,CONJUNTO HABITACIONAL,TLATELOLCO,NA,NA,NA,06900,09,Ciudad de México,015,Cuauhtémoc,0001,Cuauhtémoc,0362,006,5635947327,NA,NA,Fijo,19.45402519,-99.14660543,2010-07
9761128,09015722511019713000000000U9,SUPPLI,CORRIERE DELLA SERA SA DE CV,722511,Restaurantes con servicio de preparación de alimentos a la carta o de comida corrida,11 a 30 personas,EJE VIAL,1 PONIENTE AVENIDA BUCARELI,CALLE,ATENAS,AVENIDA,MORELOS,CALLE,ABRAHAM GONZALEZ,69,NA,NA,NA,NA,NA,COLONIA,CENTRO,NA,NA,NA,06600,09,Ciudad de México,015,Cuauhtémoc,0001,Cuauhtémoc,0856,018,NA,ADMIN@SUPPLI.COM.MX,NA,Fijo,19.43132945,-99.15155128,2024-11
8337358,09015722511010102000000000U4,SUSHI ALAN,NA,722511,Restaurantes con servicio de preparación de alimentos a la carta o de comida corrida,0 a 5 personas,CALLE,MANUEL DOBLADO,CALLE,DIAZ DE LEON,EJE VIAL,1 NORTE (IGNACIO LOPEZ RAYON)(HEROES DE GRANADITAS),CALLE,GONZALEZ ORTEGA,160,NA,PASAJE Y ANDADOR COMERCIAL SIN NOMBRE,PLANTA BAJA,7,NA,COLONIA,MORELOS,PASAJE Y ANDADOR COMERCIAL,PASAJE Y ANDADOR COMERCIAL SIN NOMBRE,45,06200,09,Ciudad de México,015,Cuauhtémoc,0001,Cuauhtémoc,0358,015,NA,NA,NA,Fijo,19.44310926,-99.12474293,2019-11
8337090,09015722511009991000000000U3,SUSHI AMASUNI COCINA Y TACOS,NA,722511,Restaurantes con servicio de preparación de alimentos a la carta o de comida corrida,0 a 5 personas,CALLE,LIBERTAD,CALLE,COMONFORT,CALLE,PALMA NORTE,EJE VIAL,1 NORTE (IGNACIO LOPEZ RAYON),33,NA,NA,NA,101,72 A 74 Y 101 A 104,COLONIA,MORELOS,NA,NA,NA,06200,09,Ciudad de México,015,Cuauhtémoc,0001,Cuauhtémoc,0540,005,5570755912,NA,NA,Fijo,19.44427489,-99.13493435,2019-11
10641672,09015722511023212000000000U6,SUSHI AMAZUNI,NA,722511,Restaurantes con servicio de preparación de alimentos a la carta o de comida corrida,6 a 10 personas,EJE VIAL,1 NORTE IGNACIO LOPEZ RAYON,CALLE,ALLENDE,CALLE,COMONFORT,CALLE,REPUBLICA DE ECUADOR,33,NA,LAGUNILLA 2,PLANTA BAJA,994,42,COLONIA,CENTRO,MERCADO PUBLICO,LAGUNILLA 2,994,06300,09,Ciudad de México,015,Cuauhtémoc,0001,Cuauhtémoc,0536,002,NA,NA,NA,Fijo,19.44364164,-99.1368678,2024-11
1030840,09015722219014551000000000U8,SUSHI COMIDA JAPONESA,NA,722511,Restaurantes con servicio de preparación de alimentos a la carta o de comida corrida,0 a 5 personas,CALLE,DOCTOR LAVISTA,CALLE,DOCTOR AGUSTIN ANDRADE,AVENIDA,DOCTOR JOSE MARIA VERTIZ,AVENIDA,DOCTOR RIO DE LA LOZA,0,SN,NA,NA,NA,NA,COLONIA,DOCTORES,NA,NA,NA,06720,09,Ciudad de México,015,Cuauhtémoc,0001,Cuauhtémoc,1036,019,NA,NA,NA,Semifijo,19.42376111,-99.14643633,2010-07
897400,09015722511002841000000000U7,SUSHI DAI,NA,722511,Restaurantes con servicio de preparación de alimentos a la carta o de comida corrida,0 a 5 personas,CALLE,SIMON BOLIVAR,CALLE,CHIMALPOPOCA,CALLE,LUCAS ALAMAN,CALLE,MIXTECOS,0,SN,NA,NA,0,NA,COLONIA,OBRERA,NA,NA,NA,06800,09,Ciudad de México,015,Cuauhtémoc,0001,Cuauhtémoc,1040,012,5545366336,NA,NA,Semifijo,19.42158718,-99.14005639,2014-12
6257260,09015722110005543001000000S7,SUSHI ITTO,SUSHI 222 SA DE CV,722511,Restaurantes con servicio de preparación de alimentos a la carta o de comida corrida,11 a 30 personas,AVENIDA,PASEO DE LA REFORMA,CALLE,NAPOLES,CALLE,HAVRE,CALLE,HAMBURGO,222,NA,REFORMA 222,PLANTA BAJA,NA,NA,COLONIA,JUAREZ,CENTRO Y PLAZA COMERCIAL,REFORMA 222,04,06600,09,Ciudad de México,015,Cuauhtémoc,0001,Cuauhtémoc,0803,008,NA,ITTOREFORMA222@CDEG.COM.MX,WWW.SHISHITO.COM,Fijo,19.42907292,-99.16214313,2011-03
6317059,09015722219033514002004464S3,SUSHI ITTO CONDESA,NOVALIMENTOS DE MEXICO S DE RL DE CV,722511,Restaurantes con servicio de preparación de alimentos a la carta o de comida corrida,6 a 10 personas,AVENIDA,MICHOACÁN,CALLE,CUERNAVACA,CALLE,AMATLÁN,CALLE,VICENTE SUÁREZ,121,NA,NA,NA,NA,NA,COLONIA,CONDESA,NA,NA,NA,06140,09,Ciudad de México,015,Cuauhtémoc,0001,Cuauhtémoc,1318,001,NA,ITTO_CONDESA@CMR.MX,NA,Fijo,19.41153281,-99.17650706,2010-07
6865246,09005722511002923001004464S4,SUSHI ITTO FORUM BUENAVISTA,NOVALIMENTOS DE MEXICO S DE RL DE CV,722511,Restaurantes con servicio de preparación de alimentos a la carta o de comida corrida,11 a 30 personas,AVENIDA,INSURGENTES NORTE,EJE VIAL,EJE 1 NORTE,AVENIDA,RICARDO FLORES MAGON,CALLE,JUAN ALDAMA,259,NA,NA,NA,NA,NA,COLONIA,BUENAVISTA,CENTRO Y PLAZA COMERCIAL,FORUM BUENAVISTA,N2-55,06350,09,Ciudad de México,015,Cuauhtémoc,0001,Cuauhtémoc,049A,001,NA,ITTO_BUENAVISTA@CMR.MX,NA,Fijo,19.44762047,-99.15283079,2019-04
884901,09015722518000461011000000U1,SUSHI JOHI,NA,722511,Restaurantes con servicio de preparación de alimentos a la carta o de comida corrida,0 a 5 personas,ANDADOR,MANZANA O EDIFICACION CONTIGUA,PEATONAL,NINGUNO,PEATONAL,NINGUNO,ANDADOR,MANZANA O EDIFICACION CONTIGUA,304,NA,NA,NA,4,A,UNIDAD HABITACIONAL,NONOALCO TLTELOLCO,NA,NA,NA,06900,09,Ciudad de México,015,Cuauhtémoc,0001,Cuauhtémoc,0269,001,NA,FLOPAJ23@HOTMAIL.COM,NA,Fijo,19.4542131,-99.141673,2014-12
9946373,09015722511020781000000000U3,SUSHI KASUMI,NA,722511,Restaurantes con servicio de preparación de alimentos a la carta o de comida corrida,0 a 5 personas,AVENIDA,NIÑOS HEROES,AVENIDA,DOCTOR RIO DE LA LOZA,AVENIDA,ARCOS DE BELEN,CALLE,GENERAL GABRIEL HERNANDEZ,20,NA,NA,NA,0,NA,COLONIA,DOCTORES,NA,NA,NA,06720,09,Ciudad de México,015,Cuauhtémoc,0001,Cuauhtémoc,0860,016,NA,NA,NA,Semifijo,19.42653174,-99.14894806,2024-11
7744223,09015722511012372000000000U1,SUSHI LOS TORIS,NA,722511,Restaurantes con servicio de preparación de alimentos a la carta o de comida corrida,0 a 5 personas,CALLE,GONZALEZ ORTEGA,CALLE,DIAZ DE LEON,EJE VIAL,1 NORTE (IGNACIO LOPEZ RAYON)(HEROES DE GRANADITAS),CALLE,MANUEL DOBLADO,59,B,NA,NA,NA,B,COLONIA,MORELOS,NA,NA,NA,06200,09,Ciudad de México,015,Cuauhtémoc,0001,Cuauhtémoc,0358,015,NA,LOS.TORIS19@GMAIL.COM,NA,Fijo,19.44329786,-99.12559838,2019-11
10542912,09015722511020281000000000U4,SUSHI MORIAWASE,NA,722511,Restaurantes con servicio de preparación de alimentos a la carta o de comida corrida,0 a 5 personas,EJE VIAL,1 NORTE IGNACIO LOPEZ RAYON,CALLE,REPUBLICA DE BRASIL,PEATONAL,ECUADOR,CALLE,REPUBLICA DE ECUADOR,113,NA,NA,NA,113,NA,COLONIA,COLONIA CENTRO,NA,NA,NA,06010,09,Ciudad de México,015,Cuauhtémoc,0001,Cuauhtémoc,0540,010,5519218361,NA,NA,Fijo,19.44321365,-99.13208142,2024-11
896266,09015722511006172000000000U3,SUSHI MX ANTOJERIA JAPONESA,SUSHI MX ANTOJERIA JAPONESA SA DE CV,722511,Restaurantes con servicio de preparación de alimentos a la carta o de comida corrida,11 a 30 personas,CALLE,FRANCISCO MARQUEZ,AVENIDA,MAZATLAN,CALLE,YAUTEPEC,CALLE,VICENTE SUAREZ,0,SN,NA,NA,NA,NA,COLONIA,CONDESA,NA,NA,NA,06170,09,Ciudad de México,015,Cuauhtémoc,0001,Cuauhtémoc,1318,025,NA,NA,NA,Fijo,19.41158068,-99.17821621,2014-12
6766503,09015722511009102000000000U7,SUSHI MX ANTOJERIA JAPONESA,SUCHI MX ANTOJERIA JAPONESA SA DE CV,722511,Restaurantes con servicio de preparación de alimentos a la carta o de comida corrida,11 a 30 personas,CALLE,FRANCISCO MARQUEZ,AVENIDA,MAZATLAN,CALLE,YAUTEPEC,CALLE,VICENTE SUAREZ,0,SN,NA,NA,NA,NA,COLONIA,CONDESA,NA,NA,NA,06170,09,Ciudad de México,015,Cuauhtémoc,0001,Cuauhtémoc,1318,025,NA,NA,NA,Fijo,19.41153764,-99.17812912,2016-10
9186575,09015722511015971000000000U7,SUSHI ORIENTAL,NA,722511,Restaurantes con servicio de preparación de alimentos a la carta o de comida corrida,0 a 5 personas,AVENIDA,DOCTOR RIO DE LA LOZA,CALLE,DOCTOR MIGUEL FRANCISCO JIMENEZ,AVENIDA,NIÑOS HEROES,CALLE,DOCTOR LAVISTA,136,B3,NA,NA,0,NA,COLONIA,DOCTORES,NA,NA,NA,06720,09,Ciudad de México,015,Cuauhtémoc,0001,Cuauhtémoc,1534,008,5582622653,FAMISALVAREZ2396@GMAIL.COM,NA,Semifijo,19.42521628,-99.14803905,2019-11
6879213,09015722511009814001021918S7,SUSHI ROLL CENTRO HISTÓRICO,SUSHI ROLL SA DE CV,722511,Restaurantes con servicio de preparación de alimentos a la carta o de comida corrida,6 a 10 personas,CALLE,5 DE MAYO,CALLE,BOLÍVAR,CALLE,FILOMENO MATA,CALLE,FRANCISCO I. MADERO,15,BIS,NA,NA,NA,NA,COLONIA,CENTRO,NA,NA,NA,06010,09,Ciudad de México,015,Cuauhtémoc,0001,Cuauhtémoc,0767,001,NA,MARISOL.CHIRINOS@SUSHIROLL.MX,WWW.SUSHIROLL.COM.MX,Fijo,19.4344775,-99.1392112,2019-04
9402298,09015722511017234000045326S8,SUSHI ROLL CONDESA,SUSHI LAB SA DE CV,722511,Restaurantes con servicio de preparación de alimentos a la carta o de comida corrida,11 a 30 personas,AVENIDA,CAMPECHE,CALLE,CUERNAVACA,AVENIDA,MICHOACÁN,OTRO(ESPECIFIQUE),NINGUNO,439,6170,NA,NA,NA,NA,COLONIA,HIPODROMO CONDESA,NA,NA,NA,06170,09,Ciudad de México,015,Cuauhtémoc,0001,Cuauhtémoc,1318,004,NA,ILSE.UGARTECHEA@IZAKAYASUSHI.MX,NA,Fijo,19.41097809,-99.177181,2023-11
877509,09015722511000843001045326M5,SUSHI ROLL FORUM BUENAVISTA,SUSHI LAB SA DE CV,722511,Restaurantes con servicio de preparación de alimentos a la carta o de comida corrida,31 a 50 personas,AVENIDA,EJE 1 NORTE MOSQUETA,AVENIDA,INSURGENTES NORTE,ANDADOR,NINGUNO,CALLE,JUAN ALDAMA,259,NA,NIVEL 2,PISO 2,NA,NA,COLONIA,BUENAVISTA,CENTRO Y PLAZA COMERCIAL,CENTRO Y PLAZA COMERCIAL SIN NOMBRE,SN,06350,09,Ciudad de México,015,Cuauhtémoc,0001,Cuauhtémoc,049A,001,NA,ILSE.UGARTECHEA@IZAKAYASUSHI.MX,WWW.SUSHIROLLOFICIAL.COM.MX,Fijo,19.44678872,-99.151835,2010-07
9459929,09015722511017243000045326S9,SUSHI ROLL PLAZA INSURGENTES,SUSHI LAB SA DE CV,722511,Restaurantes con servicio de preparación de alimentos a la carta o de comida corrida,11 a 30 personas,CALLE,CHIAPAS,CALLE,MANZANILLO,EJE VIAL,3 PONIENTE (MEDELLÍN),CALLE,SAN LUIS POTOSÍ,214,NA,NA,NA,NA,NA,COLONIA,CUAHUTEMOC,CENTRO Y PLAZA COMERCIAL,PLAZA INSURGENTES,N00,06700,09,Ciudad de México,015,Cuauhtémoc,0001,Cuauhtémoc,1214,025,NA,ILSE.UGARTECHEA@IZAKAYASUSHI.MX,NA,Fijo,19.41192523,-99.16491544,2023-11
896268,09015722511000593000045326S6,SUSHI ROLL RESTAURANTE CONDESA,SUSHI LAB SA DE CV,722511,Restaurantes con servicio de preparación de alimentos a la carta o de comida corrida,11 a 30 personas,AVENIDA,MICHOACÁN,CALLE,YAUTEPEC,CALLE,CUAUTLA,CALLE,VICENTE SUÁREZ,113,NA,NA,NA,NA,NA,COLONIA,CONDESA,NA,NA,NA,06140,09,Ciudad de México,015,Cuauhtémoc,0001,Cuauhtémoc,1318,020,NA,ILSE.UGARTECHEA@IZAKAYASUSHI.MX,WWW.SUSHIROLL.COM.MX,Fijo,19.41148859,-99.17751352,2014-12
896129,09015722511002011000000000U7,SUSHI ROMA,NA,722511,Restaurantes con servicio de preparación de alimentos a la carta o de comida corrida,0 a 5 personas,CALLE,PUEBLA,EJE VIAL,3 PONIENTE (SALAMANCA),CALLE,VALLADOLID,CALLE,SINALOA,286,NA,NA,NA,NA,NA,COLONIA,ROMA,NA,NA,NA,06700,09,Ciudad de México,015,Cuauhtémoc,0001,Cuauhtémoc,0998,006,NA,NA,NA,Fijo,19.42104702,-99.1693127,2014-12
894323,09015722511002371000000000U5,SUSHI ROMANITO,NA,722511,Restaurantes con servicio de preparación de alimentos a la carta o de comida corrida,0 a 5 personas,CALLE,RIO PANUCO,AVENIDA,RIO RHIN,CALLE,PLAZA NECAXA,CALLE,RIO NAZAS,0,SN,NA,NA,0,NA,COLONIA,CUAUHTEMOC,NA,NA,NA,06500,09,Ciudad de México,015,Cuauhtémoc,0001,Cuauhtémoc,0790,003,5617327244,NA,NA,Semifijo,19.4313521,-99.16608054,2014-12
9906113,09015722511023752000000000U1,SUSHI SAM,NA,722511,Restaurantes con servicio de preparación de alimentos a la carta o de comida corrida,6 a 10 personas,AVENIDA,RIBERA DE SAN COSME,CALLE,CEDRO,CALLE,NOGAL,CALLE,AMADO NERVO,133,NA,NA,NA,NA,NA,COLONIA,SANTA MARIA LA RIBERA,NA,NA,NA,06400,09,Ciudad de México,015,Cuauhtémoc,0001,Cuauhtémoc,0593,006,NA,NA,NA,Fijo,19.44300236,-99.16390519,2024-11
892039,09015722511000502000000000S7,SUSHI TAI,SUSHI SERVICIOS SA DE CV,722511,Restaurantes con servicio de preparación de alimentos a la carta o de comida corrida,6 a 10 personas,CALLE,5 DE FEBRERO,CALLE,MESONES,CALLE,REGINA,CALLEJON,PRIMER DE MESONES,53,A,NA,NA,0,NA,COLONIA,CUAHUTEMOC,NA,NA,NA,06090,09,Ciudad de México,015,Cuauhtémoc,0001,Cuauhtémoc,0894,001,5555227060,SUSHITAICENTROHISTORICO@GMAIL.COM.MX,WWW.SUSHITAI.COM.MX,Fijo,19.42771012,-99.13508919,2014-12
8385991,09015722516002242000000000U7,SUSHI TANOSHINI,NA,722511,Restaurantes con servicio de preparación de alimentos a la carta o de comida corrida,6 a 10 personas,CALLE,GONZALEZ ORTEGA,CALLE,REPUBLICA DE COSTA RICA,CALLE,MANUEL DE LA PEÑA Y PEÑA,CALLE,FLORIDA,24,NA,A,PLANTA BAJA,NA,NA,COLONIA,CENTRO,NA,NA,NA,06020,09,Ciudad de México,015,Cuauhtémoc,0001,Cuauhtémoc,0589,005,NA,NA,NA,Fijo,19.44141805,-99.12585276,2019-11
10506350,09015722511018422000000000U8,SUSHI UNAGUS,NA,722511,Restaurantes con servicio de preparación de alimentos a la carta o de comida corrida,6 a 10 personas,CALLE,MANUEL DOBLADO,CALLE,DIAZ DE LEON,EJE VIAL,1 NORTE (IGNACIO LOPEZ RAYON)(HEROES DE GRANADITAS),EJE VIAL,1 ORIENTE (AVENIDA DEL TRABAJO),159,A,NA,NA,NA,NA,COLONIA,MORELOS,NA,NA,NA,06200,09,Ciudad de México,015,Cuauhtémoc,0001,Cuauhtémoc,0358,014,NA,NA,NA,Fijo,19.443071,-99.12464474,2024-11
9055697,09015722511014452000045623M9,SUSHI ZEN,RESTAURANTE DARUMA SA DE CV,722511,Restaurantes con servicio de preparación de alimentos a la carta o de comida corrida,0 a 5 personas,CALLE,RIO TAMESIS,CALLE,PLAZA CARLOS FINLAY,AVENIDA,PASEO DE LA REFORMA,AVENIDA,INSURGENTES CENTRO,6,NA,EDIFICIO SIN NOMBRE,PLANTA BAJA,NA,NA,COLONIA,CUAUHTEMOC,NA,NA,NA,06500,09,Ciudad de México,015,Cuauhtémoc,0001,Cuauhtémoc,0837,008,NA,NA,NA,Fijo,19.43140122,-99.1606014,2019-11
989598,09015722110002983000000000U8,SUSHITTO,SUSHIMAKI SA DE CV,722511,Restaurantes con servicio de preparación de alimentos a la carta o de comida corrida,6 a 10 personas,EJE VIAL,CENTRAL LAZARO CARDENAS,CALLE,FRANCISCO I. MADERO,CALLE,16 DE SEPTIEMBRE,CALLE,FRAY PEDRO DE GANTE,8,NA,NA,NA,8,NA,COLONIA,CENTRO,NA,NA,NA,06000,09,Ciudad de México,015,Cuauhtémoc,0001,Cuauhtémoc,0767,005,5555104263,NA,NA,Fijo,19.43348285,-99.14085154,2010-07
8327438,09015722511013363000000000U9,SUVAI,NA,722511,Restaurantes con servicio de preparación de alimentos a la carta o de comida corrida,11 a 30 personas,CALLE,ZACATECAS,CALLE,TONALA,CALLE,JALAPA,CALLE,GUANAJUATO,139,NA,NA,NA,NA,NA,COLONIA,ROMA NORTE,NA,NA,NA,06700,09,Ciudad de México,015,Cuauhtémoc,0001,Cuauhtémoc,1106,003,3618888320,NA,NA,Fijo,19.41564351,-99.16082028,2019-11
10669206,09015722511018211000000000U5,SUVALAKI EL GRIEGO,PANTELIS KALOGEROPOULOS SA DE CV,722511,Restaurantes con servicio de preparación de alimentos a la carta o de comida corrida,0 a 5 personas,CALLE,RIO LERMA,CALLE,RIO SENA,CALLE,RIO DANUBIO,CALLE,RIO PAPALOAPAN,104,NA,NA,NA,NA,NA,COLONIA,CUAUHTEMOC,NA,NA,NA,06500,09,Ciudad de México,015,Cuauhtémoc,0001,Cuauhtémoc,0930,010,NA,SUVLAKIELGRIEGO@GMAIL.COM,NA,Fijo,19.42976011,-99.16593984,2024-11
10125161,09015722511020151000000000U9,SWAGAT,NA,722511,Restaurantes con servicio de preparación de alimentos a la carta o de comida corrida,0 a 5 personas,CALLE,INDEPENDENCIA,CALLE,SANTOS DEGOLLADO,CALLE,LUIS MOYA,CALLE,ARTICULO 123,40,206,NA,NA,0,L. 101,COLONIA,CENTRO,NA,NA,NA,06050,09,Ciudad de México,015,Cuauhtémoc,0001,Cuauhtémoc,0748,001,NA,NA,NA,Fijo,19.43324324,-99.14444065,2024-11
11435947,09015722511018763000070637S5,TAB GHA,GASTRONOMICA CHURROS DE LA CONDESA SA DE CV,722511,Restaurantes con servicio de preparación de alimentos a la carta o de comida corrida,11 a 30 personas,CALLE,ESTRASBURGO,CALLE,AMBERES,CALLE,GENOVA,CALLE,HAMBURGO,6,NA,NA,NA,NA,NA,COLONIA,JUAREZ,NA,NA,NA,06600,09,Ciudad de México,015,Cuauhtémoc,0001,Cuauhtémoc,0945,015,5521808693,MA.SANCHEZ.CONTABILIDAD@GMAIL.COM,WWW.RESTAURANTETABGHA.COM,Fijo,19.42685857,-99.16476928,2024-11
895508,09015722412002293000000000U2,TABERNA DEL PACIFICO,RESTAURANTES TAB SA DE CV,722412,"Bares, cantinas y similares",11 a 30 personas,CALLE,HAMBURGO,CALLE,COPENHAGUE,CALLE,NIZA,CALLE,OSLO,89,NA,NA,NA,0,NA,COLONIA,JUAREZ,NA,NA,NA,06600,09,Ciudad de México,015,Cuauhtémoc,0001,Cuauhtémoc,0803,012,5552712281,NA,NA,Fijo,19.42700037,-99.16319934,2014-12
10262838,09015722511023942000000000U8,TACO GAME,NA,722511,Restaurantes con servicio de preparación de alimentos a la carta o de comida corrida,6 a 10 personas,EJE VIAL,4 SUR BENJAMIN FRANKLIN,CALLE,JUCHITAN,CALLE,ENSENADA,CALLE,CHOAPAN,125,NA,NA,NA,NA,NA,COLONIA,CONDESA,NA,NA,NA,06170,09,Ciudad de México,015,Cuauhtémoc,0001,Cuauhtémoc,1411,015,NA,TACOGAMECONDESA@GMAIL.COM,NA,Fijo,19.40575672,-99.17733449,2024-11
8327405,09015722511013283000000000U9,TACOS BEATRIZ FAMOSOS DESDE 1910,TACOS BEATRIZ FAMOSOS DESDE 1910 SA DE CV,722511,Restaurantes con servicio de preparación de alimentos a la carta o de comida corrida,11 a 30 personas,CALLE,TUXPAN,EJE VIAL,3 SUR (AVENIDA BAJA CALIFORNIA),CALLE,QUINTANA ROO,CALLE,ANAHUAC,34,NA,NA,NA,NA,NA,COLONIA,ROMA SUR,NA,NA,NA,06760,09,Ciudad de México,015,Cuauhtémoc,0001,Cuauhtémoc,145A,025,5561475539,RESTAURANTE@TACOSBEATRIZ.MX,NA,Fijo,19.40505325,-99.16749451,2019-11
1040221,09015722219020781001000000S3,TACOS DE BIRRIA LOS CUÑADOS,NA,722511,Restaurantes con servicio de preparación de alimentos a la carta o de comida corrida,0 a 5 personas,CALLE,AYUNTAMIENTO,CALLE,LOPEZ,EJE VIAL,CENTRAL (LAZARO CARDENAS),CALLE,PUENTE PEREDO,8,A,NA,NA,NA,NA,COLONIA,CENTRO,NA,NA,NA,06010,09,Ciudad de México,015,Cuauhtémoc,0001,Cuauhtémoc,0875,024,NA,NA,NA,Fijo,19.43025738,-99.14183837,2010-07
1060850,09015722219013461001000000U1,TACOS DE GUISADO,NA,722511,Restaurantes con servicio de preparación de alimentos a la carta o de comida corrida,0 a 5 personas,CALLE,SOLEDAD,CALLE,CALLEJON LECHERAS,CALLE,ALHONDIGA,CALLE,CORREGIDORA,65,NA,PLAZA SOLEDAD,PISO 1,142,NA,COLONIA,CENTRO,CENTRO Y PLAZA COMERCIAL,PLAZA SOLEDAD,142,06060,09,Ciudad de México,015,Cuauhtémoc,0001,Cuauhtémoc,0786,004,5532010062,NA,NA,Fijo,19.4321609,-99.12677375,2010-07
894786,09015722514003001011000000U1,TACOS DELI,NA,722511,Restaurantes con servicio de preparación de alimentos a la carta o de comida corrida,0 a 5 personas,EJE VIAL,2 PONIENTE FLORENCIA,CALLE,LONDRES,CALLE,HAMBURGO,CALLE,VARSOVIA,33,NA,NA,NA,33,NA,COLONIA,JUAREZ,NA,NA,NA,06600,09,Ciudad de México,015,Cuauhtémoc,0001,Cuauhtémoc,095A,019,NA,NA,NA,Fijo,19.42478285,-99.16660005,2014-12
10320576,09015722511020072000000000U7,TACOS DONCELES,NA,722511,Restaurantes con servicio de preparación de alimentos a la carta o de comida corrida,6 a 10 personas,CALLE,DONCELES,CALLE,CALLEJON DEL 57,EJE VIAL,CENTRAL (LAZARO CARDENAS),CALLE,REPUBLICA DE CUBA,2,NA,NA,NA,NA,NA,COLONIA,CALLEJON 57,NA,NA,NA,05760,09,Ciudad de México,015,Cuauhtémoc,0001,Cuauhtémoc,0752,018,NA,NA,NA,Fijo,19.43689688,-99.14026619,2024-11
10546174,09015722511022661000000000U5,TACOS EL MALUMA,NA,722511,Restaurantes con servicio de preparación de alimentos a la carta o de comida corrida,0 a 5 personas,CALLE,MONEDA,CALLE,CORREO MAYOR,CALLE,ACADEMIA,CALLE,MONEDA,19,NA,PLAZA COMERCIAL MONEDA 19,PISO 1,108,NA,CIUDAD,CENTRAL,CENTRO Y PLAZA COMERCIAL,PLAZA COMERCIAL MONEDA 19,108,06060,09,Ciudad de México,015,Cuauhtémoc,0001,Cuauhtémoc,0771,012,NA,NA,NA,Fijo,19.43323953,-99.12953047,2024-11
1029013,09015722110003993000000000U6,TACOS LA TERCIA,NA,722511,Restaurantes con servicio de preparación de alimentos a la carta o de comida corrida,6 a 10 personas,CALLE,GENOVA,CALLE,LONDRES,CALLE,LIVERPOOL,CALLE,AMBERES,71,NA,NA,NA,3,NA,COLONIA,ZONA ROSA,NA,NA,NA,06600,09,Ciudad de México,015,Cuauhtémoc,0001,Cuauhtémoc,095A,001,5541433660,TERCIA.GENOVA@GMAIL.COM,NA,Fijo,19.42544394,-99.16368305,2010-07
1022953,09015722511007722001000000U4,TAI LI BUFFET CHINO,NA,722511,Restaurantes con servicio de preparación de alimentos a la carta o de comida corrida,11 a 30 personas,CALLE,ISABEL LA CATOLICA,CALLE,FRANCISCO I. MADERO,CALLE,16 DE SEPTIEMBRE,CALLE,PALMA,34,B,NA,NA,34,B,COLONIA,CENTRO HISTORICO DE LA CIUDAD DE MEXICO,NA,NA,NA,06000,09,Ciudad de México,015,Cuauhtémoc,0001,Cuauhtémoc,0771,015,NA,NA,NA,Fijo,19.4327536,-99.13629451,2010-07
9891199,09015722511024161000000000U4,TAI THAI TACO,NA,722511,Restaurantes con servicio de preparación de alimentos a la carta o de comida corrida,0 a 5 personas,CALLE,COAHUILA,EJE VIAL,3 PONIENTE (MEDELLIN),EJE VIAL,2 PONIENTE (MONTERREY),CALLE,CAMPECHE,142,D,NA,NA,NA,NA,COLONIA,ROMA SUR,NA,NA,NA,06070,09,Ciudad de México,015,Cuauhtémoc,0001,Cuauhtémoc,1360,008,NA,CONTACTO@THAITACO.COM.MX,WWW.THAITACO.COM.MX,Fijo,19.41120226,-99.16264185,2024-11
11190276,09015722511023262000000000U1,TAKE KARE RAMEN,GRUPO RAMEN SANTA MARIA LA RIBERA SA,722511,Restaurantes con servicio de preparación de alimentos a la carta o de comida corrida,6 a 10 personas,EJE VIAL,1 NORTE JOSE ANTONIO ALZATE,CALLE,SANTA MARIA LA RIBERA,CALLE,DOCTOR ATL,CALLE,SALVADOR DIAZ MIRON,77,NA,NA,NA,2,NA,COLONIA,SANTA MARIA LA RIBERA,NA,NA,NA,06400,09,Ciudad de México,015,Cuauhtémoc,0001,Cuauhtémoc,0485,005,5573398389,NA,NA,Fijo,19.44701652,-99.15698133,2024-11
10318499,09015722511019272000000000U6,TAKOTL,NA,722511,Restaurantes con servicio de preparación de alimentos a la carta o de comida corrida,6 a 10 personas,AVENIDA,INSURGENTES SUR,AVENIDA,ALVARO OBREGON,CALLE,MEDELLIN,CALLE,MEDELLIN,275,NA,INSURGENTES 275,PLANTA BAJA,0,NA,COLONIA,HIPODROMO CONDESA,EDIFICIO COMERCIAL Y DE SERVICIOS,INSURGENTES 275,33,06700,09,Ciudad de México,015,Cuauhtémoc,0001,Cuauhtémoc,120A,015,NA,NUEVOTAKOTL33@GAMIL.COM,NA,Fijo,19.41596523,-99.16539038,2024-11
8326270,09015722511012551000000000U0,TAMALES MADRE,NA,722511,Restaurantes con servicio de preparación de alimentos a la carta o de comida corrida,6 a 10 personas,CALLE,LIVERPOOL,CALLE,DINAMARCA,CALLE,BERLIN,CALLE,MARSELLA,44,NA,NA,NA,NA,NA,COLONIA,JUAREZ,NA,NA,NA,06600,09,Ciudad de México,015,Cuauhtémoc,0001,Cuauhtémoc,0841,003,5531915331,NA,WWW.TAMALESMADRE.COM,Fijo,19.42710319,-99.15792607,2019-11
1015678,09015722219032242000000000U2,TAMALITO DE MI CORAZON,NA,722511,Restaurantes con servicio de preparación de alimentos a la carta o de comida corrida,0 a 5 personas,CALLE,PEDRO BARANDA,CALLE,TOMAS ALVA EDISON,CALLE,CALLE DE LA REPUBLICA,CALLE,JOSE DE EMPARAM,4,NA,NA,NA,0,NA,COLONIA,TABACALERA,NA,NA,NA,06030,09,Ciudad de México,015,Cuauhtémoc,0001,Cuauhtémoc,0714,004,5621556530,NA,NA,Fijo,19.43652633,-99.15182822,2014-12
11041921,09015722511024013000000000U7,TAMASULA JALISCO,NA,722511,Restaurantes con servicio de preparación de alimentos a la carta o de comida corrida,11 a 30 personas,PEATONAL,PLAZA GARIBALDI,EJE VIAL,CENTRAL (LAZARO CARDENAS),CALLE,SAN CAMILITO,CALLE,REPUBLICA DE ECUADOR,4,NA,MERCADO DE SAN CAMILITO,PLANTA BAJA,NA,NA,COLONIA,CENTRO,MERCADO PUBLICO,MERCADO DE SAN CAMILITO,18,06010,09,Ciudad de México,015,Cuauhtémoc,0001,Cuauhtémoc,0536,014,NA,NA,NA,Fijo,19.44093651,-99.13913156,2024-11
11480491,09015722412006361000000000U3,TANNIN ART BAR,FUFLUNS SA DE CV,722412,"Bares, cantinas y similares",0 a 5 personas,CALLE,VERSALLES,AVENIDA,CHAPULTEPEC,CALLE,BERLIN,AVENIDA,CHAPULTEPEC,113,NA,NA,NA,NA,NA,COLONIA,JUAREZ,NA,NA,NA,06600,09,Ciudad de México,015,Cuauhtémoc,0001,Cuauhtémoc,0841,014,NA,NA,NA,Fijo,19.42568609,-99.15649226,2024-11
875735,09015722212004801000000000U4,TAQUERIA EL LIMONCITO,NA,722511,Restaurantes con servicio de preparación de alimentos a la carta o de comida corrida,0 a 5 personas,CALLE,JUAN A MATEOS,CALLE,BOLIVAR,CALLE,CENTRAL (LAZARO CARDENAS),CALLE,RAFAEL DELGADO,41,A,NA,NA,NA,NA,COLONIA,OBRERA,NA,NA,NA,06800,09,Ciudad de México,015,Cuauhtémoc,0001,Cuauhtémoc,1248,002,5565631928,NA,NA,Fijo,19.41062107,-99.14203225,2010-07
1044384,09015722212002251000000000U4,TAQUERIA LA CHINGADA,NA,722511,Restaurantes con servicio de preparación de alimentos a la carta o de comida corrida,0 a 5 personas,CALLE,LORENZO BOTURINI,CALLE,FRANCISCO J. CLAVIJERO,CALLE,XOCONGO,ANDADOR,ANDADOR DE LOS REYES,224,NA,NA,NA,0,NA,COLONIA,TRANSITO,NA,NA,NA,06820,09,Ciudad de México,015,Cuauhtémoc,0001,Cuauhtémoc,106A,003,NA,NA,NA,Fijo,19.41782648,-99.13139407,2010-07
9935366,09015722511020573000095016M4,TAQURIA DON FRANK,NA,722511,Restaurantes con servicio de preparación de alimentos a la carta o de comida corrida,11 a 30 personas,EJE VIAL,2 PONIENTE MONTERREY,CALLE,BAJIO,VIADUCTO,PRESIDENTE MIGUEL ALEMAN,CALLE,LINARES,370,NA,NA,NA,NA,NA,COLONIA,ROMA SUR,NA,NA,NA,06760,09,Ciudad de México,015,Cuauhtémoc,0001,Cuauhtémoc,1464,003,NA,NA,NA,Fijo,19.40417134,-99.16060096,2024-11
11559396,09015722511022372000000000U9,TASTY GREENS,RESTAURANT VICTORIAL SA DE CV,722511,Restaurantes con servicio de preparación de alimentos a la carta o de comida corrida,6 a 10 personas,EJE VIAL,EJE 1NORTE MOSQUETA E INSURGENTES NORTE 259,AVENIDA,INSURGENTES NORTE,ANDADOR,NINGUNO,AVENIDA,INSURGENTES NORTE,259,NA,FORUM BUENAVISTA,PISO 1,NA,NA,COLONIA,BUENAVISTA,CENTRO Y PLAZA COMERCIAL,FORUM BUENAVISTA,N2FC-06,06350,09,Ciudad de México,015,Cuauhtémoc,0001,Cuauhtémoc,049A,001,NA,NA,NA,Fijo,19.44648674,-99.15244331,2024-11
10192359,09015722511019251000000000U0,TAXCO,NA,722511,Restaurantes con servicio de preparación de alimentos a la carta o de comida corrida,0 a 5 personas,CALLE,MANUEL CARPIO,CALLE,DOCTOR MARIANO AZUELA,AVENIDA,INSURGENTES NORTE,CALLE,SALVADOR DIAZ MIRON,30,A,NA,NA,NA,NA,COLONIA,SANTA MARIA RIVERA,NA,NA,NA,06400,09,Ciudad de México,015,Cuauhtémoc,0001,Cuauhtémoc,0485,013,NA,NA,NA,Fijo,19.44994433,-99.1533286,2024-11
7733475,09015722511011411000000000U8,TEA CONNETION,TEA CONNECTION DE MEXICO SAPI DE CV,722511,Restaurantes con servicio de preparación de alimentos a la carta o de comida corrida,6 a 10 personas,AVENIDA,MEXICO,CALLE,CHILPANCINGO,CALLE,IZTACCIHUATL,AVENIDA,AMSTERDAM,123,NA,NA,NA,3,NA,COLONIA,HIPODROMO,NA,NA,NA,06100,09,Ciudad de México,015,Cuauhtémoc,0001,Cuauhtémoc,1341,019,NA,NA,NA,Fijo,19.41039318,-99.16957262,2019-11
8326474,09015722511012643000000000U5,TEIKIT,PHUKET MAKI SA DE CV,722511,Restaurantes con servicio de preparación de alimentos a la carta o de comida corrida,6 a 10 personas,AVENIDA,CHAPULTEPEC,CALLE,COZUMEL,CALLE,GUADALAJARA,CALLE,PUEBLA,512,NA,NA,NA,NA,NA,COLONIA,ROMA NORTE,NA,NA,NA,06700,09,Ciudad de México,015,Cuauhtémoc,0001,Cuauhtémoc,1089,012,NA,CHAPULTEPEC@TEIKIT.MX,WWW.TEIKIT.MX,Fijo,19.42112009,-99.17297759,2019-11
11601741,09015722511020091000000000U7,TEIQUIRISL,NA,722511,Restaurantes con servicio de preparación de alimentos a la carta o de comida corrida,0 a 5 personas,CALLE,RIO PANUCO,CALLE,RIO POO,EJE VIAL,2 PONIENTE (RIO TIBER),CALLE,RIO LERMA,122,NA,NA,NA,NA,NA,COLONIA,CUAUHTEMOC,NA,NA,NA,06500,09,Ciudad de México,015,Cuauhtémoc,0001,Cuauhtémoc,0822,015,NA,TQERSFOOT@GMAIL.COM,NA,Fijo,19.42991758,-99.16888946,2024-11
9920767,09015722511023612000000000U7,TEMPLO MEZCALERIA,NA,722511,Restaurantes con servicio de preparación de alimentos a la carta o de comida corrida,6 a 10 personas,CALLE,DONCELES,CALLE,REPUBLICA DE ARGENTINA,CALLE,REPUBLICA DE BRASIL,CALLE,LUIS GONZALEZ OBREGON,88,NA,PLAZA DONCELES 88,PISO 1,NA,NA,COLONIA,CENTRO,CENTRO Y PLAZA COMERCIAL,PLAZA DONCELES 88,SN,06020,09,Ciudad de México,015,Cuauhtémoc,0001,Cuauhtémoc,0752,002,NA,NA,NA,Fijo,19.43585832,-99.13270445,2024-11
9520843,09015722511020943000000000U9,TEMPORAL,NA,722511,Restaurantes con servicio de preparación de alimentos a la carta o de comida corrida,11 a 30 personas,CALLE,SALTILLO,AVENIDA,CAMPECHE,CALLE,VICENTE SUAREZ,CALLE,CHOLULA,1,NA,NA,NA,901,NA,CIUDAD,CUAUHTEMOC,NA,NA,NA,06170,09,Ciudad de México,015,Cuauhtémoc,0001,Cuauhtémoc,1337,008,NA,CONDESATEMPORAL@GMAIL.COM,NA,Fijo,19.4101995,-99.17304626,2024-11
11411932,09015722511023472000000000U6,TENCUI RESTAURANT,TENCUI RESTAURANT SA DE CV,722511,Restaurantes con servicio de preparación de alimentos a la carta o de comida corrida,6 a 10 personas,CALLE,ELIGIO ANCONA,CALLE,LAUREL,CALLE,SABINO,AVENIDA,RICARDO FLORES MAGON,191,NA,NA,NA,NA,NA,COLONIA,SANTA MARIA LA RIBERA,NA,NA,NA,06400,09,Ciudad de México,015,Cuauhtémoc,0001,Cuauhtémoc,0470,009,NA,NA,NA,Fijo,19.45293424,-99.15932368,2024-11
659642,09015722110004103000000000U1,TENNESSEE,OPERADORA CHOPERIA DF SA DE CV,722511,Restaurantes con servicio de preparación de alimentos a la carta o de comida corrida,11 a 30 personas,AVENIDA,MICHOACAN,AVENIDA,NUEVO LEON,AVENIDA,TAMAULIPAS,CALLE,VICENTE SUAREZ,80,NA,NA,NA,0,G,COLONIA,HIPODROMO,NA,NA,NA,06100,09,Ciudad de México,015,Cuauhtémoc,0001,Cuauhtémoc,1322,013,NA,TESTAURANT.TENNESSEE@GMAIL.COM,NA,Fijo,19.41133107,-99.17383041,2011-03
10660866,09015722511018871000000000U6,TENOCH,NA,722511,Restaurantes con servicio de preparación de alimentos a la carta o de comida corrida,0 a 5 personas,CALLE,MONTE DE PIEDAD,CALLE,5 DE MAYO,CALLE,FRANCISCO I. MADERO,CALLE,PALMA,5,NA,CENTRO JOYERO CATEDRAL,PISO 1,106,107,MANZANA,CENTRO,PASAJE Y ANDADOR COMERCIAL,CENTRO JOYERO CATEDRAL,106-107,06000,09,Ciudad de México,015,Cuauhtémoc,0001,Cuauhtémoc,0771,006,5617408368,NA,NA,Fijo,19.43380777,-99.13409582,2024-11
9154461,09015722412005081000000000U8,TEPACHERIA EL OASIS,NA,722412,"Bares, cantinas y similares",0 a 5 personas,EJE VIAL,2 A SUR DOCTOR BALMIS,CALLE,DOCTOR AGUSTIN ANDRADE,CALLE,DOCTOR BARRAGAN,CALLE,DOCTOR ARCE,0,SN,MERCADO HIDALGO,PLANTA BAJA,895,NA,COLONIA,DOCTORES,MERCADO PUBLICO,MERCADO HIDALGO,895,06720,09,Ciudad de México,015,Cuauhtémoc,0001,Cuauhtémoc,1233,021,NA,NA,NA,Fijo,19.41430544,-99.14609013,2019-11
658798,09015722412002253000000000U6,TEQUILERA LA PERLA DE OCCIDENTE,GRUPO GASTRONOMICO ARRIAGA Y COMPAÑIA SA DE CV,722412,"Bares, cantinas y similares",11 a 30 personas,AVENIDA,TAMAULIPAS,CALLE,FERNANDO MONTES DE OCA,EJE VIAL,2 SUR (JUAN ESCUTIA),CALLE,TENANCINGO,39,NA,NA,NA,0,A,COLONIA,CONDESA,NA,NA,NA,06140,09,Ciudad de México,015,Cuauhtémoc,0001,Cuauhtémoc,1322,008,5552111063,NA,NA,Fijo,19.4128976,-99.17280426,2011-03
8386352,09015722511015191000000000U2,TERESITAS,NA,722511,Restaurantes con servicio de preparación de alimentos a la carta o de comida corrida,0 a 5 personas,CALLE,MEDELLIN,CALLE,SINALOA,AVENIDA,PLAZA VILLA MADRID,AVENIDA,OAXACA,11,A,NA,NA,0,NA,COLONIA,ROMA NORTE,NA,NA,NA,06700,09,Ciudad de México,015,Cuauhtémoc,0001,Cuauhtémoc,0998,003,NA,NA,NA,Fijo,19.42057661,-99.16663302,2019-11
10995393,09015722511021763000000000U0,TERRAZA 56,TERRAZA 56 SA DE CV,722511,Restaurantes con servicio de preparación de alimentos a la carta o de comida corrida,11 a 30 personas,EJE VIAL,CENTRAL LAZARO CARDENAS,CALLE,FRANCISCO I MADERO,CALLE,16 DE SEPTIEMBRE,CALLE,FRAY PEDRO DE GANTE,2,NA,TORRE LATINOAMERICANA,PISO 9,9,904,COLONIA,CENTRO,EDIFICIO COMERCIAL Y DE SERVICIOS,TORRE LATINOAMERICANA,904,06000,09,Ciudad de México,015,Cuauhtémoc,0001,Cuauhtémoc,0767,005,NA,ADMINISTRACION@TERRAZA56.MX,WWW.TERRAZA56.MX,Fijo,19.43398918,-99.14076781,2024-11
8337823,09015722412003903000000000U5,TERRAZA 5TA BAR JUAREZ,NA,722412,"Bares, cantinas y similares",6 a 10 personas,AVENIDA,JUAREZ,CALLE,LUIS MOYA,CALLE,DOLORES,CALLE,INDEPENDENCIA,32,NA,JUAREZ 32,PISO 4,503,NA,COLONIA,AVENIDA JUAREZ,EDIFICIO COMERCIAL Y DE SERVICIOS,JUAREZ 32,503,06050,09,Ciudad de México,015,Cuauhtémoc,0001,Cuauhtémoc,0748,010,NA,TERRAZA5TABAR@OULET.COM,NA,Fijo,19.43454583,-99.1436977,2019-11
9281157,09015722511016631000000000U0,TERRAZA CHA CHA CHA,OPERADORA PLAZA REVOLUCION SA DE CV,722511,Restaurantes con servicio de preparación de alimentos a la carta o de comida corrida,31 a 50 personas,CALLE,CALLE DE LA REPUBLICA,CALLE,ALCÁZAR,CALLE,AVENIDA DE LA REPÚBLICA,CALLE,RAMOS ARISPE,157,NA,EDIFICIO SIN NOMBRE,PISO 6,NA,NA,COLONIA,TABACALERA,NA,NA,NA,06030,09,Ciudad de México,015,Cuauhtémoc,0001,Cuauhtémoc,0714,006,NA,MUZCANGAVILLA@GMAIL.COM,NA,Fijo,19.43598934,-99.15265653,2020-11
10488953,09015722511021384000000000U5,TERRAZA DOMINGO SANTO,SEREFOOD SA DE CV,722511,Restaurantes con servicio de preparación de alimentos a la carta o de comida corrida,31 a 50 personas,CALLE,REPUBLICA DE CUBA,CALLE,SANTO DOMINGO,CALLE,PALMA NORTE,CALLE,BELISARIO DOMINGUEZ,96,NA,96,PLANTA BAJA,1,96,COLONIA,CENTRO,NA,NA,NA,06000,09,Ciudad de México,015,Cuauhtémoc,0001,Cuauhtémoc,0644,012,NA,FACTURACION@DOMINGOSANTO.COM,NA,Fijo,19.43693735,-99.13422934,2024-11
9885835,09015722511022424000000000U8,TERRAZA HOMEWORK,MV GALA GASTRONOMICA SA DE CV,722511,Restaurantes con servicio de preparación de alimentos a la carta o de comida corrida,31 a 50 personas,CALLE,AVENIDA DE LA REPUBLICA,CALLE,CALLE DE LA REPUBLICA,CALLE,RAMOS ARISPE,CALLE,ALCAZAR,9,NA,AVENIDA DE LA REPUBLICA 9,PISO 3,NA,NA,COLONIA,TABACALERA,EDIFICIO COMERCIAL Y DE SERVICIOS,AVENIDA DE LA REPUBLICA 9,300,06030,09,Ciudad de México,015,Cuauhtémoc,0001,Cuauhtémoc,0714,006,NA,NA,WWW.PIZORAMA.MX,Fijo,19.43626534,-99.152838,2024-11
9950669,09015722511024153000000000U1,TERRAZA MARGOT,GETEC SA DE CV,722511,Restaurantes con servicio de preparación de alimentos a la carta o de comida corrida,11 a 30 personas,CALLE,DURANGO,EJE VIAL,3 PONIENTE (SALAMANCA),CALLE,VALLADOLID,CALLE,SINALOA,221,NA,NA,NA,NA,NA,COLONIA,ROMA NORTE,NA,NA,NA,06700,09,Ciudad de México,015,Cuauhtémoc,0001,Cuauhtémoc,0998,005,NA,MARGOTCDMX@GMAIL.COM,NA,Fijo,19.41963787,-99.16829992,2024-11
10411730,09015722511017992000000000U1,TERRAZA RESTAURANTE DON PORFIRIO,NA,722511,Restaurantes con servicio de preparación de alimentos a la carta o de comida corrida,6 a 10 personas,CALLE,LONDRES,CALLE,DINAMARCA,CALLE,NAPOLES,CALLE,LIVERPOOL,38,NA,NA,NA,15,NA,COLONIA,JUAREZ,NA,NA,NA,06600,09,Ciudad de México,015,Cuauhtémoc,0001,Cuauhtémoc,0841,001,NA,NA,NA,Fijo,19.42748996,-99.15943446,2024-11
884944,09015722511002252001000000U7,TERRAZA SANTA MARIA,NA,722511,Restaurantes con servicio de preparación de alimentos a la carta o de comida corrida,0 a 5 personas,CALLE,ELIGIO ANCONA,CALLE,TREBOL,CALLE,DOCTOR ATL,AVENIDA,RICARDO FLORES MAGON,101,NA,NA,NA,0,NA,COLONIA,SANTA MARIA LA RIBERA,NA,NA,NA,06400,09,Ciudad de México,015,Cuauhtémoc,0001,Cuauhtémoc,0470,002,NA,IVANHERIBERTOGARCIAJIMENEZ@GMAIL.COM,NA,Fijo,19.45238721,-99.1560289,2014-12
9064787,09015722515012581000000000U8,TERRUÑO,NA,722412,"Bares, cantinas y similares",0 a 5 personas,CALLE,GUANAJUATO,CALLE,FRONTERA,CALLE,MERIDA,CALLE,CHIHUAHUA,27,E,NA,NA,27,B,COLONIA,ROMA NORTE,NA,NA,NA,06700,09,Ciudad de México,015,Cuauhtémoc,0001,Cuauhtémoc,1110,018,NA,NA,NA,Fijo,19.41759962,-99.15569723,2019-11
6739258,09015722511008773001061885M6,TESTAL,DOLORES Y SUS SABORES SA DE CV,722511,Restaurantes con servicio de preparación de alimentos a la carta o de comida corrida,31 a 50 personas,CALLE,DOLORES,AVENIDA,JUÁREZ,CALLE,INDEPENDENCIA,CALLE,LÓPEZ,16,B,NA,NA,NA,NA,COLONIA,CENTRO AREA 2,EDIFICIO COMERCIAL Y DE SERVICIOS,EDIFICIO COMERCIAL Y DE SERVICIOS SIN NOMBRE,SN,06010,09,Ciudad de México,015,Cuauhtémoc,0001,Cuauhtémoc,0748,012,NA,DULCE.ESPARZA@CDCMX.COM,NA,Fijo,19.43328448,-99.14280763,2016-10
10677362,09015722511024282000000000S8,TESTAL ROMA,DOLORES Y SUS SABORES SC,722511,Restaurantes con servicio de preparación de alimentos a la carta o de comida corrida,6 a 10 personas,AVENIDA,OAXACA,EJE VIAL,2 PONIENTE (MONTERREY),CALLE,PUEBLA,EJE VIAL,2 PONIENTE (MONTERREY),31,A,NA,NA,NA,NA,COLONIA,ROMA NORTE,NA,NA,NA,06700,09,Ciudad de México,015,Cuauhtémoc,0001,Cuauhtémoc,0998,012,5648224093,OAXACA@TESTAL.MX,TESTALROMA.COM,Fijo,19.42198703,-99.16462072,2024-11
11822261,09015722511024713000061885S2,TESTAL ROMA,DOLORES Y SUS SABORES SA DE CV,722511,Restaurantes con servicio de preparación de alimentos a la carta o de comida corrida,11 a 30 personas,AVENIDA,Oaxaca,EJE VIAL,2 Poniente (Monterrey),CALLE,Ninguno,CALLE,Puebla,31,NA,NA,NA,NA,NA,COLONIA,ROMA NORTE,NA,NA,NA,06700,09,Ciudad de México,015,Cuauhtémoc,0001,Cuauhtémoc,0998,012,NA,RECURSOS.HUMANOS@TESTAL.MX,NA,Fijo,19.42163752,-99.16495778,2025-04
877394,09015722511001004000052400S3,TEXAS RIBS FORUM BUENAVISTA,COSTILLAS JULIETA SA DE CV,722511,Restaurantes con servicio de preparación de alimentos a la carta o de comida corrida,31 a 50 personas,AVENIDA,INSURGENTES NORTE,CALLE,MANZANA O EDIFICACIÓN CONTIGUA,ANDADOR,NINGUNO,CALLE,JUAN ALDAMA,259,NA,EDIFICIO SIN NOMBRE,PISO 3,NA,NA,COLONIA,BUENAVISTA,CENTRO Y PLAZA COMERCIAL,PLAZA FORUM BUENAVISTA,N3-12,06350,09,Ciudad de México,015,Cuauhtémoc,0001,Cuauhtémoc,049A,001,NA,OLIMPIA.MARQUEZ@TEXASRIBS.COM.MX,WWW.TEXASRIBS.COM.MX,Fijo,19.45162232,-99.15209431,2014-12
9866656,09015722511022114000000000U5,THAI VIET & KOREAN GROUP,THAI VIET & KOREAN GROUP SA DE CV,722511,Restaurantes con servicio de preparación de alimentos a la carta o de comida corrida,31 a 50 personas,CALLE,COLIMA,CALLE,TONALA,EJE VIAL,2 PONIENTE (MONTERREY),CALLE,TABASCO,234,NA,NA,NA,NA,NA,COLONIA,ROMA NORTE,NA,NA,NA,06700,09,Ciudad de México,015,Cuauhtémoc,0001,Cuauhtémoc,1002,015,NA,NA,NA,Fijo,19.41881727,-99.16420981,2024-11
11820887,09015722412006582000000000U4,THE BEEER BOX SAN RAFAEL,RESTAURANT-TI SA DE CV,722412,"Bares, cantinas y similares",6 a 10 personas,CALLE,Manuel María Contreras,CALLE,Maestro Antonio Caso,CALLE,James Sullivan,CALLE,Joaquín Velázquez de León,115,D,NA,NA,0,NA,COLONIA,SAN RAFAEL,NA,NA,NA,NA,09,Ciudad de México,015,Cuauhtémoc,0001,Cuauhtémoc,0678,021,NA,CONTABILIDD@BEERBOX.COM.MX,NA,Fijo,19.43526643,-99.16582008,2025-04
11611636,09015722412006351000000000U4,THE BEER BOX BAR,NA,722412,"Bares, cantinas y similares",0 a 5 personas,CALLE,LONDRES,CALLE,VARSOVIA,CALLE,PRAGA,AVENIDA,CHAPULTEPEC,230,NA,NA,NA,0,A,COLONIA,JUAREZ,NA,NA,NA,06600,09,Ciudad de México,015,Cuauhtémoc,0001,Cuauhtémoc,0983,006,NA,NA,NA,Fijo,19.42311131,-99.16869831,2024-11
11205454,09015722412005382000000000U0,THE BEER BOX INSURGENTES,NA,722412,"Bares, cantinas y similares",6 a 10 personas,AVENIDA,INSURGENTES SUR,CALLE,CELAYA,CALLE,POPOCATEPETL,AVENIDA,AMSTERDAM,295,NA,NA,NA,0,B,COLONIA,HIPODROMO,NA,NA,NA,06400,09,Ciudad de México,015,Cuauhtémoc,0001,Cuauhtémoc,120A,002,5548818872,TBBINSURGENTES295B@GMAIL.COM,NA,Fijo,19.41508424,-99.16569981,2024-11
7755794,09015722412004761000000000U6,THE BEER COMPANY,NA,722412,"Bares, cantinas y similares",0 a 5 personas,CALLE,INDEPENDENCIA,CALLE,REVILLAGIGEDO,CALLE,LUIS MOYA,AVENIDA,JUAREZ,24,12,NA,NA,57,A,COLONIA,CENTRO,NA,NA,NA,06010,09,Ciudad de México,015,Cuauhtémoc,0001,Cuauhtémoc,0748,009,5520550443,TBCENTROHISTORICO@GMAIL.COM,THEBEERCOMPANY.COM,Fijo,19.43354662,-99.14555294,2019-11
900762,09015314991000821000000000U9,THE BULLSTORE,NA,722412,"Bares, cantinas y similares",0 a 5 personas,CALLE,5 DE FEBRERO,CALLE,ANTONIO DE SOLIS,CALLE,MANUEL CABALLERO,CALZADA,SAN ANTONIO ABAD,136,NA,NA,NA,0,NA,COLONIA,OBRERA,NA,NA,NA,06800,09,Ciudad de México,015,Cuauhtémoc,0001,Cuauhtémoc,1407,002,5569641691,NA,NA,Fijo,19.40912221,-99.13737096,2014-12
11399864,09015722511024063000000000U2,THE CAPITAL COFFEE,NA,722511,Restaurantes con servicio de preparación de alimentos a la carta o de comida corrida,11 a 30 personas,CALLE,MADRID,CALLE,PARIS,CALLE,MAESTRO ANTONIO CASO,CALLE,PARIS,5,NA,NA,NA,NA,NA,COLONIA,TABACALERA,NA,NA,NA,06030,09,Ciudad de México,015,Cuauhtémoc,0001,Cuauhtémoc,070A,013,NA,NA,WWW.THECAPITALCOFFE.COM.MX,Fijo,19.43373366,-99.15613207,2024-11
6813198,09015722511009564000003761S8,THE CAPITAL GRILLE EDIFICIO CAPITAL REFORMA,FLY BY WINGS SA DE CV,722511,Restaurantes con servicio de preparación de alimentos a la carta o de comida corrida,51 a 100 personas,AVENIDA,PASEO DE LA REFORMA,CALLE,HAVRE,CALLE,NIZA,CALLE,HAMBURGO,250,NA,NA,NA,NA,NA,COLONIA,JUAREZ,NA,NA,NA,06600,09,Ciudad de México,015,Cuauhtémoc,0001,Cuauhtémoc,0803,010,NA,KDELGADO@CMR.MX,NA,Fijo,19.42848782,-99.16316827,2017-11
10219162,09015722412005981000000000U9,THE CORN HOUSE,NA,722412,"Bares, cantinas y similares",0 a 5 personas,EJE VIAL,CENTRAL LAZARO CARDENAS,CALLE,HECTOR BERLIOZ,CALLE,JULIAN CARRILLO,CALLE,JUAN SEBASTIAN BACH,47,NA,NA,NA,NA,NA,COLONIA,EXHIPODROMO DE PERALVILLO,NA,NA,NA,06250,09,Ciudad de México,015,Cuauhtémoc,0001,Cuauhtémoc,0095,008,5520803452,NA,NA,Fijo,19.45939386,-99.13761538,2024-11
7756545,09015722511014832000000000U2,THE DUKE OF LISBON,NA,722511,Restaurantes con servicio de preparación de alimentos a la carta o de comida corrida,11 a 30 personas,CALLE,LISBOA,CALLE,GENERAL PRIM,CALLE,ATENAS,CALLE,MILAN,15,NA,NA,NA,0,NA,COLONIA,JUAREZ,NA,NA,NA,06600,09,Ciudad de México,015,Cuauhtémoc,0001,Cuauhtémoc,0856,007,NA,NA,NA,Fijo,19.43110512,-99.15560069,2019-11
7732235,09015722511010743000050948S5,THE FOOD BOX,NA,722511,Restaurantes con servicio de preparación de alimentos a la carta o de comida corrida,11 a 30 personas,CALLE,COLIMA,CALLE,FRONTERA,CERRADA,COLIMA,CALLE,DURANGO,65,NA,NA,NA,0,NA,COLONIA,ROMA NORTE,NA,NA,NA,06700,09,Ciudad de México,015,Cuauhtémoc,0001,Cuauhtémoc,1017,006,5573855565,ROMANORTE@THEFOODBOX.COM.MX,NA,Fijo,19.42073283,-99.15641563,2019-11
10991581,09015722511019211000000000U4,THE GALERIA,NA,722511,Restaurantes con servicio de preparación de alimentos a la carta o de comida corrida,0 a 5 personas,CALLE,REGINA,CALLE,BOLIVAR,CALLE,ISABEL LA CATOLICA,CALLE,MESONES,24,NA,NA,NA,NA,B,COLONIA,CENTRO,NA,NA,NA,06800,09,Ciudad de México,015,Cuauhtémoc,0001,Cuauhtémoc,088A,002,NA,NA,NA,Fijo,19.42804076,-99.13783544,2024-11
896218,09015462112002753011000000U5,THE GREEN CORNER RESTAURANTE,THE GREEN CORNER SA DE CV,722511,Restaurantes con servicio de preparación de alimentos a la carta o de comida corrida,6 a 10 personas,AVENIDA,MAZATLAN,EJE VIAL,2 SUR (JUAN ESCUTIA),CALLE,FERNANDO MONTES DE OCA,CALLE,PACHUCA,67,NA,NA,NA,NA,NA,COLONIA,CONDESA,NA,NA,NA,06170,09,Ciudad de México,015,Cuauhtémoc,0001,Cuauhtémoc,1178,005,NA,ABY@THEGREENCORNER.NET,NA,Fijo,19.41516368,-99.1767388,2010-07
11382009,09015722412005593000000000U2,THE HANSIK KOREAN,NA,722412,"Bares, cantinas y similares",11 a 30 personas,CALLE,LIVERPOOL,CALLE,DINAMARCA,CALLE,BERLIN,CALLE,MARSELLA,42,NA,NA,NA,NA,NA,COLONIA,JUAREZ,NA,NA,NA,06600,09,Ciudad de México,015,Cuauhtémoc,0001,Cuauhtémoc,0841,003,NA,NA,NA,Fijo,19.42712668,-99.15787629,2024-11
866986,09015722511004943000000000U9,THE PICNIC,NA,722511,Restaurantes con servicio de preparación de alimentos a la carta o de comida corrida,0 a 5 personas,AVENIDA,TAMAULIPAS,AVENIDA,CAMPECHE,CALLE,VICENTE SUAREZ,CALLE,ATLIXCO,107,NA,NA,NA,0,NA,COLONIA,CONDESA,NA,NA,NA,06170,09,Ciudad de México,015,Cuauhtémoc,0001,Cuauhtémoc,1318,012,5544315449,CORTAME@GMAIL.COM,NA,Fijo,19.41027056,-99.17519099,2012-06
8327084,09015722511013021000000000U3,THE SMOKERY,NA,722511,Restaurantes con servicio de preparación de alimentos a la carta o de comida corrida,0 a 5 personas,CALLE,QUERETARO,EJE VIAL,3 PONIENTE (MEDELLIN),EJE VIAL,2 SUR (AVENIDA YUCATAN),CALLE,ZACATECAS,225,NA,MERCADO ROMA,PLANTA BAJA,40,NA,COLONIA,ROMA NORTE,CENTRO Y PLAZA COMERCIAL,MERCADO ROMA,40,06700,09,Ciudad de México,015,Cuauhtémoc,0001,Cuauhtémoc,1214,015,7773040670,NA,WWW.THESMOKERY.COM.MX,Fijo,19.4140631,-99.16441382,2019-11
11108443,09015722511022281000000000U2,THE VIGGIE HOUSE,NA,722511,Restaurantes con servicio de preparación de alimentos a la carta o de comida corrida,0 a 5 personas,CALLE,SALINA CRUZ,CALLE,TEHUANTEPEC,CALLE,BAJIO,CALLE,TLACOTALPAN,17,NA,NA,NA,0,NA,COLONIA,ROMA SUR,NA,NA,NA,06760,09,Ciudad de México,015,Cuauhtémoc,0001,Cuauhtémoc,145A,006,5511571505,LACASAVEGETARIANA_100@HOTMAIL.COM,NA,Fijo,19.40348904,-99.16528473,2024-11
8530410,09015722511011831000000000U7,THIAGO,NA,722511,Restaurantes con servicio de preparación de alimentos a la carta o de comida corrida,0 a 5 personas,CALLE,CHOAPAN,CALLE,JUCHITAN,CALLE,ENSENADA,EJE VIAL,4 SUR (BENJAMIN FRANKLIN),30,B,NA,NA,NA,NA,COLONIA,CONDESA,NA,NA,NA,06170,09,Ciudad de México,015,Cuauhtémoc,0001,Cuauhtémoc,1411,015,NA,NA,NA,Fijo,19.40619328,-99.17745844,2019-11
10885055,09015722511020271000000000S5,THOOK RESTAURANTE,NA,722511,Restaurantes con servicio de preparación de alimentos a la carta o de comida corrida,0 a 5 personas,CALLE,BOLIVAR,CALLE,5 DE MAYO,CALLE,FRANCISCO I. MADERO,CALLE,FILOMENO MATA,21,NA,DON ALBERTO,PISO 9,904,NA,COLONIA,CENTRO,EDIFICIO COMERCIAL Y DE SERVICIOS,EDIFICIO DON ALBERTO,904,06000,09,Ciudad de México,015,Cuauhtémoc,0001,Cuauhtémoc,0767,001,NA,HOLA@THOOK.COM.MX,WWW.THOOK.COM.MX,Fijo,19.43395172,-99.13831311,2024-11
896236,09015722412003121000000000U4,TIENDA DE ARTESANIAS SABRA DIOS,SABRA DIOS SA DE CV,722412,"Bares, cantinas y similares",0 a 5 personas,AVENIDA,VERACRUZ,CALLE,PACHUCA,CALLE,ZAMORA,CALLE,AGUSTIN MELGAR,15,NA,NA,NA,NA,A,COLONIA,CONDESA,NA,NA,NA,06140,09,Ciudad de México,015,Cuauhtémoc,0001,Cuauhtémoc,1178,015,NA,INERNO-SABRA@GMAIL.COM,WWW.SABRADIOS.COM,Fijo,19.41938563,-99.17617504,2014-12
9170102,09015722511015812000000000U3,TIERRA DENTRO CDMX,NA,722511,Restaurantes con servicio de preparación de alimentos a la carta o de comida corrida,6 a 10 personas,CALLE,MILAN,CALLE,GENERAL PRIM,CALLE,LUCERNA,CALLE,LISBOA,20,NA,NA,NA,NA,NA,COLONIA,JUAREZ,NA,NA,NA,06600,09,Ciudad de México,015,Cuauhtémoc,0001,Cuauhtémoc,0856,006,NA,NA,WWW.TIERRADENTRO.MX,Fijo,19.4304725,-99.15665464,2019-11
10688579,09015722412006423000000000U1,TIGRE SILENCIOSO RESTAURANTE CANTINA,TIGRE SILENCIOSO SA DE CV,722412,"Bares, cantinas y similares",11 a 30 personas,CALLE,COLIMA,CALLE,CORDOBA,CALLE,ORIZABA,CALLE,DURANGO,159,NA,EDIFICIO SIN NOMBRE,PISO 1,1,A,COLONIA,ROMA NORTE,EDIFICIO COMERCIAL Y DE SERVICIOS,EDIFICIO COMERCIAL Y DE SERVICIOS SIN NOMBRE,1A,06700,09,Ciudad de México,015,Cuauhtémoc,0001,Cuauhtémoc,1002,011,NA,ELTIGRESILENCIOSO@GMAIL.COM,NA,Fijo,19.41999049,-99.15961036,2024-11
10005821,09015722511017863000000000U4,TIRASAVIA,CHLOE MORICHAU BEAUCHANT SA DE CV,722511,Restaurantes con servicio de preparación de alimentos a la carta o de comida corrida,11 a 30 personas,EJE VIAL,1 PONIENTE AVENIDA BUCARELI,CALLE,TOLSA,CALLE,GENERAL PRIM,CALLE,TRES GUERRAS,108,NA,NA,NA,0,NA,COLONIA,CENTRO,NA,NA,NA,06040,09,Ciudad de México,015,Cuauhtémoc,0001,Cuauhtémoc,0860,006,NA,NA,NA,Fijo,19.42933838,-99.15217517,2024-11
11527282,09015722412005453000000000U9,TLECAN,TECLAN SAPI DE CV,722412,"Bares, cantinas y similares",11 a 30 personas,AVENIDA,ALVARO OBREGON,AVENIDA,INSURGENTES SUR,CALLE,MEDELLIN,AVENIDA,INSURGENTES SUR,0,SN,NA,NA,NA,NA,COLONIA,HIPODROMO CONDESA,NA,NA,NA,06700,09,Ciudad de México,015,Cuauhtémoc,0001,Cuauhtémoc,120A,015,NA,NA,NA,Fijo,19.41691639,-99.16551139,2024-11
9061994,09015722511015312000000000U4,TOKI DOKI SUSHI,NA,722511,Restaurantes con servicio de preparación de alimentos a la carta o de comida corrida,0 a 5 personas,CALLE,RIO PAPALOAPAN,AVENIDA,RIO RHIN,CALLE,RIO SENA,CALLE,RIO LERMA,5,BIS,NA,NA,0,NA,COLONIA,CUAHUTEMOC,NA,NA,NA,06500,09,Ciudad de México,015,Cuauhtémoc,0001,Cuauhtémoc,0837,006,5534120945,TOKIDOKISUSHI@HOTMAIL.COM,NA,Fijo,19.429716289999998,-99.16477834,2019-11
896370,09015722412003493000000000U7,TOKIO,TOKIONL SA DE CV,722412,"Bares, cantinas y similares",6 a 10 personas,AVENIDA,NUEVO LEON,CALLE,LAREDO,AVENIDA,MICHOACAN,AVENIDA,AMSTERDAM,92,NA,NA,NA,NA,NA,COLONIA,HIPODROMO,NA,NA,NA,06100,09,Ciudad de México,015,Cuauhtémoc,0001,Cuauhtémoc,1197,005,NA,NA,NA,Fijo,19.4115897,-99.17218054,2014-12
6304765,09015722110000551000002563S5,TOKS,RESTAURANTES TOKS SA DE CV,722511,Restaurantes con servicio de preparación de alimentos a la carta o de comida corrida,31 a 50 personas,EJE VIAL,1 PONIENTE (AVENIDA CUAUHTÉMOC),CALLE,DOCTOR C LICEAGA,CALLE,DOCTOR LAVISTA,CALLE,DOCTOR MANUEL CARMONA Y VALLE,64,NA,NA,NA,NA,NA,COLONIA,DOCTORES,NA,NA,NA,06720,09,Ciudad de México,015,Cuauhtémoc,0001,Cuauhtémoc,1534,012,NA,J.PATLAN@TOKS.COM.MX,WWW.TOKS.COM.MX,Fijo,19.42276651,-99.15380649,2010-07
9442681,09015722511017314000002563S8,TOKS,RESTAURANTES TOKS SA DE CV,722511,Restaurantes con servicio de preparación de alimentos a la carta o de comida corrida,31 a 50 personas,CALLE,ALTATA,CALLE,GENERAL BENJAMÍN HILL,CALLE,ALFONSO REYES,CALLE,OMETUSCO,19,NA,NA,NA,NA,NA,COLONIA,HIPODROMO CONDESA,NA,NA,NA,06100,09,Ciudad de México,015,Cuauhtémoc,0001,Cuauhtémoc,1426,009,NA,NA,NA,Fijo,19.40645265,-99.17279588,2023-11
6309740,09015722511000045000002563S7,TOKS,RESTAURANTES TOKS SA DE CV,722511,Restaurantes con servicio de preparación de alimentos a la carta o de comida corrida,31 a 50 personas,AVENIDA,R VILLARREAL,CALLE,JUAN ALDAMA,AVENIDA,INSURGENTES NORTE,CALLE,LUNA,259,NA,NA,NA,NA,NA,COLONIA,PEDRO J MENDEZ,CENTRO Y PLAZA COMERCIAL,FORUM BUENAVISTA,PB02,06350,09,Ciudad de México,015,Cuauhtémoc,0001,Cuauhtémoc,049A,001,NA,J.PATLAN@TOKS.COM.MX,WWW.TOKS.COM.MX,Fijo,19.44690089,-99.15255192,2014-12
6304313,09015722110000971000002563S5,TOKS,RESTAURANTES TOKS SA DE CV,722511,Restaurantes con servicio de preparación de alimentos a la carta o de comida corrida,31 a 50 personas,AVENIDA,RIBERA DE SAN COSME,CALLE,DOCTOR ENRIQUE GONZÁLEZ MARTÍNEZ,AVENIDA,INSURGENTES NORTE,CALLE,MANUEL OROZCO Y BERRA,3,NA,NA,NA,NA,NA,COLONIA,SANTA MARIA LA RIBERA,NA,NA,NA,06400,09,Ciudad de México,015,Cuauhtémoc,0001,Cuauhtémoc,0606,011,NA,J.PATLAN@TOKS.COM.MX,WWW.TOKS.COM.MX,Fijo,19.44015077,-99.15582048,2010-07
6813131,09015722511009515000002563S0,TOKS,RESTAURANTES TOKS SA DE CV,722511,Restaurantes con servicio de preparación de alimentos a la carta o de comida corrida,31 a 50 personas,CALLE,IGNACIO RAMÍREZ,CALLE,PARÍS,CALLE,MAESTRO ANTONIO CASO,CALLE,MADRID,77,NA,NA,NA,NA,NA,COLONIA,TABACALERA,NA,NA,NA,06030,09,Ciudad de México,015,Cuauhtémoc,0001,Cuauhtémoc,0729,003,NA,J.PATLAN@TOKS.COM.MX,WWW.TOKS.COM.MX,Fijo,19.43360665,-99.15489397,2017-11
6311418,09015722511000065001002563S5,TOKS,RESTAURANTES TOKS SA DE CV,722511,Restaurantes con servicio de preparación de alimentos a la carta o de comida corrida,31 a 50 personas,AVENIDA,MÉXICO-TENOCHTITLAN,CALLE,JUAN ALDAMA,CALLE,OROZCO Y BERRA,CALLE,ZARAGOZA,36,NA,NA,NA,NA,NA,COLONIA,BUENAVISTA,NA,NA,NA,06350,09,Ciudad de México,015,Cuauhtémoc,0001,Cuauhtémoc,0714,019,NA,J.PATLAN@TOKS.COM.MX,WWW.TOKS.COM.MX,Fijo,19.43837587,-99.15067687,2014-12
8483838,09015722511014045000002563S1,TOKS,RESTAURANTES TOKS SA DE CV,722511,Restaurantes con servicio de preparación de alimentos a la carta o de comida corrida,31 a 50 personas,EJE VIAL,2 NORTE (MANUEL GONZÁLEZ),CALLE,ZOLTAN KODALY,CALLE,PROLONGACIÓN LERDO,PRIVADA,NEPTUNO,95,NA,CENTRO Y PLAZA COMERCIAL,PLANTA BAJA,NA,NA,COLONIA,SAN SIMON TOLNAHUAC,CENTRO Y PLAZA COMERCIAL,PUERTA TLATELOLCO,95,06920,09,Ciudad de México,015,Cuauhtémoc,0001,Cuauhtémoc,0080,026,NA,J.PATLAN@TOKS.COM,WWW.TOKS.COM,Fijo,19.45580936,-99.1420967,2019-11
1021855,09015722511006871000000000U0,TOKYO BAR,MEIJI BRISTO SA DE CV,722511,Restaurantes con servicio de preparación de alimentos a la carta o de comida corrida,6 a 10 personas,CALLE,RIO PANUCO,CALLE,RIO EBRO,EJE VIAL,2 PONIENTE (RIO TIBER),CALLE,RIO LERMA,132,NA,NA,NA,NA,NA,COLONIA,CUAUHTEMOC,NA,NA,NA,06500,09,Ciudad de México,015,Cuauhtémoc,0001,Cuauhtémoc,0822,016,NA,JJMANUELS.10@GMAIL.COM,NA,Fijo,19.42955742,-99.16963106,2010-07
10535820,09015722511023093000000000U0,TOKYO ROSE,NA,722511,Restaurantes con servicio de preparación de alimentos a la carta o de comida corrida,11 a 30 personas,AVENIDA,CAMPECHE,CALLE,CHOLULA,CALLE,ENSENADA,CALLE,VICENTE SUAREZ,0,SN,NA,NA,2,NA,COLONIA,CUAUHTEMOC,NA,NA,NA,06170,09,Ciudad de México,015,Cuauhtémoc,0001,Cuauhtémoc,1337,007,NA,NA,NA,Fijo,19.4095205,-99.17418111,2024-11
10935035,09015722412006111000000000U2,TOP BEER,NA,722412,"Bares, cantinas y similares",0 a 5 personas,CALLE,MEXICALI,CALLE,OMETUSCO,CALLE,ALTATA,CALLE,AGUASCALIENTES,4,B,NA,NA,NA,NA,COLONIA,HIPODROMO,NA,NA,NA,06100,09,Ciudad de México,015,Cuauhtémoc,0001,Cuauhtémoc,1337,011,NA,NA,NA,Fijo,19.40753362,-99.17250243,2024-11
9363593,09015722511016733000000000U0,TORI TORI IZAKAYA,URBAN FORK SA DE CV,722511,Restaurantes con servicio de preparación de alimentos a la carta o de comida corrida,11 a 30 personas,AVENIDA,AMSTERDAM,CALLE,CHILPANCINGO,AVENIDA,AMSTERDAM,AVENIDA,MEXICO,218,C,NA,NA,NA,NA,COLONIA,HIPODROMO,NA,NA,NA,06100,09,Ciudad de México,015,Cuauhtémoc,0001,Cuauhtémoc,1341,019,NA,GERENTE.TORICONDESA@URBANFORK.MX,WWW.TORITORI.COM,Fijo,19.40975707,-99.16919218,2021-05
954386,09015722219003551000000000U1,TORTAS NETOS,NA,722511,Restaurantes con servicio de preparación de alimentos a la carta o de comida corrida,0 a 5 personas,CALLE,JOSE TORIBIO MEDINA,CALLE,MANUEL NAVARRETE,CALLE,ENRIQUE GRANADOS,CALLE,JOSE TORIBIO MEDINA,24,NA,NA,NA,0,NA,COLONIA,JUAN HERNANDEZ Y DAVALOS,NA,NA,NA,06880,09,Ciudad de México,015,Cuauhtémoc,0001,Cuauhtémoc,1498,020,NA,NA,NA,Fijo,19.40548169,-99.14345786,2010-07
11307064,09015722511018121000000000U6,TORTILLERIA MOISES,NA,722511,Restaurantes con servicio de preparación de alimentos a la carta o de comida corrida,0 a 5 personas,CALLE,SOL,CALLE,SOL,CALLE,LERDO,CALLE,CAMELIA,137,NA,NA,NA,NA,NA,COLONIA,GUERRERO,NA,NA,NA,06300,09,Ciudad de México,015,Cuauhtémoc,0001,Cuauhtémoc,0574,016,NA,NA,NA,Fijo,19.44698983,-99.14205081,2024-11
9514817,09015722511022031000000000U1,TOSCANACCIO RESTAURANTE ITALIANO,NA,722511,Restaurantes con servicio de preparación de alimentos a la carta o de comida corrida,0 a 5 personas,CALLE,RAMOS ARISPE,CALLE,TOMAS ALVA EDISON,CALLE,AVENIDA DE LA REPUBLICA,CALLE,ALCAZAR,34,NA,NA,NA,NA,NA,COLONIA,TABACALERA,NA,NA,NA,06030,09,Ciudad de México,015,Cuauhtémoc,0001,Cuauhtémoc,0714,006,5540891099,NA,NA,Fijo,19.43681716,-99.15287451,2024-11
6708041,09015722511008523001000000U5,TOSCANO ROMA,TOSCANO ROMA  SA DE CV,722511,Restaurantes con servicio de preparación de alimentos a la carta o de comida corrida,11 a 30 personas,CALLE,ORIZABA,CALLE,PUEBLA,CALLE,PLAZA RIO DE JANEIRO,CALLE,CORDOBA,42,NA,NA,NA,0,NA,CIUDAD INDUSTRIAL,ROMA NORTE,NA,NA,NA,06700,09,Ciudad de México,015,Cuauhtémoc,0001,Cuauhtémoc,1002,010,NA,TOSCANOROMA2023@GMAIL.COM,NA,Fijo,19.42182007,-99.16052729,2016-01
971390,09015722412000221000000000U5,TRADICIONAL CANTINA EL PUERTO DE BARCELONA,NA,722412,"Bares, cantinas y similares",0 a 5 personas,CALLE,REPUBLICA DE COSTA RICA,EJE VIAL,1 ORIENTE (VIDAL ALCOCER),CALLE,MANUEL DOBLADO,EJE VIAL,1 NORTE (IGNACIO LOPEZ RAYON)(HEROES DE GRANADITAS),146,NA,NA,NA,146,NA,COLONIA,CENTRO,NA,NA,NA,06220,09,Ciudad de México,015,Cuauhtémoc,0001,Cuauhtémoc,0589,008,NA,NA,NA,Fijo,19.44162739,-99.1235359,2010-07
894530,09015813230003132001000000U7,TRATTONA ENNCOS,NA,722511,Restaurantes con servicio de preparación de alimentos a la carta o de comida corrida,6 a 10 personas,CALLE,LIVERPOOL,CALLE,BERLIN,CALLE,BRUSELAS,CALLE,LIVERPOOL,12,NA,NA,NA,0,NA,COLONIA,JUAREZ,NA,NA,NA,06600,09,Ciudad de México,015,Cuauhtémoc,0001,Cuauhtémoc,0841,012,NA,NA,NA,Fijo,19.42783227,-99.15640925,2014-12
8327609,09015722511013481000000000U9,TRATTORIA BAROLO,NA,722511,Restaurantes con servicio de preparación de alimentos a la carta o de comida corrida,11 a 30 personas,CALLE,ORIZABA,CALLE,CHIAPAS,CALLE,COAHUILA,CALLE,JALAPA,203,2,NA,NA,NA,NA,COLONIA,ROMA NORTE,NA,NA,NA,06700,09,Ciudad de México,015,Cuauhtémoc,0001,Cuauhtémoc,1214,010,NA,CAJA@TRATTORIABAROLO.COM.MX,NA,Fijo,19.41297671,-99.15852465,2019-11
10149821,09015722511020672000000000U4,TRES CONDESAS,NA,722511,Restaurantes con servicio de preparación de alimentos a la carta o de comida corrida,6 a 10 personas,AVENIDA,SONORA,AVENIDA,SONORA,AVENIDA,MEXICO,CALLE,MEXICO,172,NA,NA,NA,NA,NA,COLONIA,HIPODROMO,NA,NA,NA,06100,09,Ciudad de México,015,Cuauhtémoc,0001,Cuauhtémoc,120A,005,NA,NA,NA,Fijo,19.41385974,-99.16841728,2024-11
10875937,09015722511017791000000000U7,TROTAS PAO,NA,722511,Restaurantes con servicio de preparación de alimentos a la carta o de comida corrida,0 a 5 personas,PEATONAL,PLAZA GARIBALDI,EJE VIAL,CENTRAL (LAZARO CARDENAS),CALLE,SAN CAMILITO,CALLE,REPUBLICA DE ECUADOR,4,NA,MERCADO DE SAN CAMILITO,PLANTA BAJA,NA,NA,COLONIA,CENTRO,MERCADO PUBLICO,MERCADO DE SAN CAMILITO,37,06010,09,Ciudad de México,015,Cuauhtémoc,0001,Cuauhtémoc,0536,014,5539981937,NA,NA,Semifijo,19.44093651,-99.13913156,2024-11
9160453,09015722511015891000000000U7,TU AREPA SOMOS,NA,722511,Restaurantes con servicio de preparación de alimentos a la carta o de comida corrida,0 a 5 personas,CALLE,TURIN,CALLE,ABRAHAM GONZALEZ,EJE VIAL,1 PONIENTE (AVENIDA BUCARELI),AVENIDA,CHAPULTEPEC,8,NA,MERCADO JUAREZ,PASILLO,120,NA,COLONIA,JUAREZ,MERCADO PUBLICO,MERCADO JUAREZ,120 121,06600,09,Ciudad de México,015,Cuauhtémoc,0001,Cuauhtémoc,0856,019,5534855016,NA,NA,Fijo,19.42649305,-99.15480196,2019-11
866792,09015722219005811000000000U7,TUCCO CONDESA,NA,722511,Restaurantes con servicio de preparación de alimentos a la carta o de comida corrida,0 a 5 personas,CALLE,PARRAS,AVENIDA,AMSTERDAM,AVENIDA,NUEVO LEON,AVENIDA,SONORA,15,NA,NA,NA,0,C,COLONIA,HIPODROMO,NA,NA,NA,06100,09,Ciudad de México,015,Cuauhtémoc,0001,Cuauhtémoc,1197,008,5530316811,TUCCOCONDESA@HOTMAIL.COM,NA,Fijo,19.41448259,-99.17029087,2010-07
10186522,09015722511017511000000000U9,TUTTI FRUTTI LAUNCHONETE LONCHERIA BRASILEÑA EN LA CDMX,NA,722511,Restaurantes con servicio de preparación de alimentos a la carta o de comida corrida,0 a 5 personas,CIRCUITO,INTERIOR CALZADA MELCHOR OCAMPO,CALLE,RIO ELBA,CALLE,RIO RODANO,CALLE,RIO LERMA,430,A,NA,NA,430,1,COLONIA,CUAHUTEMOC,NA,NA,NA,06500,09,Ciudad de México,015,Cuauhtémoc,0001,Cuauhtémoc,0926,020,NA,NA,NA,Fijo,19.42551061,-99.17613387,2024-11
11701534,09015722511023274000000000U6,ULTRAMARINOS DE MAR,NA,722511,Restaurantes con servicio de preparación de alimentos a la carta o de comida corrida,31 a 50 personas,CALLE,MERIDA,CALLE,PUEBLA,AVENIDA,CHAPULTEPEC,CALLE,CORDOBA,21,B,NA,NA,NA,NA,COLONIA,ROMA NORTE,NA,NA,NA,06700,09,Ciudad de México,015,Cuauhtémoc,0001,Cuauhtémoc,1017,009,NA,NA,NA,Fijo,19.4234256,-99.15856451,2024-11
10743031,09015722511022913000000000U0,UMAI,GRUPO RESTAURANTERO IKIGAI SA DE CV,722511,Restaurantes con servicio de preparación de alimentos a la carta o de comida corrida,11 a 30 personas,CALLE,COLIMA,CALLE,CORDOBA,CALLE,ORIZABA,CALLE,DURANGO,159,NA,EDIFICIO SIN NOMBRE,PISO 5,53,NA,COLONIA,ROMA NORTE,EDIFICIO COMERCIAL Y DE SERVICIOS,EDIFICIO COMERCIAL Y DE SERVICIOS SIN NOMBRE,53,06700,09,Ciudad de México,015,Cuauhtémoc,0001,Cuauhtémoc,1002,011,NA,UMAIFACTURCION@GRUPOIKIGAI.COM.MX,NA,Fijo,19.41999694,-99.15961198,2024-11
8326763,09015722511012773000000000U0,UN LUGAR DE LA MANCHA,OPERADORA GASTRONOMICA RMS SA DE CV,722511,Restaurantes con servicio de preparación de alimentos a la carta o de comida corrida,11 a 30 personas,CALLE,ORIZABA,EJE VIAL,2 SUR (AVENIDA QUERETARO),CALLE,ZACATECAS,CALLE,CORDOBA,154,NA,NA,NA,NA,NA,COLONIA,ROMA NORTE,NA,NA,NA,06700,09,Ciudad de México,015,Cuauhtémoc,0001,Cuauhtémoc,1110,006,5579010509,LAMANCHAROMA@UNLUGARDELAMANCHA.MX,WWW.UNLUGARDELAMANCHA.MX,Fijo,19.41533937,-99.15893887,2019-11
9893909,09015722511023861000000000U0,UNNIENG DIB RESTAURANTE,NA,722511,Restaurantes con servicio de preparación de alimentos a la carta o de comida corrida,0 a 5 personas,CALLE,VARSOVIA,CERRADA,VARSOVIA,AVENIDA,PASEO DE LA REFORMA,CALLE,OXFORD,3,NA,NA,NA,NA,NA,COLONIA,CUAHUTEMOC,NA,NA,NA,06600,09,Ciudad de México,015,Cuauhtémoc,0001,Cuauhtémoc,0945,001,NA,SONBALTOPCONTABILIDAD2022@GMAIL.COM,NA,Fijo,19.42576512,-99.16876804,2024-11
10971098,09015722511020912000000000S4,URBAN SUSHIWORK RAMEN,SUSHI WOK RAMEN SA DE CV,722511,Restaurantes con servicio de preparación de alimentos a la carta o de comida corrida,6 a 10 personas,CALLE,HAMBURGO,EJE VIAL,2 PONIENTE (FLORENCIA),CALLE,AMBERES,CALLE,LONDRES,164,NA,NA,NA,164,NA,COLONIA,JUAREZ,NA,NA,NA,06600,09,Ciudad de México,015,Cuauhtémoc,0001,Cuauhtémoc,095A,007,NA,NA,WWW.URBANFAN.MX,Fijo,19.42526923,-99.16653104,2024-11
8327313,09015722511013231000000000U8,URBAN VEGGIE,NA,722511,Restaurantes con servicio de preparación de alimentos a la carta o de comida corrida,6 a 10 personas,CIRCUITO,INTERIOR JOSE VASCONCELOS,EJE VIAL,2 SUR (JUAN ESCUTIA),CALLE,FERNANDO MONTES DE OCA,CALLE,ZAMORA,72,NA,NA,NA,NA,E,COLONIA,CONDESA,NA,NA,NA,06140,09,Ciudad de México,015,Cuauhtémoc,0001,Cuauhtémoc,1178,008,NA,NA,NA,Fijo,19.41632046,-99.17901592,2019-11
7733375,09015722511011372000000000U2,UTOPIA VENGAN FOOD Y BAR,NA,722511,Restaurantes con servicio de preparación de alimentos a la carta o de comida corrida,0 a 5 personas,CALLE,CUERNAVACA,CALLE,ANTONIO SOLA,EJE VIAL,2 SUR (JUAN ESCUTIA),CALLE,ATLIXCO,44,NA,NA,NA,NA,D,COLONIA,CONDESA,NA,NA,NA,06140,09,Ciudad de México,015,Cuauhtémoc,0001,Cuauhtémoc,1182,011,NA,UTOPIA.VEGANFOOD@GMAIL.COM,NA,Fijo,19.41501704,-99.17477212,2019-11
9575076,09015722511024022000000000U8,V DE VEGANO,NA,722511,Restaurantes con servicio de preparación de alimentos a la carta o de comida corrida,6 a 10 personas,CALLE,HEROES,CALLE,PESADO,CALLE,MARTE,EJE VIAL,1 PONIENTE (GUERRERO),254,B,NA,NA,NA,NA,COLONIA,GUERRERO,NA,NA,NA,06300,09,Ciudad de México,015,Cuauhtémoc,0001,Cuauhtémoc,0517,017,NA,NA,NA,Fijo,19.45125121,-99.14459323,2024-11
1012031,09015466113000061000000000U2,VACACIONES RESTAURANTE,NA,722511,Restaurantes con servicio de preparación de alimentos a la carta o de comida corrida,6 a 10 personas,CALLE,MANUEL MARIA CONTRERAS,CALLE,ALFONSO HERRERA,CALLE,FRANCISCO PIMENTEL,CALLE,JOAQUIN VELAZQUEZ DE LEON,39,1,NA,NA,NA,NA,COLONIA,SAN RAFAEL,NA,NA,NA,06470,09,Ciudad de México,015,Cuauhtémoc,0001,Cuauhtémoc,0678,001,5561391196,RMANNECK@OUTLOOK.COM,NA,Fijo,19.43954068,-99.16469957,2010-07
9489471,09015722412005872000000000U0,VACAS VERDES,NA,722412,"Bares, cantinas y similares",6 a 10 personas,EJE VIAL,CENTRAL LAZARO CARDENAS,CALLE,REPUBLICA DE CUBA,CALLE,DONCELES,CALLE,CALLEJON DEL 57,29,NA,NA,NA,NA,NA,COLONIA,CALLEJON 57,NA,NA,NA,05760,09,Ciudad de México,015,Cuauhtémoc,0001,Cuauhtémoc,0752,018,NA,NA,NA,Fijo,19.43754869,-99.14022938,2024-11
8131645,09015722511010373000052019S1,VALET PARKING LAS COSTILLAS DE SAN LUIS,CONFORT VALET PARKING SA DE CV,722511,Restaurantes con servicio de preparación de alimentos a la carta o de comida corrida,0 a 5 personas,EJE VIAL,2 A SUR SAN LUIS POTOSI,CALLE,JALAPA,CALLE,TONALA,EJE VIAL,2 SUR (AVENIDA QUERETARO),121,C,NA,NA,NA,NA,COLONIA,ROMA NORTE,NA,NA,NA,06700,09,Ciudad de México,015,Cuauhtémoc,0001,Cuauhtémoc,1214,007,NA,NA,NA,Fijo,19.41401802,-99.16023305,2019-11
10097506,09015722511022651000000000U6,VALHALLA,NA,722511,Restaurantes con servicio de preparación de alimentos a la carta o de comida corrida,0 a 5 personas,AVENIDA,INSURGENTES CENTRO,CALLE,VALENTIN GOMEZ FARIAS,CALLE,TOMAS ALVA EDISON,CALLE,SADI CARNOT,61,B,NA,NA,NA,NA,COLONIA,SAN RAFAEL,NA,NA,NA,06470,09,Ciudad de México,015,Cuauhtémoc,0001,Cuauhtémoc,0697,002,5510251810,VALHALLAENHONORATI@GMAIL.COM,NA,Fijo,19.43693437,-99.15709816,2024-11
890142,09015722511006233001000000U3,VALIANTS PUB,OPERAORA DE BARES Y RESAURANTES JOUSE S DE RL,722511,Restaurantes con servicio de preparación de alimentos a la carta o de comida corrida,6 a 10 personas,CALLE,HUMBOLDT,CALLE,ARTICULO 123,AVENIDA,JUAREZ,AVENIDA,BALDERAS,34,NA,NA,NA,8,NA,COLONIA,CENTRO,NA,NA,NA,06000,09,Ciudad de México,015,Cuauhtémoc,0001,Cuauhtémoc,0733,007,NA,NAVISGR24@GMAIL.COM,NA,Fijo,19.43484484,-99.14815402,2014-12
7761800,09015722518006711000000000U3,VECCHIA ROMA,NA,722511,Restaurantes con servicio de preparación de alimentos a la carta o de comida corrida,0 a 5 personas,CALLE,ZACATECAS,CALLE,TONALA,CALLE,JALAPA,CALLE,GUANAJUATO,149,D,NA,NA,0,NA,COLONIA,ROMA NORTE,NA,NA,NA,06700,09,Ciudad de México,015,Cuauhtémoc,0001,Cuauhtémoc,1106,003,5581238468,SIMONPUG88@GMAIL.COM,NA,Fijo,19.41550499,-99.16151877,2019-11
11246714,09015722511023192000000000M0,VEGAMO,NA,722511,Restaurantes con servicio de preparación de alimentos a la carta o de comida corrida,6 a 10 personas,CALLE,REVILLAGIGEDO,CALLE,VICTORIA,CALLE,AYUNTAMIENTO,AVENIDA,BALDERAS,47,B,NA,NA,NA,NA,COLONIA,CENTRO,NA,NA,NA,06050,09,Ciudad de México,015,Cuauhtémoc,0001,Cuauhtémoc,0748,023,5526765272,VEGAMOFACTURAS@GMAIL.COM,WWW.VEGAMOMX.COM,Fijo,19.43160497,-99.1465327,2024-11
864432,09015722219023011000000000U2,VEGAN CARNICERIA,NA,722511,Restaurantes con servicio de preparación de alimentos a la carta o de comida corrida,6 a 10 personas,CALLE,MANZANILLO,CALLE,CHIAPAS,CALLE,TAPACHULA,EJE VIAL,3 PONIENTE (MEDELLIN),22,B,NA,NA,0,B,COLONIA,ROMA NORTE,NA,NA,NA,06700,09,Ciudad de México,015,Cuauhtémoc,0001,Cuauhtémoc,1356,027,NA,NA,NA,Fijo,19.41134101,-99.16612293,2010-07
10651761,09015722511024121000000000U8,VEGANOS PRODUCTOS VEGANOS,NA,722511,Restaurantes con servicio de preparación de alimentos a la carta o de comida corrida,0 a 5 personas,CALLE,GUANAJUATO,CALLE,FRONTERA,CALLE,MERIDA,CALLE,CHIHUAHUA,53,5,NA,NA,0,NA,COLONIA,ROMA NORTE,NA,NA,NA,06700,09,Ciudad de México,015,Cuauhtémoc,0001,Cuauhtémoc,1110,018,5521532639,VEGAANGOS@GMAIL.COM,NA,Fijo,19.41736738,-99.15687668,2024-11
11135537,09015722511021173000000000U2,VENGAN RAMEN MEI,TENTONTEN INTERNACIONAL SA DE CV,722511,Restaurantes con servicio de preparación de alimentos a la carta o de comida corrida,11 a 30 personas,AVENIDA,TAMAULIPAS,CALLE,ALFONSO REYES,AVENIDA,CAMPECHE,CALLE,ATLIXCO,155,NA,NA,NA,0,NA,COLONIA,CONDESA,NA,NA,NA,06170,09,Ciudad de México,015,Cuauhtémoc,0001,Cuauhtémoc,1318,013,NA,VENGANRAMENMEI.CDMX@GMAIL.COM,NA,Fijo,19.40885987,-99.1764586,2024-11
11232128,09015722412005791000000000U2,VENTA DE CERVEZA SIN NOMBRE,NA,722412,"Bares, cantinas y similares",0 a 5 personas,CALLE,SEGUNDO CALLEJON MANZANARES,CALLE,MANZANARES,CALLE,CORREGIDORA,CALLEJON,SEGUNDO DE CORREGIDORA,4,NA,NA,NA,NA,NA,COLONIA,CENTRO,NA,NA,NA,06060,09,Ciudad de México,015,Cuauhtémoc,0001,Cuauhtémoc,0786,012,NA,NA,NA,Fijo,19.43066231,-99.12589718,2024-11
857315,09015722219014081000000000U6,VENTA DE COMIDA,NA,722511,Restaurantes con servicio de preparación de alimentos a la carta o de comida corrida,0 a 5 personas,CALLE,BUGAMBILIA,CALLE,DOCTOR MARIANO AZUELA,CALLE,EUCALIPTO,AVENIDA,RICARDO FLORES MAGON,163,NA,MERCADO BUGAMBILIA,PLANTA BAJA,53,NA,COLONIA,SANTA MARIA LA RIBERA,MERCADO PUBLICO,MERCADO BUGAMBILIA,53,06400,09,Ciudad de México,015,Cuauhtémoc,0001,Cuauhtémoc,0470,010,NA,NA,NA,Fijo,19.4532464,-99.15287697,2010-07
11762479,09015722511024731000000000U4,VENTA DE COMIDA,NA,722511,Restaurantes con servicio de preparación de alimentos a la carta o de comida corrida,0 a 5 personas,CALLE,Toltecas,CALLE,La Rinconada,PRIVADA,Matamoros,CERRADA,Primera Rivero,14,NA,MERCADO 14 DE ZONA,NA,437,NA,COLONIA,TEPITO MORELOS,NA,MERCADO 14 DE ZONA,SN,NA,09,Ciudad de México,015,Cuauhtémoc,0001,Cuauhtémoc,0358,003,5518271783,NA,NA,Fijo,19.44657312,-99.12773536,2025-04
9850916,09015722511020312000000000U7,VENTA DE COMIDA CHINA,NA,722511,Restaurantes con servicio de preparación de alimentos a la carta o de comida corrida,6 a 10 personas,EJE VIAL,1 NORTE IGNACIO LOPEZ RAYON,CALLE,COMONFORT,CALLE,PALMA NORTE,CALLE,LIBERTAD,33,NA,MERCADO 2 LAGUNILLA ZONA,PLANTA BAJA,73,NA,COLONIA,MORELOS,MERCADO PUBLICO,MERCADO 2 LAGUNILLA ZONA,73-74-72-104-103-102,06200,09,Ciudad de México,015,Cuauhtémoc,0001,Cuauhtémoc,0540,005,NA,NA,NA,Fijo,19.44370115,-99.13512769,2024-11
9014410,09015722412005191000000000S5,VETALIA,NA,722412,"Bares, cantinas y similares",11 a 30 personas,AVENIDA,NUEVO LEON,AVENIDA,CAMPECHE,CALLE,MEXICALI,CALLE,OMETUSCO,159,NA,NA,NA,0,NA,COLONIA,HIPODROMO,NA,NA,NA,06100,09,Ciudad de México,015,Cuauhtémoc,0001,Cuauhtémoc,1337,010,NA,NA,NA,Fijo,19.4081096,-99.17246362,2019-11
956444,09015722212019451000000000U1,VICTOR EL JAROCHO,NA,722511,Restaurantes con servicio de preparación de alimentos a la carta o de comida corrida,0 a 5 personas,CALLE,COAHUILA,EJE VIAL,2 PONIENTE (MONTERREY),CALLE,TONALA,CALLE,LEON DE LOS ALDAMA,122,NA,NA,NA,NA,C,COLONIA,ROMA SUR,NA,NA,NA,06760,09,Ciudad de México,015,Cuauhtémoc,0001,Cuauhtémoc,1375,009,NA,NA,NA,Fijo,19.41136608,-99.1618071,2010-07
10772870,09015722412006311000000000U8,VIDRIOS Y ALUMINIOS CASTRO,NA,722412,"Bares, cantinas y similares",0 a 5 personas,CALLE,ISABEL LA CATOLICA,CALLE,JUAN HERNANDEZ Y DAVALOS,EJE VIAL,3 SUR (JOSE PEON CONTRERAS),CALLE,BERNARDO COUTO,454,NA,ISABEL LA CATOLICA,PLANTA BAJA,NA,NA,COLONIA,ALGARIN,MERCADO PUBLICO,ISABEL LA CATOLICA,41,06880,09,Ciudad de México,015,Cuauhtémoc,0001,Cuauhtémoc,1498,010,NA,NA,NA,Fijo,19.40704271,-99.13952441,2024-11
7743184,09015722412004312000000000M8,VINGS CLUB,NA,722412,"Bares, cantinas y similares",11 a 30 personas,AVENIDA,INSURGENTES NORTE,AVENIDA,MEXICO-TENOCHTITLAN,CALLE,HEROES FERROCARRILEROS,CALLE,BERNAL DIAZ,29,NA,NA,NA,0,NA,COLONIA,BUENAVISTA,NA,NA,NA,06350,09,Ciudad de México,015,Cuauhtémoc,0001,Cuauhtémoc,049A,016,NA,NA,NA,Fijo,19.441113,-99.15489224,2019-11
11303941,09015722511021812000000000U5,VINO PREMIER,VINO PREMIER SA DE CV,722511,Restaurantes con servicio de preparación de alimentos a la carta o de comida corrida,6 a 10 personas,CALLE,FERNANDO MONTES DE OCA,AVENIDA,NUEVO LEON,AVENIDA,TAMAULIPAS,AVENIDA,MICHOACAN,6,NA,NA,NA,NA,NA,COLONIA,HIPODROMO,NA,NA,NA,06100,09,Ciudad de México,015,Cuauhtémoc,0001,Cuauhtémoc,1322,012,5535259496,OMAR@VINOPREMIER.MX,NA,Fijo,19.41176527,-99.17265463,2024-11
8326312,09015722511012572000000000U6,VINTAGE RESTAURANT BAR,VINTAGE SA DE CV,722511,Restaurantes con servicio de preparación de alimentos a la carta o de comida corrida,0 a 5 personas,CALLE,GENOVA,CALLE,ESTRASBURGO,CALLE,HAMBURGO,CALLE,AMBERES,29,NA,NA,NA,NA,NA,COLONIA,JUAREZ,NA,NA,NA,06600,09,Ciudad de México,015,Cuauhtémoc,0001,Cuauhtémoc,0945,015,NA,COCINARTE_CURSO@YAHOO.COM,NA,Fijo,19.42698298,-99.16447855,2019-11
6304613,09015722110001351002003155S9,VIPS MADERO,OPERADORA VIPS S DE RL DE CV,722511,Restaurantes con servicio de preparación de alimentos a la carta o de comida corrida,31 a 50 personas,CALLE,FRANCISCO I. MADERO,CALLE,MOTOLINÍA,CALLE,BOLÍVAR,CALLE,5 DE MAYO,30,NA,NA,NA,NA,NA,COLONIA,CENTRO,NA,NA,NA,06000,09,Ciudad de México,015,Cuauhtémoc,0001,Cuauhtémoc,0767,002,NA,DPD@ALSEA.NET,WWW.VIPS.COM.MX,Fijo,19.43370591,-99.13789558,2010-07
6812371,09015722511009463001003155S3,VIPS REFORMA,OPERADORA VIPS S DE RL DE CV,722511,Restaurantes con servicio de preparación de alimentos a la carta o de comida corrida,31 a 50 personas,AVENIDA,PASEO DE LA REFORMA,AVENIDA,INSURGENTES CENTRO,CALLE,NÁPOLES,OTRO(ESPECIFIQUE),NINGUNO,0,SN,NA,NA,NA,NA,COLONIA,JUAREZ,EDIFICIO COMERCIAL Y DE SERVICIOS,TORRE PUNTO REFORMA 180,SN,06600,09,Ciudad de México,015,Cuauhtémoc,0001,Cuauhtémoc,0803,005,NA,DPD@ALSEA.NET,WWW.VIPS.COM.MX,Fijo,19.42982745,-99.16049643,2017-11
6304265,09015722110006705002003155S1,VIPS SULIVAN,OPERADORA VIPS S DE RL DE CV,722511,Restaurantes con servicio de preparación de alimentos a la carta o de comida corrida,31 a 50 personas,AVENIDA,INSURGENTES CENTRO,CALLE,VALENTÍN GÓMEZ FARÍAS,CALLE,TOMÁS ALVA EDISON,CALLE,SADI CARNOT,121,NA,NA,NA,NA,NA,COLONIA,SAN RAFAEL,CENTRO Y PLAZA COMERCIAL,CENTRO Y PLAZA COMERCIAL SIN NOMBRE,SN,06470,09,Ciudad de México,015,Cuauhtémoc,0001,Cuauhtémoc,0697,002,NA,DPD@ALSEA.NET,WWW.VIPS.COM.MX,Fijo,19.43803308,-99.15660595,2010-07
10201626,09015722511018221000000000U4,VIVE MEXICO RESTAURANTE,NA,722511,Restaurantes con servicio de preparación de alimentos a la carta o de comida corrida,0 a 5 personas,CALLE,COAHUILA,EJE VIAL,2 PONIENTE (MONTERREY),CALLE,TONALA,CALLE,LEON DE LOS ALDAMA,120,NA,NA,NA,NA,NA,COLONIA,ROMA SUR,NA,NA,NA,06760,09,Ciudad de México,015,Cuauhtémoc,0001,Cuauhtémoc,1375,009,NA,NA,NA,Fijo,19.41138881,-99.16169147,2024-11
10811627,09015722511018342000000000S8,VOLON IZAKAYA TSUMUGUI,NA,722511,Restaurantes con servicio de preparación de alimentos a la carta o de comida corrida,6 a 10 personas,AVENIDA,NINGUNO,AVENIDA,AMSTERDAM,AVENIDA,INSURGENTES SUR,CALLE,TEOTIHUACAN,9,NA,NA,NA,NA,NA,COLONIA,HIPODROMO,NA,NA,NA,06100,09,Ciudad de México,015,Cuauhtémoc,0001,Cuauhtémoc,1341,022,NA,NA,NA,Fijo,19.41062532,-99.16741662,2024-11
11095581,09015722511022522000000000U9,VOLPE,NA,722511,Restaurantes con servicio de preparación de alimentos a la carta o de comida corrida,6 a 10 personas,CALLE,GUADALAJARA,CALLE,DURANGO,CALLE,COLIMA,AVENIDA,SONORA,62,NA,NA,NA,0,NA,COLONIA,ROMA NORTE,NA,NA,NA,06700,09,Ciudad de México,015,Cuauhtémoc,0001,Cuauhtémoc,1182,013,NA,NA,NA,Semifijo,19.41794475,-99.17217519,2024-11
9429121,09015722511016923000000000U7,WABI SUSHI,WABI THE HANDROLL SA DE CV,722511,Restaurantes con servicio de preparación de alimentos a la carta o de comida corrida,0 a 5 personas,CALLE,ORIZABA,CALLE,COLIMA,CALLE,PLAZA RIO DE JANEIRO,CALLE,CORDOBA,76,NA,ORIZABA 76,PISO 2,0,NA,COLONIA,ROMA NORTE,EDIFICIO COMERCIAL Y DE SERVICIOS,ORIZABA 76,1,06700,09,Ciudad de México,015,Cuauhtémoc,0001,Cuauhtémoc,1002,011,NA,FACTURACION.WABI@GMAIL.COM,NA,Fijo,19.42018192,-99.16009886,2023-11
874636,09015722412002493000000000U8,WALLACE BAR,WALLACE WISKY BAR SA DE CV,722412,"Bares, cantinas y similares",11 a 30 personas,AVENIDA,TAMAULIPAS,CALLE,FERNANDO MONTES DE OCA,EJE VIAL,2 SUR (JUAN ESCUTIA),CALLE,TENANCINGO,29,NA,NA,NA,NA,NA,COLONIA,CONDESA,NA,NA,NA,06140,09,Ciudad de México,015,Cuauhtémoc,0001,Cuauhtémoc,1322,008,NA,WALLACE@GROUPPATAGONIA.MX,NA,Fijo,19.41335125,-99.17240197,2012-06
11637227,09015722511018661000000000U1,WARNER SUSHI,NA,722511,Restaurantes con servicio de preparación de alimentos a la carta o de comida corrida,0 a 5 personas,CALLE,LUDWING VAN BEETHOVEN,CALLE,FLORENCIO CONSTANTINO,CALLE,RICHARD WAGNER,CALLE,RICARDO CASTRO,53,NA,NA,NA,0,NA,COLONIA,PERALVILLO,NA,NA,NA,06220,09,Ciudad de México,015,Cuauhtémoc,0001,Cuauhtémoc,0038,012,5566251308,NA,NA,Fijo,19.46041578,-99.13130485,2024-11
11076196,09015722511019792000000000S3,WASABI FISH,NA,722511,Restaurantes con servicio de preparación de alimentos a la carta o de comida corrida,6 a 10 personas,CALLE,DOLORES,AVENIDA,JUAREZ,CALLE,INDEPENDENCIA,CALLE,LOPEZ,4,E,NA,NA,NA,NA,COLONIA,CENTRO,NA,NA,NA,06050,09,Ciudad de México,015,Cuauhtémoc,0001,Cuauhtémoc,0748,012,7221458379,ROBLESSEMART@GMAIL.COM,NA,Fijo,19.43411533,-99.14266375,2024-11
10769157,09015722511021773000000000U9,WINE BAR BY CMB,CABA FOOD AND WINE SA DE CV,722511,Restaurantes con servicio de preparación de alimentos a la carta o de comida corrida,11 a 30 personas,CALLE,COPENHAGUE,AVENIDA,PASEO DE LA REFORMA,CALLE,HAMBURGO,CALLE,GENOVA,23,NA,NA,NA,NA,NA,COLONIA,JUAREZ,NA,NA,NA,06600,09,Ciudad de México,015,Cuauhtémoc,0001,Cuauhtémoc,0803,015,5512240915,INFO@WINEBARBYCMB.COM,NA,Fijo,19.42740335,-99.16384488,2024-11
8764646,09015722511014022000000000U0,WING WAG,NA,722511,Restaurantes con servicio de preparación de alimentos a la carta o de comida corrida,0 a 5 personas,EJE VIAL,1 PONIENTE AVENIDA CUAUHTEMOC,CALLE,PUEBLA,AVENIDA,CHAPULTEPEC,CALLE,GUAYMAS,19,NA,CENTRO CULTURAL CUAUHTEMOC,PLANTA BAJA,16,NA,COLONIA,ROMA NORTE,CENTRO Y PLAZA COMERCIAL,CENTRO CULTURAL CUAUHTEMOC,16,06700,09,Ciudad de México,015,Cuauhtémoc,0001,Cuauhtémoc,1017,024,NA,NA,NA,Fijo,19.42535083,-99.15390057,2019-11
7732111,09015722511010652000000000S8,WINS.STOP,EXPERTOS SILVET DE SABOR SA DE CV,722511,Restaurantes con servicio de preparación de alimentos a la carta o de comida corrida,11 a 30 personas,AVENIDA,PLAZA VILLA MADRID,AVENIDA,OAXACA,CALLE,MEDELLIN,CALLE,SINALOA,9,NA,NA,NA,NA,A B,COLONIA,ROMA NORTE,NA,NA,NA,06700,09,Ciudad de México,015,Cuauhtémoc,0001,Cuauhtémoc,0998,003,NA,CIBELES@WINSTONG.COM.MX,WWW.WINSSTON.COM,Fijo,19.4205236,-99.16643921,2019-11
10776082,09015722511022211000000000S9,WOKI DOKI,WOKI DOKI S.A DE C.V. SA,722511,Restaurantes con servicio de preparación de alimentos a la carta o de comida corrida,0 a 5 personas,CALLE,MONEDA,CALLE,CORREO MAYOR,CALLE,ACADEMIA,CALLE,MONEDA,19,NA,PLAZA COMERCIAL MONEDA 19,PISO 1,115,NA,CIUDAD,CENTRAL,CENTRO Y PLAZA COMERCIAL,PLAZA COMERCIAL MONEDA 19,115,06060,09,Ciudad de México,015,Cuauhtémoc,0001,Cuauhtémoc,0771,012,5655140407,MONEDA@WOKI.MX,NA,Fijo,19.43323953,-99.12953047,2024-11
9062686,09015722511015273000000000U8,WOOKANDO,NA,722511,Restaurantes con servicio de preparación de alimentos a la carta o de comida corrida,0 a 5 personas,CALLE,VERSALLES,CALLE,GENERAL PRIM,CALLE,ATENAS,CALLE,LISBOA,15,NA,NA,NA,0,NA,COLONIA,JUAREZ,NA,NA,NA,06600,09,Ciudad de México,015,Cuauhtémoc,0001,Cuauhtémoc,0856,008,NA,WOKANDOVERSALLES@GMAIL.COM,NA,Fijo,19.4317421,-99.15427099,2019-11
9849199,09015722511022692000000000U0,XAACHITLA PLACERES OAXAQUEÑOS,NA,722511,Restaurantes con servicio de preparación de alimentos a la carta o de comida corrida,6 a 10 personas,CALLE,SANTISIMA,CALLE,EMILIANO ZAPATA,CALLE,SOLEDAD,CALLE,JESUS MARIA,23,A,NA,NA,NA,A,COLONIA,CENTRO,NA,NA,NA,06060,09,Ciudad de México,015,Cuauhtémoc,0001,Cuauhtémoc,0786,006,NA,NA,NA,Fijo,19.43256859,-99.12706249,2024-11
865508,09015722412003293000000000U1,XAMPAÑERIA DE GARCIA,BARES DIVERSOS SA DE CV,722511,Restaurantes con servicio de preparación de alimentos a la carta o de comida corrida,11 a 30 personas,AVENIDA,NUEVO LEÓN,CALLE,LAREDO,CALLE,MICHOACÁN,AVENIDA,AMSTERDAM,66,NA,NA,NA,0,SN,COLONIA,HIPODROMO,NA,NA,NA,06100,09,Ciudad de México,015,Cuauhtémoc,0001,Cuauhtémoc,1197,005,NA,XAMPACONDESA.FACTURACION@GMAIL.COM,NA,Fijo,19.41292822,-99.17157678,2010-07
10240074,09015722511019561000000000U2,XOMATLI,NA,722511,Restaurantes con servicio de preparación de alimentos a la carta o de comida corrida,0 a 5 personas,CALLE,CEDRO,CALLE,TULIPAN,CALLE,SALVADOR DIAZ MIRON,CALLE,NOGAL,106,A,NA,NA,NA,NA,COLONIA,CUAHUTEMOC,NA,NA,NA,06400,09,Ciudad de México,015,Cuauhtémoc,0001,Cuauhtémoc,0466,005,NA,NA,NA,Fijo,19.45057243,-99.16198169,2024-11
9632232,09015722511022971000000000U8,XUNI MEZCALERIA,ACOMCENTER SA DE CV,722511,Restaurantes con servicio de preparación de alimentos a la carta o de comida corrida,0 a 5 personas,CALLE,LONDRES,EJE VIAL,2 PONIENTE (FLORENCIA),CALLE,VARSOVIA,CALLE,LIVERPOOL,178,NA,NA,NA,NA,NA,COLONIA,JUAREZ,NA,NA,NA,06600,09,Ciudad de México,015,Cuauhtémoc,0001,Cuauhtémoc,095A,018,NA,NA,WWW.XUNIMEZCALERIA.COM,Fijo,19.42411387,-99.16655735,2024-11
9408733,09015722511017133000000000U2,XUVA,COCINA CON IDENTIDAD SA,722511,Restaurantes con servicio de preparación de alimentos a la carta o de comida corrida,11 a 30 personas,CALLE,SALVADOR DIAZ MIRON,CALLE,JAIME TORRES BODET,CALLE,NARANJO,EJE VIAL,1 NORTE (JOSE ANTONIO ALZATE),128,NA,NA,NA,NA,NA,COLONIA,SANTA MARIA LA RIVERA,NA,NA,NA,06400,09,Ciudad de México,015,Cuauhtémoc,0001,Cuauhtémoc,0555,018,5512493955,XUVACOLIN@GMAIL.COM,NA,Fijo,19.44889627,-99.15826075,2023-11
887146,09015561110002181011000000U3,XZS RESTAURANTE,INNOVACION CULINARIA SA DE CV,722511,Restaurantes con servicio de preparación de alimentos a la carta o de comida corrida,11 a 30 personas,EJE VIAL,CENTRAL LAZARO CARDENAS,CALLE,DONCELES,CALLE,TACUBA,CALLE,MARCONI,3,NA,NA,NA,NA,NA,COLONIA,CENTRO,NA,NA,NA,06000,09,Ciudad de México,015,Cuauhtémoc,0001,Cuauhtémoc,0752,017,5568914833,NA,NA,Fijo,19.43625709,-99.14043963,2014-12
6717018,09015722519001482011027930S4,YAMSAN RAMEN HOUSE TANARAH,OPERADORA DE ALIMENTOS JNF SA DE CV,722511,Restaurantes con servicio de preparación de alimentos a la carta o de comida corrida,11 a 30 personas,AVENIDA,TAMAULIPAS,CALLE,VICENTE SUÁREZ,AVENIDA,CAMPECHE,CALLE,ATLIXCO,103,NA,NA,NA,NA,A,COLONIA,CONDESA,NA,NA,NA,06170,09,Ciudad de México,015,Cuauhtémoc,0001,Cuauhtémoc,1318,012,NA,NA,WWW.YAMASAN.COM,Fijo,19.41056055,-99.17490863,2016-01
874517,09015561110001653001018702M2,YANDAI,YANDAI SA DE CV,722511,Restaurantes con servicio de preparación de alimentos a la carta o de comida corrida,6 a 10 personas,CALLE,LONDRES,EJE VIAL,2 PONIENTE (FLORENCIA),CALLE,AMBERES,CALLE,HAMBURGO,161,NA,EDIFICIO SIN NOMBRE,PISO 7,NA,NA,COLONIA,JUÁREZ,NA,NA,NA,NA,09,Ciudad de México,015,Cuauhtémoc,0001,Cuauhtémoc,0945,018,5553258600,EQUINO@ITTO.MX,WWW.SUSI-ITTO.COM.MX,Fijo,19.42750173,-99.16548358,2010-07
864433,09015722511008052000000000U5,YECCAN,YECCAN TAP ROOM SA DE CV,722511,Restaurantes con servicio de preparación de alimentos a la carta o de comida corrida,6 a 10 personas,CALLE,CHIAPAS,EJE VIAL,3 PONIENTE (MEDELLIN),CALLE,MANZANILLO,CALLE,TAPACHULA,208,B,NA,NA,NA,NA,COLONIA,ROMA NORTE,NA,NA,NA,06700,09,Ciudad de México,015,Cuauhtémoc,0001,Cuauhtémoc,1356,027,NA,YECCANCEVECERIA@GMAIL.COM,NA,Fijo,19.41158396,-99.16603192,2010-07
9595430,09015722511022442000000000U0,YERBA SANTA RESTAURANTE,ADRIAN PONCE DE LEON LAHE CORPORATION SA DE CV,722511,Restaurantes con servicio de preparación de alimentos a la carta o de comida corrida,6 a 10 personas,CALLE,RIO PANUCO,CALLE,RIO DUERO,EJE VIAL,3 PONIENTE (RIO MISSISSIPI),CALLE,RIO LERMA,198,NA,NA,NA,NA,NA,COLONIA,CUAUHTEMOC,NA,NA,NA,06500,09,Ciudad de México,015,Cuauhtémoc,0001,Cuauhtémoc,0926,005,NA,YERBA2020@GMAIL.COM,WWW.YERBASANTRESTAURANTE.COM,Fijo,19.42764952,-99.17365454,2024-11
9555225,09015722511023791000000000U9,YICO,NA,722511,Restaurantes con servicio de preparación de alimentos a la carta o de comida corrida,0 a 5 personas,CALLE,URES,CALLE,IXTLAN,EJE VIAL,3 SUR (AVENIDA BAJA CALIFORNIA),CALLE,TOLUCA,32,B,NA,NA,NA,NA,COLONIA,ROMA SUR,NA,NA,NA,06760,09,Ciudad de México,015,Cuauhtémoc,0001,Cuauhtémoc,1479,009,NA,NA,NA,Fijo,19.40661952,-99.15828678,2024-11
1028049,09015722110004413000000000U4,YUG VEGETARIANO,YUG VEGETARIANO SA DE CV,722511,Restaurantes con servicio de preparación de alimentos a la carta o de comida corrida,11 a 30 personas,CERRADA,VARSOVIA,CALLE,HAMBURGO,AVENIDA,PASEO DE LA REFORMA,CALLE,OXFORD,25,A,3,PLANTA BAJA,NA,NA,COLONIA,CUAHUTEMOC,NA,NA,NA,06600,09,Ciudad de México,015,Cuauhtémoc,0001,Cuauhtémoc,0945,001,NA,VEGYU@GMAIL.COM,WWW.LOVEGETARIANO.COM,Fijo,19.42512625,-99.16915016,2010-07
10856081,09015722511018461000000000U6,YUQUI,NA,722511,Restaurantes con servicio de preparación de alimentos a la carta o de comida corrida,0 a 5 personas,CALLE,SUR 67,CALLE,JOSE SOTERO CASTAÑEDA,CALLE,VENTURA G TENA,CALLE,SUR 67A,3038,NA,NA,NA,NA,NA,COLONIA,SUR 67,NA,NA,NA,06890,09,Ciudad de México,015,Cuauhtémoc,0001,Cuauhtémoc,1515,013,NA,NA,NA,Fijo,19.403909,-99.13098469,2024-11
10896632,09015722511018882000000000U3,ZAIQA BBQ COMIDA ARABE,ZAIQA GROVE OF COMPANIES SA DE CV,722511,Restaurantes con servicio de preparación de alimentos a la carta o de comida corrida,6 a 10 personas,CALLE,SALINA CRUZ,CALLE,BAJIO,VIADUCTO,PRESIDENTE MIGUEL ALEMAN,CALLE,TLACOTALPAN,21,NA,NA,NA,NA,NA,COLONIA,ROMA SUR,NA,NA,NA,06760,09,Ciudad de México,015,Cuauhtémoc,0001,Cuauhtémoc,145A,005,5531448788,ZAIQABBQROMA@GMAIL.COM,NA,Fijo,19.40309746,-99.16518813,2024-11
10147385,09015722511021963000000000U6,ZESTA PUNTA SABOR Y PASION,ZESTA PUNTA SABOR Y PASION  SA DE CV,722511,Restaurantes con servicio de preparación de alimentos a la carta o de comida corrida,11 a 30 personas,CALLE,AVENIDA DE LA REPUBLICA,CALLE,RAMOS ARISPE,CALLE,PONCIANO ARRIAGA,CALLE,TOMAS ALVA EDISON,17,NA,NA,NA,NA,NA,COLONIA,TABACALERA,NA,NA,NA,06030,09,Ciudad de México,015,Cuauhtémoc,0001,Cuauhtémoc,0714,016,NA,NA,WWW.ZESTAPUNTA.COM,Fijo,19.4366373,-99.15335945,2024-11
10674620,09015722511023421000000000M3,ZILIAN FENG,NA,722511,Restaurantes con servicio de preparación de alimentos a la carta o de comida corrida,0 a 5 personas,AVENIDA,JOSE MARIA IZAZAGA,CALLE,ISABEL LA CATOLICA,CALLE,5 DE FEBRERO,CALLE,NEZAHUALCOYOTL,89,NA,IZAZAGA,PISO 6,NA,NA,COLONIA,CENTRO,EDIFICIO COMERCIAL Y DE SERVICIOS,IZAZAGA,I656,06010,09,Ciudad de México,015,Cuauhtémoc,0001,Cuauhtémoc,0964,002,NA,NA,NA,Fijo,19.42608727,-99.1366352,2024-11
8337614,09015722412003883000000000U9,ZINCO JAZZ CLUB,TOP JAZZ VENUE SA DE CV,722412,"Bares, cantinas y similares",11 a 30 personas,CALLE,ISABEL LA CATOLICA,CALLE,5 DE MAYO,CALLE,FRANCISCO I MADERO,CALLE,MOTOLINIA,17,A,NA,NA,NA,NA,COLONIA,CENTRO,NA,NA,NA,06000,09,Ciudad de México,015,Cuauhtémoc,0001,Cuauhtémoc,0767,011,NA,NA,WWW.ZINCOJAZZ.COM,Fijo,19.43389383,-99.13621293,2019-11
6723815,09015722511008253001000000U9,ZONA 2,ZONA 2 SAPI DE CV,722511,Restaurantes con servicio de preparación de alimentos a la carta o de comida corrida,6 a 10 personas,CALLE,CUAUTLA,CALLE,FERNANDO MONTES DE OCA,CALLE,VICENTE SUAREZ,CALLE,CUERNAVACA,58,NA,NA,NA,0,NA,COLONIA,CONDESA,NA,NA,NA,06170,09,Ciudad de México,015,Cuauhtémoc,0001,Cuauhtémoc,1318,006,NA,MARIBEL.SEDF@GMAIL.COM,NA,Fijo,19.41327892,-99.17635408,2016-01
