denue_id,fsq_id,denue_lat,denue_lon,fsq_lat,fsq_lon,distance_m,denue_name_original,denue_name_norm,fsq_name_original,fsq_name_norm,lev_dist,lev_sim,jaccard_sim,score_sim
6708952,584f33540b7e930ee22c3cb3,19.41170304,-99.15492427,19.411291309142605,-99.15549516677856,75.4549924978314,1045 CHILIS PABELLON CUAUHTEMOC,1045 chilis pabellon cuauhtemoc,Rescata Pabellón Cuauhtémoc,rescata pabellon cuauhtemoc,10,0.68,0.4,0.54
6708952,54de48e8498ee52f0396cf3c,19.41170304,-99.15492427,19.4113007490446,-99.15541781833574,68.48834269311463,1045 CHILIS PABELLON CUAUHTEMOC,1045 chilis pabellon cuauhtemoc,Axtel Pabellon Cuauhtemoc,axtel pabellon cuauhtemoc,10,0.68,0.4,0.54
6708952,4d5ea9b1338bb60cc95512bd,19.41170304,-99.15492427,19.411624,-99.154911,8.908316445520894,1045 CHILIS PABELLON CUAUHTEMOC,1045 chilis pabellon cuauhtemoc,Mixup Pabellon Cuauhtemoc,mixup pabellon cuauhtemoc,10,0.68,0.4,0.54
6708952,4c7963e93badb1f71aeb4e54,19.41170304,-99.15492427,19.411514135421772,-99.15494666270412,21.159778401233176,1045 CHILIS PABELLON CUAUHTEMOC,1045 chilis pabellon cuauhtemoc,Pabellón Cuauhtémoc,pabellon cuauhtemoc,12,0.61,0.5,0.55
6708952,53b861d9498eb8b9a23ae5cd,19.41170304,-99.15492427,19.411732729222233,-99.15545767527016,56.10045663014799,1045 CHILIS PABELLON CUAUHTEMOC,1045 chilis pabellon cuauhtemoc,OXXO  Pabellon Cuauhtemoc,oxxo pabellon cuauhtemoc,11,0.65,0.4,0.52
6812948,57728e33498e03272372a184,19.429225249999998,-99.16181842,19.429556,-99.161487,50.65719122831032,1500 REFORMA 222,1500 reforma 222,Bolsero Reforma 222,bolsero reforma 222,7,0.63,0.5,0.56
6812948,57728ebf498e1f457fab028a,19.429225249999998,-99.16181842,19.429624,-99.161541,53.08986958124898,1500 REFORMA 222,1500 reforma 222,Bolero Reforma 222,bolero reforma 222,6,0.67,0.5,0.58
6812948,5113f335e4b01488c794ab9c,19.429225249999998,-99.16181842,19.42924357393925,-99.16204521625802,23.89633251569422,1500 REFORMA 222,1500 reforma 222,Turibus reforma 222,turibus reforma 222,7,0.63,0.5,0.56
6812948,53f52600498ebfcd29a45743,19.429225249999998,-99.16181842,19.429040477683547,-99.16208086966353,34.382965901502,1500 REFORMA 222,1500 reforma 222,Corporativo Reforma 222,corporativo reforma 222,11,0.52,0.5,0.51
6812948,56c6816ecd103b0c1b751f5b,19.429225249999998,-99.16181842,19.428677090574435,-99.16192029802336,61.95101780712017,1500 REFORMA 222,1500 reforma 222,Telcel Reforma 222,telcel reforma 222,6,0.67,0.5,0.58
6812948,4b08bcc6f964a520a51123e3,19.429225249999998,-99.16181842,19.42881054979957,-99.16192649342482,47.537953480580036,1500 REFORMA 222,1500 reforma 222,Reforma 222,reforma 222,5,0.69,0.67,0.68
6812948,581a1415b43c5a155522e113,19.429225249999998,-99.16181842,19.4286725,-99.1616682,63.52059551179916,1500 REFORMA 222,1500 reforma 222,starbucks reforma 222,starbucks reforma 222,9,0.57,0.5,0.53
6812948,58573e9a13af1c6c77b9e89c,19.429225249999998,-99.16181842,19.428473,-99.16165,85.58628991658108,1500 REFORMA 222,1500 reforma 222,Sunglasshut Reforma 222,sunglasshut reforma 222,11,0.52,0.5,0.51
6812948,4dafc8491e7264cc0e3ce91f,19.429225249999998,-99.16181842,19.42897832170212,-99.16143894195557,48.40071710715965,1500 REFORMA 222,1500 reforma 222,Torre 2 Reforma 222,torre 2 reforma 222,7,0.63,0.4,0.52
6323012,57728e33498e03272372a184,19.42919935,-99.16187363,19.429556,-99.161487,56.77745160282024,50244 REFORMA 222,50244 reforma 222,Bolsero Reforma 222,bolsero reforma 222,7,0.63,0.5,0.56
6323012,57728ebf498e1f457fab028a,19.42919935,-99.16187363,19.429624,-99.161541,58.77072474098696,50244 REFORMA 222,50244 reforma 222,Bolero Reforma 222,bolero reforma 222,6,0.67,0.5,0.58
6323012,5113f335e4b01488c794ab9c,19.42919935,-99.16187363,19.42924357393925,-99.16204521625802,18.67376986197036,50244 REFORMA 222,50244 reforma 222,Turibus reforma 222,turibus reforma 222,7,0.63,0.5,0.56
6323012,53f52600498ebfcd29a45743,19.42919935,-99.16187363,19.429040477683547,-99.16208086966353,28.037593931630354,50244 REFORMA 222,50244 reforma 222,Corporativo Reforma 222,corporativo reforma 222,11,0.52,0.5,0.51
6323012,56c6816ecd103b0c1b751f5b,19.42919935,-99.16187363,19.428677090574435,-99.16192029802336,58.34371564574808,50244 REFORMA 222,50244 reforma 222,Telcel Reforma 222,telcel reforma 222,6,0.67,0.5,0.58
6323012,4b08bcc6f964a520a51123e3,19.42919935,-99.16187363,19.42881054979957,-99.16192649342482,43.63538397199921,50244 REFORMA 222,50244 reforma 222,Reforma 222,reforma 222,6,0.65,0.67,0.66
6323012,581a1415b43c5a155522e113,19.42919935,-99.16187363,19.4286725,-99.1616682,62.48811428551061,50244 REFORMA 222,50244 reforma 222,starbucks reforma 222,starbucks reforma 222,9,0.57,0.5,0.53
6323012,58573e9a13af1c6c77b9e89c,19.42919935,-99.16187363,19.428473,-99.16165,84.19619513745045,50244 REFORMA 222,50244 reforma 222,Sunglasshut Reforma 222,sunglasshut reforma 222,11,0.52,0.5,0.51
6323012,4dafc8491e7264cc0e3ce91f,19.42919935,-99.16187363,19.42897832170212,-99.16143894195557,51.844249122999315,50244 REFORMA 222,50244 reforma 222,Torre 2 Reforma 222,torre 2 reforma 222,7,0.63,0.4,0.52
6305169,51563216e4b03e8de11a6c72,19.42453237,-99.15391648,19.42403126727119,-99.1539420876154,55.847244601895795,81082 VIPS CUAUHTEMOC,81082 vips cuauhtemoc,Vips cuauhtemoc,vips cuauhtemoc,6,0.71,0.67,0.69
6305361,5762c6c3498e31ccd3747d4f,19.43195553,-99.13491793,19.432087,-99.13528,40.72974581251505,81166 VIPS 16 DE SEPTIEMBRE,81166 vips 16 de septiembre,Boleros 16 De Septiembre,boleros 16 de septiembre,9,0.67,0.5,0.58
8326211,52ec63f0498e3451da444c4c,19.42718422,-99.16457905,19.427158607533624,-99.1645816909333,2.8646149393720672,A DIOS LE PIDO RESTAURANTE BAR,a dios le pido bar,A Dios le Pido,a dios le pido,4,0.78,0.8,0.79
10682373,63e6b72b01828249227775eb,19.43318955,-99.16760687,19.43317,-99.16756,5.38011469590563,A LA BONNE FRANQUETTE,a la bonne franquette,A la bonne franquette,a la bonne franquette,0,1,1,1
10477067,679d30759dd8106bfb3d98bd,19.4296291,-99.13258842,19.429629,-99.13264,5.414876270242586,A LA MEXICANA,a la mexicana,A La Mexicana,a la mexicana,0,1,1,1
10481403,5f57f8fda4af211b8cb443e1,19.43312948,-99.16819161,19.433165,-99.16826,8.1962647405471,ACLOMA,acloma,Café Acloma,cafe acloma,5,0.55,0.5,0.52
9357212,5e348fd562abad0008ea7b74,19.41076611,-99.15053359,19.410639,-99.150625,17.097550175015684,ACUYO,acuyo,Restaurante Acuyo,acuyo,0,1,1,1
889902,4dbc605243a1d8504b8a544f,19.43826584,-99.15175869,19.438077960356782,-99.15125163508314,57.18934235747008,ADMINISTRACION DE SUSHI HOKO-KI,administracion de sushi hoko ki,Sushi Hoko-Ki,sushi hoko ki,18,0.42,0.6,0.51
867200,4b058701f964a520eb7a22e3,19.4094157,-99.17812621,19.40953873875824,-99.17822801365878,17.373680240005896,AGAPI MU RESTAURANTE GRIEGO,agapi mu griego,Agapi Mu,agapi mu,7,0.53,0.67,0.6
10033460,6632bdfb214adc169ab9ff5e,19.41528213,-99.16893543,19.415238,-99.168795,15.540518829342252,AGROTAVERNA MONSTRUO DE AGUA,agrotaverna monstruo de agua,Agrotaberna Monstruo de Agua,agrotaberna monstruo de agua,1,0.96,0.6,0.78
11485146,61734e2679162319a5e99f0c,19.45180642,-99.15722097,19.451756,-99.157294,9.500775378282173,AHUMADOS PELICAN,ahumados pelican,Ahumados Pelican,ahumados pelican,0,1,1,1
895379,651f99cd12b70a0f7f1e4363,19.41786414,-99.16074357,19.418021,-99.160385,41.497949792260286,AJENO,ajeno,Ajeno,ajeno,0,1,1,1
11104642,643575a4cc5fcf17fc5c72f2,19.42933133,-99.15517433,19.429554,-99.155075,26.891578093740954,ALAMBIQUE GREELL,alambique greell,Alambique Grill,alambique grill,2,0.88,0.33,0.6
10898864,608ca1af6a28334504423c2f,19.41231298,-99.16013929,19.412162,-99.160155,16.887757944633428,ALL WOOD,all wood,All Wood,all wood,0,1,1,1
9951968,592b61f0bcbf7a0a7d6f3d08,19.44094281,-99.13927462,19.440884,-99.13952,26.577121413948117,AMANECER TAPATIO,amanecer tapatio,Amanecer Tapatio Garibaldi,amanecer tapatio garibaldi,10,0.62,0.67,0.64
9135216,576b4108498e96a3c568a038,19.43093126,-99.15633192,19.430941,-99.156173,16.71847216489374,AMAYA,amaya,Amaya,amaya,0,1,1,1
6741791,5186b145498eb7d51bd8de6f,19.42033676,-99.17319519,19.420368199170877,-99.17324528178338,6.317033752557498,ANGELOPOLITANO ROMA,angelopolitano roma,Angelopolitano Restaurante,angelopolitano,5,0.74,0.5,0.62
10947117,5b21cf79a30619002c98fab4,19.42690886,-99.16356857,19.42736,-99.162831,92.2914546894596,ANGUS ZONA ROSA,angus zona rosa,Pop Nails Zona Rosa,pop nails zona rosa,7,0.63,0.4,0.52
10947117,549861a9498ed8ab0f711485,19.42690886,-99.16356857,19.427294326152335,-99.1629401316859,78.70124216694383,ANGUS ZONA ROSA,angus zona rosa,izzi zona rosa,izzi zona rosa,5,0.67,0.5,0.58
10947117,e953a7860e83471f748c9581,19.42690886,-99.16356857,19.426914,-99.164366,83.71750205399518,ANGUS ZONA ROSA,angus zona rosa,Interlingua Zona Rosa,interlingua zona rosa,8,0.62,0.5,0.56
867354,a6dae7f9195f465eb738f7c6,19.40641386,-99.17256831,19.406182,-99.172321,36.61192802678722,ANTOJERIA LAS CHALUPITAS,antojeria las chalupitas,Antojeria las Chalupitas,antojeria las chalupitas,0,1,1,1
867354,4b91b388f964a52001d133e3,19.40641386,-99.17256831,19.406358084453387,-99.1723005611599,28.789763541836123,ANTOJERIA LAS CHALUPITAS,antojeria las chalupitas,Las Chalupitas,las chalupitas,10,0.58,0.67,0.62
10977029,66972bee6c8a99154956e5cc,19.44097801,-99.14487075,19.440965,-99.144823,5.217475100953787,ANTOJITOS YUCATECOS KOOBEN,antojitos yucatecos kooben,Kóoben Antojitos Yucatecos,kooben antojitos yucatecos,14,0.46,1,0.73
7732378,675cd8aa2aee5254f74c930a,19.42227811,-99.17173441,19.422577,-99.171875,36.39912052474799,ANTOJO CHILANGO,antojo chilango,Antojo Chilango,antojo chilango,0,1,1,1
7732378,642dfae0f6606a0758330d28,19.42227811,-99.17173441,19.422455,-99.17186,23.697936721579683,ANTOJO CHILANGO,antojo chilango,Encanto Chilango,encanto chilango,5,0.69,0.33,0.51
8326938,6275ad17c2f8363527d2b7d0,19.41891295,-99.15437094,19.41896,-99.155199,87.09303328805319,ANTONELLA CAFFE,antonella caffe,Antonella.,antonella,6,0.6,0.5,0.55
10035055,53377855498e0f1c096633d0,19.44025018,-99.13977521,19.440243919445315,-99.13955308723348,23.327320808511217,ANTRO TEATRO GARIBALDI,antro teatro garibaldi,Teatro Garibaldi,teatro garibaldi,6,0.73,0.67,0.7
880402,4fd37ae7e4b02119790ad92a,19.44440601,-99.14534273,19.44444091005473,-99.14512610894168,23.06829664659427,AQUI ES JALISCO,aqui es jalisco,Aqui es jalisco,aqui es jalisco,0,1,1,1
8626058,5c00a91112f0a9002c436846,19.43599127,-99.15267554,19.436166117173652,-99.15271765644329,19.95971939828074,ARANGO COCINA RAICES,arango cocina raices,Arango - Cocina De Raíces,arango cocina de raices,3,0.87,0.75,0.81
11143813,620b0556f8f89122cb2fb134,19.41433309,-99.17825943,19.414362,-99.178272,3.4783294998330585,ASADOR CONDESA,asador condesa,Asador Condesa,asador condesa,0,1,1,1
8484838,4d2642ccf7a9224b7c8be09f,19.44278527,-99.16521683,19.443092765168384,-99.16532266842876,35.98804074859662,ASADOR EL GAUCHO,asador el gaucho,Asador del Gaucho,asador del gaucho,1,0.94,0.5,0.72
896294,4e3b88ee1850d7b505e55788,19.4113026,-99.17520623,19.410797502680325,-99.1746522608453,80.897142184043,ASIAN BAY,asian bay,Asian Bay,asian bay,0,1,1,1
7733312,4e3b88ee1850d7b505e55788,19.41077511,-99.17469969,19.410797502680325,-99.1746522608453,5.568755802616434,ASIAN BAY CONDESA,asian bay condesa,Asian Bay,asian bay,8,0.53,0.67,0.6
11239865,67195e4cf917bd1790bfd19a,19.4268473,-99.16422175,19.426761,-99.164396,20.662246705989393,AVENTURA RESTAURANTE BAR,aventura bar,Aventura Restaurante Bar And Beer,aventura bar and beer,9,0.57,0.5,0.53
1013460,52218c9f11d2bc8699989314,19.44042292,-99.15073998,19.440471691111384,-99.15087719528424,15.393116367547856,AZ DE OROS,az de oros,El Az De Oros,el az de oros,3,0.77,0.75,0.76
6258324,4d3defb205b8721e2e619937,19.41284409,-99.17161474,19.412895593078083,-99.17165924034174,7.395906718443411,AZUL CONDESA,azul condesa,Azul Condesa,azul condesa,0,1,1,1
6258324,53fa1062498e7a6931f93716,19.41284409,-99.17161474,19.41245191447629,-99.17187991984754,51.77897178724805,AZUL CONDESA,azul condesa,Bazar Condesa,bazar condesa,3,0.77,0.33,0.55
11041177,63b78e70f78eea6194ee0c4a,19.43135736,-99.13721247,19.431398,-99.136967,26.163250728203007,AZULISIMO,azulisimo,Azulísimo,azulisimo,0,1,1,1
6711208,5f9ca52d0f4d677b7c116532,19.4140631,-99.16441382,19.414061,-99.164583,17.763744422111735,BAGUETTAPAS,baguettapas,Baguettapas Gourmet,baguettapas gourmet,8,0.58,0.5,0.54
892022,4f6a7a7de4b08d2f3e089456,19.42701268,-99.13629119,19.427024281211104,-99.13624503593304,5.014481933030138,BALAGAN,balagan,Balagan,balagan,0,1,1,1
11376251,5d4756fd3e3a18000875a003,19.41395846,-99.16170374,19.414305,-99.16191,44.239204452490846,BALANDRA,balandra,Balandra,balandra,0,1,1,1
8625214,54a76586498e98a2023bd76f,19.40951114,-99.16887224,19.409730024148967,-99.16879886906516,25.554807885364358,BALTRA BAR,baltra bar,Baltra,baltra,4,0.6,0.5,0.55
11255332,5db3d26785b2a50007d06731,19.41585355,-99.16369853,19.41599,-99.16361,17.807664553981585,BAO BAO TAIWANESE EATERY,bao bao taiwanese eatery,Bao Bao Taiwanese Eatery,bao bao taiwanese eatery,0,1,1,1
10794632,65dfbaec77e3226557f4eb86,19.42568509,-99.1564889,19.425555,-99.156587,17.77020946386234,BAR APOTHECA DE MEZOZI,bar apotheca de mezozi,Apotheca De Mezcal,apotheca de mezcal,7,0.68,0.4,0.54
8337461,5740e839498eb8c19f4a3b6e,19.43324324,-99.14444065,19.43329,-99.144166,29.298202746696116,BAR BARRA INDEPENDENCIA,bar barra independencia,Coctelería Barra Independencia,cocteleria barra independencia,9,0.7,0.5,0.6
11785814,65aa1bca63e71254953e7a3a,19.4353431,-99.16988236,19.435388,-99.169825,7.825608447290676,BAR BUNNY,bar bunny,Bar Bunny,bar bunny,0,1,1,1
11106818,64698041ee3fbc55a3ecd8ed,19.42558406,-99.15770333,19.425807,-99.157688,24.869695489750864,BAR BUSSIFAME,bar bussifame,Bussifame,bussifame,4,0.69,0.5,0.6
11357027,6146da91c6c02805e981f261,19.41036719,-99.17269372,19.410609,-99.17248,35.04417634797638,BAR CAIMAN,bar caiman,Caimán,caiman,4,0.6,0.5,0.55
657859,53e6f629498e3e1c6ae15ad7,19.44088055,-99.1380437,19.44082040447501,-99.13798106784934,9.383718981597392,BAR CARAPOS,bar carapos,Carapos Bar,carapos bar,8,0.27,1,0.64
1013831,4cdf1fd178ddf04d63019f98,19.43752512,-99.14809491,19.437552759557978,-99.1477742663166,33.799846012018335,BAR CHAPULTEPEC,bar chapultepec,Bar Chapultepec,bar chapultepec,0,1,1,1
894788,4e2a19e9e4cd3bc16686c5ac,19.42469912,-99.16655683,19.424780560169197,-99.16655865693136,9.067906757113672,BAR EL ALMACEN,bar el almacen,El Almacén,el almacen,4,0.71,0.67,0.69
1031225,52bcf88b11d24cfb8856c480,19.4254476,-99.12809278,19.42527,-99.128221,23.91781158047842,BAR EL CAPRICHO,bar el capricho,El Capricho,el capricho,4,0.73,0.67,0.7
660110,4dc88943fa761aaccadac89a,19.441529,-99.14806858,19.44141421749029,-99.14775296367384,35.509520421941765,BAR EL GRAN MARQUES,bar el gran marques,El Gran Marques,el gran marques,4,0.79,0.75,0.77
8007554,5404da4d498e29ccd52005c0,19.45806652,-99.16246357,19.458158647771963,-99.16287925545775,44.820078818020974,BAR EL PATIO,bar el patio,El patio,el patio,4,0.67,0.67,0.67
11733216,620d97ed926baa31d7e26d81,19.42698072,-99.14297742,19.427238,-99.14292,29.2677781455122,BAR EL REY BOTANERO,bar el rey botanero,Rey Botanero,rey botanero,7,0.63,0.5,0.56
9118947,4c0207ab490120a15356f08c,19.42469912,-99.16655683,19.424826259551804,-99.16655898024584,14.154910302520705,BAR EL TALLER,bar el taller,El Taller,el taller,4,0.69,0.67,0.68
867410,54dee388498ee09005d83556,19.40541,-99.17412383,19.405728832594676,-99.1739967180404,37.91863144992724,BAR FELINA,bar felina,FELINA,felina,4,0.6,0.5,0.55
874137,500af7e2e4b07352bc499be6,19.41758094,-99.14119836,19.41761983699492,-99.14105627586711,15.532814306439342,BAR LA QUEBRADA,bar la quebrada,La Quebrada,la quebrada,4,0.73,0.67,0.7
986533,502eacc9e4b0c518254c0bde,19.43324549,-99.1498854,19.43319375586132,-99.1507514829874,91.10153351030766,BAR LA REFORMA DE BUCARELI,bar la reforma de bucareli,La Covacha De Bucareli,la covacha de bucareli,10,0.62,0.5,0.56
1040395,5005be73e4b00f83824e3f3d,19.42888166,-99.14290271,19.428341431113825,-99.14281281854171,60.87391789595336,BAR LAS JACARANDAS,bar las jacarandas,Restaurante Bar Las Jacarandas,bar las jacarandas,0,1,1,1
11694850,55038030498e150bef78c3f0,19.42778373,-99.14375328,19.427787548707467,-99.14386676265232,11.92111787539488,BAR LOS AMIGOS,bar los amigos,Restaurante Bar Los Amigos,bar los amigos,0,1,1,1
1014032,63aa21f5f348996e01173bf8,19.42998251,-99.13883931,19.43002,-99.13888,5.971914783208508,BAR LOS VILLAS,bar los villas,Taquería Los Villas,taqueria los villas,6,0.68,0.5,0.59
9200088,4bca79653740b713eafe6065,19.43144926,-99.13786878,19.43158251875153,-99.13766555344549,25.984911161177,BAR MANCERA,bar mancera,Bar Mancera,bar mancera,0,1,1,1
10687787,60e157d7ba67aa535580f631,19.42535083,-99.15390057,19.425537,-99.15416,34.22395402946732,BAR MOJITOS TIME,bar mojitos time,Mojitos Time,mojitos time,4,0.75,0.67,0.71
1017871,4e6bf6b6fa76fa03580ff498,19.42673898,-99.1393284,19.4268927955169,-99.13935775423012,17.397766404284166,BAR NISOTO,bar nisoto,Bar Nisoto,bar nisoto,0,1,1,1
8326925,5a5fdc574f0e587f1e0fcf65,19.42005695,-99.16529426,19.42014138404863,-99.16526241466872,9.976065724788349,BAR ORIENTE 181,bar oriente 181,Bar Oriente,bar oriente,4,0.73,0.67,0.7
889903,4db8c61f8154ce84dc1adafc,19.43745794,-99.15210005,19.43748468939452,-99.15189783025266,21.435821101710825,BAR OXFORD,bar oxford,Restaurant Oxford,oxford,4,0.6,0.5,0.55
1001598,4c2577d7c11dc9b647642724,19.4374488,-99.13858359,19.437543449426695,-99.13869787575298,15.96700582857517,BAR RESTAURANT LAS PECOSAS,bar las pecosas,Las Pecosas,las pecosas,4,0.73,0.67,0.7
998681,633e3835bae1f502a179b0d2,19.43624892,-99.13551389,19.436241,-99.135663,15.677729602055193,BAR UTA DONCELES 58,bar uta donceles 58,Bar Donceles 58,bar donceles 58,4,0.79,0.75,0.77
900016,502ecc18e4b06e61e19a0521,19.41455484,-99.13641012,19.414560578542034,-99.1361925775894,22.848637230418017,BAR VILLA HERMOSA,bar villa hermosa,Villa Hermosa,villa hermosa,4,0.76,0.67,0.72
7733042,4cf2045a94feb1f747361bba,19.41581727,-99.14112965,19.415824849716987,-99.1411348597362,1.0055436688242725,BARBA AZUL,barba azul,Barba Azul,barba azul,0,1,1,1
9201065,50798281e4b0249cc7220c5d,19.42447735,-99.14480389,19.424396489909427,-99.14492457806558,15.542142594708745,BARRA DELI EXPRESS,barra deli express,Deli Express,deli express,6,0.67,0.67,0.67
7733596,53656a5e498e2550d30914c6,19.40644215,-99.17763406,19.40614750462457,-99.17693521936648,80.37215087259037,BARRA GAVIA,barra gavia,Barra Marina,barra marina,3,0.75,0.33,0.54
11126492,5e10beeff5cca800075ff2ab,19.41799892,-99.17156561,19.417679,-99.171221,50.76696117619373,BASICO,basico,Básico,basico,0,1,1,1
10357214,685732ed26338a2f3c10828b,19.43328322,-99.15868829,19.4334,-99.158676,13.063754900609304,BBQ WINGS SPORTS BAR,bbq wings sports bar,The Bbq Wings Sports Bar,the bbq wings sports bar,4,0.83,0.8,0.81
8625548,5670c887498ec28d418b07a0,19.42201902,-99.165672,19.42208687720331,-99.1657425345811,10.578055680972678,BEER GARDEN ROMA,beer garden roma,Beer Garden Roma,beer garden roma,0,1,1,1
867277,5682336b498e7ab273b45af9,19.40694765,-99.17834986,19.407263,-99.17846,36.960266026267306,BEER STOP,beer stop,Beer Stop,beer stop,0,1,1,1
867277,4fc82c63e4b081b29e5f49bd,19.40694765,-99.17834986,19.406831313630622,-99.17839463649176,13.777435331647014,BEER STOP,beer stop,Beer Stop,beer stop,0,1,1,1
9437039,631be742e89b37447020a348,19.4209784,-99.16685787,19.42147,-99.167307,72.23646460306519,BELLA AURORA,bella aurora,Bella Aurora,bella aurora,0,1,1,1
11528010,631be742e89b37447020a348,19.42119856,-99.16691352,19.42147,-99.167307,51.181292564426634,BELLA AURORA,bella aurora,Bella Aurora,bella aurora,0,1,1,1
11751543,631be742e89b37447020a348,19.42151362,-99.16727852,19.42147,-99.167307,5.702485217623433,BELLA AURORA,bella aurora,Bella Aurora,bella aurora,0,1,1,1
10448107,658ca24084681d697dc3aba0,19.40955535,-99.17631952,19.409659,-99.176285,12.094110298963965,BESTIA VERDE,bestia verde,Bestia Verde,bestia verde,0,1,1,1
11471068,640bdc0743d7701e7958f452,19.43223394,-99.16725557,19.43219,-99.16738,13.948227618725676,BISHARA,bishara,Bishara,bishara,0,1,1,1
1021685,4b7c4e93f964a5203e8b2fe3,19.42882229,-99.17187717,19.428762461940387,-99.1718196758978,8.988123394042015,BISTROT ARLEQUIIN,bistrot arlequiin,Bistrot Arlequín,bistrot arlequin,1,0.94,0.33,0.64
8327090,5c0c5c98838e590039a16401,19.41167594,-99.16464414,19.411648,-99.16466,3.527964746838959,BITCOIN EMBASSY BAR,bitcoin embassy bar,Bitcoin Embassy,bitcoin embassy,4,0.79,0.67,0.73
9461057,4b4cdf85f964a5208cc226e3,19.42558349,-99.16682449,19.42558,-99.166724,10.556847228151412,BIWON,biwon,Biwon,biwon,0,1,1,1
7732318,4ba7c736f964a52092b239e3,19.41657186,-99.16706288,19.416727561628985,-99.16693214865208,22.108885132737438,BIZARRO CAFE,bizarro cafe,Bizarro,bizarro,5,0.58,0.5,0.54
6756180,56281efd498e502299a1e93f,19.41978798,-99.16000166,19.419842602457976,-99.15993669021476,9.137733824149239,BLANCO COLIMA,blanco colima,Blanco Colima,blanco colima,0,1,1,1
10361781,63fc0d6103e74a16ee81ccbb,19.4284752,-99.13602153,19.42804,-99.135893,50.29020210568659,BOCA NEGRA,boca negra,Boca Negra,boca negra,0,1,1,1
11419261,63ba1c335b071272c730b774,19.42543576,-99.15748528,19.425288,-99.157418,17.900968700925887,BOCA ROJA RESTAURANTE ITALIANO,boca roja italiano,Boca Roja,boca roja,9,0.5,0.67,0.58
11050271,4d52c3813062a1cdd8eb74a3,19.42938857,-99.17339399,19.42933244703096,-99.17317628860474,23.692867754777335,BODEGA DOÑA BLANCA,bodega dona blanca,Doña Blanca,dona blanca,7,0.61,0.67,0.64
887755,4c82bf24dc018cfa0ea4d26c,19.43333074,-99.13952447,19.4326928442357,-99.13970812786395,73.58105020076073,BODEGA RESTAURANT CASA ARGENTINA,bodega casa argentina,Casa Argentina,casa argentina,7,0.67,0.67,0.67
9693280,6484c3a1b70da2118e2f3ec0,19.4162105,-99.17078974,19.416196,-99.170759,3.6084914162718245,BODEGON VICTORIA,bodegon victoria,Bodegon Victoria,bodegon victoria,0,1,1,1
11614104,6483aca724f23d5d9b957d85,19.41800823,-99.15960381,19.417861,-99.159477,21.115545503176048,BOLUDO PARRILLA URBANA,boludo parrilla urbana,Boludo Parrilla Urbana Roma Norte,boludo parrilla urbana roma norte,11,0.67,0.6,0.64
11135449,64f51f2c959a456f2548cd9d,19.43691636,-99.13792359,19.436722,-99.137991,22.763877904110046,BRIJES AND CAFE,brijes and cafe,Brijes Y Cafe,brijes y cafe,3,0.8,0.5,0.65
894265,4bd1e15c9854d13a396ffa4d,19.43371155,-99.16870754,19.43352298110819,-99.16864980577394,21.84883773559529,BRISTO MICHELLENA,bristo michellena,Bistro Michellena,bistro michellena,2,0.88,0.33,0.6
11694445,672e3f94ab60e50abc78d2ea,19.42659535,-99.16937586,19.427214,-99.169584,72.25119824658054,BRUNCH AND BOWLS,brunch and bowls,Brunch And Bowls,brunch and bowls,0,1,1,1
7732385,4f1b4d60e4b0a62718f128fc,19.42296065,-99.17320498,19.423151453772572,-99.17299185422482,30.85090611629428,BUEN DIA,buen dia,Buen Dia,buen dia,0,1,1,1
9084914,503a98fbe4b07c3e083e70c6,19.43455059,-99.13551249,19.434688898707932,-99.136040883188,57.56611933536093,BUFETE CHINO,bufete chino,Buffet Chino,buffet chino,2,0.83,0.33,0.58
998873,57a78e45498e3ebd86965d22,19.43491457,-99.13606371,19.434652,-99.1361,29.47637658001834,BUFFET MEXICANO EL 9 DE ISABEL,buffet mexicano el 9 de isabel,El 9 De Isabel Gran Buffet Mexicano,el 9 de isabel gran buffet mexicano,28,0.2,0.86,0.53
10796226,6352ffccf89c2d3673991bf2,19.42225888,-99.17079621,19.421991,-99.17099,36.099408033502286,BUSHER COCDRILS,busher cocdrils,Busher Cocdril's,busher cocdril s,1,0.94,0.25,0.6
1029644,5222a1ab11d2cd81e7d1600b,19.41970443,-99.16019036,19.419785102943543,-99.16015026449897,9.918093201263682,BUTCHER AND SONS,butcher and sons,Butcher & Sons,butcher sons,4,0.75,0.67,0.71
865412,651880e89766bd241a7ca627,19.4117607,-99.1677545,19.411829,-99.167406,37.3711185129733,BUTCHER AND SONS,butcher and sons,Butcher & Sons Condesa,butcher sons condesa,7,0.65,0.5,0.58
11362705,6609ef4b15b8161205462fc3,19.43588368,-99.1508985,19.436068,-99.15081,22.523674051079208,CA PHE VIETNAM STREET FOOD,ca phe vietnam street food,Cà Phê Vietnam Street Food,ca phe vietnam street food,0,1,1,1
10759127,622cde57230dfb08676317a9,19.40844875,-99.17067271,19.40841,-99.170992,33.799803639301516,CAFE COMUNIDAD,cafe comunidad,Cafe Communidad,cafe communidad,1,0.93,0.33,0.63
7756519,4f938a0be4b0082565dce54d,19.43461581,-99.13559038,19.43462636369952,-99.13545202368796,14.571627062232027,CAFE DEL JARDIN,cafe del jardin,Cafe Del Jardin,cafe del jardin,0,1,1,1
7756519,5168e33c498eb44b7ce32909,19.43461581,-99.13559038,19.434622150655,-99.13535993816912,24.201319363992155,CAFE DEL JARDIN,cafe del jardin,technological sounds (cafe del Jardín),technological sounds cafe del jardin,21,0.42,0.6,0.51
6304651,4bc2100c2a89ef3bcc23f388,19.4341946,-99.13540273,19.434142071954053,-99.13545951146398,8.350002607262786,CAFÉ EL POPULAR,cafe el popular,Café El Popular,cafe el popular,0,1,1,1
9276612,4bc2100c2a89ef3bcc23f388,19.434194,-99.13539592,19.434142071954053,-99.13545951146398,8.830603603268719,CAFE EL POPULAR,cafe el popular,Café El Popular,cafe el popular,0,1,1,1
890080,50e728d9e4b0859e5cfb58c3,19.4376416,-99.14705119,19.437428487039774,-99.14713829128642,25.42465280062707,CAFE EXCONVENTO,cafe exconvento,Cafe Exconvento,cafe exconvento,0,1,1,1
6325279,4d7c7e0b5a396dcb285376fb,19.43469574,-99.13982189,19.43471328779335,-99.13939238390952,45.13040582457447,CAFE LA PAGODA,cafe la pagoda,Café La Pagoda,cafe la pagoda,0,1,1,1
10677297,4f17353be4b02d2c59f44cd0,19.42215971,-99.1553915,19.42229260482816,-99.15545885833768,16.397058594658386,CAFE LOUNCH,cafe lounch,Cafe Lunch,cafe lunch,1,0.91,0.33,0.62
895058,52486670498e70674c473603,19.42535958,-99.16064769,19.425411811389864,-99.16061978316644,6.510780270641539,CAFE NIN,cafe nin,Café Nin,cafe nin,0,1,1,1
10779286,5d39d5b1e5bc2e0007f6f19b,19.42896123,-99.17309647,19.429112,-99.17317,18.473674397958305,CAFE OCAMPO,cafe ocampo,Cafe Ocampo,cafe ocampo,0,1,1,1
8326855,5a8207ed35f983055e4a53af,19.42429978,-99.16798909,19.424235,-99.167856,15.723422151588052,CAFE PACIFICO,cafe pacifico,Pacífico,pacifico,5,0.62,0.5,0.56
952930,50095280e4b0bb46c5e3a851,19.41016201,-99.15065576,19.410144608603883,-99.15059410628874,6.756807410475469,CAFE PALERMO,cafe palermo,Cafe Palermo,cafe palermo,0,1,1,1
1016802,4e3496d01f6e9e21ad45bd57,19.43882891,-99.15387407,19.438971963407575,-99.1535745105655,35.24827144777436,CAFE RESTAURANTE LAGO ORIENTAL,cafe lago oriental,Lago Oriental,lago oriental,5,0.72,0.67,0.7
1003262,4eac1f8782312ec2f735a493,19.43596912,-99.13478405,19.43601808653496,-99.1348496964479,8.786495645546573,CAFE RESTAURANTE MANOLO,cafe manolo,Cafe y Restaurante “Manolo“,cafe y manolo,2,0.85,0.67,0.76
1028104,4f1e188ee4b0ab778410f7c3,19.42683485,-99.16439891,19.42682175143278,-99.16433513622832,6.852025110716161,CAFE ZU,cafe zu,Café Zu,cafe zu,0,1,1,1
11118465,6366a1bbf3b7f66889ff03a2,19.4255769,-99.16950374,19.42574,-99.16931,27.264178152711917,CAFE-GENOVA RESTAURANTE,cafe genova,Café Génova,cafe genova,0,1,1,1
7743469,584af4a78ee56059dfc36973,19.44113412,-99.16266326,19.44138,-99.16269,27.51478910303351,CAFETERIA ALBORADA,alborada,Alborada Grill,alborada grill,6,0.57,0.5,0.53
865636,4b632452f964a52001662ae3,19.41092254,-99.16883383,19.410921,-99.168754,8.383265627178497,CAFETERIA CAFFE TOSSCANO,caffe tosscano,Caffé Toscano,caffe toscano,1,0.93,0.33,0.63
868771,4d2cb00e342d6dcbeec621cb,19.40354732,-99.16456657,19.403545740961807,-99.1646702774445,10.890366101885984,CAFETERIA Y RESTAURANTE LA CUIJI,y la cuiji,La Cuiji,la cuiji,2,0.8,0.67,0.74
11252054,65c975f44aead8498de4c064,19.42069858,-99.17491685,19.420956,-99.174918,28.656117657363843,CALDO DE GALLINA LOS DOS CARNALES,caldo de gallina los dos carnales,Caldos de Gallina “Los Dos Carnales”,caldos de gallina los dos carnales,1,0.97,0.71,0.84
10611679,50d21c99e4b055b0650e683c,19.44296322,-99.12562654,19.443084,-99.125642,13.542754752627086,CALDOS DE GALLINA LA NEGRITA,caldos de gallina la negrita,"Caldos De Gallina ""LA NEGRIITA""",caldos de gallina la negriita,1,0.97,0.67,0.82
11416427,5230a81411d2135986aabe62,19.42649305,-99.15480196,19.426134,-99.154348,62.19963624960516,CALDOS DE GALLINA VALE,caldos de gallina vale,Caldos De Gallina Vale,caldos de gallina vale,0,1,1,1
868384,56d21b9f498e41999a07c19c,19.41373395,-99.13579637,19.414017,-99.135752,31.85147928180971,CALDOS DE POLLOS EVITA,caldos de pollos evita,caldos de gallina evita,caldos de gallina evita,5,0.78,0.6,0.69
11537368,64e2584047cac21a9251c6c0,19.4287346,-99.15621777,19.428899,-99.156233,18.37063304694968,CAMINITO A OAXACA,caminito a oaxaca,Caminito A Oaxaca,caminito a oaxaca,0,1,1,1
6803694,554bfd79498ebfd16cb30b11,19.43631994,-99.14616818,19.43632613672318,-99.14616588244544,0.7307649854302395,CANCINO ALAMEDA,cancino alameda,Barrio Alameda,barrio alameda,4,0.73,0.33,0.53
1003319,57fbc61b498e44d881e742d9,19.43522216,-99.13427423,19.435227721517062,-99.13452155895654,25.97106235730801,CANELA Y ORO,canela y oro,Canela y Oro,canela y oro,0,1,1,1
10168280,5f8b598db0fa1651c19e9c31,19.4139934,-99.16789665,19.413786,-99.167879,23.161909302107674,CANOPIA,canopia,Canopia,canopia,0,1,1,1
10469299,64ea836d2ea9985e43abf023,19.43394318,-99.15474254,19.434014,-99.154765,8.228671513469687,CANTARITOS EL COMPA DE JALISCO,cantaritos el compa de jalisco,El Compa De Jalisco,el compa de jalisco,11,0.63,0.8,0.72
992859,4dbb14630437955ec00df005,19.43060375,-99.1432204,19.430630680809855,-99.14333195367824,12.088465500548825,CANTINA BAR LA REFORMA PUGIBET,cantina bar la reforma pugibet,Cantina La Reforma,cantina la reforma,12,0.6,0.6,0.6
880532,4f580d81e4b0ff1158d676c0,19.44473094,-99.14961574,19.444633328449857,-99.14920155417872,44.81445698395162,CANTINA CASA ABUNDIO,cantina casa abundio,Restaurant Bar Casa Abundio,bar casa abundio,6,0.7,0.5,0.6
1046406,50df96bfe4b01580a07facd5,19.46107159,-99.14007873,19.461076,-99.140244,17.35361702794775,CANTINA EL BUEN TONO,cantina el buen tono,Cantina buen tono,cantina buen tono,3,0.85,0.75,0.8
1046406,4ef4e66e5c5cf3ede6b59de0,19.46107159,-99.14007873,19.46095817890838,-99.14020233981864,18.10284375265675,CANTINA EL BUEN TONO,cantina el buen tono,Cantina El Buen Tono (El Fresa),cantina el buen tono el fresa,9,0.69,0.8,0.74
896292,4bbfc5a7b492d13ac54ba360,19.41126824,-99.17511917,19.41142558319333,-99.17490173822648,28.773776993181222,CANTINA EL CENTENARIO,cantina el centenario,Cantina El Centenario,cantina el centenario,0,1,1,1
896292,4b80b822f964a520318830e3,19.41126824,-99.17511917,19.41148565787115,-99.1749344215484,31.016506070322745,CANTINA EL CENTENARIO,cantina el centenario,El Centenario,el centenario,8,0.62,0.67,0.64
1013882,4cddd6803644a093914f489f,19.4315179,-99.13840285,19.431512495239108,-99.13861645577954,22.432129532913116,CANTINA EL GALLO DE ORO,cantina el gallo de oro,El Gallo de Oro,el gallo de oro,8,0.65,0.8,0.73
870763,cf0d7ec4a1554fb60bdeba0e,19.40810897,-99.13939578,19.408271,-99.139194,27.823882153506762,CANTINA EL RECREO,cantina el recreo,El Recreo Cantina Restaurante,el recreo cantina,16,0.06,1,0.53
870763,4f63a886e4b0ce431c66cb96,19.40810897,-99.13939578,19.408265999646765,-99.13948641423192,19.902797123025106,CANTINA EL RECREO,cantina el recreo,Bar el Recreo,bar el recreo,6,0.65,0.5,0.58
991968,4d95372b61a3a1cd073c7f42,19.43290263,-99.14225211,19.4331227767998,-99.14285224951377,67.59983505111356,CANTINA EL TIO PEPE S DE RL,cantina el tio pepe s de rl,Cantina Tio Pepe,cantina tio pepe,11,0.59,0.43,0.51
868200,4b7e16d1f964a5205fe22fe3,19.41618615,-99.13610854,19.416216822509572,-99.1364081061082,31.63582821984706,CANTINA HIJA DE LA PIRATA,cantina hija de la pirata,La Hija del Pirata,la hija del pirata,8,0.68,0.5,0.59
1016966,4b6deb99f964a520f59b2ce3,19.43432312,-99.15825025,19.434195162318183,-99.15822430728898,14.502193304086884,CANTINA LA CASTELLANA,cantina la castellana,Cantina La Castellana,cantina la castellana,0,1,1,1
1001093,4e6bdbb1483b1f5ebdd44056,19.43788016,-99.13550811,19.437921866179256,-99.13551467691477,4.693610347565942,CANTINA LA DOMINICA,cantina la dominica,La Dominica,la dominica,8,0.58,0.67,0.62
7732312,590a8be70d2be759c66f18c3,19.41617588,-99.16927912,19.416115,-99.169523,26.486347068079183,CANTINA LA LLORONA,cantina la llorona,La Llorona,la llorona,8,0.56,0.67,0.62
1060479,4c38fa23ae2da5934ebe01c6,19.42884592,-99.13896542,19.428862375704952,-99.13896984164896,1.8897379578575382,CANTINA LA MASCOTA,cantina la mascota,La Mascota,la mascota,8,0.56,0.67,0.62
6310968,5060f1c3e4b05768012a8240,19.42606406,-99.16758594,19.426084362324488,-99.16720394479891,40.166340814400435,CANTINA LA NO 20,cantina la no 20,Cantina La No. 20,cantina la no 20,0,1,1,1
1031034,4fff45e1e4b0396b177a442b,19.42023966,-99.14687741,19.420323,-99.146819,11.12087128807125,CANTINA LA NUEVA REINA,cantina la nueva reina,La Nueva Reina,la nueva reina,8,0.64,0.75,0.7
1031034,5140f05be4b091a07ccd6d71,19.42023966,-99.14687741,19.42034955240591,-99.14681921610436,13.673948652581794,CANTINA LA NUEVA REINA,cantina la nueva reina,Cantina La Sentencia,cantina la sentencia,8,0.64,0.4,0.52
999853,4d0d5f301f6bf04d13197d31,19.43095013,-99.12723454,19.431050123135268,-99.12713826475824,15.035037718233568,CANTINA LA PENINSULAR,cantina la peninsular,La Peninsular,la peninsular,8,0.62,0.67,0.64
872200,04efcef215424fdfd66209dc,19.4531527,-99.16132393,19.453297,-99.161416,18.746404400476845,CANTINA LA PERLA,cantina la perla,Operadora la Perla,operadora la perla,8,0.56,0.5,0.53
872200,4bd61e00cfa7b713d01527da,19.4531527,-99.16132393,19.453210911972363,-99.16134446177908,6.829096232739047,CANTINA LA PERLA,cantina la perla,Cantina la perla,cantina la perla,0,1,1,1
1008151,4eac82c130f855f5b2f0ee1f,19.43307479,-99.12792652,19.4331147788435,-99.1278923473317,5.717114272260482,CANTINA LA POTOSINA,cantina la potosina,La Potosina,la potosina,8,0.58,0.67,0.62
854769,53f67e4a498e073c7d64cdff,19.45952355,-99.13200241,19.459712879964684,-99.1319452479343,21.91346084210973,CANTINA LA REFORMA,cantina la reforma,Cantina La Reforma,cantina la reforma,0,1,1,1
6317816,4e7e3512cc21d2aaaf6323a5,19.41965692,-99.15403041,19.419223419896586,-99.15439196679532,61.39701509195841,CANTINA LA RIBERA,cantina la ribera,"Cantina ""La Auténtica""",cantina la autentica,7,0.65,0.5,0.58
9576038,4c8d5d76cf3ea1436b90fd51,19.42827049,-99.13596546,19.42847242703599,-99.13601160049438,22.995482005567258,CANTINA LA RISA,cantina la risa,Pulquería la Risa,pulqueria la risa,8,0.53,0.5,0.52
9576038,5515bebe498e650d9ae07039,19.42827049,-99.13596546,19.42886,-99.136403,80.10220897898967,CANTINA LA RISA,cantina la risa,"Cantina ""La Resurrección""",cantina la resurreccion,10,0.57,0.5,0.53
8327774,4c2ea22a452620a1f6481c0f,19.41332089,-99.1614228,19.413437194448953,-99.16153770599745,17.696451220799133,CANTINA LA ULTRA MARINA,cantina la ultra marina,Salón Cantina La Ultramarina,salon cantina la ultramarina,7,0.75,0.33,0.54
7756165,53e00aaf498ed0029275776d,19.4231452,-99.13760096,19.423726538883077,-99.13762694530806,64.7718233155629,CANTINA LA UNICA DE LA OBRERA,cantina la unica de la obrera,la unica de la obrera,la unica de la obrera,8,0.72,0.8,0.76
7756165,57e44b05498ec369ca8856da,19.4231452,-99.13760096,19.423651,-99.137692,57.110842030765426,CANTINA LA UNICA DE LA OBRERA,cantina la unica de la obrera,Cantina La Unica de la Obrera,cantina la unica de la obrera,0,1,1,1
951352,5079ecc3e4b0753d59d7b514,19.41786374,-99.14485963,19.417945,-99.144856,9.053846320051893,CANTINA LA VICTORIA SPEZZIAL,cantina la victoria spezzial,"Cantina ""La Victoria""",cantina la victoria,9,0.68,0.75,0.72
986526,53711f6a498ecf95cb651d9f,19.4339834,-99.14915599,19.43324,-99.149228,83.09945764710982,CANTINA LAS AMERICAS,cantina las americas,"Restaurante ""Las Américas""",las americas,8,0.6,0.67,0.64
986526,4ed96c89f9abeea3d879d328,19.4339834,-99.14915599,19.433204875223712,-99.14922241289015,86.9450423202467,CANTINA LAS AMERICAS,cantina las americas,Cantina Las Americas,cantina las americas,0,1,1,1
1024410,4d2249d386e15481f3e5c83a,19.43032191,-99.13230548,19.430397,-99.132373,10.95971351384316,CANTINA NUEVO LEON,cantina nuevo leon,Cantina Nuevo Leon,cantina nuevo leon,0,1,1,1
887190,4b9b3670f964a52024fa35e3,19.4373267,-99.13771656,19.437323337698665,-99.1377445485356,2.961840085381672,CANTINA RIO DE LA PLATA,cantina rio de la plata,Río de la Plata,rio de la plata,8,0.65,0.8,0.73
887190,51f9b346498e88e4518d672c,19.4373267,-99.13771656,19.436976830496057,-99.13785136044312,41.43831191711583,CANTINA RIO DE LA PLATA,cantina rio de la plata,Cantenario de la Plata,cantenario de la plata,2,0.91,0.5,0.71
8327089,53bf3ae7498e933c414261e8,19.4119169,-99.16436361,19.41203283212051,-99.16429357260512,14.853395544392455,CANTINA RIVIERA DEL SUR,cantina riviera del sur,Cantina Riviera del Sur,cantina riviera del sur,0,1,1,1
951494,4d9cdb72c540236ae473824b,19.41791188,-99.14787735,19.4180345316449,-99.14784462030563,14.079278884263566,CANTINA SALON CASINO,cantina salon casino,Cantina Casino,cantina casino,6,0.7,0.67,0.69
1003340,4ce892a5e1eeb60c325ca4ae,19.43652084,-99.13168722,19.43658008029052,-99.13163438194502,8.617111169345204,CANTINA SALON ESPAÑA,cantina salon espana,Salon Cantina España 25,salon cantina espana 25,13,0.43,0.75,0.59
10596571,50793fdee4b0da23850f003c,19.44094537,-99.13933183,19.440810580825367,-99.13942948150498,18.17188822323891,CANTINA SAN LUIS,cantina san luis,San Luis,san luis,8,0.5,0.67,0.58
10596571,569d7763498edccdb5e15912,19.44094537,-99.13933183,19.44081779678189,-99.13985644426585,56.87179532260496,CANTINA SAN LUIS,cantina san luis,Cantina San Luis,cantina san luis,0,1,1,1
6259240,a36f24df2a30470eb3497392,19.45060501,-99.1463481,19.450975,-99.146325,41.258409361907205,CANTINA U D E G,cantina u d e g,Restaurante-Cantina U de G,cantina u de g,1,0.93,0.5,0.72
10578312,651642a49b8dcd1f35c49b0e,19.40956047,-99.17023804,19.409938,-99.170153,42.96442615511742,CAPRICHO CAFE,capricho cafe,Capricho Blanco Cafe,capricho blanco cafe,7,0.65,0.67,0.66
866932,4c4a175c5609c9b666362c8f,19.41192615,-99.17367442,19.412212445788978,-99.1733901664732,43.66221265024503,CARBONVINO,carbonvino,Carbonvino,carbonvino,0,1,1,1
10176762,653b0c3b63fdfc2d371bd4c0,19.41881494,-99.15867147,19.419012,-99.1588,25.754654219774583,CARMEL,carmel,Carmel,carmel,0,1,1,1
6758845,65e12114bdc55702eefe26dd,19.41952281,-99.1674619,19.419395,-99.167922,50.356063155798566,CASA 1900,casa 1900,Casa 1900,casa 1900,0,1,1,1
887990,50b92e53498e6c9d5ef05883,19.43260589,-99.13922976,19.432543414703545,-99.13913364547172,12.254568952329342,CASA CHURRA,casa churra,Casa Churra,casa churra,0,1,1,1
1021647,583a3507fc73d41260131978,19.4323256,-99.16682386,19.432387730016384,-99.16690170184546,10.70567801180844,CASA DE FUEGO,casa de fuego,Casa del Fuego,casa del fuego,1,0.93,0.5,0.72
8337225,53c5ec3a498ec1630dc8249d,19.43348062,-99.14510454,19.433568811120978,-99.1455196771748,44.672137546798425,CASA DE ITALIA,casa de italia,Casa d' Italia!,casa d italia,1,0.93,0.5,0.72
8625707,5622078b498ee4a64e3b5741,19.41930097,-99.15754445,19.418937526036387,-99.1574124440796,42.7662264995941,CASA FRANCA,casa franca,Casa Franca Club Jazz,casa franca club jazz,10,0.52,0.5,0.51
7732871,5ca851affd16bb003993ca4f,19.42553464,-99.15407012,19.425282,-99.15423,32.75163167823783,CASA INDIO,casa indio,Casa Indio,casa indio,0,1,1,1
8326583,6564cf647a7d0f2110e7b35c,19.41920491,-99.17030529,19.419221,-99.170746,46.30332706064394,CASA JARANA,casa jarana,Casa Jarana,casa jarana,0,1,1,1
8131260,5167120ee4b0e55922984dfe,19.45329242,-99.15910456,19.453137743242525,-99.15866668393812,49.08094701775896,CASA SANTA MARIA,casa santa maria,Veterinaria Santa María,veterinaria santa maria,9,0.61,0.5,0.55
8131260,65e39bb1d245685476e0ba22,19.45329242,-99.15910456,19.453339,-99.159072,6.2102542038413215,CASA SANTA MARIA,casa santa maria,Casa Santa Maria,casa santa maria,0,1,1,1
8131260,5cc48d09ee7120002cd8263b,19.45329242,-99.15910456,19.452583,-99.15937,83.74308227481633,CASA SANTA MARIA,casa santa maria,Carniceria Santa María,carniceria santa maria,7,0.68,0.5,0.59
10892467,66f7567aa211b11646224bdf,19.42012574,-99.17350491,19.420163,-99.173719,22.85597178598498,CASA TARIACURI,casa tariacuri,Casa Tariácuri,casa tariacuri,0,1,1,1
8326351,526da092498e589abd6bc3bf,19.41716438,-99.16401504,19.417226962633663,-99.1639998222256,7.147519800854175,CASA VIRGINIA,casa virginia,Casa Virginia,casa virginia,0,1,1,1
11433624,4ccdce6354f0b1f708d51eca,19.43286433,-99.13639749,19.433013,-99.136373,16.748364460512484,CASINO ESPAÑOL RESTAURANT,casino espanol,Casino Español,casino espanol,0,1,1,1
9806181,5e502601008ecd0008a0adc5,19.40791157,-99.16974518,19.407894,-99.169628,12.45768972686878,CASTIZO,castizo,Castizo,castizo,0,1,1,1
11275839,65f607610e48ac2c9044f98a,19.4140631,-99.16441382,19.414158,-99.164544,17.27442685670289,CAVA ROMA,cava roma,Cava Roma,cava roma,0,1,1,1
11032556,4ba2e687f964a520502138e3,19.41298639,-99.17272554,19.412975587988683,-99.17256716359502,16.671469792757204,CELTICS PUB,celtics pub,Celtics Pub Irlandés,celtics pub irlandes,9,0.55,0.67,0.61
11032556,5bb6ba9b5455b2002c7c558b,19.41298639,-99.17272554,19.413204,-99.17264,25.83544159150305,CELTICS PUB,celtics pub,Celtics Pub Condesa,celtics pub condesa,8,0.58,0.67,0.62
9581155,65ef6a3a4af5cf7d815dce0c,19.43256317,-99.14564007,19.432597,-99.145687,6.201117883985088,CENTLI RESTAURANT,centli,Centli,centli,0,1,1,1
9196613,5466cfd1498ec0d318469527,19.42649074,-99.13250957,19.42647139281787,-99.1324096546437,10.708134149066202,CENTRAL FONK,central fonk,central funk,central funk,1,0.92,0.33,0.62
895230,4c8c0c10f87e224b325d3105,19.41949596,-99.16126348,19.419581569594666,-99.16085523918716,43.906488324835365,CENTRO GALLEGO,centro gallego,Centro Gallego,centro gallego,0,1,1,1
11542171,65863949f27faf33a3be376f,19.43737349,-99.13806007,19.437319,-99.13782,25.921056535628843,CERROJO,cerrojo,Cerrojo,cerrojo,0,1,1,1
870743,4d04029ae350b60c62b28042,19.40848421,-99.13741173,19.40835260252915,-99.13735611595392,15.771233185539815,CERVECERIA LA PLAYA,cerveceria la playa,Cerveceria La playa,cerveceria la playa,0,1,1,1
8625432,641be5788ede5b65f7e2f648,19.42690071,-99.16542644,19.426731,-99.1654,19.09485361010914,CERVECERIA METZ,cerveceria metz,Cervecería Metz,cerveceria metz,0,1,1,1
956492,520e75cb11d2a782ebd18c96,19.41016275,-99.1621686,19.40974682074964,-99.16203363251276,48.42097993365174,CERVECERIA VILLA DESARRIA,cerveceria villa desarria,Cerveceria Villa De Sarria,cerveceria villa de sarria,1,0.96,0.4,0.68
892406,5164cda3e4b0119d4f910234,19.42882521,-99.15238478,19.42856155733421,-99.15265016984904,40.46759400463669,CERVECERIA VISCAYA,cerveceria viscaya,Cervecería Vizcaya,cerveceria vizcaya,1,0.94,0.33,0.64
877187,4c99f9b9292a6dcb8298ca76,19.44970558,-99.16359806,19.44975295871154,-99.16396579699833,38.95887942267394,CERVECERIA ZACATECAS,cerveceria zacatecas,Cerveceria Zacatecas,cerveceria zacatecas,0,1,1,1
10379469,5887d0ca65e7c7275c210cd2,19.40704271,-99.13952441,19.40703,-99.13904,50.880073632619585,CHAPATA IL BUONO,chapata il buono,IL BUONO,il buono,8,0.5,0.67,0.58
11174242,6629b22ea4a26a2f66834578,19.40130785,-99.16989353,19.401453,-99.169772,20.589081349354533,CHECKIN BAR,checkin bar,Check In Bar,check in bar,1,0.92,0.25,0.58
10771265,675522dc4493b2362e32a396,19.44501132,-99.13904857,19.444994,-99.139013,4.202204534904439,CHELAS RING,chelas ring,Chela Ring,chela ring,1,0.91,0.33,0.62
11568678,65b6f1530d09ed12cd34ae5a,19.41783912,-99.1608587,19.417889,-99.160502,37.858461394627724,CHICAMA RESTAURANTE,chicama,Chicama,chicama,0,1,1,1
11170322,6520b1cd5a11d247f5d4409c,19.42085308,-99.15393386,19.421034,-99.15394,20.150235553243185,CHICKEN AND CHELAS,chicken and chelas,Chiken And Chelas,chiken and chelas,1,0.94,0.5,0.72
10929621,620084a5c43d0a72e2b44cff,19.41109428,-99.17807743,19.411115,-99.178052,3.5282753308162973,CHIDA LA AREPA,chida la arepa,Chida La Arepa,chida la arepa,0,1,1,1
9186010,532ca050498ebd67ca3e4afb,19.40841633,-99.16999663,19.4085166263978,-99.16986307733816,17.924211601125986,CHILPA,chilpa,Chilpa,chilpa,0,1,1,1
1029480,4f24bd44754a4ce2abe86c60,19.4175435,-99.17044581,19.41762646663971,-99.17052639906116,12.525424108121745,CHITOS FONDA MEXICANA,chitos fonda mexicana,Chito's Fonda Mexicana,chito s fonda mexicana,1,0.95,0.4,0.68
10075315,5cd4de8fbcbf7a0039f4c41b,19.42373844,-99.16976459,19.423986,-99.169734,27.744742344163335,CHUAN BAI WEI,chuan bai wei,Chuan Bai Wei,chuan bai wei,0,1,1,1
10290078,6253461155002c334cbe09bd,19.4217983,-99.17386141,19.421873,-99.17399,15.855569765166427,CIN 4 44,cin 4 44,Sin 4 44,sin 4 44,1,0.88,0.5,0.69
894411,4c40d780ff711b8d94071105,19.42874085,-99.15317126,19.42885850819056,-99.15329871010064,18.72342664536384,CIRCULO DEL SURESTE,circulo del sureste,Circulo del Sureste,circulo del sureste,0,1,1,1
9429569,4d3f56ac915a37041b030a7f,19.42392891,-99.17517548,19.42423335735646,-99.17529356954134,36.08727854881963,CLUB 51,club 51,Club 51,club 51,0,1,1,1
10303749,65445cfeab6592267657ca45,19.41367686,-99.15545583,19.413683,-99.155391,6.840749007643687,CLUB DEL PATIO ROMA,club del patio roma,Club del Patio Roma,club del patio roma,0,1,1,1
1011729,50d212dde4b0935b0c3874b5,19.44227418,-99.16214177,19.442040398094655,-99.16234276388136,33.50266648848626,COCINA CRISTINA,cocina cristina,Cocina Cristina,cocina cristina,0,1,1,1
1016947,876487243088404893870a23,19.43727478,-99.15599635,19.437207,-99.156015,7.795093999347951,COCINA DIANA,cocina diana,Cocina Diana,cocina diana,0,1,1,1
1042729,51200825e4b01551608339ef,19.42649305,-99.15480196,19.4257673545001,-99.1544664283846,88.12975075313008,COCINA DOÑA CHOLE,cocina dona chole,Cocina Doña Chole,cocina dona chole,0,1,1,1
9816989,65b17d65a65f230d974b61cf,19.42357091,-99.16802074,19.423569,-99.168228,21.759990753157677,COCINA ECONOMICA EL GUERO,cocina economica el guero,Cocina El Güero,cocina el guero,10,0.6,0.75,0.68
1029989,4d0a8428f2c1236a847efc56,19.42297771,-99.15176742,19.42276845228324,-99.15174746143204,23.388510337818715,COCINA EL PAISA CARLOS,cocina el paisa carlos,El Paisa Carlos,el paisa carlos,7,0.68,0.75,0.72
1042079,5a344471610f042b0018edc5,19.42694266,-99.14280693,19.427153,-99.1427,25.96681418985547,COCINA GAVIOTA,cocina gaviota,Cocina Pavitos,cocina pavitos,4,0.71,0.33,0.52
8385846,53767a48498e8b556353ddcd,19.40892591,-99.17305836,19.40903378320403,-99.17324123880626,22.64688757066507,COCINA GODINEZ,cocina godinez,Cocina Godínez,cocina godinez,0,1,1,1
10598794,53767a48498e8b556353ddcd,19.40892411,-99.17305464,19.40903378320403,-99.17324123880626,23.08431238169408,COCINA GODINEZ,cocina godinez,Cocina Godínez,cocina godinez,0,1,1,1
1011394,50904b3ce4b0784a93807dc3,19.44546472,-99.16452974,19.44537903961093,-99.16450679264966,9.8373619890155,COCINA IMMITA,cocina immita,Cocina Emita,cocina emita,2,0.85,0.33,0.59
7732563,50fae0eae4b0c9cf85d7ee76,19.42457883,-99.16561745,19.423742205609496,-99.16560812917592,93.13774165245171,COCINA LA GUERA,cocina la guera,La Guera,la guera,7,0.53,0.67,0.6
1028856,50fae0eae4b0c9cf85d7ee76,19.42457883,-99.16561745,19.423742205609496,-99.16560812917592,93.13774165245171,COCINA LA GUERA,cocina la guera,La Guera,la guera,7,0.53,0.67,0.6
1042803,5ccdf741471d6e002c33d883,19.42649305,-99.15480196,19.42617,-99.154465,50.44424267810191,COCINA LA TERRAZA,cocina la terraza,Cocina La Güerita,cocina la guerita,5,0.71,0.5,0.6
1042803,50d32cc0e4b000fcf124257d,19.42649305,-99.15480196,19.4259517265209,-99.15420155478364,87.20241008041123,COCINA LA TERRAZA,cocina la terraza,Cocina La Terraza,cocina la terraza,0,1,1,1
1045997,4e8222df4690a4c349c0909e,19.46226732,-99.14578164,19.462438799026145,-99.14569363198582,21.20647084026518,COCINA LAS DELICIAS,cocina las delicias,Las Delicias,las delicias,7,0.63,0.67,0.65
9127842,5871468c9343e02196784af7,19.42649305,-99.15480196,19.426172,-99.15467,38.33017712499533,COCINA MARI CARMEN,cocina mari carmen,Cocina Maricarmen,cocina maricarmen,1,0.94,0.25,0.6
971054,5b37d58190d1ed00396ee1aa,19.4369476,-99.1278763,19.437021,-99.12773,17.39617538093291,COCINA ROSY,cocina rosy,Cocina Rosaura,cocina rosaura,4,0.71,0.33,0.52
11413319,4ff60b32e4b02ca33bb8dc0c,19.42673284,-99.13513322,19.426724656577573,-99.13424125536748,93.64448827957132,COCINA SAN JERONIMO,cocina san jeronimo,Cocina Economica San Jeronimo,cocina economica san jeronimo,10,0.66,0.75,0.71
11413319,4eeaad11722e848280c5edc2,19.42673284,-99.13513322,19.42695394834247,-99.13596021555256,90.241039171846,COCINA SAN JERONIMO,cocina san jeronimo,Plaza De San Jerónimo,plaza de san jeronimo,8,0.62,0.4,0.51
11413319,51145931e4b06bb0eab71d2c,19.42673284,-99.13513322,19.42692581950232,-99.13521121841052,22.99005626733368,COCINA SAN JERONIMO,cocina san jeronimo,Corredor San Jeronimo,corredor san jeronimo,6,0.71,0.5,0.6
7765883,52e01912498e0631b48f0920,19.45954408,-99.14271183,19.45913471265218,-99.1427371512934,45.64800056093123,COCINA SAN JORGE,cocina san jorge,cocina economica san jorge,cocina economica san jorge,10,0.62,0.75,0.69
998619,4e569dc6a809ca773e031d32,19.43704084,-99.13559245,19.43709220720167,-99.1355653019293,6.38899423240104,COCINA VERONICA,cocina veronica,Cocina Veronica,cocina veronica,0,1,1,1
998619,536bdb9e498ebe8f9ca28637,19.43704084,-99.13559245,19.43714141845703,-99.1357650756836,21.301249081787965,COCINA VERONICA,cocina veronica,Restaurant Verónica,veronica,7,0.53,0.5,0.52
1042211,4baecd30f964a5203ad93be3,19.42933133,-99.15517433,19.429364877841486,-99.1550879506492,9.807007426782794,COCOLICHE,cocoliche,Cocoliche,cocoliche,0,1,1,1
11435828,66d88377b68e066e336dc0b4,19.42729321,-99.15090681,19.42733,-99.151193,30.32247936128457,COLOSO,coloso,Coloso,coloso,0,1,1,1
11700917,61fb0eeebbfc992450e6fb79,19.42372686,-99.15494767,19.423954717817363,-99.155033826828,26.929484940466825,COLUMBA CAFE,columba cafe,COLUMBA CAFE,columba cafe,0,1,1,1
10079808,61ad3d0021d37b3e23514a6a,19.42883113,-99.15580443,19.428778,-99.155696,12.827844366328232,COMA POLLOS ROMA Y COCINA URBANA,coma pollos roma y cocina urbana,Coma Pollos Roma & Cocina Urbana,coma pollos roma cocina urbana,2,0.94,0.83,0.88
9801699,59ea65d581348867eb7065c7,19.43877644,-99.15794568,19.438879,-99.158302,39.10792925366949,COMEDOR ALEX,comedor alex,Comedor Alex,comedor alex,0,1,1,1
893403,518698ce498ee8df11d2a4e1,19.44491623,-99.14446424,19.44527400087591,-99.14380730902542,79.63281588456027,COMEDOR EL HIDALGUENSE,comedor el hidalguense,El Hidalguense,el hidalguense,8,0.64,0.67,0.66
880331,518698ce498ee8df11d2a4e1,19.44491623,-99.14446424,19.44527400087591,-99.14380730902542,79.63281588456027,COMEDOR EL HIDALGUENSE,comedor el hidalguense,El Hidalguense,el hidalguense,8,0.64,0.67,0.66
880372,518698ce498ee8df11d2a4e1,19.44491623,-99.14446424,19.44527400087591,-99.14380730902542,79.63281588456027,COMEDOR EL HIDALGUENSE,comedor el hidalguense,El Hidalguense,el hidalguense,8,0.64,0.67,0.66
9599082,518698ce498ee8df11d2a4e1,19.44491623,-99.14446424,19.44527400087591,-99.14380730902542,79.63281588456027,COMEDOR EL HIDALGUENSE,comedor el hidalguense,El Hidalguense,el hidalguense,8,0.64,0.67,0.66
893397,51634033e4b02b2e3f352bda,19.44491623,-99.14446424,19.445116530359662,-99.14407755313984,46.311562646328596,COMEDOR FAMILIAR CONCHITA,comedor familiar conchita,"Comedor Familiar ""Los Güeros""",comedor familiar los gueros,9,0.67,0.4,0.54
893399,51634033e4b02b2e3f352bda,19.44491623,-99.14446424,19.445116530359662,-99.14407755313984,46.311562646328596,COMEDOR FAMILIAR CONCHITA,comedor familiar conchita,"Comedor Familiar ""Los Güeros""",comedor familiar los gueros,9,0.67,0.4,0.54
879588,51634033e4b02b2e3f352bda,19.44491623,-99.14446424,19.445116530359662,-99.14407755313984,46.311562646328596,COMEDOR FAMILIAR LOS GUEROS,comedor familiar los gueros,"Comedor Familiar ""Los Güeros""",comedor familiar los gueros,0,1,1,1
879589,51634033e4b02b2e3f352bda,19.44491623,-99.14446424,19.445116530359662,-99.14407755313984,46.311562646328596,COMEDOR FAMILIAR LOS GUEROS,comedor familiar los gueros,"Comedor Familiar ""Los Güeros""",comedor familiar los gueros,0,1,1,1
879590,51634033e4b02b2e3f352bda,19.44491623,-99.14446424,19.445116530359662,-99.14407755313984,46.311562646328596,COMEDOR FAMILIAR LOS GUEROS,comedor familiar los gueros,"Comedor Familiar ""Los Güeros""",comedor familiar los gueros,0,1,1,1
879591,51634033e4b02b2e3f352bda,19.44491623,-99.14446424,19.445116530359662,-99.14407755313984,46.311562646328596,COMEDOR FAMILIAR LOS GUEROS,comedor familiar los gueros,"Comedor Familiar ""Los Güeros""",comedor familiar los gueros,0,1,1,1
879605,51634033e4b02b2e3f352bda,19.44491623,-99.14446424,19.445116530359662,-99.14407755313984,46.311562646328596,COMEDOR FAMILIAR LOS LIMONES,comedor familiar los limones,"Comedor Familiar ""Los Güeros""",comedor familiar los gueros,6,0.79,0.6,0.7
879614,51634033e4b02b2e3f352bda,19.44491623,-99.14446424,19.445116530359662,-99.14407755313984,46.311562646328596,COMEDOR FAMILIAR LOS LIMONES,comedor familiar los limones,"Comedor Familiar ""Los Güeros""",comedor familiar los gueros,6,0.79,0.6,0.7
879612,51634033e4b02b2e3f352bda,19.44491623,-99.14446424,19.445116530359662,-99.14407755313984,46.311562646328596,COMEDOR FAMILIAR LOS LIMONES,comedor familiar los limones,"Comedor Familiar ""Los Güeros""",comedor familiar los gueros,6,0.79,0.6,0.7
880327,51634033e4b02b2e3f352bda,19.44491623,-99.14446424,19.445116530359662,-99.14407755313984,46.311562646328596,COMEDOR FAMILIAR LOS LIMONES,comedor familiar los limones,"Comedor Familiar ""Los Güeros""",comedor familiar los gueros,6,0.79,0.6,0.7
879739,51634033e4b02b2e3f352bda,19.44491623,-99.14446424,19.445116530359662,-99.14407755313984,46.311562646328596,COMEDOR FAMILIAR LOS LIMONES,comedor familiar los limones,"Comedor Familiar ""Los Güeros""",comedor familiar los gueros,6,0.79,0.6,0.7
880302,51634033e4b02b2e3f352bda,19.44491623,-99.14446424,19.445116530359662,-99.14407755313984,46.311562646328596,COMEDOR FAMILIAR LOS LIMONES,comedor familiar los limones,"Comedor Familiar ""Los Güeros""",comedor familiar los gueros,6,0.79,0.6,0.7
896761,4fb16d9ce4b05af0a201dd14,19.42557656,-99.14014171,19.42560919848872,-99.14027829424434,14.792114940480722,COMEDOR VEGETARIANO,comedor vegetariano,Comedor Vegetariano,comedor vegetariano,0,1,1,1
1019220,4e21eeb152b1f82ffba40866,19.42820601,-99.13319973,19.428238006684065,-99.13270646964465,51.905241941847,COMIDA CHINA CHANG TONG,comida china chang tong,Comida China :-),comida china,11,0.52,0.5,0.51
864068,4c438f2274ffc9282d6974cc,19.41253847,-99.16623814,19.412498283602503,-99.1655329318963,74.17551551924328,COMIDA CHINA LA FE,comida china la fe,La fe Comida China,la fe comida china,12,0.33,1,0.66
1030010,588d2a4fcc5b6a43d6749f01,19.41948099,-99.14869091,19.419368,-99.148755,14.264630668256904,COMIDA JAPONESA,comida japonesa,Comida Japonesa,comida japonesa,0,1,1,1
1042260,506c9abce4b02aae96f9f918,19.43160713,-99.15343357,19.431654,-99.153451,5.529091895621473,COMIDA JAPONESA,comida japonesa,Comida Japonesa Keyzeky,comida japonesa keyzeky,8,0.65,0.67,0.66
9916152,621258e17ef4586cf14e644b,19.42606825,-99.13642522,19.425882,-99.13639,21.060370384371677,COMIDA MEXICANA Y ARABE,comida mexicana y arabe,LYL Comida Mexicana Y Árabe,lyl comida mexicana y arabe,4,0.85,0.8,0.82
9664017,640f7fd15cea1e7c23a7aaa6,19.43065206,-99.16105974,19.430601,-99.161111,7.827213804562596,COMIDA VENEZOLANA,comida venezolana,Arepa Venezolana,arepa venezolana,5,0.71,0.33,0.52
7756490,65b6b391809e2c4f02a1526e,19.42970721,-99.15688354,19.429865,-99.156826,18.57473930114453,CON VISTA AL MAR,con vista al mar,Con Vista Al Mar,con vista al mar,0,1,1,1
7733599,554c1387498e4f50f0446a87,19.40725335,-99.17825023,19.407039564314974,-99.17839915990132,28.475940500817128,CONDE DEL MAR,conde del mar,Conde del Mar,conde del mar,0,1,1,1
9425454,5d73131470b0ed0008384480,19.40948769,-99.16200711,19.409824,-99.162492,63.19350239130321,CONSALERO,consalero,Consalero,consalero,0,1,1,1
1029582,6134ee1295aa517a594f5df2,19.4195447,-99.16166485,19.419591,-99.161608,7.885899188568469,CONSTELA CAFE,constela cafe,Constela Cafe,constela cafe,0,1,1,1
1029582,61355ad817ce7a2afee15eb7,19.4195447,-99.16166485,19.419598,-99.16159,9.84663580941036,CONSTELA CAFE,constela cafe,Constela Café,constela cafe,0,1,1,1
867062,6587669b45f84604d784dd53,19.40888362,-99.1729709,19.409241,-99.172698,49.02744110741611,COOK RAMEL,cook ramel,Cook Ramen,cook ramen,1,0.9,0.33,0.62
8625274,6587669b45f84604d784dd53,19.40951062,-99.17286194,19.409241,-99.172698,34.599276010970875,COOK RAMEN,cook ramen,Cook Ramen,cook ramen,0,1,1,1
10452118,64f4eb8d271061535afca709,19.42597647,-99.16557524,19.426009,-99.165739,17.56913836676276,COOK RAMEN,cook ramen,Cook Ramen,cook ramen,0,1,1,1
7254647,58965dd1326c5a6fe1b5b76f,19.40667148,-99.14327083,19.40676,-99.14342,18.504096645913997,CORAZONCITO HUASTECO,corazoncito huasteco,Corazoncito Huasteco,corazoncito huasteco,0,1,1,1
11641814,5e6e6d9344ee2d00077217c9,19.41328242,-99.1639448,19.413322,-99.16359,37.51029036830818,COSECHA NATURAL,cosecha natural,Cosecha Natural,cosecha natural,0,1,1,1
7743408,6286d6ca39485d1920131b9c,19.44193836,-99.1613573,19.44201,-99.161472,14.441879635124604,COSMIC FRIZZER,cosmic frizzer,Cosmic Frizzer,cosmic frizzer,0,1,1,1
1025426,4cd1d1366200b1f72a05dc28,19.43028178,-99.13491386,19.43027537535669,-99.13490894661491,0.8799822972794263,COSTILLAS EL SITIO,costillas el sitio,Costillas El Sitio,costillas el sitio,0,1,1,1
10682987,4d2788fdebacb1f72b48e84f,19.42117268,-99.15787367,19.42173865281333,-99.15813562432994,68.7444739158554,COSTILLAS FUENTES,costillas fuentes,Restaurant Costillas D'Fuentes,costillas d fuentes,2,0.89,0.67,0.78
6799286,5f9f495543cd201c69b54277,19.4199837,-99.16561305,19.420063,-99.165594,9.051358699700513,COTORRITOS,cotorritos,Cotorritos,cotorritos,0,1,1,1
10672202,65c3084e2d01e93b84ba2432,19.41414745,-99.1679053,19.413997,-99.167865,17.27420799752364,CREOLE,creole,Créole,creole,0,1,1,1
11348787,65bec70120b6594ebbcd5f63,19.432846,-99.17152081,19.432804,-99.171515,4.715033756073591,CUTRE,cutre,Cutre,cutre,0,1,1,1
9055272,5c9836b48496ca002c9bf0c6,19.41070524,-99.17618448,19.410932,-99.176676,57.44865942568357,DA TOTO,da toto,Da Totò,da toto,0,1,1,1
10730643,4bbe991a4e7bd13ab24e9b7f,19.41092009,-99.16837342,19.41103610050966,-99.16854051123488,21.78399894577189,DAIKOKU,daikoku,Daikoku,daikoku,0,1,1,1
866011,55e4b0a5498e273c7e86f29c,19.40830077,-99.17216445,19.40838634599887,-99.17224689362648,12.871570100482833,DAIKOKU,daikoku,Daikoku,daikoku,0,1,1,1
1026558,56b3b731498e09800618b22c,19.42520818,-99.17558494,19.425460020296818,-99.1753445462549,37.7208409501373,DAY LIGHT SALADS,day light salads,Day Light Salads,day light salads,0,1,1,1
11681998,628a799a7566ca4f6fc6d4dd,19.40680268,-99.16935102,19.406898,-99.16916,22.69006367252681,DEIGO RAMEN,deigo ramen,Deigo Ramen,deigo ramen,0,1,1,1
8326901,58138ef738fa62c38820cbe2,19.42410849,-99.16898049,19.424576,-99.168647000000007,62.72347352841868,DELI MX,deli mx,Deli Mx,deli mx,0,1,1,1
8896405,62bf51514432bf416ea23631,19.40389229,-99.16281109,19.403976,-99.16273,12.622461021216086,DELICIAS DE YUYA,delicias de yuya,Delicias Yuya,delicias yuya,3,0.81,0.67,0.74
877515,53ed1978498e6c9591ea91de,19.43930893,-99.1533473,19.4396534696606,-99.1531158375401,45.402569121786044,DELICIAS MARYS,delicias marys,Delicias Mary,delicias mary,1,0.93,0.33,0.63
8327268,5af26e08bfc6d0002c0238a6,19.41765959,-99.16181797,19.417719,-99.161779,7.776731896263081,DEPARTAMENTO RESTAURANTE BAR,departamento bar,Departamento PB,departamento pb,3,0.81,0.33,0.57
11654212,5882e351ca10705c931626bc,19.4375936,-99.13888568,19.437414,-99.13816,78.75803836149188,DEPOSITO DE LA PURISIMA,deposito de la purisima,Fila De La Purísima,fila de la purisima,7,0.7,0.6,0.65
10762218,6556cfd25207d2010b62119b,19.4195238,-99.16463101,19.419467,-99.164521,13.16708220062292,DIABLO NEGRO MEZCAL Y COCKTAIL,diablo negro mezcal y cocktail,Diablo Negro Mezcal & Cocktail,diablo negro mezcal cocktail,2,0.93,0.8,0.86
865605,4bef271ec80dc928d79427e3,19.40953193,-99.16893819,19.409586,-99.16892,6.314769710136767,DIENTE DE ORO WHISKEY BAR,diente de oro whiskey bar,Diente De Oro,diente de oro,12,0.52,0.6,0.56
9445501,6116fd76b811476398ba201f,19.43426295,-99.13624326,19.434292,-99.13624,3.2518890013162207,DISTRITO URBANO,distrito urbano,Distrito Urbano,distrito urbano,0,1,1,1
7733761,6686f34ddca7971400822b5d,19.40500096,-99.17148858,19.404617,-99.17126,49.019356039226516,DON CALDO,don caldo,Don Caldo,don caldo,0,1,1,1
1003221,5b2169fe3ba767002ceefca1,19.43594111,-99.13391514,19.435946,-99.13404,13.118583257912869,DON CAMPIRANO,don campirano,Don Campirano,don campirano,0,1,1,1
8530017,65f481c9a85f9a790153aa07,19.42375603,-99.1673096,19.423611,-99.167427,20.31152867470951,DON DIABLO CHILAQUILES,don diablo chilaquiles,Don Diablo Chilaquiles,don diablo chilaquiles,0,1,1,1
9813666,61ed7c94f3f20708f8d6da0a,19.43631994,-99.14616818,19.436418,-99.146165,10.921092391574783,DON TORIBIO,don toribio,Don Toribio Alameda,don toribio alameda,8,0.58,0.67,0.62
8326377,586590948cb34e762357d50a,19.41968635,-99.17550163,19.419706,-99.175565,7.0033598809865945,DON URUGUAYO,don uruguayo,Don Uruguayo,don uruguayo,0,1,1,1
9429560,5ccbba58c824ae002c6adeab,19.41595072,-99.16977272,19.41613005456102,-99.16982039151682,20.581262184726786,DRUNKENDOG,drunkendog,Drunkendog,drunkendog,0,1,1,1
894365,4fe8ca75e4b0e91f0a8cbc18,19.43316353,-99.15701451,19.433255705377505,-99.15706656062586,11.625116822562259,EBISU-HI,ebisu hi,Ebisu-shi,ebisu shi,1,0.89,0.33,0.61
7733435,58e9aea36d632559afd761d6,19.40895843,-99.17540353,19.408955035353475,-99.17599488266087,62.08920810995114,EL 152,el 152,El 152 Cheleria,el 152 cheleria,9,0.4,0.67,0.54
11527709,61e4d2b05ed9973310ab39d3,19.42942042,-99.16884135,19.429394,-99.16888,5.011285499258878,EL 9 ARGENTINO,el 9 argentino,El 9 Argentino,el 9 argentino,0,1,1,1
11527709,61e4cf2531454462ef6725fc,19.42942042,-99.16884135,19.42934,-99.16876,12.372459099137913,EL 9 ARGENTINO,el 9 argentino,El 9 Argentino,el 9 argentino,0,1,1,1
10971510,648f4e6efe63fe0cd9cf5911,19.41067405,-99.16610912,19.410606,-99.166217,13.626296688437213,EL AGUACHILON,el aguachilon,El Aguachilon,el aguachilon,0,1,1,1
892030,4fe10025e4b0fd188beefab7,19.42783006,-99.1363117,19.427833,-99.13629,2.3014787520441446,EL ALJIBE,el aljibe,El Aljibe Real,el aljibe real,5,0.64,0.67,0.66
892030,51acf4cd498eee8acaa21772,19.42783006,-99.1363117,19.42784798232903,-99.13629747666565,2.4919935703049148,EL ALJIBE,el aljibe,El Aljibe,el aljibe,0,1,1,1
9605270,66256246ad3a975ff02d04e6,19.41737434,-99.17687265,19.417612,-99.17698,28.756786259479465,EL AMERICANO,el americano,El Americano,el americano,0,1,1,1
1020245,5160fa66e4b0db6209e303fb,19.4314675,-99.16267655,19.43166993618853,-99.16257087849311,25.11753853637443,EL ANTOJITO FRANCES BISTROT,el antojito frances bistrot,El Antojito Francés,el antojito frances,8,0.7,0.75,0.72
866937,4ea760c349011f90214f5726,19.41205029,-99.17320101,19.41215297444254,-99.17310404638154,15.306922788610457,EL ASERRIN,el aserrin,El Aserrin,el aserrin,0,1,1,1
866937,5466e564498eae1923e5204d,19.41205029,-99.17320101,19.412285,-99.173369,31.52367817427308,EL ASERRIN,el aserrin,El Aserran,el aserran,1,0.9,0.33,0.62
10126890,667b165daf7a5010791157e3,19.4140631,-99.16441382,19.413814,-99.164647,36.99031484334881,EL AUTENTICO PATO MANILA,el autentico pato manila,El Auténtico Pato Manila,el autentico pato manila,0,1,1,1
1017707,4e973d1561af7b8771cb8ba5,19.42823516,-99.13700236,19.428111106657045,-99.13711731478467,18.339621689170084,EL BALCON,el balcon,El Balcón,el balcon,0,1,1,1
894975,5df2a0ad4854f00007a6b41f,19.42663987,-99.16362874,19.426783,-99.16347,23.056052484552783,EL BAR DE LA SALUD,el bar de la salud,El Bar De La Salud,el bar de la salud,0,1,1,1
10687351,512bcc38e4b0861e6be57757,19.42659535,-99.16937586,19.42677499120154,-99.16938002310836,20.002342425965818,EL BODEGON RESTAURANT,el bodegon,El Bodegón,el bodegon,0,1,1,1
896730,52211e7d11d2afe2a0ed5705,19.4101093,-99.17499883,19.410472309062193,-99.17481785459834,44.65430046746405,EL BOTELLON,el botellon,El Botellón,el botellon,0,1,1,1
10962906,4e3423aeb0fb17f64f8a6f83,19.42457883,-99.16561745,19.424779323156383,-99.16486205717464,82.38430808924554,EL BUEN COMER,el buen comer,El Buen Café,el buen cafe,3,0.77,0.5,0.64
10845397,5054beede4b02f61145a0b5f,19.42139699,-99.15534785,19.421488905321528,-99.15544436842204,14.400381646839874,EL BUEN SAZON,el buen sazon,El Buen Sazón (Fondita),el buen sazon fondita,8,0.62,0.75,0.69
1024239,cef64c837d644109023fbf0d,19.43176504,-99.13533502,19.431396,-99.135395,41.56109151884182,EL CABRITO ASTUR,el cabrito astur,El Cabrito de Tino,el cabrito de tino,6,0.67,0.4,0.54
1024239,531231f6498e596eb4422083,19.43176504,-99.13533502,19.431973,-99.135409,24.417987284343305,EL CABRITO ASTUR,el cabrito astur,El Cabrito Asturiano,el cabrito asturiano,4,0.8,0.5,0.65
1024239,4bef1294c80dc928877527e3,19.43176504,-99.13533502,19.431966547787216,-99.13541299862906,23.87875686459008,EL CABRITO ASTUR,el cabrito astur,El Cabrito Astur,el cabrito astur,0,1,1,1
6318028,50ca02bf245f2d4aa8c2aeef,19.4350065,-99.14624748,19.43496674548822,-99.14619612809145,6.974577008546944,EL CARDENAL,el cardenal,El Cardenal,el cardenal,0,1,1,1
9885342,669d6872ed66134138dd9479,19.42710679,-99.14456063,19.427171,-99.144478,11.240129358518306,EL CHERAN,el cheran,El Cherán,el cheran,0,1,1,1
11577396,62c097d65993484fb77ccd60,19.45024862,-99.15867239,19.450432,-99.15864,20.694951630292596,EL CHIRINGUITO,el chiringuito,El Chiringuito,el chiringuito,0,1,1,1
1017491,4d3f2a1dd625224b3187a9fa,19.43927903,-99.15934109,19.439262158099,-99.1592376191933,11.0229007825666,EL CHIVITO,el chivito,El Chivito Birria,el chivito birria,7,0.59,0.67,0.63
1017491,4bf9d7d84a67c928629227cf,19.43927903,-99.15934109,19.43928215081216,-99.15923610492726,11.026144974262408,EL CHIVITO,el chivito,El Chivito,el chivito,0,1,1,1
11683039,6235068029d33103237862e5,19.43650707,-99.15573003,19.436459,-99.15575,5.747112179345825,EL COMAL DE VILLA,el comal de villa,El Comal De Villa,el comal de villa,0,1,1,1
10645237,5d57091fa1d53e0008036f0d,19.45808703,-99.14653774,19.457523,-99.146696,64.9477290960185,EL COMAL TERRAZA,el comal terraza,El Comal,el comal,8,0.5,0.67,0.58
11458608,682f8e9b89ba03673150ce55,19.4140631,-99.16441382,19.41434,-99.164583,35.57579270509622,EL CONJURO,el conjuro,El Conjuro,el conjuro,0,1,1,1
11571145,516f2162183f0cbceabb6a3e,19.41249218,-99.16119975,19.41264331790201,-99.16122707286672,17.067400146451785,EL CORTE NUMERO 7,el corte numero 7,El corte no. 7,el corte no 7,4,0.76,0.6,0.68
6258673,4cbf61bc97bc721ee92b8567,19.43107472,-99.14112435,19.43114729623808,-99.14099844707268,15.490835387359192,EL DANUBIO,el danubio,Danubio,danubio,3,0.7,0.5,0.6
6698065,5526c10b498ee34904620dda,19.42706769,-99.13712087,19.427147599408613,-99.1371623012764,9.901908618012664,EL DEPOSITO,el deposito,El Depósito,el deposito,0,1,1,1
9449723,5f189d52e8e75b0a833dd992,19.42564873,-99.17142096,19.425652,-99.17183,42.94358541387784,EL DIEZ,el diez,El Diez,el diez,0,1,1,1
11034399,4bec23fdf90e9c746c9be3ed,19.41802934,-99.15989008,19.418085351267823,-99.159745048869965,16.453619342890974,EL DIEZ ARGENTINO,el diez argentino,El Diez,el diez,10,0.41,0.67,0.54
11034399,62a52dcd2a8eaa63bc74597e,19.41802934,-99.15989008,19.418094,-99.159962,10.431826756444975,EL DIEZ ARGENTINO,el diez argentino,"El Diez, Parrilla Argentina",el diez parrilla argentina,10,0.62,0.4,0.51
658909,62a52dcd2a8eaa63bc74597e,19.41739748,-99.16026551,19.418094,-99.159962,83.82860560109478,EL DIEZ PARRILLADA ARGENTINA,el diez parrillada argentina,"El Diez, Parrilla Argentina",el diez parrilla argentina,2,0.93,0.6,0.76
1028449,4d66cade838654817d1cfc53,19.42309724,-99.17112184,19.423206135903836,-99.17112381947372,12.124017720557003,EL ESTRAGON,el estragon,Estragon,estragon,3,0.73,0.5,0.62
1028449,502572e6e4b05ebc0d0c34ba,19.42309724,-99.17112184,19.423119170852996,-99.17078216723756,35.7437244963042,EL ESTRAGON,el estragon,restaurante el estragon,el estragon,0,1,1,1
9477698,5a974724a795bd5c28abc401,19.40645347,-99.17279511,19.40651761084057,-99.17274713516235,8.738071620994484,EL FAROLITO ALTATA,el farolito altata,El Farolito,el farolito,7,0.61,0.67,0.64
9477698,4b908b3af964a520468f33e3,19.40645347,-99.17279511,19.40672774706541,-99.17282196646708,30.6623163091567,EL FAROLITO ALTATA,el farolito altata,El Farolito,el farolito,7,0.61,0.67,0.64
867026,4d09363405216dcb506e1fb6,19.41060833,-99.17641045,19.411040617908647,-99.17705521324405,83.05631294253926,EL FIGONERO,el figonero,El Figonero,el figonero,0,1,1,1
11777512,51d89440498eee6a1f368e15,19.4297037,-99.14438186,19.42984765184081,-99.14459642439718,27.643479774528643,EL GRAN CAZADOR DE MEXICO,el gran cazador de,El Gran Cazador,el gran cazador,3,0.83,0.75,0.79
11749122,51d89440498eee6a1f368e15,19.4297037,-99.14438186,19.42984765184081,-99.14459642439718,27.643479774528643,EL GRAN CAZADOR DE MEXICO,el gran cazador de,El Gran Cazador,el gran cazador,3,0.83,0.75,0.79
9697082,51d89440498eee6a1f368e15,19.4297037,-99.14438187,19.42984765184081,-99.14459642439718,27.642624365853166,EL GRAN CAZADOR DE MEXICO,el gran cazador de,El Gran Cazador,el gran cazador,3,0.83,0.75,0.79
9898883,5862e29524ca6a618fec77d0,19.41611962,-99.15518213,19.416252208303213,-99.15519244401672,14.799331324671495,EL HABANERITO,el habanerito,El Habanerito,el habanerito,0,1,1,1
6751518,53e923a6498ed72c93f8f3ed,19.43323641,-99.14510398,19.433456042142815,-99.14520025639226,26.455976930768916,EL HIJO DE DON TORIBIO,el hijo de don toribio,El hijo de Don Toribio,el hijo de don toribio,0,1,1,1
10609955,668374051ff0122ff0c0fb15,19.43771313,-99.14740283,19.437742,-99.14741,3.3007544457733,EL HORMIGUERO,el hormiguero,Bar El Hormiguero,bar el hormiguero,4,0.76,0.67,0.72
6258675,4d17a67225cda14352a778d6,19.43054036,-99.14279325,19.430592,-99.142936,16.050540684327984,EL HUEQUITO,el huequito,El Huequito,el huequito,0,1,1,1
11772854,4d17a67225cda14352a778d6,19.43054108,-99.14279808,19.430592,-99.142936,15.548787266334985,EL HUEQUITO RESTAURANTE,el huequito,El Huequito,el huequito,0,1,1,1
11394466,5975939aa92d9809bb542e6a,19.42737778,-99.15851117,19.427412,-99.15847,5.7612128255450346,EL HUERTO FAST GOOT,el huerto fast goot,El Huerto Fast Good,el huerto fast good,1,0.95,0.6,0.77
11394466,66071a9c5286371becf9f95d,19.42737778,-99.15851117,19.42737,-99.15853,2.158195104434988,EL HUERTO FAST GOOT,el huerto fast goot,El Huerto Fast Good,el huerto fast good,1,0.95,0.6,0.77
1000596,531f67b0498e3441cf2b8ffd,19.42664209,-99.12626953,19.426664588977776,-99.12688103707592,64.24598436284874,EL ITACATE,el itacate,El Itacate,el itacate,0,1,1,1
8386286,58a8d6078ee5601dba6aa0f2,19.43277166,-99.14203517,19.4328367170709,-99.1420690431419,8.068019857550365,EL ITALIANITO,el italianito,el italianito,el italianito,0,1,1,1
7756655,57805219498eb537b37a8a02,19.43330274,-99.16766448,19.43345935631454,-99.16775033824509,19.62644857328885,EL ITALIANITO,el italianito,El Italianito,el italianito,0,1,1,1
8007227,590b97a5c824ae79c80cca01,19.45136305,-99.16058871,19.451501,-99.160638,16.20464979374975,EL JAGUAR GUERRERENSE,el jaguar guerrerense,El Jaguar Guerrerense,el jaguar guerrerense,0,1,1,1
865623,4b52385cf964a520aa7027e3,19.41411966,-99.16695959,19.414113,-99.16693,3.193892124388727,EL JAMIL,el jamil,El Jamil,el jamil,0,1,1,1
10435939,6520dafad5d0965d3b8ffd54,19.43540732,-99.1481696,19.435711,-99.148245,34.719769385891226,EL KNTCKY,el kntcky,El Kentucky,el kentucky,2,0.82,0.33,0.58
9781167,59de909475eee452b5c49bff,19.40812477,-99.17964587,19.408423683204187,-99.17987667252964,41.16365050315398,EL KUCHITRIL,el kuchitril,El Kuchitril,el kuchitril,0,1,1,1
1043707,4d87d872d85f370472a2c5db,19.4269423,-99.16298107,19.42696090694449,-99.1630237942265,4.940436005200601,EL LUGAR DEL MARIACHI,el lugar del mariachi,El Lugar del Mariachi,el lugar del mariachi,0,1,1,1
1043707,527f0a4a11d271528800702a,19.4269423,-99.16298107,19.42720652846985,-99.1633320906509,47.15023542418422,EL LUGAR DEL MARIACHI,el lugar del mariachi,Casa Del Mariachi,casa del mariachi,7,0.67,0.4,0.54
1028552,5346f8ad498e9f62638ee0ec,19.4234327,-99.16802235,19.423469,-99.167404,65.04245478866711,EL LUGARCITO RESTAURANT,el lugarcito,El lugar-cito,el lugar cito,1,0.92,0.25,0.58
1028552,4ccb2484c9b846886000b4c3,19.4234327,-99.16802235,19.42365011447363,-99.1679375278436,25.788713701439523,EL LUGARCITO RESTAURANT,el lugarcito,El Lugarcito,el lugarcito,0,1,1,1
10100550,63acb106f9d9a178e41d005a,19.43174377,-99.12799165,19.43171,-99.12792,8.408818264076288,EL MARAVILLA,el maravilla,El Maravilla,el maravilla,0,1,1,1
1001230,4e38a42aae60f589a5d3cb9b,19.4381931,-99.13692408,19.43817024777874,-99.13699729276512,8.095542383102325,EL MESON DE BELISARIO 38,el meson de belisario 38,El Meson De Belisario,el meson de belisario,3,0.88,0.8,0.84
895906,50dbab79e4b057fecb53a887,19.41414451,-99.16523533,19.414359102402383,-99.16524049862676,23.894479696994566,EL MITOTE,el mitote,El Mitote,el mitote,0,1,1,1
11253884,50dbab79e4b057fecb53a887,19.41444111,-99.16520819,19.414359102402383,-99.16524049862676,9.738871556038415,EL MITOTE,el mitote,El Mitote,el mitote,0,1,1,1
1020174,507f1352e4b0643e8c6f9c6d,19.4318543,-99.16184898,19.4318758780486,-99.16198853909724,14.84631160627831,EL NUCLEO,el nucleo,Restaurante y Cafetería El Núcleo,y el nucleo,2,0.82,0.67,0.74
6714683,54c1aa5f498e0d94d1afa0a6,19.41563637,-99.16081871,19.41567508408536,-99.1606284249944,20.437377645345915,EL NUDO NEGRO,el nudo negro,Nudo Negro,nudo negro,3,0.77,0.67,0.72
9115428,62c8f49fbb7ea76dfd418f72,19.41783536,-99.15450904,19.417927,-99.15455,11.07065382303385,EL NUMERO 1 DE GUANAJUATO,el numero 1 de guanajuato,La Numero 1 De Guanajuato,la numero 1 de guanajuato,2,0.92,0.67,0.8
1001002,65864ccb501d086ff796cba0,19.43641611,-99.13668532,19.436344,-99.13615,56.7659513786041,EL OMBLIGO DEL MAGUEY,el ombligo del maguey,El Ombligo Del Maguey,el ombligo del maguey,0,1,1,1
865366,4c3633c993db0f479bab1d92,19.41442678,-99.16685956,19.41451664547187,-99.16678465908446,12.724596309579427,EL ORUJO,el orujo,El Orujo,el orujo,0,1,1,1
11055543,50e79f65e4b0d6fe4cd93de4,19.41909534,-99.15619133,19.418988545883803,-99.15653251389963,37.74107410905628,EL PALANQUITO,el palanquito,El Palenquito,el palenquito,1,0.92,0.33,0.62
880511,4c38ebf90a71c9b6519d41c9,19.44479385,-99.14770619,19.444741758409062,-99.14761215782684,11.447897413897683,EL PENACHO DE MOCTEZUMA,el penacho de moctezuma,El Penacho de Moctezuma de la Guerrero,el penacho de moctezuma de la guerrero,15,0.61,0.67,0.64
10063890,5c9eccf2bb8d36002cbbac5e,19.4096228,-99.16610237,19.409619,-99.166032,7.40044701367107,EL PERIBAN,el periban,El Periban,el periban,0,1,1,1
895789,505bd650e4b05434c01af59b,19.41424407,-99.17355979,19.41430946715924,-99.17363755616624,10.938908892493414,EL PESCADITO,el pescadito,El Pescadito,el pescadito,0,1,1,1
1028410,4b9029c3f964a5207c7933e3,19.42160039,-99.17427774,19.421613,-99.174275,1.432909761210236,EL PIALADERO DE GUADALAJARA,el pialadero de guadalajara,El Pialadero de Guadalajara,el pialadero de guadalajara,0,1,1,1
1029878,4e470577b0fb93df271259bb,19.42438638,-99.15292541,19.424108869211764,-99.15306242813084,34.07719875452908,EL RANCHO,el rancho,Birrieria El Rancho,birrieria el rancho,10,0.47,0.67,0.57
895677,4bb90eedb35776b0bc91c901,19.42488629,-99.16921498,19.42529755205059,-99.16928248574212,46.326762282274636,EL REFUGIO DEL INCA,el refugio del inca,El Refugio Del Inca,el refugio del inca,0,1,1,1
866884,503400e7e4b037c9b28fcc06,19.41245095,-99.1736254,19.41235020132559,-99.1735123781709,16.327626811616764,EL REY DEL FALAFEL,el rey del falafel,El Rey Del Falafel,el rey del falafel,0,1,1,1
896202,532aefc2498e684f6cef47d1,19.41487997,-99.17795164,19.41556890542936,-99.17757775367974,86.15412621123697,EL RINCON,el rincon,El Rincón Gourmet,el rincon gourmet,8,0.53,0.67,0.6
11630915,5d7ef13172c4090008ed65bc,19.43572841,-99.16674935,19.435822,-99.1667,11.635338947353457,EL RINCON DE LOS TELEFONISTAS,el rincon de los telefonistas,El Rincón De Los Telefonistas,el rincon de los telefonistas,0,1,1,1
11630915,5a8c8bf4c0cacb2305271477,19.43572841,-99.16674935,19.435917,-99.16674,21.01667496556223,EL RINCON DE LOS TELEFONISTAS,el rincon de los telefonistas,El Rincón Del Telefonista,el rincon del telefonista,4,0.86,0.29,0.58
1026703,4cd9559a2a805481a975a02c,19.42897049,-99.16712306,19.428909169467644,-99.16708256240686,8.04185623580067,EL RINCON DE VIANCA,el rincon de vianca,El Rincón De Vianca,el rincon de vianca,0,1,1,1
9221672,50f86bbfe4b09038c39f0e2a,19.42521562,-99.14802954,19.42524147033691,-99.148162841796875,14.287192493726922,EL RINCON DEL PAISANO,el rincon del paisano,El Rincón Del Paisano,el rincon del paisano,0,1,1,1
8484611,651cab4826a3d8617ce18d67,19.45090831,-99.15915465,19.450738,-99.159151,18.962693263283523,EL RINCON MEXA,el rincon mexa,El Rincón Mexa,el rincon mexa,0,1,1,1
10000410,64c474daec67e91c4e3aa62b,19.43100549,-99.13877046,19.431254,-99.138861,29.25129731165909,EL RINCONCITO PERUANO MX,el rinconcito peruano mx,Rinconcito Peruano,rinconcito peruano,6,0.75,0.5,0.62
890270,4f1f1d42e4b01ff35173a068,19.43411914,-99.1419003,19.43369618699534,-99.14194005523647,47.267514296221464,EL SABOR DE MI TIERRA,el sabor de mi tierra,El Sabor De Mi Tierra,el sabor de mi tierra,0,1,1,1
1013438,4e617674b993678bb5f464ca,19.44210521,-99.14972707,19.4419312662162,-99.14973330085822,19.374376973708195,EL SAUCE Y LA PALMA,el sauce y la palma,"El Sauce Y La Palma ""qkas""",el sauce y la palma qkas,5,0.79,0.83,0.81
1013935,4d2cc8b36e1eb1f7082d075f,19.43144926,-99.13786878,19.431446565638687,-99.13719657124231,70.56827599976312,EL SAZON 3,el sazon 3,El Sazón 3,el sazon 3,0,1,1,1
9006395,5a2d8a96c824ae6b16389f5b,19.44013865,-99.15894321,19.440017,-99.158928,13.635815507107095,EL SAZON DE LAS XHUNCAS,el sazon de las xhuncas,El Sazón de la Xhunca,el sazon de la xhunca,2,0.91,0.43,0.67
7744193,62fd6be05745b95da54972eb,19.43722059,-99.13774132,19.437085,-99.137918,23.912634987238295,EL SAZON OAXAQUEÑO,el sazon oaxaqueno,El Oaxaqueño 1,el oaxaqueno 1,8,0.56,0.5,0.53
1006654,4d9a22dc8163a35d5599547e,19.43467039,-99.13548051,19.434763845770867,-99.136069458441,62.69501537519835,EL SAZON OAXAQUEÑO,el sazon oaxaqueno,El Sazón Oaxaqueño,el sazon oaxaqueno,0,1,1,1
895472,4e3470c852b17fb1c5fd9568,19.42776105,-99.16350018,19.42786413121969,-99.16321632742412,31.93218139562761,EL SCARY WITCHES BAR,el scary witches bar,Scary Witches,scary witches,7,0.65,0.5,0.58
8703199,539b270c498e71ce2a4f03a8,19.42766152,-99.16362531,19.427772,-99.16338,28.538892886055788,EL TAPEO,el tapeo,El Tapeo,el tapeo,0,1,1,1
1040428,539b270c498e71ce2a4f03a8,19.42763109,-99.16369036,19.427772,-99.16338,36.161243087636734,EL TAPEO SUREÑO,el tapeo sureno,El Tapeo,el tapeo,7,0.53,0.67,0.6
1042136,5bca41be364d97002c16291c,19.4292417,-99.15375802,19.429291,-99.153786,6.224684603081951,EL TAQUITO DE DAVID,el taquito de david,El Taquito De David,el taquito de david,0,1,1,1
1021704,50357447e4b02f167ad0ecaa,19.42835549,-99.16931232,19.428421725612935,-99.16921275868944,12.791031125363816,EL TIEMPO,el tiempo,El Tiempo,el tiempo,0,1,1,1
7732224,50e488fc16487ca9e58798d9,19.41995129,-99.15897125,19.419940974067412,-99.1590034123878,3.566540617114869,EL TRASPATIO,el traspatio,Traspatio,traspatio,3,0.75,0.5,0.62
10134524,630131b80272681012e786af,19.42977461,-99.13204939,19.429869,-99.1321,11.774323901150202,EL TROMPO DE LA CORTE,el trompo de la corte,Los Trompos De La Corte,los trompos de la corte,4,0.83,0.43,0.63
8327136,5ca50adef62e0900333ecb4d,19.41495308,-99.1654642,19.414811,-99.165396,17.361570330899934,EL URUGUAYO,el uruguayo,El Uruguayo Autentico,el uruguayo autentico,10,0.52,0.67,0.6
7765772,534468e2498e226e0903b1b6,19.46034478,-99.1414787,19.46034039247206,-99.14231067309188,87.32531609898416,EL WUEN COMER,el wuen comer,El WEN Comer🍴,el wen comer🍴,2,0.85,0.2,0.52
867257,4b523e98f964a520437227e3,19.40837475,-99.17655754,19.408611333260623,-99.17661977811603,27.13490763548576,EL ZORZAL RESTAURANTE,el zorzal,El Zorzal Condesa,el zorzal condesa,8,0.53,0.67,0.6
867257,50258b93e4b06553e1976327,19.40837475,-99.17655754,19.408536301086723,-99.176578351087,18.116039122634472,EL ZORZAL RESTAURANTE,el zorzal,Zorzal,zorzal,3,0.67,0.5,0.58
895993,60a98057ab6ad13aa108db12,19.41524244,-99.16201919,19.415244,-99.161986,3.4889169204422545,EM RESTAURANTE,em,Em,em,0,1,1,1
9978226,572795dd498e7dbf76f39452,19.41735424,-99.16048734,19.417327678326632,-99.16091299477276,44.78630095336046,ENO,eno,Eno,eno,0,1,1,1
6737788,6002334cbde80c7821dfff79,19.42785596,-99.15635956,19.4279,-99.156235,13.965239730735197,ENRICOS TRATTORIA,enricos trattoria,Enrico's Trattoria,enrico s trattoria,1,0.94,0.25,0.6
10627430,5a25bdf9db1d811576246fac,19.43329868,-99.14482243,19.43329,-99.14472,10.796178195584277,ENSALADAS ALVITA,ensaladas alvita,Ensaladas Alvita II,ensaladas alvita ii,3,0.84,0.67,0.76
9597749,650b8a13b6a4ac2640857528,19.42544592,-99.16615621,19.425689187735777,-99.16537910699844,85.95938127714237,EPIC BAR,epic bar,Epic Bar,epic bar,0,1,1,1
11223568,650f608b2fec547e3e79deca,19.41814838,-99.15556614,19.417795,-99.155365,44.64773102663427,ESQUINA CARIOCA BRAZILIAN FOOD,esquina carioca brazilian food,Esquina Carioca Brazilian Food,esquina carioca brazilian food,0,1,1,1
11648350,5ff221444c12d243663b8dfb,19.40954386,-99.17910679,19.409656,-99.17904,14.318144325350593,EVA SANWDWICHERIA,eva sanwdwicheria,Eva Sandwicheria,eva sandwicheria,1,0.94,0.33,0.64
8327334,58178f0838fac2e9ee192e5b,19.41734672,-99.1605259,19.41740463737738,-99.1606801705503,17.432606942424208,FARINA,farina,Farina Roma,farina roma,5,0.55,0.5,0.52
6877006,58178f0838fac2e9ee192e5b,19.41729223,-99.16080548,19.41740463737738,-99.1606801705503,18.156488156773488,FARINA ROMA,farina roma,Farina Roma,farina roma,0,1,1,1
7733030,637fecb766aecf13d2adf230,19.41036719,-99.17269372,19.410425,-99.172506,20.73319304347459,FARMACIA INTERNACIONAL,farmacia internacional,Farmacia Internacional,farmacia internacional,0,1,1,1
895449,500ae946e4b0cefa4f74e493,19.42832127,-99.16904446,19.428433144307753,-99.16897771562437,14.289618324536296,FIEBRE DE MALTA,fiebre de malta,Fiebre de Malta,fiebre de malta,0,1,1,1
7756597,610700bf80d7d8650d478177,19.43660291,-99.16407585,19.436363,-99.16399,28.186245316876445,FLAMINGO ICE CREAM STUDIO,flamingo ice cream studio,Flamingo Ice Cream Studio,flamingo ice cream studio,0,1,1,1
9998400,6330bb816c746d5640726d26,19.4546535,-99.1558473,19.45469,-99.15551,35.636659142001236,FLAUTICHELI,flauticheli,Flauticheli,flauticheli,0,1,1,1
865529,4ba40f79f964a520377d38e3,19.41138959,-99.17216801,19.41156463777321,-99.17225724150946,21.621357775068574,FLORA LOUNGE,flora lounge,Flora Lounge,flora lounge,0,1,1,1
8385713,57706024498e954082938414,19.4142332,-99.16176741,19.414118,-99.16169,15.182477365367,FONDA 115,fonda 115,Fonda 115,fonda 115,0,1,1,1
9761233,6199575469fb78348f511e24,19.41409028,-99.14075612,19.414157,-99.140812,9.464863048464297,FONDA ARGENTINA,fonda argentina,Fonda Argentina Obrera,fonda argentina obrera,7,0.68,0.67,0.68
8368194,4c65edd59cb82d7fb1718fd2,19.40331052,-99.13163325,19.403305950798885,-99.13162749462472,0.7898673051764492,FONDA ARGENTINA AEREOPUERTO,fonda argentina aereopuerto,Fonda Argentina (tacos),fonda argentina tacos,10,0.63,0.5,0.56
866893,4cfd5105d7206ea8248a4869,19.41148392,-99.17757119,19.411705,-99.177765,31.933297382743408,FONDA ARRACHEVES,fonda arracheves,Arracheves,arracheves,6,0.62,0.5,0.56
984214,53237dc3498e613a7d0c5479,19.44292737,-99.14285292,19.44307327270508,-99.142852783203125,16.241821182903777,FONDA BIG BEN,fonda big ben,Fonda Big Ben,fonda big ben,0,1,1,1
863448,525eeec9498e3f61274283ac,19.41632822,-99.15661159,19.416460432834135,-99.15649930881952,18.856774456346596,FONDA BONITA,fonda bonita,Fonda Bonita,fonda bonita,0,1,1,1
892246,587938f1debdf62597d2abbd,19.43047888,-99.14832338,19.43087917027013,-99.14882548859364,69.02210675290875,FONDA CARMELITA,fonda carmelita,Fonda Carmelita,fonda carmelita,0,1,1,1
1000665,521d634f11d2a270893b40b6,19.42576563,-99.12625868,19.42592215409887,-99.12665408076384,45.018791089706674,FONDA CASTILLO,fonda castillo,fonda castillo,fonda castillo,0,1,1,1
11642019,4fee2686e4b00a5fd3da005c,19.41694644,-99.16395981,19.416817000000002,-99.163868,17.3359313688352,FONDA CRISTY,fonda cristy,Fonda Cristy,fonda cristy,0,1,1,1
11172298,608702210d990a5b6910b709,19.42807807,-99.16955629,19.428216,-99.169482,17.221478443490707,FONDA DEL RECUERDO,fonda del recuerdo,La Fonda Del Recuerdo,la fonda del recuerdo,3,0.86,0.75,0.8
11172298,4b6c5e14f964a5202f342ce3,19.42807807,-99.16955629,19.428195,-99.169455,16.807831613637468,FONDA DEL RECUERDO,fonda del recuerdo,La Fonda del Recuerdo,la fonda del recuerdo,3,0.86,0.75,0.8
1020941,4d52c3813062a1cdd8eb74a3,19.42936452,-99.1731145,19.42933244703096,-99.17317628860474,7.404257249446681,FONDA DOÑA BLANCA,fonda dona blanca,Doña Blanca,dona blanca,6,0.65,0.67,0.66
894196,4d52c3813062a1cdd8eb74a3,19.42943051,-99.17295835,19.42933244703096,-99.17317628860474,25.350039327249693,FONDA DOÑA BLANCA,fonda dona blanca,Doña Blanca,dona blanca,6,0.65,0.67,0.66
7733251,5324b1fe498e7a5724619217,19.41575807,-99.17214347,19.41597763995637,-99.17210814860694,24.72212687845175,FONDA DOÑA BLANCA,fonda dona blanca,Doña Blanca,dona blanca,6,0.65,0.67,0.66
6735928,5bba35777c891c002d2f40a4,19.42950909,-99.16999461,19.429582863761784,-99.17010515928268,14.217285515090612,FONDA DOÑA BLANCA,fonda dona blanca,Doña Blanca,dona blanca,6,0.65,0.67,0.66
10050831,589de108005a0f47b90443c6,19.43404749,-99.14676136,19.434135622840927,-99.14675553229894,9.829958576929199,FONDA DOÑA BLANCA,fonda dona blanca,Fonda Doña Blanca,fonda dona blanca,0,1,1,1
889964,51eadf3f498ef0e49b000e06,19.4391349,-99.14936034,19.43918,-99.149424,8.358412424694112,FONDA ECONOMICA JUANITA,fonda economica juanita,Fonda Juanita,fonda juanita,10,0.57,0.67,0.62
850830,514dea69e4b0ae533aa49e62,19.45754491,-99.1252419,19.457543782586654,-99.12528539337453,4.566871022750404,FONDA EL GUERO,fonda el guero,Fonda El Güero,fonda el guero,0,1,1,1
1042853,5011a3c1e4b010591e707808,19.43272808,-99.15211325,19.432863757372843,-99.15219748208897,17.501620546427436,FONDA EL MANA,fonda el mana,El Mana,el mana,6,0.54,0.67,0.6
9055560,56f86ac1498e910d50ccad35,19.41430395,-99.14607112,19.41368,-99.14557,87.13479046440051,FONDA EL MATADOR,fonda el matador,Fonda EL MATADOR,fonda el matador,0,1,1,1
9055560,59b42cdfc876c8077b872f0d,19.41430395,-99.14607112,19.413652,-99.14583,76.86320626953756,FONDA EL MATADOR,fonda el matador,Fonda El Prisma,fonda el prisma,7,0.56,0.5,0.53
981907,4f21b658e4b0272a5752f3db,19.43956309,-99.13127436,19.43945757529854,-99.13134455680849,13.865934902148348,FONDA EL PEJE DE ORO,fonda el peje de oro,El Peje De Oro,el peje de oro,6,0.7,0.8,0.75
898458,56f86ac1498e910d50ccad35,19.41429876,-99.14600464,19.41368,-99.14557,82.62457102060603,FONDA EL PRISMA,fonda el prisma,Fonda EL MATADOR,fonda el matador,7,0.56,0.5,0.53
898458,59b42cdfc876c8077b872f0d,19.41429876,-99.14600464,19.413652,-99.14583,74.29506218470404,FONDA EL PRISMA,fonda el prisma,Fonda El Prisma,fonda el prisma,0,1,1,1
1042843,4fbe9ac1e4b06386c7f642cf,19.42649305,-99.15480196,19.426043,-99.154797,50.102042784515376,FONDA EL PUEBLITO,fonda el pueblito,Fonda El Pueblito,fonda el pueblito,0,1,1,1
7732916,50cb8bcfe4b05e3eef1643ad,19.41980084,-99.1729615,19.41992266719382,-99.1729058827058,14.765342424845102,FONDA EL RICO SAZON,fonda el rico sazon,Rico Sazón,rico sazon,9,0.53,0.5,0.52
7732916,5060b4d2e4b06825098a1c59,19.41980084,-99.1729615,19.419850191019325,-99.17306382398624,12.065853080340418,FONDA EL RICO SAZON,fonda el rico sazon,Restaurante El Rico Sazon,el rico sazon,6,0.68,0.75,0.72
1045994,5281601811d2fe39b5c7d63f,19.46226625,-99.14571479,19.46222676477704,-99.14558553204816,14.261040614381605,FONDA LA FUENTE,fonda la fuente,La Fuente,la fuente,6,0.6,0.67,0.64
867685,4d65831f6d943704643278bf,19.40410465,-99.1687471,19.40445737866096,-99.16889181316232,42.10289248852291,FONDA LA LUPITA,fonda la lupita,Fonda La Lupita,fonda la lupita,0,1,1,1
855738,51157405e4b01a85632033b2,19.45416394,-99.14039848,19.45396536009406,-99.14045095317086,22.78163473165718,FONDA LA MICHOACANA,fonda la michoacana,La Michoacana,la michoacana,6,0.68,0.67,0.68
899842,51f96961498e0a770efcbebc,19.40252294,-99.16926785,19.402619,-99.169461,22.92675825382677,FONDA LA POBLANITA,fonda la poblanita,Fonda La Poblanota,fonda la poblanota,1,0.94,0.5,0.72
899842,4e52bbf5aeb7560ca4b11d65,19.40252294,-99.16926785,19.40267695435187,-99.169389687133,21.39145301526426,FONDA LA POBLANITA,fonda la poblanita,Fonda La Poblanita,fonda la poblanita,0,1,1,1
11581689,4fd254d2e4b0753b255721d4,19.45219326,-99.13585662,19.45192053318739,-99.13604628753674,36.305203306624975,FONDA LAS FLORES,fonda las flores,Las Flores,las flores,6,0.62,0.67,0.64
867069,4c7eb1fffb74236a2ff0f7b9,19.40831471,-99.17294572,19.408511,-99.172927,21.939121912160253,FONDA LOS ADOBES,fonda los adobes,Fonda Los Adobes.,fonda los adobes,0,1,1,1
1015537,4f6ce3cfe4b0e20e1438aed5,19.43812459,-99.1511203,19.438057468829467,-99.15143394831402,33.76224154700811,FONDA LOS CHILOTES,fonda los chilotes,Los Chilotes,los chilotes,6,0.67,0.67,0.67
892315,51c4b4a0498e89b98e8d0b6b,19.43241171,-99.15089284,19.432427686526253,-99.15094527344272,5.784555958205349,FONDA MARGARITA,fonda margarita,Fonda Margarita,fonda margarita,0,1,1,1
1017286,50de1ae6e4b05f3e7eef4a17,19.42851006,-99.13534239,19.428642,-99.134981,40.68274663379514,FONDA MONY,fonda mony,Fonda Moni,fonda moni,1,0.9,0.33,0.62
1017286,522b51cb11d254c0982e88f0,19.42851006,-99.13534239,19.428427457117976,-99.13531129946104,9.75739832427939,FONDA MONY,fonda mony,Fonda Mony,fonda mony,0,1,1,1
11456284,643b260549d65b1c06fac051,19.44920132,-99.16226633,19.449305,-99.16219,14.050024263717669,FONDA PAJARITOS,fonda pajaritos,Fonda Pajaritos,fonda pajaritos,0,1,1,1
10111111,60340ccdfe2d7137da685063,19.44022587,-99.16411529,19.44071,-99.16422,55.00258693947543,FONDA SAN RAFAEL,fonda san rafael,Ecineria San Rafael,ecineria san rafael,6,0.68,0.5,0.59
10111111,a045900b79c547e63ce5c7e0,19.44022587,-99.16411529,19.44053,-99.16427,37.54931489329187,FONDA SAN RAFAEL,fonda san rafael,Globalti San Rafael,globalti san rafael,7,0.63,0.5,0.56
989804,4c4f45f692b6a59301f34d71,19.43286111,-99.14195552,19.43290976860511,-99.14187461548596,10.073441122155632,FONDA SANTA RITA,fonda santa rita,Fonda Santa Rita,fonda santa rita,0,1,1,1
857492,4cf6ae1fe308236ae684e7ac,19.45235867,-99.15657448,19.452443926511297,-99.15654010678888,10.153383841661611,FONDA SARITA,fonda sarita,Fonda Sarita,fonda sarita,0,1,1,1
894850,54da72fa498eae0b2ff84773,19.42355377,-99.16446492,19.42337658300924,-99.16475933766004,36.66639046042451,FONDA TOLUCA INN,fonda toluca inn,Fonda Toluca Inna,fonda toluca inna,1,0.94,0.5,0.72
9184285,61a82590a6ae37435d43a746,19.42694609,-99.15573791,19.426884,-99.155741,6.919435388434399,FONDA TURIN,fonda turin,Fonda Turin,fonda turin,0,1,1,1
10374152,5786fae1498e8b6578393890,19.43027335,-99.15475786,19.430529589244827,-99.15482737889096,29.443237799654344,FONTINA,fontina,Fontina,fontina,0,1,1,1
11284244,613614620c1090770f0b5202,19.42539972,-99.17493792,19.42559,-99.17482,24.53415887831058,FOOD DISTRIC,food distric,Food District,food district,1,0.92,0.33,0.62
10919683,648a646a2028ee46e6bb74ad,19.44895038,-99.15804883,19.448857,-99.158047,10.396788727619878,FRAGOLA,fragola,Peru Fragola,peru fragola,5,0.58,0.5,0.54
9425671,56940ca8498e198553ecafd2,19.41471291,-99.16963252,19.414569716746733,-99.16960308866432,16.23693265004316,FREIMS,freims,Frëims,freims,0,1,1,1
9971099,62db0e3fea0fff4b3a96efc4,19.40837859,-99.17035881,19.408432,-99.17037,6.060543746999781,FRITUUR,frituur,Frituur,frituur,0,1,1,1
10104124,6287a22ba3bf540a71a6ab7d,19.41926925,-99.15586488,19.418498,-99.155805,86.08501348151053,FRONTERA BAR,frontera bar,Frontera 128,frontera 128,3,0.75,0.33,0.54
10104124,5450f0a0498e1a3bd382f4f1,19.41926925,-99.15586488,19.419423467417342,-99.15599112554796,21.688490323456392,FRONTERA BAR,frontera bar,Frontera 115,frontera 115,3,0.75,0.33,0.54
10104124,56c930f7cd10ae6f40f3d818,19.41926925,-99.15586488,19.419668426232025,-99.1563259926411,65.71265288452419,FRONTERA BAR,frontera bar,frontera 111,frontera 111,3,0.75,0.33,0.54
1028028,4cb1db7439458cfa108f0ea0,19.41737464,-99.15977003,19.417487938099583,-99.15961369616356,20.699303965273014,FRUTOS PROHIBIDOS,frutos prohibidos,Frutos Prohibidos,frutos prohibidos,0,1,1,1
9548353,622e8e29a809946cfdb56394,19.42383702,-99.16120501,19.423611,-99.161199,25.16834131364965,FUGAZ RESTAURANTE,fugaz,Fugaz,fugaz,0,1,1,1
9973315,619d7ee3ac6cc36130f5183d,19.42084072,-99.16696759,19.420889549116485,-99.1668462753296,13.847716450131415,GALEA,galea,Galea,galea,0,1,1,1
9772385,66482e5251430c4b549783d6,19.42405642,-99.15223772,19.423957,-99.152184,12.421489124702198,GALERIA MEXICO CAFETERIA,galeria,Cafe Galería,cafe galeria,5,0.58,0.5,0.54
895280,64bb1046caf3ba3fdc35f700,19.41831247,-99.16013408,19.418459,-99.1601,16.699448666746413,GALIA CHEF LONDON,galia chef london,Galia Chef,galia chef,7,0.59,0.67,0.63
7743175,598fc937123a190a43cacb6a,19.44951688,-99.16201217,19.449557035809427,-99.16194543559575,8.309683031316883,GARAGE MODELO,garage modelo,Garage Modelo,garage modelo,0,1,1,1
7743175,598fc0c34940bc65f0377c45,19.44951688,-99.16201217,19.449465,-99.162025,5.930197974465099,GARAGE MODELO,garage modelo,Modelo Garage,modelo garage,12,0.08,1,0.54
6804166,5834f6ba4bafb719b0983451,19.4191405,-99.15596217,19.419134360237297,-99.1561260192009,17.21556117517775,GARDELA RESTAURANTE,gardela,Gardela,gardela,0,1,1,1
1002892,523de46611d24bf0584a0578,19.42780942,-99.12943499,19.428635,-99.129292,93.12102090354007,GASTRONOMICA LOS CEDROS,gastronomica los cedros,Textiles los Cedros,textiles los cedros,11,0.52,0.5,0.51
11026871,5e01a4eab71b7a0007771810,19.41234521,-99.17329362,19.412526,-99.17319,22.87772141745819,GIN GIN,gin gin,Gin Gin,gin gin,0,1,1,1
6320886,4ea84b76d5fbe8dfe8b006a4,19.44694868,-99.15285735,19.4463748300994,-99.1523474640965,83.33885023976045,GINOS BUENAVISTA,ginos buenavista,Buenavista,buenavista,6,0.62,0.5,0.56
6320886,5055169ee4b02204c2ee59e7,19.44694868,-99.15285735,19.44696235656738,-99.15277099609376,9.19142751277564,GINOS BUENAVISTA,ginos buenavista,Taquitos buenavista,taquitos buenavista,5,0.74,0.33,0.54
10573517,6551624aba42b840f2aa15eb,19.41579797,-99.16001417,19.415806,-99.159871,15.057811807169237,GODZU COCINA ASIATICA,godzu cocina asiatica,Godzu Cocina Asiática,godzu cocina asiatica,0,1,1,1
7733329,5a0fa4f40fe7a0039d4a897d,19.41340996,-99.14127361,19.413119,-99.141081,38.184017027521726,GOHAN SUSHI,gohan sushi,Sushi Gohan,sushi gohan,10,0.09,1,0.54
7733329,5c329bc582a7500039d743cc,19.41340996,-99.14127361,19.412992,-99.14108,50.7736777413277,GOHAN SUSHI,gohan sushi,Gohan Sushi,gohan sushi,0,1,1,1
8338400,5b3ccabbd48ec1002c98b7d4,19.4257511,-99.17477427,19.42608,-99.1747,37.43399710774892,GREEN ME,green me,Green Me,green me,0,1,1,1
11223987,626b65d3f2614f02d650f1cb,19.43745548,-99.1622531,19.437387,-99.162304,9.309273403385685,GUAU TAP RESTAURANTE,guau tap,Guau Tap,guau tap,0,1,1,1
865316,520fd9fe11d2bf5ca5c2e666,19.4167213,-99.16589852,19.41701745194227,-99.16589383420612,32.97115375853807,GYG COMIDA URBANA,gyg comida urbana,G&G Comida Urbana,g g comida urbana,1,0.94,0.5,0.72
9426161,4c607eb913791b8dedb24faf,19.42284819,-99.16874072,19.42289851806162,-99.16878314061556,7.156926001691786,HA RIM GAK RESTAURANTE COREANO,ha rim gak coreano,HA RIM GAK,ha rim gak,8,0.56,0.75,0.66
9737417,6184b130dedf302af7b19479,19.42774864,-99.13572091,19.427711,-99.135547,18.731915954221492,HELLS BAR,hells bar,Hell’s Bar,hell s bar,1,0.9,0.25,0.58
1018147,5da76fd72560f0000855081d,19.42842548,-99.13448492,19.428398,-99.134527,5.3733541330605865,HELUS,helus,Helus,helus,0,1,1,1
9449055,558f54ee498ee9c7d055495a,19.42955877,-99.16963177,19.42959658250654,-99.16969552467675,7.906561070840499,HIYOKO,hiyoko,Hiyoko,hiyoko,0,1,1,1
9345287,4b0586fef964a520017a22e3,19.40833318,-99.17059953,19.408316762106804,-99.17082614728596,23.863474919455864,HOOKA LOUNGE,hooka lounge,Hookah Lounge,hookah lounge,1,0.92,0.33,0.62
9389113,4b058707f964a520327c22e3,19.42530203,-99.1643724,19.42539648978162,-99.1645147830983,18.275812396141998,HOOTERS LA ROSA,hooters la rosa,Plaza La Rosa,plaza la rosa,7,0.53,0.5,0.52
1019063,5467fd99498efb616391921b,19.42705441,-99.13692059,19.427195865227237,-99.1370298850877,19.483614781049045,HOSTERIA LA BOTA,hosteria la bota,"Hosteleria ""La bota""",hosteleria la bota,2,0.89,0.5,0.7
1019063,4d0dbb4dbe6d6ea800e706b5,19.42705441,-99.13692059,19.427029,-99.137024,11.218604078497776,HOSTERIA LA BOTA,hosteria la bota,Hostería La Bota,hosteria la bota,0,1,1,1
10042230,60e9256762b8ea7f2042422c,19.4140837,-99.16354443,19.41411,-99.16347,8.34483904685453,HOT CHICKEN,hot chicken,Garri's Hot Chicken,garri s hot chicken,8,0.58,0.5,0.54
8326994,5dce08be3d053f00085008ae,19.41119393,-99.17233224,19.41107,-99.172331,13.796438775841763,HOT MAMA KITCHEN,hot mama kitchen,Hot Mamma’s Kitchen,hot mamma s kitchen,3,0.84,0.4,0.62
7732047,57b7d309498e61796b45d7a3,19.42105758,-99.16604574,19.421060899781335,-99.1663881404966,35.9489760384286,HOTEL CASA AWOLLY,hotel casa awolly,Hotel Casa Awolly,hotel casa awolly,0,1,1,1
8338549,568fdad9498ea7aaaf3b1ccb,19.43382601,-99.12693495,19.433548,-99.126865,31.807177031781094,HUARACHES LOS IXHUATECOS,huaraches los ixhuatecos,"Huaracheria ""Los Ishuatecos""",huaracheria los ishuatecos,4,0.85,0.2,0.52
8530117,64ebc83adfefd64bcb93ee17,19.42116932,-99.16877432,19.421374,-99.168653,26.103199949151097,HUMO COCINA DE BRASAS,humo cocina de brasas,Humo Cocina de Brasas,humo cocina de brasas,0,1,1,1
10505971,55c2b9ea498e84c8865b294b,19.41887213,-99.16399975,19.418917822925422,-99.16376203976222,25.469533976892528,HUSET,huset,Huset,huset,0,1,1,1
7743069,53929ecc498ea919cf95f58a,19.44665409,-99.15587223,19.446727906573237,-99.1559995319866,15.687123066852179,ICHNIU PULQUERIA BAR,ichniu pulqueria bar,Pulquería Ichniu,pulqueria ichniu,13,0.35,0.67,0.51
10425424,4e63d9b51495676d5659d29d,19.4319763,-99.13509729,19.43196375823545,-99.13516268617708,7.0057126710602295,INDIA TOWN RESTAURANT,india town,India Town,india town,0,1,1,1
10451742,655599e1122daa00e2044928,19.41612332,-99.16628847,19.416246,-99.165653,68.10050220286388,INDIAN DESI TADKA,indian desi tadka,India Desi Tadka,india desi tadka,1,0.94,0.5,0.72
1016907,687aa4c60dcb9941200e74cd,19.43690493,-99.15711135,19.436856,-99.157133,5.901994757644049,INDIGO,indigo,Indigo,indigo,0,1,1,1
9433825,6276afc295cee378c41d126d,19.43503764,-99.13295945,19.435129,-99.132869,13.913631773436002,ITACATE DEL MAR,itacate del mar,Itacate Del Mar,itacate del mar,0,1,1,1
10065015,597a3323d41bb75401b22554,19.41793944,-99.1603792,19.417832,-99.160209,21.502146135529046,IZAKAYA SUSHI,izakaya sushi,Izakaya Sushi,izakaya sushi,0,1,1,1
8131604,55492d3d498e6bb39a71c31b,19.4140631,-99.16441382,19.41433743381037,-99.16460163746213,36.35173518901218,JACKS BUTCHER,jacks butcher,Jack's Butcher,jack s butcher,1,0.93,0.25,0.59
8131604,53d95378498efcfc1a526977,19.4140631,-99.16441382,19.414226,-99.164581,25.237279842211446,JACKS BUTCHER,jacks butcher,Jack's Butcher,jack s butcher,1,0.93,0.25,0.59
7732792,57ad495b498ef869396fb620,19.42719868,-99.16458652,19.427104912774553,-99.16456576897848,10.663024609248607,JALAPEÑOS POP RESTAURANTE BAR,jalapenos pop bar,jalapeños pop,jalapenos pop,4,0.76,0.67,0.72
1029489,5455b0db498ea36c77fbb062,19.41885359,-99.17052219,19.419040536374165,-99.17058793912712,21.925713427149503,JALIL SABOR A HOGAR,jalil sabor a hogar,Jalil sabor a hogar,jalil sabor a hogar,0,1,1,1
11587742,5b8f31a11953f3002c86784c,19.41577792,-99.16497993,19.415821,-99.164579,42.365487151988845,JAZZATLAN,jazzatlan,Jazzatlán Capital,jazzatlan capital,8,0.53,0.5,0.52
866992,50132b74e4b08f147c06100b,19.4103413,-99.17512211,19.410429107267507,-99.1749287813814,22.52895777652247,JOCHOS Y LITROS,jochos y litros,Jochos Y Litros,jochos y litros,0,1,1,1
9914984,61febed8bf60467ffa00b447,19.41953832,-99.13997817,19.419214,-99.140036,36.61008172191732,JUAN BARRACUDA,juan barracuda,Juan Barracuda,juan barracuda,0,1,1,1
7732690,5bb7b847396de0002c0e1934,19.42754268,-99.15872197,19.427708,-99.158716,18.414007113558096,JUANA JUANA,juana juana,Juana Juana,juana juana,0,1,1,1
1029335,4daf386f6a23d0da7e9b299f,19.41722638,-99.16918507,19.4173147950496,-99.16909314532212,13.784507632391223,JUANA LA LOCA,juana la loca,Juana la Loca -Cantineria,juana la loca cantineria,11,0.54,0.75,0.64
1029335,53509d97498e2e2f16fa2a5b,19.41722638,-99.16918507,19.417288,-99.169331,16.786376593008303,JUANA LA LOCA,juana la loca,juana la loca,juana la loca,0,1,1,1
1042124,4d77d985926a6dcba9fd4f00,19.43148243,-99.1559026,19.43164058216395,-99.1559493006661,18.275283608538157,KA HING,ka hing,Ka Hing,ka hing,0,1,1,1
874144,63d593b5a34493716cd11c77,19.41325719,-99.16175386,19.4133,-99.16188,14.074840637529114,KAAJ,kaaj,Kaaj,kaaj,0,1,1,1
11689962,617f1b8de6b28c4ab9905881,19.4276755,-99.17037596,19.427773,-99.17035,11.190578438844685,KABUKI SUSHI,kabuki sushi,Kabuki Sushi,kabuki sushi,0,1,1,1
8367168,54710062498ecc3a5c6089c2,19.41214498,-99.1614274,19.41219558475606,-99.1611916824519,25.381310280691995,KABUKI SUSHI RESTAURANT,kabuki sushi,Kabuki Sushi Tonalá,kabuki sushi tonala,7,0.63,0.67,0.65
11604185,5335016d498e595f19899337,19.40728909,-99.17780883,19.407370789031003,-99.17848612477856,71.69132670201924,KAYA BAR,kaya bar,kaya bar,kaya bar,0,1,1,1
11604185,5674dfdd498e00b4d2b3faa9,19.40728909,-99.17780883,19.407329804720053,-99.1782788959612,49.56194105201054,KAYA BAR,kaya bar,Kaya Bar,kaya bar,0,1,1,1
8327667,5b1d97ab12c8f00039e6f50a,19.41204548,-99.15827678,19.41200001906562,-99.15821854089847,7.937183868990386,KIIN THAI-VIET-EATERY,kiin thai viet eatery,Kiin Thai-Viet Eatery,kiin thai viet eatery,0,1,1,1
11047337,65710b944c9abf00925d634a,19.42193544,-99.16073449,19.422092,-99.160837,20.483213184948955,KILL BILL,kill bill,Kill Bill,kill bill,0,1,1,1
1028203,5184891d498e6f601872a137,19.42713679,-99.16618552,19.427364714160632,-99.16619316094976,25.38507860111388,KINKY BAR,kinky bar,Kinky Bar,kinky bar,0,1,1,1
1028203,58d3649e89151d24c52f1647,19.42713679,-99.16618552,19.426611,-99.165576,86.72002074275369,KINKY BAR,kinky bar,King Bar,king bar,2,0.78,0.33,0.56
10466085,51662a2370430178a0b4c69c,19.4297037,-99.14438187,19.42981503328801,-99.14459101947092,25.21284270878506,LA BAGUETTE DE MANOLO,la baguette de manolo,La Baguette de Manolo,la baguette de manolo,0,1,1,1
11768110,51662a2370430178a0b4c69c,19.4297037,-99.14438186,19.42981503328801,-99.14459101947092,25.213756926544644,LA BAGUETTE DE MANOLO ANEXO,la baguette de manolo anexo,La Baguette de Manolo,la baguette de manolo,6,0.78,0.8,0.79
897683,502ac05de4b067dfe671d2e5,19.42372935,-99.14828064,19.42391777038574,-99.1484375,26.667044918311657,LA BANANA FELIZ,la banana feliz,La banana feliz,la banana feliz,0,1,1,1
897683,4ef4fb85c5123a724eab94d8,19.42372935,-99.14828064,19.42390783045808,-99.14839077268206,22.98770196571844,LA BANANA FELIZ,la banana feliz,La Banana,la banana,6,0.6,0.67,0.64
6316933,4bb2d1cd35f0c9b6a6cdbb83,19.41975949,-99.17119117,19.41943320714597,-99.1711426389282,36.67726398100689,LA BODEGUITA DEL MEDIO,la bodeguita del medio,La Bodeguita del Medio,la bodeguita del medio,0,1,1,1
7732621,4f889eb9e4b047d849612faf,19.42473191,-99.16529231,19.424919823262663,-99.1651217788847,27.533483620146104,LA BOHEMIA,la bohemia,La bohemia,la bohemia,0,1,1,1
10432736,54301361498e64bc7d22ba7e,19.43373763,-99.14281523,19.434464862105873,-99.14278038971224,81.03768420520151,LA BTK BELLAS ARTES,la btk bellas artes,Bellas Artes,bellas artes,7,0.63,0.5,0.56
11521488,64bafc723c07302ceb7bd811,19.43593471,-99.13386824,19.436045,-99.13406,23.578775841839583,LA BURRA BLANCA DEL 56,la burra blanca del 56,La Burra Blanca del 56,la burra blanca del 56,0,1,1,1
10366264,64ff78b353932260d3e9a09e,19.41634839,-99.16393196,19.416256,-99.16392,10.361175608240618,LA CALLE DE LAS SIRENAS,la calle de las sirenas,La Calle De Las Sirenas CDMX,la calle de las sirenas,0,1,1,1
10366264,4f8a40c0e4b0a95f94b2eec4,19.41634839,-99.16393196,19.41661410112817,-99.16352671374727,51.81778917686896,LA CALLE DE LAS SIRENAS,la calle de las sirenas,La Cueva de las Lobas,la cueva de las lobas,9,0.61,0.43,0.52
9390014,4bb2c183a32876b0011101fe,19.44960055,-99.15988759,19.449724406671994,-99.15995205862168,15.358806457748567,LA CASA AZUL DE SABINO,la casa azul de sabino,La Casa de Toño,la casa de tono,9,0.59,0.5,0.54
9390014,5f66861e96211c741954a5ea,19.44960055,-99.15988759,19.449653,-99.159925,7.036361455338371,LA CASA AZUL DE SABINO,la casa azul de sabino,La Casa Azul Sabino,la casa azul sabino,3,0.86,0.8,0.83
10123457,610b2f37aa4a200857078a69,19.42257249,-99.16873539,19.42262,-99.168812,9.625949127528745,LA CASA COREANA,la casa coreana,La Casa Coreana,la casa coreana,0,1,1,1
11481669,65bfe727ee758434958e5ba0,19.43338182,-99.15080064,19.433398,-99.150697,11.027949429864924,LA CASA DE LA YEYA,la casa de la yeya,La Casa De La Yeya,la casa de la yeya,0,1,1,1
1003120,4b0586fef964a520c47922e3,19.43497442,-99.13251187,19.43497451800238,-99.13229242726015,23.03632799712379,LA CASA DE LAS SIRENAS,la casa de las sirenas,La Casa de las Sirenas,la casa de las sirenas,0,1,1,1
8859783,53ff8986498e03776db55355,19.4385256,-99.15136061,19.438569586890036,-99.15174142933074,40.27496187942622,LA CASA DE LOS ABUELOS,la casa de los abuelos,La Casa de los Abuelos,la casa de los abuelos,0,1,1,1
6317520,502f19bee4b045150a99d8c0,19.42780774,-99.16331268,19.427182836360473,-99.16318026317468,70.9393384532551,LA CASA DE LOS ABUELOS ZONA ROSA,la casa de los abuelos zona rosa,La Casa de los Abuelos,la casa de los abuelos,10,0.69,0.71,0.7
10085274,4cd315f96be6a1436f6a9202,19.41964335,-99.16466214,19.419336644809466,-99.16476474394702,35.801269218614934,LA CASA DE LOS SOLES,la casa de los soles,Fondita La Casa de los Soles,fondita la casa de los soles,8,0.71,0.83,0.77
989254,4c2e5d4d3896e21ee520e290,19.43253853,-99.13739518,19.432576313293385,-99.13746077620064,8.069063420993983,LA CASA DEL PAVO,la casa del pavo,La Casa Del Pavo,la casa del pavo,0,1,1,1
11436025,657e5b9ed6b1050feb3037f0,19.40450734,-99.170357,19.404533,-99.170328,4.175008727992991,LA CASA DEL URUGUAYO,la casa del uruguayo,La Casa De Cortes Uruguayo,la casa de cortes uruguayo,7,0.73,0.5,0.62
877339,55a8090b498eca4757acb12a,19.44842041,-99.15541368,19.448408862718686,-99.15523095023516,19.22376337079016,LA CASA ROSA,la casa rosa,La Casa Rosa,la casa rosa,0,1,1,1
865566,53cc40a3498e3cb77abd4c5b,19.40951876,-99.16581826,19.409698,-99.166019,29.022878721256422,LA CASBAH RESTAURANTE,la casbah,La cashba,la cashba,2,0.78,0.33,0.56
865566,541505a4498eadffcb816e8a,19.40951876,-99.16581826,19.40953,-99.165925,11.276576361848116,LA CASBAH RESTAURANTE,la casbah,La Casbah,la casbah,0,1,1,1
9493697,65f61c77d782057aaa60c82f,19.42190206,-99.15563866,19.421888,-99.15565,1.9664842777881146,LA CASONA DE LOS SANTOS Y DEMONIOS,la casona de los santos y demonios,La Casona De Los Santos Y Demonios,la casona de los santos y demonios,0,1,1,1
9217299,54a2226f498ebe84f500d60f,19.41844717,-99.13805041,19.4184337265748,-99.13805481290952,1.566279666165406,LA CATEDRAL DEL PULQUE,la catedral del pulque,La Catedral Del Pulque,la catedral del pulque,0,1,1,1
6872476,556e1b5e498e8cee5db64a88,19.43490097,-99.14567762,19.43484152670122,-99.14572929361144,8.556441513505273,LA CERVECERIA DE BARRIO ALAMEDA,la cerveceria de barrio alameda,La Cervecería de Barrio,la cerveceria de barrio,8,0.74,0.8,0.77
6872476,4e7fe38155037cce665099e2,19.43490097,-99.14567762,19.43526507806341,-99.14638006999628,84.14604291473215,LA CERVECERIA DE BARRIO ALAMEDA,la cerveceria de barrio alameda,Carrousel De La Alameda,carrousel de la alameda,15,0.52,0.5,0.51
6885572,5430adbc498e34ea4ae0405f,19.41965024,-99.16688302,19.420013640196093,-99.16636502090653,67.778870646495,LA CERVECERIA DE BARRIO CIBELES,la cerveceria de barrio cibeles,Glorieta de la Cibeles,glorieta de la cibeles,15,0.52,0.5,0.51
6885572,50340257e4b047ee91f8982a,19.41965024,-99.16688302,19.41941733498351,-99.16683267027,26.460247364006186,LA CERVECERIA DE BARRIO CIBELES,la cerveceria de barrio cibeles,La Taquería De Barrio,la taqueria de barrio,14,0.55,0.5,0.52
6885572,4ccb2c54aa25a35d7e510c0f,19.41965024,-99.16688302,19.419781380088555,-99.16687751777044,14.609872359127591,LA CERVECERIA DE BARRIO CIBELES,la cerveceria de barrio cibeles,La Cervecería de Barrio,la cerveceria de barrio,8,0.74,0.8,0.77
8738200,576df46e498e5c44385a7f21,19.41100776,-99.17460675,19.41052315211894,-99.1746076396256,53.94638341445156,LA CERVECERIA DE BARRIO CONDESA,la cerveceria de barrio condesa,La Marcha De La Condesa,la marcha de la condesa,12,0.61,0.5,0.55
8738200,4bfef415ca1920a1d81aec81,19.41100776,-99.17460675,19.41105363978403,-99.17450358391626,11.975324060742235,LA CERVECERIA DE BARRIO CONDESA,la cerveceria de barrio condesa,La Cervecería de Barrio,la cerveceria de barrio,8,0.74,0.8,0.77
10464636,658da25863a31a34f2b87e5e,19.41368639,-99.16500879,19.41361,-99.164914,13.090289191944919,LA CHAMPA MX,la champa mx,La Champa,la champa,3,0.75,0.67,0.71
896011,4cf1d60a7bf3b60cbb71627f,19.41445881,-99.15888278,19.41450168328773,-99.15880951536826,9.052369487755536,LA CHICHA,la chicha,La Chicha,la chicha,0,1,1,1
896011,4e8ce877cc217a2e5be1eb5b,19.41445881,-99.15888278,19.414461,-99.158776,11.213453871759128,LA CHICHA,la chicha,Cafeteria La Chica,la chica,1,0.89,0.33,0.61
896011,54bb680e498e84e3e16ac477,19.41445881,-99.15888278,19.414377212524418,-99.15885162353516,9.65443536665339,LA CHICHA,la chicha,La Chica,la chica,1,0.89,0.33,0.61
10083843,639cbab2f9040739f38d1b84,19.42892161,-99.16858404,19.428717,-99.16853,23.472962728801008,LA CHILAKLETA,la chilakleta,La Chilakleta,la chilakleta,0,1,1,1
1020888,4fe649cae4b0e91f09a0d3c6,19.42942248,-99.16706644,19.429427,-99.167157,9.520300325965477,LA CHINAMPA,la chinampa,La Chinampa,la chinampa,0,1,1,1
10559064,63c3790ad123fb716b32c532,19.41398027,-99.16483574,19.41407,-99.16474,14.170802295741137,LA CHINTONERIA,la chintoneria,La Chintonería,la chintoneria,0,1,1,1
890162,4d6d6c62cb0eb1f75608aca0,19.43396567,-99.14915897,19.433320714931053,-99.14921446670456,72.032053378626,LA CHIRINDONGUERIA,la chirindongueria,La Chirindonguería,la chirindongueria,0,1,1,1
891916,5e5092ec1ee1310008456178,19.42801124,-99.13816075,19.427933,-99.13756,63.665899305820446,LA CHOPERIA,la choperia,La Choperia Regina,la choperia regina,7,0.61,0.67,0.64
7732793,511d90d9e4b0a3ad035bcf78,19.42608489,-99.16401243,19.426159119046464,-99.163942894098,11.025875966816045,LA CHOPERIA. RESTAURANT BAR,la choperia bar,La CHOPERIA,la choperia,4,0.73,0.67,0.7
11682862,4ec5860fcc21a1307337377e,19.41620126,-99.16913553,19.41654858579481,-99.16914395607722,38.674249655433904,LA CLANDESTINA,la clandestina,Clandestina,clandestina,3,0.79,0.5,0.64
11682862,4bb2124cf964a52086b63ce3,19.41620126,-99.16913553,19.416442841483164,-99.16919474752233,27.60202687365772,LA CLANDESTINA,la clandestina,La Clandestina,la clandestina,0,1,1,1
892485,4d827aab2976721efac944bc,19.4297037,-99.14438187,19.429956,-99.144464,29.37953252418032,LA COCINITA SAN JUAN,la cocinita san juan,Gastronómica San Juan,gastronomica san juan,8,0.62,0.4,0.51
892485,668b0c31e0a23d0c992e49f3,19.4297037,-99.14438187,19.430199000000002,-99.144684,63.6084881185308,LA COCINITA SAN JUAN,la cocinita san juan,La Catalana De San Juan,la catalana de san juan,9,0.61,0.5,0.55
892485,51c37493498efcc16d078733,19.4297037,-99.14438187,19.429866163032234,-99.1452544927597,93.37593452857348,LA COCINITA SAN JUAN,la cocinita san juan,La Cocina De San Juan,la cocina de san juan,4,0.81,0.5,0.66
892485,4f3ae076e4b04e90d6b951c3,19.4297037,-99.14438187,19.429698413565173,-99.14511529901796,76.99754227007163,LA COCINITA SAN JUAN,la cocinita san juan,La cocinita,la cocinita,9,0.55,0.5,0.52
892485,54fc9e58498eeef60da88ee8,19.4297037,-99.14438187,19.429692,-99.144965,61.230774717008046,LA COCINITA SAN JUAN,la cocinita san juan,La cocinita de San Juan,la cocinita de san juan,3,0.87,0.8,0.84
8625265,5beb37f5bcbf7a15e955e6df,19.41113779,-99.16296618,19.411064,-99.16291,10.11265573143785,LA COTORRA ROMA,la cotorra roma,La Cotorra,la cotorra,5,0.67,0.67,0.67
1017875,587c1c78790bea41dd9aea4e,19.42796275,-99.13600614,19.42814,-99.135985,19.85579580475482,LA CUEVA RESTAURANTE,la cueva,Pulquería La Cueva,pulqueria la cueva,10,0.44,0.67,0.56
1017875,533f63ea498e42e21d4b0d2c,19.42796275,-99.13600614,19.428155848653333,-99.13593477654489,22.76378291412989,LA CUEVA RESTAURANTE,la cueva,la cueva,la cueva,0,1,1,1
888191,536446eb498e43ca26e7ca3f,19.43470517,-99.13599435,19.434962,-99.136021,28.726736265659085,LA CUMBANCHA CAFE Y RESTAURANTE,la cumbancha cafe y,La Cumbacha Cafe&Beer,la cumbacha cafe beer,5,0.76,0.33,0.54
888191,526be56e498e6fb360d8c50d,19.43470517,-99.13599435,19.434475064738336,-99.13612646797928,29.12896038197727,LA CUMBANCHA CAFE Y RESTAURANTE,la cumbancha cafe y,la cumbancha,la cumbancha,7,0.63,0.5,0.56
11755106,5e34e041f798d800088a6838,19.4369283,-99.15388864,19.436985,-99.153786,12.487280620338549,LA DIABLA SNAKS A BERS,la diabla snaks a bers,La Diabla Snacks & Beers,la diabla snacks beers,4,0.82,0.29,0.55
8841959,60cf5b269cf29b2dc410b116,19.43967228,-99.16093758,19.439648,-99.160866,7.985331184147242,LA DIETA DE DON GARNACHO,la dieta de don garnacho,La Dieta De Don Garnacho,la dieta de don garnacho,0,1,1,1
900463,52560429498e0ae37985d67f,19.41225627,-99.14159491,19.412382125854492,-99.14147186279295,19.057360833668557,LA ELEGANCIA,la elegancia,Taqueria La elegancia,taqueria la elegancia,9,0.57,0.67,0.62
10824037,4bbf6d93ba9776b0e31bffc8,19.43070783,-99.13881878,19.430838668344933,-99.13889809751169,16.77703261859474,LA ESQUINA DEL PIBE,la esquina del pibe,La Esquina Del Pibe,la esquina del pibe,0,1,1,1
10824037,55e2211c498e49d8486b056b,19.43070783,-99.13881878,19.430656199904643,-99.13891064374836,11.22656027396392,LA ESQUINA DEL PIBE,la esquina del pibe,La Esquina Del La Musica,la esquina del la musica,8,0.67,0.6,0.64
9548101,4ba3e2fdf964a520436a38e3,19.41065836,-99.17386019,19.410276696623416,-99.17413979363248,51.642009641876435,LA ESQUITERIA,la esquiteria,La Esquina,la esquina,4,0.69,0.33,0.51
9548101,648f684f461b3d46ed425164,19.41065836,-99.17386019,19.410799,-99.173985,20.41631998588766,LA ESQUITERIA,la esquiteria,La Esquiteria,la esquiteria,0,1,1,1
11192970,5137b704e4b00eec8a35c479,19.41820562,-99.15901781,19.41827358473241,-99.15903969024754,7.906845707586957,LA FINESTRA INTERNACIONAL,la finestra internacional,La Finestra,la finestra,14,0.44,0.67,0.56
11324196,552ea546498eb0d30911e16e,19.43241373,-99.13748636,19.432751106191507,-99.13744683240164,37.78508604438702,LA FLACA,la flaca,La Flaca,la flaca,0,1,1,1
10023591,4cba3b0ad78f468875a4bb73,19.42350916,-99.15686251,19.423598212334763,-99.15688763681604,10.258231055048057,LA FLOR DEL SON,la flor del son,La Flor Del Son,la flor del son,0,1,1,1
10023591,4e7e6f179a5217ddf3f40e0b,19.42350916,-99.15686251,19.423533494946227,-99.15694092457046,8.666523456523679,LA FLOR DEL SON,la flor del son,La flor del son,la flor del son,0,1,1,1
1016903,4cc10ff6aa5776b07ab67544,19.43695295,-99.15708984,19.437042371689767,-99.1570238531708,12.127351373901218,LA FOGATA NORTEÑA,la fogata nortena,La Fogata,la fogata,8,0.53,0.67,0.6
998904,50e62324e4b004474b775ea8,19.4320281,-99.12479882,19.431817510270115,-99.12490329659438,25.88154869647822,LA FONDA DEL TIO PEPE,la fonda del tio pepe,La Fonda del Tio Pepe,la fonda del tio pepe,0,1,1,1
7732685,646d4ac199d0f23688d99606,19.42690327,-99.16002003,19.426693,-99.160012,23.422324706905904,LA FONDA OAXAQUEÑA DE GUELACHE,la fonda oaxaquena de guelache,La Fonda Oaxaqueña,la fonda oaxaquena,12,0.6,0.6,0.6
7732685,646d4ac1f73dfa552070502a,19.42690327,-99.16002003,19.426693,-99.160012,23.422324706905904,LA FONDA OAXAQUEÑA DE GUELACHE,la fonda oaxaquena de guelache,La Fonda Oaxaqueña,la fonda oaxaquena,12,0.6,0.6,0.6
897694,4bf730608d30d13a3aa1fe17,19.42379054,-99.1525005,19.423584613746833,-99.15207774592749,49.952794750797686,LA HIJA DE LOS APACHES,la hija de los apaches,La Hija de los Apaches,la hija de los apaches,0,1,1,1
8737759,59d537752632ec14b61b0820,19.42440325,-99.1741551,19.424164760474348,-99.17425103312162,28.39467120703209,LA IMPERIAL,la imperial,La Imperial,la imperial,0,1,1,1
7732672,4b5e0df7f964a520297b29e3,19.42477034,-99.16550071,19.42453832499239,-99.16607812882567,65.89209119078083,LA ISLA DEL DRAGON,la isla del dragon,La Isla del Dragón,la isla del dragon,0,1,1,1
887667,4ba442e2f964a520fb9038e3,19.43450426,-99.13947637,19.43425481240106,-99.13936133177836,30.280706260260303,LA ISLA DEL DRAGON,la isla del dragon,La Isla Del Dragón,la isla del dragon,0,1,1,1
989265,54c456d7498e896848b23d43,19.43283599,-99.1373457,19.432742682542777,-99.13740279061794,11.991979384316668,LA ISLA DEL DRAGON RESTAURANT BAR,la isla del dragon bar,"La Isla Del Dragón, Motolinia, Centro",la isla del dragon motolinia centro,14,0.6,0.57,0.58
989265,52ed975a498e1eb098ec3920,19.43283599,-99.1373457,19.432959798037757,-99.1373955545306,14.742493980823287,LA ISLA DEL DRAGON RESTAURANT BAR,la isla del dragon bar,la isla del dragon,la isla del dragon,4,0.82,0.8,0.81
989265,54c45706498eb66c4d1af02e,19.43283599,-99.1373457,19.433195689215925,-99.13747304837624,42.2143074189337,LA ISLA DEL DRAGON RESTAURANT BAR,la isla del dragon bar,"La Isla Del Dragón, Motolinia, Centro",la isla del dragon motolinia centro,14,0.6,0.57,0.58
1003313,4dbb5610cda109aa6c7f6cad,19.43557096,-99.13388882,19.435540403988483,-99.13388964626414,3.402585375687524,LA ISLA DEL DRAGON RESTAURANTE,la isla del dragon,La Isla del Dragón,la isla del dragon,0,1,1,1
10570790,5077280ee4b0a0ca8a492af9,19.417624,-99.16364359,19.417653771040612,-99.16355374477024,9.997898532057937,LA LUPITA,la lupita,Fonda La Lupita,fonda la lupita,6,0.6,0.67,0.64
10570790,5064630be4b0d85d8d81d551,19.417624,-99.16364359,19.417542,-99.163568,12.095637108884707,LA LUPITA,la lupita,Lupita,lupita,3,0.67,0.5,0.58
9744155,5d1e82bb4dcbca002fe618dd,19.41703613,-99.15953317,19.416899,-99.159455,17.33150752569527,LA MADRE CAFE RESTAURANTE,la madre cafe,Madre Café,madre cafe,3,0.77,0.67,0.72
8904012,4ed930738231efe38de96623,19.44690894,-99.1579896,19.44703363766681,-99.15792034764236,15.669496852211136,LA MALQUERIDA,la malquerida,La Malquerida,la malquerida,0,1,1,1
11357865,629e3100ca22f32b507d3dc0,19.40559133,-99.1594152,19.40568,-99.15933,13.321210568086379,LA MARTINA RESTAURANT,la martina,La Martina,la martina,0,1,1,1
10920595,5ddd9de493ec3900088de08d,19.43172595,-99.12799427,19.431496,-99.12784,30.29081046393249,LA MEXICANA,la mexicana,La Mexicana,la mexicana,0,1,1,1
951369,5070cf74e4b0d7b67f39486f,19.41866417,-99.14454429,19.418711278609145,-99.14461789357723,9.338825018655069,LA MODERNA SEVILLANA,la moderna sevillana,La Nueva Sevillana,la nueva sevillana,5,0.75,0.5,0.62
1028085,4f4571e9e4b058537031bf6c,19.42688484,-99.16486276,19.42693829925471,-99.1647819881768,10.359442825021056,LA MORENA RESTAURANT,la morena,Fonda La Morena,fonda la morena,6,0.6,0.67,0.64
7732359,5179fef7498e0a55e8cc3372,19.41327943,-99.15730792,19.413346105602052,-99.15731507437847,7.460205285588305,LA MORENITA,la morenita,La Morenita,la morenita,0,1,1,1
9916921,51716ae0e4b003c98625396c,19.40778813,-99.1783527,19.407471553313396,-99.1778273970046,65.45130808843913,LA NONA LEONOR,la nona leonor,La Nonna Leonor,la nonna leonor,1,0.93,0.5,0.72
897754,54d54cce498eb27d72553776,19.42077857,-99.15067268,19.4208602533637,-99.15070040442605,9.54744601243406,LA NUEVA CASA DEL ABOGADO,la nueva casa del abogado,La Nueva Casa del Abogado,la nueva casa del abogado,0,1,1,1
1021859,631e197480f6143280ebdfd2,19.42945942,-99.16906308,19.429215,-99.168855,34.8924882038055,LA NUEVA CUBA,la nueva cuba,La Gran Cuba,la gran cuba,5,0.62,0.5,0.56
1021859,4bf8319d8d30d13ab2530018,19.42945942,-99.16906308,19.429436442502215,-99.16903686633098,3.757071135985516,LA NUEVA CUBA,la nueva cuba,La Nueva Cuba,la nueva cuba,0,1,1,1
7756105,5bc121eccf72a0002cd99b19,19.42493039,-99.13955451,19.424998,-99.139481,10.779703899125941,LA OFICINA,la oficina,La Oficina De Juve,la oficina de juve,8,0.56,0.5,0.53
8327713,4c51e46494790f4727f3cca1,19.41410804,-99.16291356,19.41403559421554,-99.16272986985484,20.90391235542904,LA PARNITA,la parnita,El Parnita,el parnita,2,0.8,0.33,0.57
864575,57ec47ba498eb5fd39222d04,19.40812204,-99.16546793,19.408123361002044,-99.165437578671,3.1900932116724827,LA PARRILLITA ROMA,la parrillita roma,La Parrillita Roma,la parrillita roma,0,1,1,1
6881961,525ee69811d203373ea9ab18,19.4355667,-99.13377244,19.435495600732366,-99.13387170911024,13.08578905498771,LA PARROQUIA DE VERACRUZ BRASIL,la parroquia de veracruz brasil,La Parroquia de Veracruz,la parroquia de veracruz,7,0.77,0.8,0.78
1040294,4f29ac65e4b0eb70d5881224,19.42925567,-99.14253483,19.42941252695889,-99.1425886324313,18.352024213822837,LA PASTA LOCA,la pasta loca,Pasta Loca,pasta loca,3,0.77,0.67,0.72
872109,615d0266066569137ab6e9c0,19.44753809,-99.16250044,19.44752,-99.162523,3.108552697433054,LA PATRONA,la patrona,La Patrona,la patrona,0,1,1,1
10692912,657e716bbdab9c62199965f6,19.4095489,-99.17551769,19.409573,-99.175466,6.05397729758849,LA PERLA NEGRA,la perla negra,La Perla Negra,la perla negra,0,1,1,1
1027933,5268333011d2388e8f6c025e,19.42062108,-99.1673256,19.42072528299096,-99.16735279439524,11.946006498385737,LA PIPORRA,la piporra,LA PIPORRA PRE,la piporra pre,4,0.71,0.67,0.69
8327504,56531cfb498eec7fb0727315,19.41502557,-99.15877984,19.415037,-99.158746,3.773808090778143,LA PITAHAYA VEGANA,la pitahaya vegana,La Pitahaya,la pitahaya,7,0.61,0.67,0.64
11534467,68460f62d805ba1effda94ce,19.41674,-99.1636132,19.416666,-99.163584,8.789596632738197,LA PLANTISQUERIA,la plantisqueria,La Plantisquería,la plantisqueria,0,1,1,1
8485080,4d7e9059e7e1721eeeb4e20b,19.45920535,-99.12760699,19.45918269218865,-99.1281779426528,59.980707600832375,LA POBLANITA,la poblanita,Restaurante La Poblanita,la poblanita,0,1,1,1
8625882,5d4e198d0109270008219219,19.41494192,-99.15899348,19.415004,-99.159011,7.151322445960139,LA PRINCIPAL,la principal,La Principal,la principal,0,1,1,1
10741019,4ed92c2eb8f7fcd03ec3c698,19.41973035,-99.16785892,19.41907304765201,-99.16820321627264,81.61187921736237,LA PROSPERIDAD,la prosperidad,La Fuente de la Prosperidad,la fuente de la prosperidad,13,0.52,0.5,0.51
10741019,53252bed498ebe5360aaccde,19.41973035,-99.16785892,19.41973718318498,-99.16777802341332,8.527031278316246,LA PROSPERIDAD,la prosperidad,La Proxeria,la proxeria,4,0.71,0.33,0.52
1001621,550e82ae498ea3cffdce4ec8,19.4373629,-99.13901225,19.437546,-99.138955,21.25013331390712,LA PURI,la puri,la Puri chiquita,la puri chiquita,9,0.44,0.67,0.56
897643,4e77cac3d4c0b42f2c1b9d11,19.42544953,-99.15357778,19.425176358427414,-99.15368763011604,32.522641089426976,LA RAMBLA,la rambla,La Rambla,la rambla,0,1,1,1
10948728,4b7d968df964a5206bc82fe3,19.40581945,-99.17347716,19.406086627389534,-99.17382531879342,47.12598410508554,LA RAMBLA,la rambla,La Rambla,la rambla,0,1,1,1
1031209,4f1b2d22e4b0065cba8acf72,19.42592472,-99.12883772,19.42589191063838,-99.12805365495656,82.39396824771487,LA REINA DE SAN PABLO,la reina de san pablo,La reyna de san pablo,la reyna de san pablo,1,0.95,0.67,0.81
11759496,5be79b864aa3f8002c68d911,19.43322537,-99.14431773,19.433333984114363,-99.14422625001298,15.44063979503577,LA RESERVA DE LA CASA,la reserva de la casa,La Reserva de la Casa,la reserva de la casa,0,1,1,1
7732735,5baee8ab345cbe0039f80b34,19.42628137,-99.16438067,19.426458,-99.16429,21.845240243647673,LA REZONGONA,la rezongona,La Rezongona,la rezongona,0,1,1,1
896192,4f591de6e4b09376482bedae,19.41380924,-99.17941287,19.41381074118604,-99.17952189516603,11.447788387378454,LA SARTEN,la sarten,La Sarten,la sarten,0,1,1,1
6318216,4c606dcf832fa5938ca7efd3,19.43599423,-99.1527048,19.4360932770421,-99.1530963681209,42.5582515662529,LA SOLDADERA,la soldadera,La Soldadera,la soldadera,0,1,1,1
1020908,4c80065251ada1cdb5fb0510,19.42749972,-99.17440055,19.427492638059007,-99.1744431103632,4.537060008742279,LA SOPA ALEGRE,la sopa alegre,La sopa alegre,la sopa alegre,0,1,1,1
9983618,508af60c498edfd6844c81e7,19.42798158,-99.13600365,19.428258522903437,-99.13589736514494,32.78619148323116,LA SORIANITA,la sorianita,la surianita,la surianita,1,0.92,0.33,0.62
9983618,4e87c585dab452adcbfb2998,19.42798158,-99.13600365,19.428231817467704,-99.1359544136579,28.331804531285545,LA SORIANITA,la sorianita,La Zurianita,la zurianita,2,0.83,0.33,0.58
877315,4e94ae4393ad0ca7b07f339a,19.44798015,-99.15424136,19.448076270387528,-99.15414274697548,14.887552243984773,LA SUPER COCINA,la super cocina,Super Cocina,super cocina,3,0.8,0.67,0.74
7743798,4d90febfd4ec8cfa6f09b089,19.44640081,-99.14734367,19.44661603089977,-99.14716393747608,30.494888953139125,LA SUPERIOR,la superior,La Superior,la superior,0,1,1,1
9768137,5e5eec5f7aa26f00078af04c,19.44673226,-99.15672155,19.446807,-99.156708,8.440718482124925,LA TABERNA PARRILLA URBANA,la taberna parrilla urbana,La Taberna Parilla Urbana,la taberna parilla urbana,1,0.96,0.6,0.78
6751484,5b08a0bf974617002c42636c,19.41495091,-99.17791038,19.414968,-99.177868,4.8391044272671735,LA TASQUITA DE JAMON,la tasquita de jamon,La Tasquita Del Jamon,la tasquita del jamon,1,0.95,0.6,0.77
1029485,4bd10530b221c9b62bfed4d0,19.41987156,-99.16553578,19.420018804620323,-99.16558328080848,17.13303155754628,LA TECLA RESTAURANTE,la tecla,La Tecla,la tecla,0,1,1,1
10737375,5e55bf1bff47de000854fbf9,19.42404946,-99.15283006,19.42415,-99.15352,73.29190288744753,LA TERCERA CAIDA,la tercera caida,La 3Ra Caída,la 3ra caida,5,0.69,0.5,0.6
10457370,664d8bd29eaa956fe5d63209,19.42449279,-99.16478664,19.424661,-99.16476,18.93275941357498,LA TERRAZA AMBERES,la terraza amberes,La Terraza De Amberes,la terraza de amberes,3,0.86,0.75,0.8
956192,56e433cf498edbe68855d344,19.41486135,-99.15315575,19.414922031002952,-99.15260152063313,58.57901262100654,LA TIA DEL FIGUE,la tia del figue,La Tía Del Figue,la tia del figue,0,1,1,1
11369601,65f635115fb3662211b03476,19.4198711,-99.16817683,19.419962,-99.167966,24.337576829787697,LA TITIRITERA,la titiritera,La Titiritera,la titiritera,0,1,1,1
1011462,4cd86fe651fc8cfa2986e95d,19.4409185,-99.16085041,19.441000464283626,-99.16086285116108,9.217213218561186,LA TORTUGUESA,la tortuguesa,La Tortugueza,la tortugueza,1,0.92,0.33,0.62
10222482,5cc370b26fd626002ca23243,19.41448259,-99.17029087,19.414529,-99.170296,5.194336413262779,LA TOTOABA,la totoaba,La Totoaba,la totoaba,0,1,1,1
11168135,5841f5e7158bbb7cc175c202,19.41438894,-99.1471389,19.414285,-99.147169,11.99434865705795,LA TRADICIONAL DE HIDALGO,la tradicional de hidalgo,La Tradicional Hidalgo,la tradicional hidalgo,3,0.88,0.75,0.81
11168135,584cbfe7ed0a3236a5a6a4a8,19.41438894,-99.1471389,19.414411,-99.147352,22.50768635616668,LA TRADICIONAL DE HIDALGO,la tradicional de hidalgo,La Tradicional Hidalgo Restaurant-Bar,la tradicional hidalgo bar,7,0.73,0.6,0.66
11173013,65092a19b274b731956a77ac,19.42604775,-99.16561601,19.426361,-99.16568,35.512022686404364,LA TROMPERIA,la tromperia,La Tromperia,la tromperia,0,1,1,1
658391,4d057ddb37036dcb960d17fb,19.40736656,-99.15522252,19.407487599641566,-99.15527110014412,14.407188931345791,LA VACA NEGRA,la vaca negra,La Vaca Negra,la vaca negra,0,1,1,1
6258334,4be9bdb6a9900f4782b11540,19.40646099,-99.1720929,19.40660370775144,-99.17209879819336,15.899332489952995,LA VID ARGENTINA CONDESA,la vid argentina condesa,La Vid Argentina,la vid argentina,8,0.67,0.75,0.71
9979762,667f75a93c608428e87bc295,19.42638915,-99.16624208,19.426241,-99.166185,17.54691047484738,LA VIE EN ROSE,la vie en rose,La Vie En Rose,la vie en rose,0,1,1,1
10215711,50256087e4b06fdd851f4013,19.43307373,-99.14513504,19.433284738618948,-99.14505459565582,24.961294213890714,LA VITRINA,la vitrina,La Vitrina,la vitrina,0,1,1,1
8326755,5536b2c7498edae8f3c67a29,19.42000933,-99.16690759,19.420195766592983,-99.1668462753296,21.729404041378015,LA ZARANDA MIRAVALLE,la zaranda miravalle,La Zaranda Miravalle,la zaranda miravalle,0,1,1,1
10953042,544f07d4498e66ddab074c3f,19.41518909,-99.16312213,19.415388617540508,-99.16237722925553,81.29946713689392,LALO,lalo,Lalo!,lalo,0,1,1,1
895504,654eac251503421284884aef,19.42704572,-99.16310389,19.426907,-99.163158,16.453920341446295,LALO LALITA,lalo lalita,Lalo Lalita,lalo lalita,0,1,1,1
878866,50a18ddee4b0bbf7781cba33,19.44597218,-99.14664737,19.44595577364416,-99.14615184035095,52.04748783022496,LAS BRISAS,las brisas,Café Restaurante Las Brisas,cafe las brisas,5,0.67,0.67,0.67
658865,4bb7fdf2b35776b09583c801,19.4276724,-99.13514966,19.42768464768656,-99.13526555971976,12.243440627293452,LAS CANALLAS,las canallas,Los Canallas,los canallas,1,0.92,0.33,0.62
1020866,4e453da3aeb70e74f4833a5e,19.43373951,-99.16682095,19.433734924361403,-99.16644344180554,39.63306923417698,LAS CASEROLAS,las caserolas,Las Cacerolas,las cacerolas,1,0.92,0.33,0.62
1026563,53348c44498e0f06ce29fced,19.42573493,-99.17454383,19.425981378515385,-99.17423509984148,42.463401209182706,LAS CAZUELAS DE FRIDA,las cazuelas de frida,Las Cazuelas de Frida,las cazuelas de frida,0,1,1,1
8131586,63ea91d628ab8a613e5d8c19,19.42282138,-99.17170246,19.42291,-99.171563,17.654545459539396,LAS CAZUELAS DE SANTIAGO,las cazuelas de santiago,Los Cazuelasos De Santiago,los cazuelasos de santiago,3,0.88,0.33,0.6
863917,4bba37ff53649c74c1c648fb,19.41394193,-99.16061624,19.41404767441424,-99.16083042292576,25.381777048730516,LAS COSTILLAS DE SAN LUIS,las costillas de san luis,Las Costillas De San Luis,las costillas de san luis,0,1,1,1
863917,6445de6542d3e202b067a554,19.41394193,-99.16061624,19.4141,-99.160069,60.088895915807925,LAS COSTILLAS DE SAN LUIS,las costillas de san luis,Las Originales De San Luis,las originales de san luis,7,0.73,0.67,0.7
11369153,521cd98311d20a0c2a112d1d,19.40458265,-99.13151239,19.404965600070756,-99.13179888176576,52.17409332363489,LAS DELICIAS,las delicias,Las Delicias,las delicias,0,1,1,1
11207043,4d717685899d5481cf6476bc,19.41594134,-99.16204979,19.415798085205864,-99.1620608268369,15.989093657709644,LAS FLAUTAS,las flautas,Las Flautas,las flautas,0,1,1,1
865168,4ec830548b81dcfdc4575691,19.44683828,-99.14539802,19.447169305717985,-99.1446558786102,86.17746575434367,LAS MARGARITAS,las margaritas,Fonda Las Margaritas,fonda las margaritas,6,0.7,0.67,0.69
9515913,619861757e54ba6bdae1c388,19.44300236,-99.16390519,19.44307,-99.16402,14.210571033377327,LAS MEZCALITAS,las mezcalitas,Las Mezclalitas,las mezclalitas,1,0.93,0.33,0.63
11610157,6611f5c0b36b0a031123a0bd,19.4140631,-99.16441382,19.414193,-99.164544,19.89739348306263,LAS MICHIS,las michis,Las Miches,las miches,1,0.9,0.33,0.62
11588354,5716fb07498e9e934452127e,19.41200811,-99.15812609,19.41201161705841,-99.15814068639833,1.5814411962587684,LAS MUSAS DE PAPA SIBARITA,las musas de papa sibarita,Las Musas de Papá Sibarita,las musas de papa sibarita,0,1,1,1
9316155,512a7a36e4b0522e635f5c83,19.41823707,-99.14073765,19.41831097892842,-99.14067880315426,10.288906909677642,LAS NUEVAS GALIAS,las nuevas galias,Las Nuevas Galias,las nuevas galias,0,1,1,1
11313475,653548ae236ed03484abeaab,19.43334721,-99.16151891,19.433501,-99.161716,26.854514511578124,LAS NUNS ALIMENTOS,las nuns alimentos,Las Nuns,las nuns,10,0.44,0.67,0.56
11144979,4bba37ff53649c74c1c648fb,19.41408277,-99.16009457,19.41404767441424,-99.16083042292576,77.35590730784871,LAS ORIGINALES DE SAN LUIS,las originales de san luis,Las Costillas De San Luis,las costillas de san luis,7,0.73,0.67,0.7
11144979,6445de6542d3e202b067a554,19.41408277,-99.16009457,19.4141,-99.160069,3.2993787111886697,LAS ORIGINALES DE SAN LUIS,las originales de san luis,Las Originales De San Luis,las originales de san luis,0,1,1,1
9735630,65ba9e61f7a4ac0fb9fb8606,19.41445705,-99.15738589,19.414439,-99.157283,10.987678304030409,LAWA SOCIAL CLUB,lawa social club,Lawa Social Club,lawa social club,0,1,1,1
10136438,4e4eec46ae6051db8dc51e3e,19.41198016,-99.15812026,19.411932314345155,-99.15814543004392,5.945708129177491,LE GUTIE,le gutie,Le gutie,le gutie,0,1,1,1
682997,4bb8c76db35776b0f135c901,19.41438956,-99.16667069,19.414406844255804,-99.16653657118128,14.21195108425709,LE PAIN QUOTIDIEN CONDESA,le pain quotidien condesa,Le Pain Quotidien,le pain quotidien,8,0.68,0.75,0.72
8737710,56907004498ed86bf4a0fd0f,19.4175404,-99.16407278,19.417727202336756,-99.16389959568346,27.622714738750286,LE PAIN QUOTIDIEN ROMA,le pain quotidien roma,Le Pain Quotidien,le pain quotidien,5,0.77,0.75,0.76
865368,51e74d97b589015da53f4264,19.41449958,-99.16743782,19.414552345669133,-99.16742121053544,6.127234322086175,LEGION AMERICANA,legion americana,Legión Americana,legion americana,0,1,1,1
896245,5df8f02272260000086d7694,19.41299066,-99.17849241,19.412943,-99.178063,45.395155598097034,LLENA ERES DE GRACIA,llena eres de gracia,Llena Eres De Gracia,llena eres de gracia,0,1,1,1
11252650,65dadd4409cd6f7534050535,19.42856966,-99.15527798,19.428643,-99.155271,8.196989654629823,LLEVE CHEVE,lleve cheve,Lleve Cheve,lleve cheve,0,1,1,1
1029139,4d4a280783eda1cd09e7afb1,19.42535083,-99.15390057,19.42499099319133,-99.15443511870032,68.94801624896925,LON HANG,lon hang,Long Hang,long hang,1,0.89,0.33,0.61
863082,4d23940814f2b1f7ed2767be,19.41546497,-99.16371313,19.41551824287343,-99.16368076286038,6.834932380302627,LONCHERIA ARA,loncheria ara,Loncheria Ara,loncheria ara,0,1,1,1
1021640,4ebadd5093ad227bad4a1035,19.43230784,-99.16686225,19.432372271436343,-99.1669726371007,13.62833901770284,LONCHERIA EL MISTER,loncheria el mister,El Mister,el mister,10,0.47,0.67,0.57
1028645,57603cc9498ece8b2e684db8,19.42321034,-99.15877915,19.423195,-99.159195,43.69101499942593,LONCHERIA FLORES,loncheria flores,Loncheria Flores,loncheria flores,0,1,1,1
958678,54aafbbf498ee8be999fd305,19.40659206,-99.15153378,19.406662,-99.151512,8.114572464711133,LONCHERIA LA LICHITA,loncheria la lichita,Loncheria La Gloria,loncheria la gloria,5,0.75,0.5,0.62
1016875,4de6cbbcd164402a0f19e630,19.43722039,-99.1540875,19.4372440311518,-99.1539914681489,10.418800763554724,LONCHERIA LA OAXAQUEÑA,loncheria la oaxaquena,La Oaxaqueña,la oaxaquena,10,0.55,0.67,0.61
990851,4f1ee3e7e5e880a1d23d32c3,19.43678816,-99.13947604,19.43718877181345,-99.13914442062378,56.57434134579144,LONCHERIA LUPITA,loncheria lupita,Loncheria Lupita,loncheria lupita,0,1,1,1
863833,4d39b2b781258cfa60f89d5f,19.41435203,-99.16293686,19.414407605179512,-99.16298609520145,8.061921936277802,LONCHERIA MELI,loncheria meli,Loncheria Mely,loncheria mely,1,0.93,0.33,0.63
10998752,61bd16cea1922932bbfe9989,19.43501192,-99.14693616,19.435102,-99.146954,10.201042213988405,LONCHERIA PELTRE,loncheria peltre,Peltre Loncheria,peltre loncheria,14,0.12,1,0.56
8327088,6183305c09a9ca28da4b9a06,19.4140631,-99.16441382,19.414156,-99.164586,20.826242971775468,LORD BUDDHA,lord buddha,Lord Buddha,lord buddha,0,1,1,1
1029032,4e5076871495fc2ca40ed99a,19.4237341,-99.16394183,19.42346207507185,-99.16387311044213,31.129216302671352,LOS 3 GALLOS RESTAURANTE BAR,los 3 gallos bar,Los 3 Gallos,los 3 gallos,4,0.75,0.75,0.75
10528431,4e2c3d2bfa76bbf847e14662,19.4276594,-99.13573216,19.427764024292856,-99.13574863321834,11.774417357315999,LOS ARCOS DE REGINA,los arcos de regina,Barbacoa de regina,barbacoa de regina,6,0.68,0.4,0.54
10528431,50e79c06e4b0124eb6121b87,19.4276594,-99.13573216,19.4277406921064,-99.13578726314309,10.740362851200342,LOS ARCOS DE REGINA,los arcos de regina,Los Arcos De Regina,los arcos de regina,0,1,1,1
10571219,64543313693e945ed79a91de,19.42386231,-99.15300307,19.423975,-99.15313,18.30130231384024,LOS ARTISTAS,los artistas,Los Artistas Del Sabor,los artistas del sabor,10,0.55,0.5,0.52
893661,4c070af78b4520a1446d8697,19.44827248,-99.15270964,19.44805395869986,-99.15283547798934,27.68059251540083,LOS BISQUETS DE OBREGON,los bisquets de obregon,Los Bisquets Bisquets Obregón,los bisquets bisquets obregon,7,0.76,0.75,0.76
6318232,4c54db3d1b46c9b644a138cf,19.44047412,-99.15785096,19.44079299933665,-99.15798605104015,38.225240664733704,LOS BISQUETS DE OBREGON,los bisquets de obregon,Los Bisquets Bisquets Obregón,los bisquets bisquets obregon,7,0.76,0.75,0.76
6318037,4dace81304370a776f63eebf,19.43356842,-99.13759749,19.433720063644273,-99.13790279486425,36.223927180000594,LOS BISQUETS DE OBREGON,los bisquets de obregon,Los Bisquets Bisquets Obregón,los bisquets bisquets obregon,7,0.76,0.75,0.76
6317022,4bcbb1d2cc8cd13a04f8bfcf,19.41856865,-99.15715989,19.41854,-99.157139,3.870619561827048,LOS BISQUETS OBREGÓN,los bisquets obregon,Los Bisquets Bisquets Obregón,los bisquets bisquets obregon,9,0.69,1,0.84
867234,4e125d14d1647a0fff895295,19.40954443,-99.1788988,19.40973522084185,-99.17889682949372,21.239747004149606,LOS CEREZOS,los cerezos,Los Cerezos,los cerezos,0,1,1,1
863256,4bb8ce23b35776b0f43ec901,19.41801226,-99.15711971,19.418112826538,-99.15716973603068,12.365798224083708,LOS CHAMORROS DE MERIDA,los chamorros de merida,Los Chamorros,los chamorros,10,0.57,0.5,0.53
876027,4fc9282be4b0114e3d12559a,19.40838023,-99.14380817,19.40856,-99.143786,20.146825085575117,LOS CONCHITOS,los conchitos,Los Conchitos,los conchitos,0,1,1,1
10310009,5173102ae4b0c13e7f001c5c,19.44093651,-99.13913156,19.441516741832658,-99.13893766646513,67.72204780645002,LOS GORDOS,los gordos,Los Gordos,los gordos,0,1,1,1
10310009,55b44200498e8431c00fdf25,19.44093651,-99.13913156,19.44076156616211,-99.13836669921876,82.61757422627336,LOS GORDOS,los gordos,Los Toños,los tonos,3,0.7,0.33,0.52
10818186,5173102ae4b0c13e7f001c5c,19.44093651,-99.13913156,19.441516741832658,-99.13893766646513,67.72204780645002,LOS GORDOS III,los gordos iii,Los Gordos,los gordos,4,0.71,0.67,0.69
1020165,4bc9d6a8937ca5934865a692,19.43263155,-99.16275529,19.432733256649147,-99.16270698198312,12.405805206303773,LOS HUEVITOS Y HOT CAKES,los huevitos y hot cakes,Huevitos & Hot-Cakes,huevitos hot cakes,6,0.75,0.6,0.68
1020165,4ca3d87bf832a1cded3fa1e5,19.43263155,-99.16275529,19.432759,-99.162685,15.991814161325815,LOS HUEVITOS Y HOT CAKES,los huevitos y hot cakes,Los huevitos y algo mas,los huevitos y algo mas,7,0.71,0.43,0.57
7732072,4c130d89a5eb76b0bd6bbfb7,19.41901742,-99.16424437,19.41934220263773,-99.16411072038656,38.78193976977235,LOS INSURGENTES,los insurgentes,Pulqueria Los Insurgentes,pulqueria los insurgentes,10,0.6,0.67,0.64
8625480,50805e75e4b03eedbcd7b04c,19.41898217,-99.1746662,19.419104744085704,-99.17449466325137,22.59447226605163,LOS LOOSERS,los loosers,Los Loosers,los loosers,0,1,1,1
10490766,604402ec0bad99085e86e11e,19.4118651,-99.16007684,19.41183,-99.16039,33.110468700981926,LOS SABORES DE MAMI LUZ,los sabores de mami luz,Los Sabores De Mami Luz,los sabores de mami luz,0,1,1,1
892509,65d3e6e7ac5c1b349968ea18,19.4297037,-99.14438187,19.430032,-99.144862,62.258984012336434,LOS SIRENOS,los sirenos,Los Sirenos Mariscos,los sirenos mariscos,9,0.55,0.67,0.61
1011685,5ace8642e96d0c627ee62d13,19.44227418,-99.16214177,19.44199,-99.16192,39.27720637614929,LOS TRES BUHOS,los tres buhos,Los Tres Búhos,los tres buhos,0,1,1,1
11416840,6078e75005ecf619adb2ff94,19.41291243,-99.16638198,19.413203784881983,-99.16633129119872,32.867195179741934,LOS TRITONES,los tritones,Los Tritones,los tritones,0,1,1,1
11416840,6078eb7c1470a50b63b194f8,19.41291243,-99.16638198,19.413095,-99.16632,21.339960896047614,LOS TRITONES,los tritones,Los Tritones,los tritones,0,1,1,1
8626055,62d1b91a64825d4c1ed87ef6,19.41330701,-99.16503338,19.413504,-99.164874,27.58403821616585,LOS TURCOS,los turcos,Los Turcos,los turcos,0,1,1,1
866797,4b058704f964a520767b22e3,19.41431625,-99.17352093,19.41448337877349,-99.17351529695274,18.614087598665424,LOS URUGUAYOS RESTAURANTE,los uruguayos,Los Uruguayos,los uruguayos,0,1,1,1
11046954,64e03a2ca87c860eb6a81581,19.44981711,-99.14162155,19.449813,-99.141585,3.8637238366600144,LOS VALES,los vales,Los Vales Drinks,los vales drinks,7,0.56,0.67,0.62
10148285,6713efb6422f7469bf291b75,19.42798297,-99.14717058,19.427776,-99.14719,23.12982021348031,LOUISES CHEF,louises chef,Louises Chef,louises chef,0,1,1,1
10258211,63b89fd1ed177b797e2c7991,19.42302279,-99.17159994,19.423054,-99.171636,5.138324757353476,LU BAR LU BA,lu bar lu ba,Lu Bar Lu Ba,lu bar lu ba,0,1,1,1
1043678,4b058702f964a5200a7b22e3,19.42672461,-99.16250479,19.426852836973264,-99.162653655132,21.16577327341093,LUAU,luau,Luau,luau,0,1,1,1
1012146,5b241eec0dd31f002428aea2,19.43691832,-99.16545449,19.437138,-99.165289,29.9971461409342,LUCKY PAUL,lucky paul,Lucky Paul’s,lucky paul s,2,0.83,0.67,0.75
10396833,632cb72acaeb105ec42404d7,19.42836114,-99.16896054,19.428447,-99.168721,26.902212460396736,LUCKY SUSHI,lucky sushi,Lucky Sushi,lucky sushi,0,1,1,1
657849,50b00c35e4b0029e74c4d528,19.41715395,-99.15956154,19.417295754077713,-99.15956876913,15.803792911577712,MACELLERIA ROMA,macelleria roma,Macelleria,macelleria,5,0.67,0.5,0.58
9114399,5c106ff14ac28a002cc281f1,19.42738127,-99.17134941,19.427312918999696,-99.17141030017704,9.93759425510209,MAIKAI POKE,maikai poke,Maikai Poke & Ramen,maikai poke ramen,6,0.65,0.67,0.66
9428148,50f0da09e4b0f8af162cb76d,19.4206507,-99.16334611,19.42069561264932,-99.16343345564653,10.444437037163475,MAISON ARTEMISIA,maison artemisia,Maison Artemisia,maison artemisia,0,1,1,1
10702640,64fb8159a3a483005419b36c,19.43086828,-99.15123261,19.430752,-99.151424,23.900629101648004,MAKAN,makan,Makan,makan,0,1,1,1
11373816,6119c75b165dfa28b0c20b5b,19.42378931,-99.15557819,19.424053,-99.15531,40.67410847354481,MAL DE CRUZ,mal de cruz,Mal De Cruz,mal de cruz,0,1,1,1
10437390,627ade5c5069294af39d38bc,19.41280713,-99.16301898,19.412824,-99.16291,11.594987315630599,MALT BUNNY,malt bunny,Malt Bunny,malt bunny,0,1,1,1
10772568,6552c9c023c23a1abd614ebc,19.42077547,-99.16658587,19.420832,-99.16663,7.8144297321193505,MAMACITA BURRITOS,mamacita burritos,Mamasita Burritos,mamasita burritos,1,0.94,0.33,0.64
10284385,6121716d6c373f6302a3408f,19.42872494,-99.17309241,19.428851,-99.173179,16.71993058068708,MAMMA RICOTTA,mamma ricotta,Mamma Ricotta,mamma ricotta,0,1,1,1
8368270,57f5b5fc498eee91a4278250,19.402741,-99.16863361,19.402878,-99.168585,16.08216266770475,MANO A MANO,mano a mano,Mano a mano,mano a mano,0,1,1,1
10272624,63cb90644af6473fd84dc489,19.40299181,-99.16935988,19.402844,-99.169429,17.9835606821384,MANO SANTA COCKTAIL CLUB,mano santa cocktail club,Mezcal México Cocktail Club,mezcal cocktail club,8,0.67,0.4,0.54
11397027,5ac6e22791eaca223454794d,19.40299181,-99.16935988,19.403025,-99.169253,11.814657273837478,MANO SANTA COCKTEL,mano santa cocktel,Mano Santa,mano santa,8,0.56,0.67,0.62
895875,551caefb498e1babab87df3d,19.4198588,-99.16418753,19.41951936645167,-99.16421172707234,37.87086905554153,MANO SANTA MEZCAL,mano santa mezcal,Mezcal Artesanal Mano Santa,mezcal artesanal mano santa,19,0.3,0.75,0.52
894828,4db5d6d46a23c31a0332e2c9,19.42311418,-99.16674654,19.423019466790063,-99.16675099984911,10.553817418963993,MAPO GAL BI,mapo gal bi,Ma Po Gal Bi,ma po gal bi,1,0.92,0.4,0.66
894828,4df17518fa76abc3d8647301,19.42311418,-99.16674654,19.423131347984427,-99.16679933667184,5.86303658093329,MAPO GAL BI,mapo gal bi,Mapo galbi,mapo galbi,1,0.91,0.25,0.58
11332207,610d9ecb62793641c2ceb9b7,19.443756,-99.15949436,19.443768,-99.159515,2.545308528922239,MAR Y FUEGO,mar y fuego,Mar De Fuego,mar de fuego,2,0.83,0.5,0.66
896286,5bb5273a47f876002c46374d,19.4117415,-99.174985,19.411749,-99.175011,2.854600276174157,MARISCO EL MAVIRI,marisco el maviri,El Maviri,el maviri,8,0.53,0.67,0.6
11329201,52a79c5b11d29b50ea64b18e,19.41481867,-99.16408304,19.41479813919429,-99.16400113602144,8.897596081057742,MARLINDO RESTAURANTE,marlindo,Marlindo,marlindo,0,1,1,1
10913135,5db45f6debb0260009d695af,19.42474661,-99.16056113,19.424807,-99.160561,6.722597902670101,MASALA Y MAIZ MOM,masala y maiz mom,Masala & Maíz,masala maiz,6,0.65,0.5,0.58
11401588,632b65edd8c9e1760c86147a,19.44065038,-99.16591158,19.440777,-99.166173,30.85026778635132,MASALE,masale,Masale,masale,0,1,1,1
9467637,5494cd8c498e91080c1ba119,19.43303309,-99.14315608,19.433164021920344,-99.14316476080208,14.60373524369573,MATSU SON,matsu son,MATSU,matsu,4,0.56,0.5,0.53
11136769,634a208e21eddc35062304dc,19.42767321,-99.15904868,19.427679,-99.159199,15.793930016991643,MAZA BISTROT,maza bistrot,Maza Bistrot,maza bistrot,0,1,1,1
11136769,64fd04031cd17e7c7678d0c2,19.42767321,-99.15904868,19.427806,-99.158663,43.10313943789967,MAZA BISTROT,maza bistrot,Melina Bistrot,melina bistrot,4,0.71,0.33,0.52
8007223,59584a9cdb1d8148fe3e755d,19.45090831,-99.15915465,19.450917319253097,-99.1590766208343,8.251596215666508,MERCADO MORISCO,mercado morisco,Mercado Morisco,mercado morisco,0,1,1,1
9752601,64079c14eb933748de42c687,19.42273828,-99.15679988,19.422726,-99.157009,21.996852688563894,MERIDA 50,merida 50,Restaurante Mérida 50,merida 50,0,1,1,1
11118841,598a3308f96b2c03ccf9b5dd,19.41998486,-99.15912432,19.42004637314272,-99.15907958919745,8.303208830073512,MEROMA RESTAURANTE,meroma,Meroma,meroma,0,1,1,1
1030266,4c61d75cec94a5930ced27ca,19.43282368,-99.1487044,19.432692358153457,-99.14873736136802,15.02261388144813,MESON DEL CID,meson del cid,Mesón del Cid,meson del cid,0,1,1,1
9542066,51c3c5ed498ea045451f039b,19.41605129,-99.16616409,19.416008837357065,-99.16615195459528,4.894540761276333,MESTIZO,mestizo,Mestizo,mestizo,0,1,1,1
11078709,631e95f88f12aa2492513123,19.41739283,-99.16315069,19.417513,-99.162865,32.84187943746469,MEXA COCINA,mexa cocina,Mexa Cocina del Alma,mexa cocina del alma,9,0.55,0.5,0.52
6711209,4bf735255ec320a18eac86d3,19.41494192,-99.15899348,19.41496888367751,-99.15895842992636,4.748796150259875,MEZCALERIA LA BOTICA,mezcaleria la botica,La Botica,la botica,11,0.45,0.67,0.56
8337067,5558ea6a498e6c7f9eae3411,19.43631994,-99.14616818,19.436342800515895,-99.14627535095912,11.5345638820638,MEZCALERIA MUNDANA,mezcaleria mundana,Mundana Mezcaleria,mundana mezcaleria,14,0.22,1,0.61
877517,5b625c5df96b2c002ceee50f,19.44005368,-99.15440137,19.440127,-99.154388,8.281735020799292,MI DESPACHO,mi despacho,Cantina Mi Despacho,cantina mi despacho,8,0.58,0.67,0.62
992927,4ca25506d7c337044b6b9762,19.43079366,-99.14449261,19.430741615828435,-99.14435039034504,16.014775339189857,MI JACALITO,mi jacalito,Mi Jacalito,mi jacalito,0,1,1,1
992927,51d07468498e55d0201027dc,19.43079366,-99.14449261,19.430718024237187,-99.1442839486621,23.467538721398444,MI JACALITO,mi jacalito,El Jacalito,el jacalito,2,0.82,0.33,0.58
891132,52bdb867498e214c5c9dab0f,19.43147249,-99.13804958,19.43169904485438,-99.1375000706074,62.958792607493116,MICELANEA BAMER,micelanea bamer,Miscelánea Bamer,miscelanea bamer,1,0.94,0.33,0.64
883741,66b933632773590e1ebe6081,19.44576101,-99.1289217,19.445748,-99.128607,33.06563521322034,MICHELADAS DOÑA MAGOS,micheladas dona magos,Micheladas Doña Mago,micheladas dona mago,1,0.95,0.5,0.72
7744419,5bc10a11ad1789002c78a994,19.44495159,-99.12872777,19.44466,-99.12847,42.258398451329256,MICHELADAS EL GUERO,micheladas el guero,"Micheladas ""El Güero""",micheladas el guero,0,1,1,1
9006502,5a34443f345cbe5681767bb0,19.44517266,-99.127359,19.445253,-99.12746,13.870328120834948,MICHELADAS LA DEL BARRIO,micheladas la del barrio,"Micheladas ""Las Del Barrio""",micheladas las del barrio,1,0.96,0.6,0.78
890331,52c1f327498e9a0699424f35,19.43454583,-99.1436977,19.434446189101116,-99.1432851932771,44.7016355175264,MILANESAS GRILL,milanesas grill,Milanesas grill,milanesas grill,0,1,1,1
11565914,6133ffabfe0a197ee84bca31,19.43271725,-99.14299153,19.432835,-99.14293,14.612962877380303,MIN BOTANERO,min botanero,Min Botanero Oriental,min botanero oriental,9,0.57,0.67,0.62
863896,5723bf2c498e66bc3524b31a,19.4121069,-99.16402466,19.412131002102143,-99.16414292413369,12.703269977218369,MORENOS TASTING ROOM,morenos tasting room,Morenos Tasting Room,morenos tasting room,0,1,1,1
6765002,4b5ccb15f964a520534429e3,19.41945138,-99.16655223,19.419542073782008,-99.16670760317074,19.183663421694327,MOSHI ROMA,moshi roma,Moshi Moshi,moshi moshi,4,0.64,0.5,0.57
6765002,637bd552659349347c09e702,19.41945138,-99.16655223,19.419382,-99.166626,10.937681484221985,MOSHI ROMA,moshi roma,Moshi Moshi Roma,moshi moshi roma,6,0.62,1,0.81
9892927,60a3fa4ff0495e1dbdf57c49,19.42710679,-99.14456063,19.426959,-99.144753,26.0483375666087,MR FRESH,mr fresh,Mr. Fresh,mr fresh,0,1,1,1
11331594,5d869b66d7f5300008c25cda,19.44217592,-99.15828539,19.44197,-99.15874,52.94128158425454,NAAN,naan,Naan,naan,0,1,1,1
10713098,631516e8dbb387601d2347cd,19.43413211,-99.14832181,19.433897,-99.148353,26.376338638937423,NACHA,nacha,nacha,nacha,0,1,1,1
10739406,625a27f99552b7515fe15bca,19.428788,-99.17149178,19.428702,-99.171662,20.272654539800197,NICE DAY COFFEE CDMX,nice day coffee,Nice Day,nice day,7,0.53,0.67,0.6
10719108,6196c054975be41b850ee4e5,19.40950019,-99.18044782,19.409763,-99.181046,69.2843908827461,NIICH,niich,Niich,niich,0,1,1,1
10028041,644aefff103af852b45b0db1,19.42021483,-99.17374267,19.42014,-99.173912,19.632152585005024,NIRI GO,niri go,Niri-Go,niri go,0,1,1,1
10260216,4b6b879ff964a520350e2ce3,19.4168159,-99.15896987,19.416782460282423,-99.1591469266688,18.95792269441257,NONSOLO,nonsolo,NonSolo,nonsolo,0,1,1,1
11467439,6424accdc8ffc156e6febecb,19.43673246,-99.15131142,19.436846,-99.151465,20.48589971709508,NUEVE FLOR,nueve flor,Nueve Flor,nueve flor,0,1,1,1
9694340,4e888d5fdab41f4aaf7abaa5,19.44940235,-99.15608149,19.449447,-99.156056,5.644814285616116,OAXACA AQUI,oaxaca aqui,Oaxaca Aquí,oaxaca aqui,0,1,1,1
9701513,56761388498ed7a0210b671e,19.44543915,-99.14245653,19.445441,-99.142538,8.55436142874188,OAXAQUITA,oaxaquita,Oaxaquita,oaxaquita,0,1,1,1
888196,523e1de511d236ac8d34454a,19.43504817,-99.13594514,19.43506551081408,-99.13604195767113,10.345266611720476,OCEANO CANTONES,oceano cantones,Océano Cantonés,oceano cantones,0,1,1,1
8625659,5bdbaca367e5f2002cd1ca44,19.42226826,-99.15550584,19.422368,-99.155479,11.454984613576194,OCHO TRES CINCO,ocho tres cinco,Ocho Tres Cinco,ocho tres cinco,0,1,1,1
9994965,65f635115fb3662211b03476,19.41987038,-99.16818024,19.419962,-99.167966,24.696610168807894,OFICINA LA TITIRITERA,oficina la titiritera,La Titiritera,la titiritera,8,0.62,0.67,0.64
896355,51fd79d1498e5c6a9f3c8b82,19.4091508,-99.17163829,19.409467167045324,-99.17146846364852,39.47435361787337,OJO DE AGUA,ojo de agua,Ojo de Agua,ojo de agua,0,1,1,1
896355,5fc2a9b62abaa55e7ac1db6e,19.4091508,-99.17163829,19.409602,-99.171638,50.22736347451131,OJO DE AGUA,ojo de agua,Ojo De Maíz,ojo de maiz,4,0.64,0.5,0.57
10350633,5d5c6d02fec3f800082c00b9,19.41515689,-99.16327372,19.415401,-99.16261,74.79450544407143,OJO DE AGUA,ojo de agua,Ojo De Agua,ojo de agua,0,1,1,1
11721386,51fd79d1498e5c6a9f3c8b82,19.40880933,-99.17177972,19.409467167045324,-99.17146846364852,80.19110936724425,OJO DE MAIZ,ojo de maiz,Ojo de Agua,ojo de agua,4,0.64,0.5,0.57
11721386,5fc2a9b62abaa55e7ac1db6e,19.40880933,-99.17177972,19.409602,-99.171638,89.48538387895933,OJO DE MAIZ,ojo de maiz,Ojo De Maíz,ojo de maiz,0,1,1,1
9806916,6351fce4b0f1cc2d9a4eee70,19.41682256,-99.16259953,19.4168,-99.162625,3.6684478934100317,OROPEL,oropel,Oropel,oropel,0,1,1,1
10895946,51b39ae7498e61491208f23b,19.42971387,-99.16899649,19.429571,-99.168912,18.210343342480456,PAELLA AZFRAN,paella azfran,Paella Azafrán,paella azafran,1,0.93,0.33,0.63
1012586,4edfdcbb7ee531b70ad43fa3,19.43649264,-99.16432793,19.436603720578592,-99.16427295261538,13.645936119599464,PAKAA RESTAURANT,pakaa,Pakaá Restaurant,pakaa,0,1,1,1
11744024,4fd90df9e4b0b77612b79437,19.42783666,-99.13602282,19.4281488326135,-99.13593678728296,35.90540633148335,PAKALY,pakaly,Pakaly,pakaly,0,1,1,1
6730627,56448dbc498e680892249d9a,19.41902437,-99.16796548,19.41942361626533,-99.16798096592368,44.473618234508535,PALMARES AZOTEA,palmares azotea,Palmares Azotea,palmares azotea,0,1,1,1
11277859,4d9cc1fa48b6224b9e2e159f,19.417181,-99.16248654,19.417212978836748,-99.16240590260767,9.183956809345256,PAN COMIDO VEGETARIANO,pan comido vegetariano,Pan Comido,pan comido,12,0.45,0.67,0.56
7254772,5ae383ccb37e2b00394b4481,19.40246185,-99.16853765,19.402489887995863,-99.1684790217332,6.901872978868924,PAN DMONIUM,pan dmonium,Pan D’ Monium,pan d monium,1,0.92,0.25,0.58
6419857,4e55ab0e1495b62c8a102045,19.42452438,-99.14006969,19.424532972708185,-99.140194416560675,13.129087958789562,PANE EN VIA CENTRO,pane en via centro,Pane en Via,pane en via,7,0.61,0.75,0.68
6419859,4beb0988a9900f47f5491740,19.40504642,-99.16919177,19.405411001684772,-99.1692452227184,40.9712588210081,PANE EN VIA CHILPANCINGO,pane en via chilpancingo,Pane en Vía,pane en via,13,0.46,0.75,0.6
6419865,4beb0988a9900f47f5491740,19.40538284,-99.16920268,19.405411001684772,-99.1692452227184,5.457119788661397,PANE EN VIA SANTA FE,pane en via santa fe,Pane en Vía,pane en via,9,0.55,0.6,0.58
11457657,66a53b75693d1043d592020c,19.43198473,-99.16449179,19.431776,-99.164465,23.405298609154055,PANUCO 36,panuco 36,Panuco 36,panuco 36,0,1,1,1
10040445,622d05c71f50b377179354f7,19.41335484,-99.15708418,19.413418,-99.15703,9.043881037876858,PARGOT,pargot,Pargot,pargot,0,1,1,1
10414037,4c51e46494790f4727f3cca1,19.41411346,-99.16291007,19.41403559421554,-99.16272986985484,20.81034261966378,PARNITA,parnita,El Parnita,el parnita,3,0.7,0.5,0.6
1043717,4b41209bf964a520a5c125e3,19.42646093,-99.16155752,19.426370715847742,-99.16177025886005,24.48775586500682,PARRILLA LEONESA RESTAURANT,parrilla leonesa,Parrilla Leonesa,parrilla leonesa,0,1,1,1
969407,4e6c5bfe1850d2c68ced03c7,19.43724528,-99.13093585,19.43731618050768,-99.13080095153929,16.211914261928097,PARRILLA MICHOACANA,parrilla michoacana,Parrillada Michoacana,parrillada michoacana,2,0.9,0.33,0.62
6813995,577c7cc9498e3c2b4edf63e8,19.43138755,-99.13539656,19.431358,-99.13541,3.579306107475996,PARROQUIA DE VERACRUZ PALMA,parroquia de veracruz palma,La Parroquia de Veracruz,la parroquia de veracruz,9,0.67,0.6,0.64
7733262,643ca1d1c5a3b53de7b577ca,19.41156093,-99.17398801,19.412161,-99.173558,80.62540037271994,PASTA COMEDIA,pasta comedia,Pasta Comedia,pasta comedia,0,1,1,1
1042450,4db5d32d6e8179a91397b7e1,19.42534229,-99.13544135,19.425299049182,-99.13542066109254,5.280881610480001,PASTA DI ROMA,pasta di roma,Pasta Di Roma,pasta di roma,0,1,1,1
8625789,5712ffef498e592d87410b3a,19.43405529,-99.13556032,19.434164,-99.135617,13.485213570725149,PATA NEGRA CENTRO HISTORICO,pata negra centro historico,Pata Negra Centro Histórico,pata negra centro historico,0,1,1,1
9806025,622e6d8e0abb88082278d26a,19.42009591,-99.16029847,19.41993675290742,-99.15983976760629,51.313125989151175,PAXIL PLANT BASED SEA FOOD,paxil plant based sea food,Paxil | Plant-Based Seafood,paxil | plant based seafood,3,0.89,0.43,0.66
9208167,52b21608498e57b225414f23,19.40811885,-99.17409661,19.407635753909,-99.17435897204076,60.422516866656345,PELTRE CONDESA,peltre condesa,Peltre Lonchería,peltre loncheria,5,0.69,0.33,0.51
895267,56e73ee6498eefe06f6dde5b,19.41857505,-99.15879094,19.41860406700412,-99.15864560309733,15.596652860575919,PELTRE LONCHERIA,peltre loncheria,Peltre Lonchería,peltre loncheria,0,1,1,1
8529012,656e3474e620f03fe5e3b8b2,19.42274071,-99.17366244,19.422895,-99.173793,21.97435721026021,PENTOLE,pentole,Pentole,pentole,0,1,1,1
899216,584333a7a19e9066cd5624ba,19.40925817,-99.16714055,19.409307,-99.167202,8.436421441199865,PESCADITO,pescadito,El Pescadito,el pescadito,3,0.75,0.5,0.62
899216,5838ba3a1d21ba48bff0cc7f,19.40925817,-99.16714055,19.409348083822763,-99.16708985887402,11.336193867428568,PESCADITO,pescadito,El Pescadito,el pescadito,3,0.75,0.5,0.62
11075898,5e3e24564d818a0008aa0cb9,19.41027056,-99.17519099,19.410523,-99.174952,37.673710936586126,PHO KING,pho king,Phở King,pho king,0,1,1,1
1012152,563cb2becd10d9e626dc7720,19.43707264,-99.16614943,19.43688201904297,-99.1661605834961,21.25210487972677,PIMIENTA CLAVO Y CANELA,pimienta clavo y canela,"Pimienta, Clavo y Canela",pimienta clavo y canela,0,1,1,1
10750370,6870108804a62f0fa7c8cb89,19.43703254,-99.16596887,19.437645,-99.166383,80.85954225322875,PIMIENTA Y PERJIL,pimienta y perjil,Pimienta Y Perejil,pimienta y perejil,1,0.94,0.5,0.72
8338649,5a3d6aee628c837dc0c7fb83,19.42654097,-99.13910914,19.426573,-99.13854,59.85570118197789,PITZZA MAESTRA,pitzza maestra,Pizza Maestra,pizza maestra,1,0.93,0.33,0.63
7743298,b53114f378d34106181ffefe,19.44324337,-99.15842673,19.44317,-99.157675,79.33152423414056,POLLERIA Y RECAUDERIA,polleria y recauderia,Polleria y Abarrotes,polleria y abarrotes,9,0.57,0.5,0.53
1021709,4c702d0e9375a0938b330637,19.42930432,-99.17048073,19.429350960030614,-99.17052157932626,6.733972246874696,PON HING RESTAURANTE CHINO,pon hing chino,Pon Hing,pon hing,6,0.57,0.67,0.62
8848175,568dbc58498e49b9d626f78b,19.41101298,-99.17870946,19.411042928834533,-99.17880147208184,10.21961888051711,PORCO ROSSO CONDESA,porco rosso condesa,Porco Rosso,porco rosso,8,0.58,0.67,0.62
8848174,57437ac0498e3a0351b38a9d,19.4313016,-99.16926263,19.431537,-99.169417,30.81074638831043,PORCO ROSSO CUAUHTEMOC,porco rosso cuauhtemoc,Porco Rosso,porco rosso,11,0.5,0.67,0.58
6719329,54c15d90498eeda167492b4c,19.41585398,-99.15902643,19.415857,-99.158818,21.88540399304161,PORCO ROSSO ROMA,porco rosso roma,Porco Rosso,porco rosso,5,0.69,0.67,0.68
7733253,58541178d25ded6c2943bb23,19.41654788,-99.17561313,19.416572481490572,-99.1757486376281,14.487918772447506,POSTALES DE CAFE,postales de cafe,Postales de Café,postales de cafe,0,1,1,1
894240,4bd6df257b1876b0ea1f8d86,19.42643165,-99.17334675,19.426395386089315,-99.1733151124906,5.227608886581244,POTROS GRILL,potros grill,Potro´s Grill,potro´s grill,1,0.92,0.33,0.62
898088,2c375273d6dd4cdf22d3d165,19.41227215,-99.15491544,19.411919,-99.154992,40.125833139937384,PROMOTORA DE RESTAURANTE FLEMING,promotora de fleming,Promotora de Restaurantes,promotora de restaurantes,11,0.56,0.5,0.53
11438853,66480e1573d79b2a7223f1f5,19.41738197,-99.16323823,19.417827,-99.163157,50.26919319269016,PROPIO,propio,Propio,propio,0,1,1,1
9432024,5de3392bffe32c000778a246,19.42011662,-99.16503449,19.42011,-99.165115,8.484493703438677,PUERTO DE PRENDES,puerto de prendes,Puerto Prendes,puerto prendes,3,0.82,0.67,0.74
9961421,6577aafe837fd47f57010d3c,19.41783912,-99.1608587,19.417281,-99.160465,74.62280897195798,PULPO,pulpo,Pulpo,pulpo,0,1,1,1
9656293,51442081e4b0dba1a761562d,19.43462484,-99.13558971,19.434666557894552,-99.13544013110632,16.374645039171533,PULQUERIA EL CALLEJON,pulqueria el callejon,El Callejón,el callejon,10,0.52,0.67,0.6
9656293,51440667e4b0380b4e8837b7,19.43462484,-99.13558971,19.434988021850582,-99.13573455810548,43.194140786813534,PULQUERIA EL CALLEJON,pulqueria el callejon,El Callejón,el callejon,10,0.52,0.67,0.6
8152821,5556a882498ebd33dd6ddcee,19.43763045,-99.14936119,19.437524450725483,-99.1492317121315,17.99930595954564,PULQUERIA ESPIRITU SANTO,pulqueria espiritu santo,Espíritu Santo,espiritu santo,10,0.58,0.67,0.62
984372,4dfd457ad4c001cca36f9a10,19.4396134,-99.13735417,19.439629864924942,-99.13744941832542,10.16515372233918,PULQUERIA LA ANTIGUA ROMA,pulqueria la antigua roma,La Antigua Roma Pulquería,la antigua roma pulqueria,20,0.2,1,0.6
984372,522a75ef11d218d6cb163726,19.4396134,-99.13735417,19.439573,-99.137428,8.960539116244354,PULQUERIA LA ANTIGUA ROMA,pulqueria la antigua roma,Pulqueria Nueva Roma,pulqueria nueva roma,8,0.68,0.4,0.54
10381662,5f73da8a6ded810bb56f0756,19.43702612,-99.15665783,19.437124,-99.15677,16.042873106399686,PULQUERIA LA CANICA,pulqueria la canica,Pulquería La Canica,pulqueria la canica,0,1,1,1
980975,5da27200ba31b00008b79b64,19.44089976,-99.13852087,19.440834,-99.13894,44.60202728834422,PULQUERIA LA HERMOSA HORTENSIA,pulqueria la hermosa hortensia,Pulquería Hermosa Hortensia,pulqueria hermosa hortensia,3,0.9,0.75,0.82
980975,4b0586fef964a520077a22e3,19.44089976,-99.13852087,19.44078222350967,-99.13851638004114,13.092588634900652,PULQUERIA LA HERMOSA HORTENSIA,pulqueria la hermosa hortensia,La Hermosa Hortensia,la hermosa hortensia,10,0.67,0.75,0.71
11526142,66888487afefbc0aeac9f454,19.43429468,-99.14734308,19.434223,-99.147311,8.660927075434884,PULQUERIA LA HIJA DE LOS APACHES,pulqueria la hija de los apaches,Pulqueria La Hija De Los Apaches,pulqueria la hija de los apaches,0,1,1,1
1040209,4b5751abf964a520233128e3,19.43021933,-99.14271249,19.43012122921414,-99.14276578636446,12.27038410038011,PULQUERIA LAS DUELISTAS,pulqueria las duelistas,Las Duelistas,las duelistas,10,0.57,0.67,0.62
9192064,616633a5620bca60acb061c0,19.4253689,-99.13905756,19.425368,-99.138924,14.021845215280756,PULQUERIA SOL DE LLUVIA O MARY PISTOLAS,pulqueria sol de lluvia o mary pistolas,Pulqueria Sol De Lluvia,pulqueria sol de lluvia,16,0.59,0.57,0.58
9717938,51af763a454a09a5e55900d4,19.42468709,-99.16489334,19.424728958070293,-99.16488553702936,4.732175117279644,PUNTO Y APARTE,punto y aparte,Restauran-Tito ( punto y aparte ),restauran tito punto y aparte,15,0.48,0.6,0.54
9717938,53a62d62498e5cd1fc5e67de,19.42468709,-99.16489334,19.424640119762604,-99.16492693272532,6.306879875852905,PUNTO Y APARTE,punto y aparte,cabaret punto y aparte,cabaret punto y aparte,8,0.64,0.75,0.7
892027,524735cd11d2e8ca672fbb9f,19.42854719,-99.13683175,19.428653194823916,-99.13652187165548,34.60533692318036,PUNTO ZERO,punto zero,Cervecería Punto Zero,cerveceria punto zero,11,0.48,0.67,0.58
892027,51b8abd8abd878a871b5ef4b,19.42854719,-99.13683175,19.428593841899563,-99.13768529891968,89.75645629257306,PUNTO ZERO,punto zero,Punto Zero,punto zero,0,1,1,1
658439,4dc340bed22dafda2f6e75ef,19.42207755,-99.17355226,19.422178101606892,-99.17353016586527,11.431162174743699,QUEBRACHO,quebracho,Quebracho,quebracho,0,1,1,1
6258696,4f8b7ac3e4b0bae898edb223,19.42813306,-99.1697826,19.427835063782176,-99.17024149979054,58.49219851844088,QUEBRACHO PARRILLA ARGENTINA,quebracho parrilla argentina,Parrilla Argentina,parrilla argentina,10,0.64,0.67,0.66
9205199,5c742067356b49002ceeb53a,19.43299411,-99.14870659,19.43299,-99.148707,0.45954315449151445,QUERERES RESTAURANTE,quereres,Quereres,quereres,0,1,1,1
896725,4e93a58cc2ee4bf230c4de40,19.40865947,-99.17533833,19.408328018139844,-99.17592598489308,71.89076161393646,QUESERIA DE MI,queseria de mi,Queseria De Mí,queseria de mi,0,1,1,1
6256976,491139307f304a87a8c7a657,19.42455645,-99.16595314,19.424717,-99.165287,72.18110786431744,RAFAELLO ZONA ROSA,rafaello zona rosa,Inmuebles Zona Rosa,inmuebles zona rosa,7,0.63,0.5,0.56
9920475,5a8628efda5e566e6259eb8d,19.43345642,-99.14278495,19.43350941535481,-99.14283853981452,8.15180046188408,REBEL WING,rebel wing,Rebel Wings,rebel wings,1,0.91,0.33,0.62
897745,4bf6c2be5ec320a106b585d3,19.41954729,-99.15096626,19.41960719783256,-99.15118204463325,23.615647155078065,RECETA MINIMA,receta minima,Receta Minima,receta minima,0,1,1,1
11160999,63a3e7a825987c44e3aa4b54,19.42872445,-99.16945917,19.428572,-99.169459,16.97066575573734,RECLUSA PARDA,reclusa parda,Reclusa,reclusa,6,0.54,0.5,0.52
11160999,5df43a29bed40a0007471bcd,19.42872445,-99.16945917,19.428799,-99.16949,8.907662836894815,RECLUSA PARDA,reclusa parda,Reclusa Parda,reclusa parda,0,1,1,1
1019066,518c80c1498e53605f8ae592,19.42763211,-99.13553285,19.427774,-99.135131,45.04666822275119,REGINA,regina,Oxxo Regina,oxxo regina,5,0.55,0.5,0.52
1019066,4deb0780e4cdc079f4950f6f,19.42763211,-99.13553285,19.427692219140443,-99.13542548047327,13.108272857477264,REGINA,regina,Restaurante Regina,regina,0,1,1,1
1019066,4c4b70f3c668e21e5f1e0dfa,19.42763211,-99.13553285,19.42797328289304,-99.13601926579672,63.63960446305205,REGINA,regina,Regina,regina,0,1,1,1
10955526,6466d790e6a81e095fd11632,19.43380018,-99.14723772,19.433815,-99.147262,3.0361674567403214,REN HE XI,ren he xi,Ren He Xing,ren he xing,2,0.82,0.5,0.66
893636,512aaf28e4b01bb762d7a8cf,19.44885453,-99.146748,19.44864070769675,-99.14671789473029,24.011442547349002,RESTAURAN BAR LUNA Y SOL,restauran bar luna y sol,luna y sol,luna y sol,14,0.42,0.6,0.51
7757200,59a878e442d8c27897751362,19.42655045,-99.139214140000007,19.426588,-99.139045,18.24201343639473,RESTAURAN LA JUNTA,restauran la junta,La Junta,la junta,10,0.44,0.67,0.56
7757200,59a878d98d1070397a6602a4,19.42655045,-99.139214140000007,19.42675794629061,-99.13912077450128,25.091995042479915,RESTAURAN LA JUNTA,restauran la junta,RESTAURANTE BAR LA JUNTA,bar la junta,7,0.61,0.5,0.55
867075,57535185498ee5a2f9214cf6,19.40751164,-99.17245665,19.407622,-99.172441,12.394618884757344,RESTAURAN MAREA BONITA,restauran marea bonita,Marea bonita,marea bonita,10,0.55,0.67,0.61
9117530,5e2cce9ab2881a000842c300,19.423172,-99.1375973,19.42279,-99.13791,53.72159063629066,RESTAURANT BAR EL NUEVO CENTAURO,bar el nuevo centauro,El Nuevo Centauro,el nuevo centauro,4,0.81,0.75,0.78
1013934,55ae9d3f498ee06d7db303a4,19.42980062,-99.1368345,19.430092561612497,-99.13696503212944,35.269673826543915,RESTAURANT BAR ISABEL,bar isabel,Restaurante Isabel,isabel,4,0.6,0.5,0.55
1028087,52aa762a11d2d1c489e56d3e,19.42698298,-99.16447855,19.427407940561014,-99.1646859810682,52.077898832652416,RESTAURANT BAR LA TERRAZA DE GENOVA,bar la terraza de genova,La Gran Terraza de Genova,la gran terraza de genova,5,0.8,0.67,0.74
1028087,56676ed0498e2d85571df6cd,19.42698298,-99.16447855,19.427523,-99.16463,62.18179498962863,RESTAURANT BAR LA TERRAZA DE GENOVA,bar la terraza de genova,La Pape de Genova,la pape de genova,10,0.58,0.5,0.54
8327655,4d439cd2bf61a1cddc3000ac,19.41444494,-99.15477676,19.41432092130194,-99.15471670773736,15.177244172201,RESTAURANT BAR MESON DEL MONJE,bar meson del monje,Meson del Monje,meson del monje,4,0.79,0.75,0.77
8337855,55f379cf498e2feb2a32224a,19.4338984,-99.13912624,19.434149262894085,-99.13896261537316,32.78568714474872,RESTAURANT BAR MR DUCK,bar mr duck,Mr. Duck,mr duck,4,0.64,0.67,0.66
866901,4fb6a8a7e4b0b2d0a858c74e,19.4115774,-99.17244129,19.41156719364023,-99.17240419143565,4.0573626660208255,RESTAURANT BAR NUEVO LEON,bar nuevo leon,Cantina Nuevo León,cantina nuevo leon,6,0.67,0.5,0.58
866901,4cf42e89cc61a35d7b18249e,19.4115774,-99.17244129,19.411651509482017,-99.17241010416076,8.875832690115779,RESTAURANT BAR NUEVO LEON,bar nuevo leon,Restaurante Bar Nuevo Leon,bar nuevo leon,0,1,1,1
8327214,540a6211498e8d96ee0ef460,19.41246192,-99.17287716,19.412633144828852,-99.17285459082886,19.207383965474992,RESTAURANT BAR PERALTA,bar peralta,Peralta,peralta,4,0.64,0.5,0.57
10552963,6664e9e790c9571a918ad9f2,19.40946106,-99.1639653,19.409576,-99.16392,13.650452761023038,RESTAURANT CASA KEBAB,casa kebab,Casa De Kebab,casa de kebab,3,0.77,0.67,0.72
892010,53d457bf498ea455c8e7233f,19.42779771,-99.13674273,19.42785040636309,-99.1362919741722,47.683052954245746,RESTAURANT DAMELY,damely,Restaurant Damely,damely,0,1,1,1
9718933,5e5c175853ae0100086004c7,19.41854555,-99.17688643,19.41841,-99.176911,15.308255591985612,RESTAURANT DE HUEVOS,de huevos,De Huevos,de huevos,0,1,1,1
11434293,6101d1bdb746ce6d38f8f01e,19.42508086,-99.16167363,19.42494,-99.161514,22.950417624468432,RESTAURANT EL BUEN CAFE,el buen cafe,El Buen Café Y El Buen Vino,el buen cafe y el buen vino,15,0.44,0.6,0.52
11434293,5384ee0c498e858f9af8cc75,19.42508086,-99.16167363,19.424976,-99.161535,18.656648900616215,RESTAURANT EL BUEN CAFE,el buen cafe,Buen Cafe,buen cafe,3,0.75,0.67,0.71
956134,5aecb4f210b3030024f0a09d,19.4158148,-99.15408129,19.415657,-99.15395,22.32869031192474,RESTAURANT EL CILANTRO AZUL,el cilantro azul,Cilantro Azul,cilantro azul,3,0.81,0.67,0.74
956134,4e322f4262e12985fd5fcda9,19.4158148,-99.15408129,19.415903,-99.154755,71.4102207689879,RESTAURANT EL CILANTRO AZUL,el cilantro azul,Cafetería El Gato Azul,el gato azul,5,0.69,0.5,0.6
1040347,52c5e86a498e61edcdd3879a,19.42959957,-99.14249317,19.429596,-99.142679,19.512471737306207,RESTAURANT EL PAISA,el paisa,El Paisa,el paisa,0,1,1,1
892853,561d68e2498e522fe4079a7b,19.42694266,-99.14280693,19.427346,-99.142498,55.387774043246935,RESTAURANT EL PARAISO,el paraiso,fondita el paraiso,fondita el paraiso,8,0.56,0.67,0.62
892853,509c2831498efdffc56ddaf9,19.42694266,-99.14280693,19.427257537841797,-99.14251708984376,46.41660315611191,RESTAURANT EL PARAISO,el paraiso,el paraíso,el paraiso,0,1,1,1
10492233,554c2c22498e73f717ff5303,19.43856322,-99.13921867,19.438647,-99.139683,49.626861729473646,RESTAURANT EL PIKOSITO,el pikosito,El Pikosito,el pikosito,0,1,1,1
658545,53055b19498e0115cd124c3d,19.41423028,-99.1628075,19.414346039355312,-99.16255775568546,29.21603542825763,RESTAURANT ESCOLLO,escollo,Escollo,escollo,0,1,1,1
11135932,644f067dbd35cc784db826e1,19.4038491,-99.17162555,19.403861,-99.171487,14.607466253078394,RESTAURANT FAMILIAR COMEDOR CONDESA,familiar comedor condesa,Comedor Condesa,comedor condesa,9,0.62,0.67,0.64
11005367,647120f134c02e70c00a6444,19.41515118,-99.16186926,19.414972,-99.161826,20.456789754365012,RESTAURANT FEROCE,feroce,Feroce,feroce,0,1,1,1
1018200,4c531a1806901b8d96448d49,19.42974281,-99.13182086,19.4298408539047,-99.13201749051817,23.349982373749846,RESTAURANT LA CORTE,la corte,La Corte,la corte,0,1,1,1
10469366,544f07d4498e66ddab074c3f,19.41518266,-99.16244349,19.415388617540508,-99.16237722925553,23.959268360165073,RESTAURANT LALO,lalo,Lalo!,lalo,0,1,1,1
9055600,50303691e4b07d6b35566210,19.4361639,-99.13788539,19.43612498152019,-99.13797204365564,10.075535600594431,RESTAURANT LIMOSNEROS,limosneros,Limosneros,limosneros,0,1,1,1
988624,4d94fd5be07ea35d98919d02,19.43316437,-99.14607202,19.43336118053208,-99.1462179187542,26.731638586744985,RESTAURANT LINCOLN,lincoln,Lincoln Restaurant,lincoln,0,1,1,1
9657735,5fc1ad885e4a23458f343def,19.40389402,-99.16280195,19.403856,-99.16243,39.28214140532948,RESTAURANT ME LLEVA LA TOSTADA,me lleva la tostada,Me Lleva La Tostada By Chimilitros,me lleva la tostada by chimilitros,15,0.56,0.67,0.62
1011987,51ffeeee498ec313bdc9b864,19.44284602,-99.1646243,19.443102429279374,-99.16478096281008,32.94182969393846,RESTAURANT RUBEN S,ruben s,Restaurant Ruben's,ruben s,0,1,1,1
6727450,4bc940ddfb84c9b6cde71a3e,19.41601999,-99.16971128,19.41623891858186,-99.1698192507306,26.8783306743109,RESTAURANT SANTINO,santino,Santino,santino,0,1,1,1
882107,4c76c339947ca1cdd0404537,19.41062291,-99.16790585,19.410808216668947,-99.16782863723314,22.164015720043352,RESTAURANT SPECIA,specia,Specia,specia,0,1,1,1
1042487,52f555a9498e318c47fbe7e2,19.42520999,-99.1375051,19.42534,-99.137546,15.096164419904625,RESTAURANT SUSHI SAN,sushi san,Sushi San,sushi san,0,1,1,1
896792,4e52b57622710da1b3e201bf,19.42490582,-99.13967272,19.425046235961815,-99.13969210558815,15.762964952181848,RESTAURANT Y BAR BAHIA DE VIGO,y bar bahia de vigo,Restaurante y Bar  Bahia de Vigo,y bar bahia de vigo,0,1,1,1
8327244,57e71b7f498e41e2e4982fd3,19.40961755,-99.16747698,19.409016407208064,-99.16809785993831,93.42176493965816,RESTAURANT ZEN,zen,RESTAURANTE ZEN,zen,0,1,1,1
8326711,559201ea498e7dda6c2001d7,19.41722265,-99.15690115,19.417313593424048,-99.15689648956813,10.135592597118547,RESTAURANTE - FOREVER VEGANO,forever vegano,Forever Vegano,forever vegano,0,1,1,1
1029958,4c7c2178a86837043c71184d,19.42390651,-99.15154672,19.424224057505903,-99.1517582722511,41.74721275162911,RESTAURANTE @. Y COMA,y coma,Restaurante Punto y Coma,punto y coma,6,0.5,0.67,0.58
1029958,4e2703c6ae609b2f94ec9dbf,19.42390651,-99.15154672,19.424258058993264,-99.15153665075202,39.14852971890531,RESTAURANTE @. Y COMA,y coma,Restaurante @ . y Coma,y coma,0,1,1,1
11662889,5307d875498ecb4d109ae913,19.42296065,-99.17320498,19.42293256661336,-99.1731081449224,10.635979956323638,RESTAURANTE ALIANZA,alianza,La Alianza,la alianza,3,0.7,0.5,0.6
11662889,4e81d77230f856c19241cf1c,19.42296065,-99.17320498,19.423562609644332,-99.17322062268512,67.02996143060555,RESTAURANTE ALIANZA,alianza,Restaurante Alianza,alianza,0,1,1,1
11662889,50ef28fce4b03c500ce40f2e,19.42296065,-99.17320498,19.423435210603056,-99.17349096598876,60.76364386800563,RESTAURANTE ALIANZA,alianza,Fonda Alianza,fonda alianza,6,0.54,0.5,0.52
1028118,5307d875498ecb4d109ae913,19.42296426,-99.17319746,19.42293256661336,-99.1731081449224,10.0184573645091,RESTAURANTE ALIANZA,alianza,La Alianza,la alianza,3,0.7,0.5,0.6
1028118,4e81d77230f856c19241cf1c,19.42296426,-99.17319746,19.423562609644332,-99.17322062268512,66.65235120676847,RESTAURANTE ALIANZA,alianza,Restaurante Alianza,alianza,0,1,1,1
1028118,50ef28fce4b03c500ce40f2e,19.42296426,-99.17319746,19.423435210603056,-99.17349096598876,60.810794253383364,RESTAURANTE ALIANZA,alianza,Fonda Alianza,fonda alianza,6,0.54,0.5,0.52
7733752,54eddb3f498ec34116f905ab,19.40988836,-99.16394747,19.409887294777025,-99.16403532028195,9.2243990376792,RESTAURANTE ALIOLI,alioli,Restaurante AliOli,alioli,0,1,1,1
866397,52e1c0ed498e7b4420cb0f09,19.41861792,-99.17774848,19.41865348815918,-99.17752838134766,23.44427120711669,RESTAURANTE AMBAR,ambar,ámbar e Restaurante,ambar e,2,0.71,0.5,0.6
10694711,658210649982ab133d496719,19.4300649,-99.1653123,19.429983,-99.165453,17.357785403026018,RESTAURANTE ANDAMIRO,andamiro,Andamiro,andamiro,0,1,1,1
977313,51bcd8d6498ed389a587bb69,19.43455816,-99.12590342,19.434786328015907,-99.1266270621982,80.099323505442,RESTAURANTE ANGY,angy,Restaurante Angy,angy,0,1,1,1
1030787,4ec41d815c5c09569b1da8ca,19.42560477,-99.14642396,19.42560235313019,-99.146439525534,1.656109251446307,RESTAURANTE ANTOJITOS EL RINCONCITO,antojitos el rinconcito,Antojitos El Rinconcito,antojitos el rinconcito,0,1,1,1
867296,4c59c22d04f9be9a651ef060,19.40727372,-99.17821344,19.40765812443179,-99.17776299354028,63.77993128502866,RESTAURANTE ARGENTINISIMA,argentinisima,Argentinísima,argentinisima,0,1,1,1
7756546,6466e43ac6e5a238e60a0bbf,19.43323631,-99.15221037,19.432985,-99.152228,28.03685358638758,RESTAURANTE ARGENTINO CHE PEPE,argentino che pepe,Restaurante Del Argentino Che Pepe,del argentino che pepe,4,0.82,0.75,0.78
8327021,5b70e3a2cad1b6002c35e30e,19.41163797,-99.15492918,19.411438,-99.155024,24.38525311792992,RESTAURANTE ASADO BRASIL,asado brasil,Asado Brasil,asado brasil,0,1,1,1
1025283,63f27a1046376c5903d494fe,19.43005063,-99.16534302,19.430086,-99.165691,36.74239395558551,RESTAURANTE ASADOS SON ABEL,asados son abel,Asados Don Abel,asados don abel,1,0.93,0.5,0.72
10143613,5aa5c3872be42507d713aa0c,19.41885758,-99.16962449,19.41890491007167,-99.16953063194066,11.174008652327078,RESTAURANTE AVENIDA LA TIZONA,avenida la tizona,Avenida La Tizona,avenida la tizona,0,1,1,1
10638697,634ecb9bc7d1de1c36d3b6fe,19.41963986,-99.16829091,19.419519179923476,-99.16818094255176,17.713346378287678,RESTAURANTE BABERO,babero,Babero Restaurante,babero,0,1,1,1
1028195,4e94a02277c8c86f23632971,19.42288475,-99.17189019,19.42295536984945,-99.17180248527993,12.107074651554944,RESTAURANTE BAGUETTERIAS,baguetterias,Baguetterias,baguetterias,0,1,1,1
991905,4d4dd9d9d6f3224bcc02a1a6,19.43303309,-99.14315608,19.43261977518001,-99.14296363214616,50.250088227039186,RESTAURANTE BAR 4 MARES,bar 4 mares,Restaurante 4 Mares,4 mares,4,0.64,0.67,0.66
896271,4bd24f11a8b3a5932bb7675f,19.41153091,-99.17578413,19.41149597348635,-99.17614857750952,38.461074776729916,RESTAURANTE BAR BARZA,bar barza,BarZa,barza,4,0.56,0.5,0.53
8326635,4bb303eda32876b0474101fe,19.41985211,-99.17301349,19.419974790328887,-99.17303507671905,13.84347956902357,RESTAURANTE BAR BENGALA,bar bengala,Bengala Bar,bengala bar,8,0.27,1,0.64
867840,4d4ddde872eba14330fb4812,19.40523583,-99.16866626,19.4048828694944,-99.16877289772768,40.8555351653354,RESTAURANTE BAR BIARRITZ,bar biarritz,Biarritz,biarritz,4,0.67,0.5,0.58
867840,4e9a578930f87c966c3eda7b,19.40523583,-99.16866626,19.404914713132047,-99.16869468785528,35.87096400376149,RESTAURANTE BAR BIARRITZ,bar biarritz,Restaurante Biarritz,biarritz,4,0.67,0.5,0.58
1024325,529b768011d24c02e2ea7776,19.43071597,-99.13444664,19.43068443386124,-99.13463036065404,19.603748904330608,RESTAURANTE BAR BOLAÑOS,bar bolanos,Restaurante Bolaños,bolanos,4,0.64,0.5,0.57
1046102,587aabea7b88a705ebf5faa0,19.46027605,-99.14045572,19.460402,-99.140299,21.61389809307001,RESTAURANTE BAR CANTINA LA GRAN TENOCHTITLAN,bar cantina la gran tenochtitlan,La Gran Tenochtitlan,la gran tenochtitlan,12,0.62,0.6,0.61
1046102,4e20b03918a88345f04382c0,19.46027605,-99.14045572,19.460349740250493,-99.14043688190507,8.438090000069593,RESTAURANTE BAR CANTINA LA GRAN TENOCHTITLAN,bar cantina la gran tenochtitlan,Cantina La Gran Tenochtitlan,cantina la gran tenochtitlan,4,0.88,0.8,0.84
6257054,4d95385cb188721edccbda36,19.41838207,-99.15413691,19.41866945129745,-99.15413947680211,31.99227467859922,RESTAURANTE BAR CANTINA LA NUMERO UNO,bar cantina la numero uno,Cantina La Numero Uno,cantina la numero uno,4,0.84,0.8,0.82
7743540,5a2eaf8a3c858d42ffcfeaa4,19.4361664,-99.15589964,19.436148046750596,-99.15571190324208,19.81341765128151,RESTAURANTE BAR CORONELA,bar coronela,Coronela,coronela,4,0.67,0.5,0.58
877577,4f2ca5aee4b083c4266fcdf2,19.44034132,-99.15356759,19.4404720117256,-99.1531907186808,42.15158717294564,RESTAURANTE BAR DANY,bar dany,Bar Danny,bar danny,1,0.89,0.33,0.61
884938,52c8ddea498e55cde23a4e3f,19.45303919,-99.159146,19.45299974742458,-99.15904032310796,11.929744844316227,RESTAURANTE BAR DON FER S,bar don fer s,Bar Don Fer's,bar don fer s,0,1,1,1
1013778,4efe27c3d3e364d5facd0103,19.43924204,-99.14925262,19.43926655123613,-99.14934293800044,9.865839730996575,RESTAURANTE BAR DON RAMON,bar don ramon,Bar Don Ramon,bar don ramon,0,1,1,1
894525,4b058703f964a5206e7b22e3,19.42572786,-99.15764323,19.42614255622562,-99.157777735045,48.27511473629756,RESTAURANTE BAR EL ASADO ARGENTINO,bar el asado argentino,El Asado Argentino,el asado argentino,4,0.82,0.75,0.78
1030094,61ede379d48093409bdb9ec4,19.42043669,-99.15396778,19.420313,-99.153956,13.824537645179603,RESTAURANTE BAR EL COMPADRE,bar el compadre,El Compadre,el compadre,4,0.73,0.67,0.7
895488,53b72e3f498e28001d6ebee3,19.42674487,-99.163747420000007,19.426943,-99.163328,49.246550566361094,RESTAURANTE BAR EL DRAGON,bar el dragon,El Dragón,el dragon,4,0.69,0.67,0.68
895488,4c8307b7dc018cfa6d97d56c,19.42674487,-99.163747420000007,19.426715926776964,-99.16375417676352,3.2991041077907695,RESTAURANTE BAR EL DRAGON,bar el dragon,El Dragon,el dragon,4,0.69,0.67,0.68
890624,52a38d0b11d201f0fdc13b22,19.43239694,-99.14525778,19.432221462263968,-99.1452842192604,19.730291788926582,RESTAURANTE BAR EL FAROLITO,bar el farolito,Bar El Farolito,bar el farolito,0,1,1,1
1042317,534855c3498e903e855b8c05,19.42570455,-99.14453784,19.425759,-99.144533,6.082606313015181,RESTAURANTE BAR EL LAURO,bar el lauro,Bar Lauro,bar lauro,3,0.75,0.67,0.71
877476,6021b5511e14fe05c8c952cb,19.44084981,-99.15307902,19.440779,-99.152927,17.79860923098879,RESTAURANTE BAR EL MARISQUERO,bar el marisquero,El Marisquero,el marisquero,4,0.76,0.67,0.72
877476,5e488995850a7a0008f9c1b5,19.44084981,-99.15307902,19.440838,-99.152954,13.189370243770792,RESTAURANTE BAR EL MARISQUERO,bar el marisquero,Restaurante Bar Marisquero,bar marisquero,3,0.82,0.67,0.74
1013524,4e4f08231495fc2ca3f9fd1e,19.43763045,-99.14936119,19.43786408566289,-99.149441848165,27.351742526311085,RESTAURANTE BAR EL MIRADOR,bar el mirador,Cantina El Mirador,cantina el mirador,6,0.67,0.5,0.58
1013524,4e6688de483bef6eb7938450,19.43763045,-99.14936119,19.43777078457439,-99.14940695346108,16.343944665701603,RESTAURANTE BAR EL MIRADOR,bar el mirador,El Mirador,el mirador,4,0.71,0.67,0.69
884937,4daefc7443a1f97d91977a00,19.45291583,-99.15916618,19.45283,-99.159108,11.339452139210357,RESTAURANTE BAR EL PARAISO,bar el paraiso,Restaurante Bar El paraiso,bar el paraiso,0,1,1,1
884937,524f79a911d28cb3005660ae,19.45291583,-99.15916618,19.45270615100041,-99.15912077880536,23.822874987568813,RESTAURANTE BAR EL PARAISO,bar el paraiso,El Paraiso,el paraiso,4,0.71,0.67,0.69
899682,57c8d75dcd1043c5b04607e9,19.4037967,-99.16935884,19.40387308262499,-99.16935932176293,8.503025378293863,RESTAURANTE BAR EL RINCON BIQUINGO,bar el rincon biquingo,El Rincón Vikingo,el rincon vikingo,7,0.68,0.4,0.54
658875,4d43293b65ea6ea8ae42b179,19.43026244,-99.16458805,19.430120392885357,-99.16443730600356,22.37119998836389,RESTAURANTE BAR EL RONQUILLO,bar el ronquillo,El Ronquillo,el ronquillo,4,0.75,0.67,0.71
6797612,57b3e05f498eb6f3b4a0e347,19.42381266,-99.16759689,19.423924246810536,-99.167606909097,12.466240845974175,RESTAURANTE BAR ESQUINA 44,bar esquina 44,Esquina 44,esquina 44,4,0.71,0.67,0.69
1030752,574a16d2498ee45006a5012d,19.42578322,-99.15180988,19.425827,-99.151407,42.57516780872025,RESTAURANTE BAR FRITZ,bar fritz,Restaurante Fritz,fritz,4,0.56,0.5,0.53
1025416,51f816fe498e910b7f77fc54,19.43108928,-99.13526896,19.431225,-99.135428,22.516918259513535,RESTAURANTE BAR G BOLAÑOS,bar g bolanos,G Bolaños,g bolanos,4,0.69,0.67,0.68
989426,4f80ab85e4b007a6658836b7,19.43335563,-99.13937633,19.433263400880747,-99.1395393300848,19.955137195485662,RESTAURANTE BAR GANTE,bar gante,Bar Gante,bar gante,0,1,1,1
989426,59e23482135b394261af49a9,19.43335563,-99.13937633,19.432973,-99.139594,48.33640987409442,RESTAURANTE BAR GANTE,bar gante,Foro Gante,foro gante,3,0.7,0.33,0.52
1028459,4e61348dae60e9edf5368257,19.42240918,-99.1704791,19.422259912080555,-99.17099833488464,56.9879813543521,RESTAURANTE BAR LA COCHINITA,bar la cochinita,La Cochinita,la cochinita,4,0.75,0.67,0.71
1028459,56c785a3cd10137145ac11ca,19.42240918,-99.1704791,19.422223929247924,-99.17099302852932,57.761298522698176,RESTAURANTE BAR LA COCHINITA,bar la cochinita,La cochinita,la cochinita,4,0.75,0.67,0.71
865855,5dbf78b74230180008793248,19.44832891,-99.14105736,19.448343,-99.141026,3.6463757290255088,RESTAURANTE BAR LA MAS BARATA,bar la mas barata,La Mas barata,la mas barata,4,0.76,0.75,0.76
1006677,4e1e371662e19e27e2487c47,19.43451575,-99.13508134,19.43457655095532,-99.13509287601008,6.875817182819861,RESTAURANTE BAR LA MONTAÑESA,bar la montanesa,Bar La Montañesa,bar la montanesa,0,1,1,1
1028107,5171ddc3e4b0182f52534e46,19.42618704,-99.16556604,19.425949096679688,-99.164794921875,85.17688450342243,RESTAURANTE BAR LA NORIA,bar la noria,Bar La Palapa,bar la palapa,5,0.62,0.5,0.56
1028107,4c3379d6213c2d7f0003375d,19.42618704,-99.16556604,19.426365982534072,-99.16564164853118,21.443010053807868,RESTAURANTE BAR LA NORIA,bar la noria,La Noria,la noria,4,0.67,0.67,0.67
873969,507dbda9e4b0390979c3f19e,19.43266905,-99.15105336,19.43274435877639,-99.15080754885832,27.132366302298742,RESTAURANTE BAR LA ONZE,bar la onze,La Onze,la onze,4,0.64,0.67,0.66
1016942,4cd4fb89b6962c0f83042e96,19.43652722,-99.15584426,19.4365384740935,-99.15622686908536,40.184101531584254,RESTAURANTE BAR LA QUIMERA,bar la quimera,La Quimera,la quimera,4,0.71,0.67,0.69
1017709,4c4c96ab9e6dbe9ad29db70d,19.4285328,-99.13666984,19.428621264543633,-99.13659624069416,12.517129010953692,RESTAURANTE BAR LA RESURRECCION,bar la resurreccion,La Resurrección,la resurreccion,4,0.79,0.67,0.73
1017709,5515bebe498e650d9ae07039,19.4285328,-99.13666984,19.42886,-99.136403,45.9501591492049,RESTAURANTE BAR LA RESURRECCION,bar la resurreccion,"Cantina ""La Resurrección""",cantina la resurreccion,6,0.74,0.5,0.62
1028351,4c3a2785dfb0e21e9eb5b1a8,19.42209862,-99.16422822,19.42221610101292,-99.16418311464264,13.908843930636845,RESTAURANTE BAR LEPANTO,bar lepanto,Lepanto Restaurante bar,lepanto bar,8,0.27,1,0.64
1028351,4de13ea552b1c1b3ce4787d5,19.42209862,-99.16422822,19.422242276965413,-99.16408755058906,21.767782660432697,RESTAURANTE BAR LEPANTO,bar lepanto,Lepanto,lepanto,4,0.64,0.5,0.57
1015624,4fca7215e4b008fb539a9581,19.43583106,-99.1513606,19.435922404606632,-99.15151892610052,19.48423863546272,RESTAURANTE BAR LOS 5 CAUDILLOS,bar los 5 caudillos,Los Caudillos,los caudillos,6,0.68,0.5,0.59
1015624,4d0d351f903d3704489fc255,19.43583106,-99.1513606,19.435817245814416,-99.15147570826926,12.181055500477905,RESTAURANTE BAR LOS 5 CAUDILLOS,bar los 5 caudillos,5 Caudillos,5 caudillos,8,0.58,0.5,0.54
10026663,65cfe72ba636686ecdee02c2,19.41400675,-99.16028979,19.413874,-99.159964,37.26045823597339,RESTAURANTE BAR MATUCHE,bar matuche,Matuche,matuche,4,0.64,0.5,0.57
1016871,4c69a54fb56e9c74f16ebc85,19.43665262,-99.15564958,19.437428666578395,-99.15552946231604,87.30449326629584,RESTAURANTE BAR MESON PUERTO CHICO,bar meson puerto chico,Mesón Puerto Chico,meson puerto chico,4,0.82,0.75,0.78
885629,5c4bbff415173e002c32ea98,19.44033696,-99.1395645,19.440409,-99.139673,13.92960716373723,RESTAURANTE BAR MI SOLDADITA,bar mi soldadita,Mi Soldadita,mi soldadita,4,0.75,0.67,0.71
989697,4bfdcf69bf6576b074e6adb8,19.43398888,-99.14076583,19.433872385363195,-99.14061313205978,20.618597109672525,RESTAURANTE BAR MIRALTO,bar miralto,Miralto,miralto,4,0.64,0.5,0.57
6258341,4bac181af964a520d9e33ae3,19.40378403,-99.17180891,19.40377072017967,-99.1715751327553,24.590499418612858,RESTAURANTE BAR MONTEJO,bar montejo,Restaurante Bar Montejo,bar montejo,0,1,1,1
6258341,51424095e4b05786b46b4565,19.40378403,-99.17180891,19.40379798871677,-99.1715644864221,25.710648217361054,RESTAURANTE BAR MONTEJO,bar montejo,La montejo,la montejo,2,0.82,0.33,0.58
991961,4dd2ada0d22d67839c615e4b,19.43301911,-99.14219113,19.433303186152273,-99.14251555476343,46.475053155020724,RESTAURANTE BAR MR LEE,bar mr lee,Bar Mr Lee,bar mr lee,0,1,1,1
9579230,65d40ddc1290b138db86b667,19.42747973,-99.16552987,19.427399,-99.165672,17.418357567236665,RESTAURANTE BAR OCHEEL,bar ocheel,Ocheel,ocheel,4,0.6,0.5,0.55
1030649,62cb3752d998903ac1a0b87d,19.42779089,-99.14607143,19.427409,-99.146275,47.581237410116664,RESTAURANTE BAR RINCON DE LA PURISIMA,bar rincon de la purisima,El Rincon de la Purisima,el rincon de la purisima,3,0.88,0.67,0.78
1030649,4d93b00a84a6a35d3f9747b8,19.42779089,-99.14607143,19.42733939461501,-99.1461550757478,51.021578480167335,RESTAURANTE BAR RINCON DE LA PURISIMA,bar rincon de la purisima,El Rincón de la Purísima,el rincon de la purisima,3,0.88,0.67,0.78
885627,523d28c6498e44a9dbb49be7,19.4404633,-99.13845369,19.440477,-99.138532,8.36070103359497,RESTAURANTE BAR RINCON DEL MARIACHI,bar rincon del mariachi,El Rincon Del Mariachi,el rincon del mariachi,3,0.87,0.6,0.74
885627,518de4b4498e7ca243e87bde,19.4404633,-99.13845369,19.44062436207344,-99.1387863393688,39.253143676818596,RESTAURANTE BAR RINCON DEL MARIACHI,bar rincon del mariachi,El Rincon Del Mariachi,el rincon del mariachi,3,0.87,0.6,0.74
885627,4db131d3fa8ca4b3e9f1d4c6,19.4404633,-99.13845369,19.440708498451016,-99.13910108982984,73.23604013665354,RESTAURANTE BAR RINCON DEL MARIACHI,bar rincon del mariachi,El Rincon Del Mariachi,el rincon del mariachi,3,0.87,0.6,0.74
10515748,55de05da498e4660dfd01e81,19.43125906,-99.16312069,19.431299200316698,-99.1629349719277,20.001975586178716,RESTAURANTE BAR RIO NANSA,bar rio nansa,"Restaurante ""Río Nansa""",rio nansa,4,0.69,0.67,0.68
10432273,5605dca8498e66c6793f52c6,19.43416484,-99.13189361,19.434149082574734,-99.1320416568759,15.640193817091651,RESTAURANTE BAR SEMINARIO,bar seminario,Plaza Seminario,plaza seminario,4,0.73,0.33,0.53
10432273,65d00d10efedce3bcbc2fe97,19.43416484,-99.13189361,19.434364,-99.1321,30.999192759861916,RESTAURANTE BAR SEMINARIO,bar seminario,Restaurante Seminario,seminario,4,0.69,0.5,0.6
10432273,5f860912addd764ccb03e884,19.43416484,-99.13189361,19.433918,-99.131775,30.167562077339404,RESTAURANTE BAR SEMINARIO,bar seminario,Porrua Seminario,porrua seminario,5,0.69,0.33,0.51
1016980,4ed69a9b02d57802e4dbdd1b,19.43255796,-99.15959268,19.43255797751378,-99.15975271952694,16.800635597613073,RESTAURANTE BAR SULLIBAR,bar sullibar,Sullibar,sullibar,4,0.67,0.5,0.58
1001549,4ba5b892f964a5204b1e39e3,19.43835353,-99.13874549,19.43839455646846,-99.13878759626051,6.355703104498519,RESTAURANTE BAR TAHUR DE QUIROGA,bar tahur de quiroga,El Tahur de Quirog,el tahur de quirog,4,0.8,0.33,0.57
1001549,54a9e939498e72e47aac1229,19.43835353,-99.13874549,19.438429,-99.138786,9.416228495212591,RESTAURANTE BAR TAHUR DE QUIROGA,bar tahur de quiroga,el taur de Quiroga,el taur de quiroga,4,0.8,0.33,0.57
8326441,50f9fe5de4b04f854a9a5927,19.4212045,-99.15441967,19.42127168445963,-99.15413886545366,30.414247032608596,RESTAURANTE BAR TLACHIQUERO,bar tlachiquero,Tlachiquero,tlachiquero,4,0.73,0.5,0.62
992028,50dbc5c2e4b0e32041e86fa2,19.43177682,-99.14215805,19.432062,-99.142299,35.02509221874674,RESTAURANTE BAR VILLA RICA,bar villa rica,Villa Rica,villa rica,4,0.71,0.67,0.69
10928739,54f0fdaf498e49615505e14d,19.44227331,-99.13944266,19.44159889221191,-99.1397476196289,81.6159563496916,RESTAURANTE BAR YARDAS,bar yardas,Restaurant Yardas,yardas,4,0.6,0.5,0.55
1013889,4c507aa05ee81b8d1ebdadfe,19.43067834,-99.13772346,19.43068601719262,-99.13760415554064,12.553616775859771,RESTAURANTE BARRO MESTIZO,barro mestizo,Barro Mestizo,barro mestizo,0,1,1,1
9168392,59b805cb4f0e5866b6455454,19.43502352,-99.13604676,19.434813,-99.13611,24.357150529443302,RESTAURANTE BARRO MESTIZO,barro mestizo,Burro Mestizo,burro mestizo,1,0.92,0.33,0.62
1028519,57435850498e70237a90150b,19.42390866,-99.16698874,19.424454,-99.166991,60.70743475746029,RESTAURANTE BEATRICITA,beatricita,Beatricita Restaurante,beatricita,0,1,1,1
1028519,50ce00e3e4b0b0b9876e9f0c,19.42390866,-99.16698874,19.42412664045521,-99.167007093426,24.341852481046647,RESTAURANTE BEATRICITA,beatricita,Beatricita,beatricita,0,1,1,1
1029690,4f7621fee4b055c75f677393,19.41963159,-99.15771793,19.419729152405072,-99.15761165391451,15.570589428171967,RESTAURANTE BELMONDO,belmondo,Belmondo,belmondo,0,1,1,1
1005620,50d4c8e852625fbf81de2371,19.43511777,-99.13444832,19.435201536258592,-99.13440157761322,10.537046494403937,RESTAURANTE BISQUETS OBREGON,bisquets obregon,Los Bisquets Bisquets Obregón,los bisquets bisquets obregon,13,0.55,0.67,0.61
1028132,4b4cdf85f964a5208cc226e3,19.42556286,-99.16682005,19.42558,-99.166724,10.26250428260835,RESTAURANTE BIWON,biwon,Biwon,biwon,0,1,1,1
10304734,56281efd498e502299a1e93f,19.41979731,-99.15993913,19.419842602457976,-99.15993669021476,5.048435571047873,RESTAURANTE BLANCO COLIMA,blanco colima,Blanco Colima,blanco colima,0,1,1,1
6736978,571a84f9498e7d1d27ca784e,19.40526283,-99.16865615,19.404926,-99.168594,38.05933279454115,RESTAURANTE BURGERS SONS,burgers sons,Burguer's Sons,burguer s sons,2,0.86,0.25,0.55
6736978,5638f8fecd10ffd0c6a97f6b,19.40526283,-99.16865615,19.40502367755934,-99.1686944313099,26.92403604056355,RESTAURANTE BURGERS SONS,burgers sons,BURGER'S SONS,burger s sons,1,0.92,0.25,0.58
1015564,4e500ae552b1e893ad640a61,19.43708791,-99.15264261,19.437147018235024,-99.15278197882732,16.041802680495525,RESTAURANTE CAHUICH,cahuich,Cahuich,cahuich,0,1,1,1
6308088,4b058702f964a5201f7b22e3,19.43099485,-99.13986982,19.431008672247604,-99.14005391856104,19.38764560129889,RESTAURANTE CENTRO CASTELLANO,centro castellano,Centro Castellano,centro castellano,0,1,1,1
1023151,570d52c0498e85707466f0af,19.4326343,-99.13531431,19.432665,-99.13537,6.7718309195483455,RESTAURANTE CESAR,cesar,Restaurant Cesar,cesar,0,1,1,1
1029996,521fb64511d2c081eee832e7,19.42306605,-99.15158342,19.42287905755723,-99.1508123311053,83.58562412573653,RESTAURANTE CHABELITA,chabelita,Chabelita,chabelita,0,1,1,1
1046059,4e3f3b9cd4c058f9dc1d9a77,19.46129993,-99.1409615,19.461048421530627,-99.14087216484344,29.52620334532337,RESTAURANTE CHAPALA,chapala,Chapala Restaurante,chapala,0,1,1,1
9457037,5e0936e4ba36f00008a6f3b6,19.42302448,-99.17160083,19.422987,-99.17164,5.858170013586155,RESTAURANTE CHIMEX,chimex,Chimex,chimex,0,1,1,1
1042953,4d0a8ba16d26a093e043732d,19.42499802,-99.13491062,19.425111130302067,-99.13479672178111,17.364372463936895,RESTAURANTE CHORIPAN CHE BOLUDO,choripan che boludo,"Restaurante ""Che Boludo""",che boludo,9,0.53,0.67,0.6
991908,4e7f81d629c2fc9915b36f89,19.43237298,-99.14302903,19.432480535514703,-99.14301760460776,12.03295184095528,RESTAURANTE CHUNG KING,chung king,Chung King,chung king,0,1,1,1
991908,4d4f2159a8fba1438ae44b1a,19.43237298,-99.14302903,19.432909254125132,-99.1429734940462,59.98176692463202,RESTAURANTE CHUNG KING,chung king,Hong King,hong king,2,0.8,0.33,0.57
7733203,596bbf92dd70c52f2dbe1d4b,19.41664803,-99.17823445,19.416637676929067,-99.1783819119942,15.524625196728168,RESTAURANTE CLARA YEMA,clara yema,Clara Y Ema,clara y ema,1,0.91,0.25,0.58
10997181,60d546276d47f55bc4720ce2,19.43320216,-99.16803896,19.433345,-99.168021,16.012263500547597,RESTAURANTE CORAZON PANZON,corazon panzon,Corazón Panzón,corazon panzon,0,1,1,1
1028486,510d83dee4b0428ed8049859,19.42359488,-99.17000881,19.42300535793531,-99.16947916487996,86.01461959885873,RESTAURANTE COREANO,coreano,Restaurante Coreano,coreano,0,1,1,1
894800,4fe66940e4b0b901b018a6ba,19.42463731,-99.16652492,19.424410251345,-99.16654976537986,25.410280968901496,RESTAURANTE COREANO GO HYANG ZIB,coreano go hyang zib,Go Hyang Zib,go hyang zib,8,0.6,0.75,0.68
883869,4b058702f964a520fb7a22e3,19.44628865,-99.13275986,19.446316235652773,-99.1326498362348,11.950383999091008,RESTAURANTE CORREO ESPAÑOL,correo espanol,Correo Español,correo espanol,0,1,1,1
1016816,515daee6e4b00e3f828bd3a9,19.43850641,-99.15491672,19.43845776374785,-99.15503942325216,13.972725084189918,RESTAURANTE COSTILLAS EL SITIO,costillas el sitio,Restaurante Costillas del Sitio,costillas del sitio,1,0.95,0.5,0.72
1016816,4c9e6e530e9bb1f77553e75f,19.43850641,-99.15491672,19.438517,-99.154983,7.056853535158136,RESTAURANTE COSTILLAS EL SITIO,costillas el sitio,Fonda El Sitio,fonda el sitio,7,0.61,0.5,0.55
6317516,4b5a6811f964a5201fc328e3,19.42281629,-99.16049695,19.422916557869264,-99.16060220062576,15.706053873421471,RESTAURANTE COVADONGA,covadonga,Covadonga,covadonga,0,1,1,1
8616684,4dd1781bc65bdac713aa3656,19.42216726,-99.17167163,19.422365,-99.17172,22.590468242785853,RESTAURANTE D ANGELO,d angelo,D' Angelo,d angelo,0,1,1,1
6318264,4b083e84f964a520310723e3,19.42843292,-99.17199477,19.42845699529803,-99.17197314288263,3.5124804899037647,RESTAURANTE DAIKOKU,daikoku,Daikoku,daikoku,0,1,1,1
9306330,4bb2d1cd35f0c9b6a6cdbb83,19.41950152,-99.17111386,19.41943320714597,-99.1711426389282,8.182790723518993,RESTAURANTE DE COMIDA CUBANA LA BODEGUITA DEL MEDIO,de comida cubana la bodeguita del medio,La Bodeguita del Medio,la bodeguita del medio,17,0.56,0.57,0.56
1018106,4dd0002e52b1f8915bbcf0eb,19.42962968,-99.13259707,19.42962398165443,-99.13257390947469,2.512775856442276,RESTAURANTE DEL BICENTENARIO,del bicentenario,Restaurante del Bicentenario,del bicentenario,0,1,1,1
8764623,51c70bb6498e3a8edd6066d2,19.42758708,-99.13455001,19.42758102183631,-99.1346558438418,11.131017623910717,RESTAURANTE DEL MUSEO CASA DE LA MEMORIA INDOMITA,del museo casa de la memoria indomita,Museo Casa de la Memoria Indomita,museo casa de la memoria indomita,4,0.89,0.86,0.88
1029941,4cf95fb520fe3704320046f8,19.42370565,-99.14805199,19.42373812630584,-99.1480198521747,4.945051732587412,RESTAURANTE DELI ABEJA,deli abeja,Restaurante La Abeja,la abeja,3,0.7,0.33,0.52
1029941,5cd9ffbff4b525002c94435e,19.42370565,-99.14805199,19.423793,-99.1481,10.952432186504623,RESTAURANTE DELI ABEJA,deli abeja,Deli Abeja,deli abeja,0,1,1,1
855766,54148ed2498e6cd2a35584be,19.45310978,-99.13797861,19.45327456325626,-99.13852692215536,60.40598515729185,RESTAURANTE DELICIAS LA FLAMITA,delicias la flamita,La Flamita,la flamita,9,0.53,0.67,0.6
867677,57a396e6498e176e84189308,19.40428026,-99.16857748,19.404551560452223,-99.16875900838224,35.71243230296487,RESTAURANTE DON CARRETINO,don carretino,Don Carretino,don carretino,0,1,1,1
872148,4c2fb083a0ced13a5305116e,19.4522512,-99.16400267,19.45229566607826,-99.16408286114228,9.764866945711056,RESTAURANTE DON LAZARO EL VIAJERO,don lazaro el viajero,Don Lazaro El Viajero,don lazaro el viajero,0,1,1,1
988550,4e89a6484901b922ad346e08,19.43345176,-99.14591688,19.433584817108553,-99.1456830597773,28.668611687767626,RESTAURANTE DON MIGUEL TACO Y COSTILLA,don miguel taco y costilla,Don Miguel Taco y Costilla,don miguel taco y costilla,0,1,1,1
9817359,50e4aebce4b003353b3fdfc1,19.43268637,-99.13851648,19.432654111988285,-99.1385726369301,6.902807161338574,RESTAURANTE DON TORIVIO,don torivio,Restaurante Don Toribio,don toribio,1,0.91,0.33,0.62
11084152,62d136c85b3bd3326d11cdc0,19.43734365,-99.14566251,19.43736329628408,-99.14592933656422,28.09535264559779,RESTAURANTE DOÑA JULITA,dona julita,Cantina Doña Julita,cantina dona julita,8,0.58,0.67,0.62
898959,55316372498e14c3cc99efe4,19.40715,-99.16149948,19.407234,-99.16157,11.927297877389293,RESTAURANTE DOÑA VERO,dona vero,Restaurante Doña Vero,dona vero,0,1,1,1
898959,5cbf83beb25fee002c38e20d,19.40715,-99.16149948,19.407186,-99.161461,5.6906214707586535,RESTAURANTE DOÑA VERO,dona vero,Doña Vero,dona vero,0,1,1,1
7733800,4e06545daeb74c3991097984,19.41125504,-99.16442354,19.41127444572506,-99.16442357271195,2.160238162183729,RESTAURANTE DULCE JESUS MIO,dulce jesus mio,Dulce Jesús Mío,dulce jesus mio,0,1,1,1
1018989,4cb917889552b60c9e82d18b,19.42774488,-99.13569274,19.42771808445443,-99.13547996101444,22.5360620190467,RESTAURANTE DZIB,dzib,Dzib,dzib,0,1,1,1
8626062,55884021498ee73217057a9f,19.43732958,-99.15159674,19.436844,-99.152023,70.17233963939437,RESTAURANTE EDISON,edison,Edison 48,edison 48,3,0.67,0.5,0.58
9454647,5d6ebe7f835f3800083a394b,19.43490563,-99.13807725,19.434904,-99.138064,1.4027242770521149,RESTAURANTE EL BAJIO,el bajio,Restaurante El Bajío,el bajio,0,1,1,1
984409,4e5be75f18a8c204752bacdd,19.44061388,-99.14462199,19.440605753507388,-99.14469517490582,7.735505799273834,RESTAURANTE EL BUEN COMER,el buen comer,El Buen Comer,el buen comer,0,1,1,1
890020,51f181b9498ebeae221fed1e,19.44229163,-99.15092984,19.442733100419748,-99.1508123311053,50.668660280478996,RESTAURANTE EL BUEN SABOR,el buen sabor,El Buen Sabor,el buen sabor,0,1,1,1
996765,4ca791e3b0b8236a51deaae6,19.43403046,-99.13820091,19.434227991585136,-99.13825993566108,22.845476694482706,RESTAURANTE EL CAMPIRANO,el campirano,El Campirano,el campirano,0,1,1,1
894772,4c79886281bca09306cefd14,19.41921534,-99.15558813,19.41914107994043,-99.1555591737469,8.807852810002734,RESTAURANTE EL CAMPIRANO,el campirano,El Campirano,el campirano,0,1,1,1
6256967,4be5968ebcef2d7fabf903e5,19.43371814,-99.1353089,19.43374611369942,-99.1352161605478,10.221436094099591,RESTAURANTE EL CARDENAL,el cardenal,El Cardenal,el cardenal,0,1,1,1
1030731,4de7f52fe4cdfedb8aaad9ba,19.42726302,-99.15020292,19.427406701000216,-99.15030307193447,19.140794607317492,RESTAURANTE EL CHIVERIO,el chiverio,Restaurante El Chiverio,el chiverio,0,1,1,1
875858,4fe7a498e4b067dfbf047728,19.41149408,-99.14156025,19.411564637560016,-99.14159134170598,8.505774479027314,RESTAURANTE EL CHIVITO,el chivito,El chivito,el chivito,0,1,1,1
1025302,4de39046d164df857514fa95,19.43064503,-99.16410874,19.430730884377414,-99.16390294499664,23.62377978289129,RESTAURANTE EL COCINERO,el cocinero,El cocinero,el cocinero,0,1,1,1
1025302,56a931b2498e021a8bfd38ad,19.43064503,-99.16410874,19.430855,-99.164027,24.899114809335792,RESTAURANTE EL COCINERO,el cocinero,Mi Cocinero,mi cocinero,2,0.82,0.33,0.58
9802360,606a22c731dd1376bcaddf44,19.44565811,-99.14441047,19.445716,-99.144589,19.817275643051712,RESTAURANTE EL COLIBRI,el colibri,Cantina El Colibri,cantina el colibri,8,0.56,0.67,0.62
1030806,4eceba0499114b48863a58e3,19.42592439,-99.14461502,19.426231731815395,-99.1446937131324,35.196434011721756,RESTAURANTE EL COMEDOR,el comedor,El Comedor,el comedor,0,1,1,1
11669875,56997142498e8b276a07e26c,19.42533526,-99.1464799,19.42527155187971,-99.14667131274363,21.30976606039234,RESTAURANTE EL COMEDOR,el comedor,El Comedor,el comedor,0,1,1,1
11576059,4f4c23a1e4b03af95f513a00,19.43489702,-99.13606814,19.43477164626738,-99.1360400187204,14.265334199690537,RESTAURANTE EL CUATRO 20,el cuatro 20,El Cuatro 20,el cuatro 20,0,1,1,1
631809,4d9cd3a75c33a35daa97f3a0,19.43247351,-99.15652,19.432331943021364,-99.15648270379356,16.238248552665937,RESTAURANTE EL DIEZ REFORMA,el diez reforma,El Diez,el diez,8,0.47,0.67,0.57
984426,534d8d10498eeb3022242ec6,19.439442,-99.14503674,19.43951304445941,-99.14547902531012,47.097030707434556,RESTAURANTE EL FOGON DE LA ARRACHERA,el fogon de la arrachera,El Fogón de la Arrachera,el fogon de la arrachera,0,1,1,1
11001677,6616031718bf15672f8e45ae,19.42442774,-99.16463252,19.425112,-99.164393,80.21466205552076,RESTAURANTE EL GALERO,el galero,Galero,galero,3,0.67,0.5,0.58
890207,50a2c49ee4b0da0c1e1bf8b9,19.43375288,-99.14692424,19.433784495009313,-99.1469940302726,8.127850324747957,RESTAURANTE EL GALLO DE ORO,el gallo de oro,El Gallo De Oro,el gallo de oro,0,1,1,1
10320842,4c0ab4ef6071a593c511e032,19.42208741,-99.1468444,19.42275,-99.146957,74.7004628075282,RESTAURANTE EL GUERO,el guero,El Puerto,el puerto,2,0.78,0.33,0.56
894203,52eab79c498e198b2805a38f,19.42881536,-99.17308734,19.428737256768837,-99.17318277469528,13.265321606660487,RESTAURANTE EL HABITAT,el habitat,El habeatat,el habeatat,2,0.82,0.33,0.58
894203,4f036d229adffb90d0651429,19.42881536,-99.17308734,19.428775572956575,-99.17333426246024,26.297692512815058,RESTAURANTE EL HABITAT,el habitat,El Habitat,el habitat,0,1,1,1
9785797,53c44b14498e532f7e31d2eb,19.41881424,-99.1575728,19.41874183758196,-99.15761711383529,9.306178878315155,RESTAURANTE EL INICIO,el inicio,El Inicio,el inicio,0,1,1,1
11477146,4ffef97ee4b0ac26d3a6519c,19.41675311,-99.16574112,19.416880494790135,-99.16580599324529,15.73126623761632,RESTAURANTE EL MEXICANITO,el mexicanito,Tacos El Mexicanito,tacos el mexicanito,6,0.68,0.67,0.68
1015491,4e52ae0062e1f6d84aabb1b3,19.43630819,-99.15036225,19.436464309579176,-99.15039271136293,17.670885753222514,RESTAURANTE EL MIXTECO,el mixteco,El Mixteco,el mixteco,0,1,1,1
9115844,4dfae1a9b3ad776a948ac261,19.41960932,-99.15043857,19.41945506389186,-99.15014300298355,35.46493568092852,RESTAURANTE EL NARANJO,el naranjo,El Tapanco,el tapanco,3,0.7,0.33,0.52
1040485,50c9e8eae4b0bd36becf7711,19.43000567,-99.15689362,19.42990679924095,-99.15692266776304,11.420874489332386,RESTAURANTE EL NUEVO TEHUACAN,el nuevo tehuacan,Restaurante Nuevo Tehuacan,nuevo tehuacan,3,0.82,0.67,0.74
8337460,5a63b54673fe2528843eb632,19.43323644,-99.14439386,19.433237,-99.14438,1.4563243617327502,RESTAURANTE EL OAXAQUITO,el oaxaquito,Oaxaquito,oaxaquito,3,0.75,0.5,0.62
8337177,58649f26a370b9294238961c,19.43322321,-99.14973322,19.433184,-99.149409,34.314581225350324,RESTAURANTE EL OSO,el oso,El oso,el oso,0,1,1,1
1029440,4b92d706f964a520822034e3,19.41937602,-99.16696745,19.41932291327935,-99.16694374579576,6.414263745020783,RESTAURANTE EL PECADO DE NOE,el pecado de noe,El Pecado de Noé,el pecado de noe,0,1,1,1
8152836,5167384ae4b0639d0474ca90,19.44247127,-99.15912391,19.4417209070402,-99.15919646153334,83.87649344958622,RESTAURANTE EL RECREO,el recreo,Restaurante El Recreo,el recreo,0,1,1,1
9106530,4e8b2c6db63423c021027df7,19.42426043,-99.1448542,19.424262459923277,-99.14494699473924,9.744527581013836,RESTAURANTE EL REFUGIO,el refugio,Café El Refugio,cafe el refugio,5,0.67,0.67,0.67
892125,4e5410caae606f5737a753fd,19.42757235,-99.13449347,19.427594982247495,-99.1343666083486,13.554301326958122,RESTAURANTE EL RELOJ,el reloj,El Reloj,el reloj,0,1,1,1
1024002,4b68b883f964a5201c892be3,19.43246111,-99.13524362,19.432746676000185,-99.13529070255868,32.171012864986295,RESTAURANTE EL REY DEL PAVO,el rey del pavo,El Rey del Pavo,el rey del pavo,0,1,1,1
7733316,532aefc2498e684f6cef47d1,19.41548659,-99.17759879,19.41556890542936,-99.17757775367974,9.425715901227365,RESTAURANTE EL RINCON GOURMET,el rincon gourmet,El Rincón Gourmet,el rincon gourmet,0,1,1,1
1024276,4f64ffd7e4b0788a8fd0575e,19.4300447,-99.13324687,19.43004172661037,-99.1334075676596,16.873232991743922,RESTAURANTE EL SAZON 1,el sazon 1,El sazón 1,el sazon 1,0,1,1,1
1024276,50d64e4ae4b0f0311808fddc,19.4300447,-99.13324687,19.430089530355,-99.1334361757046,20.49026418489686,RESTAURANTE EL SAZON 1,el sazon 1,Restaurante El sazón,el sazon,2,0.8,0.67,0.74
992019,4f7cc0d1e4b0bf87a92a0ff4,19.43194725,-99.14140252,19.432106217891477,-99.14167781732893,33.88778325640383,RESTAURANTE EL SAZON 2,el sazon 2,El Sazon restaurante,el sazon,2,0.8,0.67,0.74
992019,4cfd4ca32d80a1431e1456d8,19.43194725,-99.14140252,19.43203466968331,-99.14166647531052,29.368771030967892,RESTAURANTE EL SAZON 2,el sazon 2,El sazón 2,el sazon 2,0,1,1,1
1017568,4dc9828cc65bdbb2ee97aaf6,19.43799304,-99.15904599,19.437918466930597,-99.15921114232918,19.221814896993855,RESTAURANTE EL SOL,el sol,Restaurante Bar El Sol,bar el sol,4,0.6,0.67,0.64
1017568,4be0781898f2a593905bc25a,19.43799304,-99.15904599,19.43797259243531,-99.15982512906,81.82142450280553,RESTAURANTE EL SOL,el sol,El Sol De Mexico,el sol de,3,0.67,0.67,0.67
956008,4dfae1a9b3ad776a948ac261,19.41934904,-99.15010066,19.41945506389186,-99.15014300298355,12.611961695343659,RESTAURANTE EL TAPANCO,el tapanco,El Tapanco,el tapanco,0,1,1,1
9219942,5797c1c7498ee64ac7c3b097,19.43035849,-99.16248539,19.430725561239477,-99.1627158912791,47.48952580857135,RESTAURANTE EL TRECE,el trece,el trece,el trece,0,1,1,1
1016941,4e45be5afa76a07fde50cac3,19.43662537,-99.15565887,19.43643049427788,-99.15595511400812,37.91720081178392,RESTAURANTE EL TULE,el tule,El Tule,el tule,0,1,1,1
1017340,4c4a3dce9e6dbe9ae05e400a,19.42934303,-99.13900058,19.42921536313629,-99.13906676258752,15.819237890986317,RESTAURANTE EL ZAGUAN,el zaguan,El Zaguan,el zaguan,0,1,1,1
956589,4c5dccf6857ca593aefccdcb,19.40591533,-99.16282676,19.40610649382483,-99.16283952815684,21.32244463548069,RESTAURANTE ESQUINA DE BUENOS AIRES,esquina de buenos aires,Esquina de Buenos Aires,esquina de buenos aires,0,1,1,1
9431143,643f2a15ff7cca30cb2e8499,19.41745481,-99.17394821,19.417323,-99.173921000000007,14.948525714460667,RESTAURANTE FILIGRANA,filigrana,Filigrana,filigrana,0,1,1,1
863158,4cc738cb5b7aa143f5a42d7d,19.40567765,-99.17054854,19.40589617672028,-99.17040262549848,28.748581096404852,RESTAURANTE FLORES DE LA CONDESA,flores de la condesa,Flores de la condesa,flores de la condesa,0,1,1,1
863158,5372b61c11d2c06214565b8e,19.40567765,-99.17054854,19.40526743056667,-99.16987925463911,83.80620938375334,RESTAURANTE FLORES DE LA CONDESA,flores de la condesa,El brujo de la Condesa,el brujo de la condesa,6,0.73,0.5,0.62
958643,4faac850e4b03a9d6a91c589,19.40658339,-99.15686752,19.40655938785518,-99.15683411293742,4.409322231815823,RESTAURANTE FONDA ECONOMICA COCINA OAXACA,fonda economica cocina oaxaca,Cocina Economica Oaxaca,cocina economica oaxaca,11,0.62,0.75,0.69
10892919,55de740f498e4a2731aa3ffb,19.41811316,-99.16623538,19.418187964518527,-99.1661865676243,9.777762470882678,RESTAURANTE FONDA FINA,fonda fina,Fonda Fina,fonda fina,0,1,1,1
6258331,4b058701f964a520e57a22e3,19.41164169,-99.17504194,19.41154338121498,-99.1747729882315,30.284159657181668,RESTAURANTE FONDA GARUFA,fonda garufa,Fonda Garufa,fonda garufa,0,1,1,1
9431024,5c3fe1e59411f2002c706443,19.41825965,-99.15854064,19.4183895236305,-99.15859670793752,15.609876639444876,RESTAURANTE GIN GIN,gin gin,Gin Gin,gin gin,0,1,1,1
890205,4d9b81e9b8b2224bb3fe8155,19.43405633,-99.14675979,19.43411141803737,-99.14676681929905,6.176609775407878,RESTAURANTE GLORIA,gloria,Gloria Restaurante,gloria,0,1,1,1
890205,4bf2f59f98ac0f47445762a8,19.43405633,-99.14675979,19.433507,-99.146231,82.58888220551049,RESTAURANTE GLORIA,gloria,Restaurante y Cafeteria Gloria,y gloria,2,0.75,0.5,0.62
11012553,64d565d1128e8152c18e34ae,19.45459345,-99.14157694,19.454516,-99.141651,11.608737353918398,RESTAURANTE GRIS,gris,Gris,gris,0,1,1,1
1045654,5eadd45361577d0008da8be2,19.45306002,-99.16004653,19.45308,-99.160097,5.745535006464703,RESTAURANTE GUAPO GRILL,guapo grill,Guapo Grill,guapo grill,0,1,1,1
8337857,59b3112316fa04346fe95fdc,19.43413172,-99.1382846,19.43394220575004,-99.1384382654962,26.55726668839332,RESTAURANTE HILARIA JARDIN,hilaria jardin,Hilaria Jardín,hilaria jardin,0,1,1,1
865305,4c9e64100e9bb1f77beae65f,19.41544489,-99.16599969,19.41549314610781,-99.16588074744564,13.594065101438186,RESTAURANTE HIPODROMO,hipodromo,Restaurante Hipódromo,hipodromo,0,1,1,1
991902,4e7f81d629c2fc9915b36f89,19.43303309,-99.14315608,19.432480535514703,-99.14301760460776,63.20451440889914,RESTAURANTE HONG KING,hong king,Chung King,chung king,2,0.8,0.33,0.57
991902,4d4f2159a8fba1438ae44b1a,19.43303309,-99.14315608,19.432909254125132,-99.1429734940462,23.609903553461933,RESTAURANTE HONG KING,hong king,Hong King,hong king,0,1,1,1
1030252,4ff5f777e4b083d14baeff06,19.43174358,-99.15105378,19.4317192006368,-99.15106098020492,2.8171935036517453,RESTAURANTE HOSTERIA DE LA LEONA,hosteria de la leona,Hosteria La Leona,hosteria la leona,3,0.85,0.75,0.8
864632,4e273369fa7682ed2309094e,19.40707876,-99.16739576,19.40718561283536,-99.16739791148596,11.896948005311136,RESTAURANTE KA FU,ka fu,Ka-Fu,ka fu,0,1,1,1
8131644,6069f84a0e0cfa0ee0b86f3b,19.41414139,-99.16020885,19.414187,-99.160351,15.764328147033,RESTAURANTE KROKET,kroket,Kroket,kroket,0,1,1,1
855765,5222265f11d26b5da23f2d98,19.45339962,-99.13790203,19.45333263910361,-99.13808375302844,20.480037665262806,RESTAURANTE L ROYALI,l royali,L'Royali,l royali,0,1,1,1
9011307,56a016bc498ea877351fb964,19.42794525,-99.17398951,19.427836,-99.173896,15.629298602514382,RESTAURANTE LA ABUNDANCIA,la abundancia,la abundancia,la abundancia,0,1,1,1
956471,516cd450498ef6bb27dc084c,19.4125018,-99.16131099,19.412555008779034,-99.16129180586609,6.256263815905002,RESTAURANTE LA CADENCIA LONCHERIA,la cadencia loncheria,La Cadencia Lonchería,la cadencia loncheria,0,1,1,1
11253308,4d753dc8d238a1cd0d59e10e,19.43418345,-99.136789340000007,19.434189814973703,-99.13644753311878,35.888850803405525,RESTAURANTE LA CAPILLA,la capilla,La Capilla,la capilla,0,1,1,1
8392399,4b7797ddf964a52019a32ee3,19.40932926,-99.17282468,19.409381698336333,-99.17281667918716,5.897541208702122,RESTAURANTE LA CAPITAL,la capital,La Capital,la capital,0,1,1,1
956420,64c3d63fda4d9305da1edc1f,19.41228465,-99.1600923,19.412277768234624,-99.16017696261406,8.921774805999842,RESTAURANTE LA CASA DE BENELL,la casa de benell,Casa Benell,casa benell,6,0.65,0.5,0.58
956420,54bec3d0498e795194e76d7b,19.41228465,-99.1600923,19.412361070714734,-99.16010297049884,8.580564983267347,RESTAURANTE LA CASA DE BENELL,la casa de benell,La Casa de Cantera,la casa de cantera,5,0.72,0.6,0.66
991957,4e024491a8091704343b79c9,19.43322441,-99.14204957,19.433128282375584,-99.14203319498998,10.838071287161606,RESTAURANTE LA CASA DE TODOS,la casa de todos,La casa de todos,la casa de todos,0,1,1,1
956051,4c3a273718e72d7f6b741bf5,19.41690305,-99.15417714,19.4169843514953,-99.15436320313358,21.52914401684915,RESTAURANTE LA CASA GALLEGA,la casa gallega,La Casa Gallega,la casa gallega,0,1,1,1
1026600,4ce59319e1eeb60cc4c291ae,19.42771209,-99.17029031,19.42793927416977,-99.17004156963851,36.352112177304306,RESTAURANTE LA CASITA,la casita,La Casita Restaurante,la casita,0,1,1,1
1028072,4f9851c9e4b05c380f93e504,19.42408078,-99.17091024,19.42403701605456,-99.17108283999958,18.763644137079176,RESTAURANTE LA CAZADORA,la cazadora,Restaurante La Cazadora,la cazadora,0,1,1,1
9508919,56bba1fe38fa674ef91532df,19.43694369,-99.15669355,19.43704720861431,-99.15689741980388,24.306552609262777,RESTAURANTE LA FRONTERA,la frontera,La Frontera,la frontera,0,1,1,1
8485277,54011f89498eb6b67d86f917,19.43585483,-99.15160837,19.43576445844972,-99.15188911508598,31.141193500582748,RESTAURANTE LA MANIFESTACION,la manifestacion,La manifestación,la manifestacion,0,1,1,1
1060916,5037e8ede4b0be420eedfc3a,19.42686423,-99.16077604,19.42705812673583,-99.16077451184567,21.58508208767124,RESTAURANTE LA NORIA,la noria,Restaurante La Noria,la noria,0,1,1,1
1060916,5425c280498e5a95dd7ebe02,19.42686423,-99.16077604,19.426848,-99.160876,10.648365593139971,RESTAURANTE LA NORIA,la noria,La noria natural,la noria natural,8,0.5,0.67,0.58
1060916,4d19027581cea35d15d3f1ec,19.42686423,-99.16077604,19.426973382233797,-99.16087316287263,15.861971917802899,RESTAURANTE LA NORIA,la noria,La Noria Natural,la noria natural,8,0.5,0.67,0.58
1028558,4f038290be7b46d0f890ebe4,19.42390866,-99.16698874,19.42418774763018,-99.16710893028883,33.532490717253566,RESTAURANTE LA OLITA,la olita,La Olita Marina.,la olita marina,7,0.53,0.67,0.6
991163,63d767fcf772ff6637760acc,19.43463082,-99.13933968,19.434721,-99.139356,10.18393138841348,RESTAURANTE LA OPERA,la opera,La Opera,la opera,0,1,1,1
991163,4b64c7aff964a5208dcf2ae3,19.43463082,-99.13933968,19.4346600578842,-99.13932239148149,3.726554020085158,RESTAURANTE LA OPERA,la opera,La Opera,la opera,0,1,1,1
9492337,639e4d881435f93e03cb2518,19.42565778,-99.15649795,19.425795,-99.156978,52.66093145770179,RESTAURANTE LA PALAPA CANTINA CARIBEÑA,la palapa cantina caribena,Palapa Cantina Caribeña,palapa cantina caribena,3,0.88,0.75,0.81
864652,4dd1b9fbe4cd7f7178b9fbff,19.40606562,-99.16748392,19.406057558659587,-99.16759883771152,12.09912786035594,RESTAURANTE LA PARRILLA,la parrilla,La Parrilla Restaurante,la parrilla,0,1,1,1
986045,50d22849e4b0d7d3564770c9,19.43796212,-99.14187382,19.4381319249861,-99.14157512753708,36.61215708798582,RESTAURANTE LA PELUSA,la pelusa,La Pelusa,la pelusa,0,1,1,1
6257011,4b7f2d23f964a520d21c30e3,19.43873045,-99.16786783,19.438798489969887,-99.16775933892914,13.67741287805034,RESTAURANTE LA POLAR,la polar,La Polar,la polar,0,1,1,1
9276620,5649369b498ef650038c323d,19.4207311,-99.17077638,19.420842,-99.17014,67.94177984974198,RESTAURANTE LA PROVOLETA,la provoleta,La Provoleta Roma,la provoleta roma,5,0.71,0.67,0.69
9276620,5643fb37498eef663b9a1671,19.4207311,-99.17077638,19.421010679924553,-99.17005243679615,82.12898395366274,RESTAURANTE LA PROVOLETA,la provoleta,La Provoleta,la provoleta,0,1,1,1
7732826,63462a61f5d21375d902c017,19.40479346,-99.16273632,19.404815,-99.16268,6.381028672194042,RESTAURANTE LA RAMONA DE LOS TUETANOS,la ramona de los tuetanos,La Ramona De Los Tuétanos,la ramona de los tuetanos,0,1,1,1
876995,4f397367e4b0d3ab538d3661,19.44857002,-99.15575476,19.44861776703382,-99.15599760691572,26.03931577314997,RESTAURANTE LA SANTA MARIA,la santa maria,"Restaurante-Bar ""La Santa María""",bar la santa maria,4,0.78,0.75,0.76
865596,4c0fd5e6f1b6a593b0eb7a27,19.40951114,-99.16887224,19.409719680257897,-99.16881398287572,24.00687425994068,RESTAURANTE LA SELVA CAFE,la selva cafe,Café La Selva,cafe la selva,10,0.23,1,0.62
984410,4e162cbfae60de5d28f051a2,19.44115991,-99.14586997,19.441306272006138,-99.1458378941996,16.637223803982955,RESTAURANTE LA TERRAZA,la terraza,La Terraza La Birria,la terraza la birria,10,0.5,0.67,0.58
1012071,4ca0fe1b3244b21ad2b93703,19.44099892,-99.16410202,19.4412,-99.163992,25.187896525743604,RESTAURANTE LA TIA,la tia,La Tía,la tia,0,1,1,1
1012071,5cd041ce3e6741003931e741,19.44099892,-99.16410202,19.441233,-99.16401,27.79045283340227,RESTAURANTE LA TIA,la tia,La Tia,la tia,0,1,1,1
1025381,4ddc027eb0fba481fc7841d3,19.43001455,-99.16294942,19.430071948641423,-99.16299296020956,7.856167987291809,RESTAURANTE LA TREGUA,la tregua,Restaurante La Tregua,la tregua,0,1,1,1
1003311,5108877de4b0924a59272ac6,19.43594111,-99.13391514,19.436015972164594,-99.13398552927566,11.137731286044108,RESTAURANTE LA VIKINA,la vikina,"RESTAURANTE ""LA VIKINA""",la vikina,0,1,1,1
6733135,55b95a07498ea7bfe541bda9,19.41794386,-99.17532766,19.41799312324725,-99.17521923936374,12.63495646020241,RESTAURANTE LARDO,lardo,Lardo,lardo,0,1,1,1
1025360,4d6e4ce3ffedf04db3c760c5,19.43115317,-99.16134069,19.43127851125471,-99.16142036040664,16.26762999778142,RESTAURANTE LAS BANQUITAS,las banquitas,Las Banquitas,las banquitas,0,1,1,1
1004080,50feb9aee4b028b4bed45057,19.43851721,-99.1330969,19.438554,-99.13326,17.604293587308252,RESTAURANTE LAS BUGAMBILIAS,las bugambilias,Las Bugambilias,las bugambilias,0,1,1,1
874234,4d8640385ad3a0930f6ef5fd,19.41745651,-99.14225892,19.417610365693225,-99.14229631341664,17.571315792815444,RESTAURANTE LAS GOYAS,las goyas,Las Goyas,las goyas,0,1,1,1
958623,4cdaf92fd4ecb1f7f5f47648,19.40566261,-99.15834434,19.40576682771284,-99.15842304150686,14.24345365456536,RESTAURANTE LAS MARGARITAS,las margaritas,Las margaritas,las margaritas,0,1,1,1
1016815,513f718ce4b0061bfad7cde2,19.43843355,-99.15493377,19.43853187561035,-99.154998779296875,12.89869287119726,RESTAURANTE LAS MARIPOSAS,las mariposas,Las Mariposas,las mariposas,0,1,1,1
8625207,5c0ece8d598e64002c87f3cc,19.41017511,-99.16824768,19.410419,-99.167983,38.85044627667525,RESTAURANTE LE BON BISTRO,le bon bistro,Le Bon Bistro,le bon bistro,0,1,1,1
1025298,4b0dc423f964a520aa4f23e3,19.42961265,-99.16569026,19.42962841298935,-99.16571358184628,3.0122035213681695,RESTAURANTE LES MOUSTACHES,les moustaches,Les Moustaches,les moustaches,0,1,1,1
9947726,658528d6bbd2a21c8bcf7e2e,19.41233518,-99.1601904,19.412339,-99.160254,6.690960710830638,RESTAURANTE LINA,lina,Lina,lina,0,1,1,1
872307,52603b9c11d2226cb3414e48,19.45323677,-99.16109324,19.453195699084844,-99.16153184940327,46.264955447605736,RESTAURANTE LIZBETH,lizbeth,Lizbeth,lizbeth,0,1,1,1
6799641,58a9250952a0510c0b5f222c,19.42014259,-99.17006605,19.42013505603468,-99.17011722922324,5.438164979260938,RESTAURANTE LOREA,lorea,Lorea,lorea,0,1,1,1
868731,4cd1cbc63e63721ef2b3a5cc,19.40508543,-99.16648226,19.40499464009088,-99.16674332720076,29.21482505394227,RESTAURANTE LOS ANGELES,los angeles,Fonda Los Ángeles,fonda los angeles,6,0.65,0.67,0.66
885005,535b2b7b498e70b6d31f77cd,19.46228098,-99.13729722,19.462421,-99.137178,19.988320176258373,RESTAURANTE LOS COMPADRES,los compadres,los compadres,los compadres,0,1,1,1
1029782,9f7df042d18a42d5d94c7221,19.42201006,-99.15566984,19.422086,-99.155497,20.01812646402695,RESTAURANTE LOS DORADOS DE DURANGO,los dorados de durango,Restaurante los Dorados de Durango,los dorados de durango,0,1,1,1
1029782,4d6565697f84f04d4faf00b5,19.42201006,-99.15566984,19.42214071215373,-99.15568048916865,14.587038054877839,RESTAURANTE LOS DORADOS DE DURANGO,los dorados de durango,Los Dorados De Durango,los dorados de durango,0,1,1,1
6258626,4cd8684d1891236ae21d360b,19.43603298,-99.13891873,19.436090250886114,-99.1390664901734,16.770325165953796,RESTAURANTE LOS GIRASOLES,los girasoles,Los Girasoles,los girasoles,0,1,1,1
8337260,5973839c65211f46b1289db9,19.43853543,-99.13922272,19.438541,-99.13921,1.4722130740147885,RESTAURANTE LOS REYES,los reyes,Restaurante Los Reyes,los reyes,0,1,1,1
872340,4de13cf3ae605835c4682083,19.45864726,-99.15766492,19.458728195821745,-99.15723011994832,46.51796327250866,RESTAURANTE LOS TRES CABALLEROS,los tres caballeros,Los Tres Caballeros,los tres caballeros,0,1,1,1
9671043,4db86761fa8c978590b828bf,19.42024563,-99.14250781,19.42039995215801,-99.14248242547131,17.38454964254989,RESTAURANTE LOS VALDEPEÑAS,los valdepenas,Valdepeñas,valdepenas,4,0.71,0.5,0.6
1010394,4de670071f6e9d90c7f2e520,19.4445338,-99.15491351,19.444525,-99.154874,4.261498566842143,RESTAURANTE LUPBYS,lupbys,Restaurante Lupbys,lupbys,0,1,1,1
863737,4bcb718568f976b0fa1f6183,19.41179062,-99.15621924,19.411805622632457,-99.15618357336874,4.100231503779764,RESTAURANTE LUPITA,lupita,Restaurant Lupita,lupita,0,1,1,1
9526117,5cd6f3364b78c5002c7bcbff,19.42671974,-99.16911658,19.426895,-99.16906,20.39402925304038,RESTAURANTE MALLORCA,mallorca,Mallorca,mallorca,0,1,1,1
863998,4b6cde52f964a5205e5a2ce3,19.41379476,-99.1650158,19.413882092309,-99.1649089559932,14.84408842747268,RESTAURANTE MAMA RUMBA,mama rumba,Mama Rumba,mama rumba,0,1,1,1
11199609,65af13992ce5252cee7ace08,19.40928871,-99.16223216,19.409307,-99.162567,35.21478614828989,RESTAURANTE MANDRAGORA VEGAN,mandragora vegan,mandragora vegan,mandragora vegan,0,1,1,1
10801435,5ca02910464d65002b5111d9,19.41580305,-99.16419709,19.415784,-99.164562,38.37013476850534,RESTAURANTE MANZO,manzo,Manzo,manzo,0,1,1,1
891622,4e7525e0aeb780be0a197696,19.42990363,-99.13297283,19.429984266557675,-99.13279381711072,20.826488226669717,RESTAURANTE MAPLE,maple,Restaurante Bar Maple,bar maple,4,0.56,0.5,0.53
868261,57e5d75f498e56b05d74d0d0,19.41575073,-99.13638485,19.415926,-99.136231,25.329472275684996,RESTAURANTE MAR Y TIERRA,mar y tierra,restaurante tierra y mar,tierra y mar,10,0.17,1,0.58
10128595,603bf0dbffd46134e2945f8a,19.41885679,-99.17503034,19.418903,-99.175051,5.582667831081138,RESTAURANTE MAREA,marea,Marea,marea,0,1,1,1
8385769,57801f64498eb55b28e549c2,19.4480098,-99.15720018,19.448016,-99.157318,12.386578332587012,RESTAURANTE MARIA CIENTO 38,maria ciento 38,María Ciento38,maria ciento38,1,0.93,0.25,0.59
893331,4d9792e2daec224b7b58343e,19.43966543,-99.16026414,19.439518898840987,-99.16039405040756,21.26136873615362,RESTAURANTE MARIA CONESA,maria conesa,Maria Conesa,maria conesa,0,1,1,1
1011380,4ecbf8a277c8f5b22cdcd48e,19.44352212,-99.15805824,19.44356948693446,-99.15797193212164,10.482528150376238,RESTAURANTE MARSELLA,marsella,Restaurante Marsella,marsella,0,1,1,1
6257602,561940c1498e7f3378b91e8e,19.41154665,-99.17490535,19.411580402181183,-99.1746817241306,23.777572615988063,RESTAURANTE MATISSE BISTRO,matisse bistro,Matisse Bistro,matisse bistro,0,1,1,1
953388,5114268de4b0e0376efe06f6,19.41137453,-99.15036785,19.411288022858432,-99.15040693117705,10.467656391691776,RESTAURANTE MERIDA,merida,Restaurante Mérida,merida,0,1,1,1
6797966,581a15eaf1fd0e65f2d49b9d,19.41525251,-99.16931775,19.415260072316745,-99.16931442686828,0.9112680957710853,RESTAURANTE MERKAVA,merkava,Merkavá,merkava,0,1,1,1
658055,4b67356bf964a52085412be3,19.40969089,-99.16932007,19.409492124585803,-99.1699001162712,64.795669580567,RESTAURANTE MEROTORO,merotoro,Merotoro,merotoro,0,1,1,1
8764629,589653ea727ba367b51f698b,19.40651181,-99.16119047,19.40727734427598,-99.16140058903017,88.02819094880205,RESTAURANTE METATE,metate,Metate,metate,0,1,1,1
9207759,4fe53b28e4b0e1967e4c604e,19.44087661,-99.1379671,19.440692054181163,-99.13768382202134,36.14332690235297,RESTAURANTE MEXICANO LA VAQUERA,mexicano la vaquera,La Vaquera,la vaquera,9,0.53,0.67,0.6
863820,4ff5e64be4b0e8d00cfe8860,19.41386151,-99.16283741,19.413880500262096,-99.1626446489511,20.348113977609568,RESTAURANTE MEZON DEL KAJON,mezon del kajon,Mesón del Kajon,meson del kajon,1,0.93,0.5,0.72
857477,4d26398ee7a6a35d0af5df62,19.45055115,-99.15635434,19.450725959045325,-99.15626921383787,21.413061061776904,RESTAURANTE MI JACALITO,mi jacalito,Mi Dulce Jacalito,mi dulce jacalito,6,0.65,0.67,0.66
8326146,4bb6544c46d4a593560fc6c0,19.42454635,-99.16647795,19.42452589290464,-99.16640319401768,8.171843290550228,RESTAURANTE MIN SOK CHON,min sok chon,Min Sok Chon,min sok chon,0,1,1,1
9276621,56be4fe7498e034d8029a748,19.41619654,-99.15509087,19.416302331771085,-99.15518888813249,15.63939167394736,RESTAURANTE MOG BISTRO,mog bistro,Mog Bistro,mog bistro,0,1,1,1
863104,4e0e696662e1d5a30d01736a,19.41553917,-99.16134643,19.415594412231556,-99.16098573994682,38.364562127583305,RESTAURANTE MONY,mony,La Mony,la mony,3,0.57,0.5,0.53
11071392,613d13217bce485472371f9b,19.4139991,-99.16032833,19.414233,-99.160227,28.12718627876859,RESTAURANTE MUX,mux,Mux,mux,0,1,1,1
1030734,4c51b5bd3940be9a496c5209,19.42698879,-99.14989479,19.427067583773045,-99.1502878151317,42.182424956689935,RESTAURANTE NANCY,nancy,Restaurante Nancy,nancy,0,1,1,1
871115,4ef26f8a6c253bf123da7ac8,19.40947443,-99.13250526,19.40947352602505,-99.13253982626117,3.6306086028090943,RESTAURANTE NATY,naty,Restaurante Naty,naty,0,1,1,1
658636,4ba69771f964a5201a6139e3,19.410681,-99.16813283,19.410737,-99.168153,6.5837695349638725,RESTAURANTE NONNA,nonna,Nonna,nonna,0,1,1,1
6872056,505cebb4e4b02c96b3a9ffd6,19.41846252,-99.15937102,19.418834610058504,-99.15948746767071,43.18740178766612,RESTAURANTE NUEVE,nueve,Nueve Nueve,nueve nueve,6,0.45,1,0.72
884911,4d447d9d7e2e548176fd608f,19.453261,-99.16123698,19.453395844157697,-99.16138237905538,21.406652063679758,RESTAURANTE NUEVO TEPATITLAN,nuevo tepatitlan,Restaurante Nuevo Tepatitlan,nuevo tepatitlan,0,1,1,1
1023940,4e6e7c491f6e11e74774fe7d,19.43275041,-99.13520051,19.432830419684063,-99.13498163788604,24.642613646197514,RESTAURANTE OASIS,oasis,Restaurante Oasis,oasis,0,1,1,1
1015591,4e307053e4cd6396f9bf5f05,19.43668177,-99.15293311,19.436908617571895,-99.152920443809,25.287537033401385,RESTAURANTE ODRA,odra,Odra,odra,0,1,1,1
6801139,4cb3654d1463a1433639b4a9,19.43224819,-99.16722484,19.43235798108822,-99.16717946135884,13.117470578159088,RESTAURANTE OTTO,otto,Otto,otto,0,1,1,1
10070272,48d23b0913ec46e813fc73fa,19.41950448,-99.16123464,19.419513,-99.161091,15.110052264404016,RESTAURANTE OXACOBEO,oxacobeo,Restaurante Oxacobeo,oxacobeo,0,1,1,1
10997079,52cb273a498e8c2d672b5c23,19.41965406,-99.15043282,19.419499280636373,-99.1503907152226,17.78796564882107,RESTAURANTE PACHUCA,pachuca,Restaurante Pachuca,pachuca,0,1,1,1
847590,4bd23e729854d13aef58fb4d,19.41896603,-99.17250343,19.419191355160144,-99.17253187526484,25.2602345163721,RESTAURANTE PAD THAI,pad thai,Pad Thai,pad thai,0,1,1,1
883834,56c249b8cd10588a11875d4a,19.44423182,-99.13366485,19.44429,-99.133558,12.951707042593016,RESTAURANTE PALMA,palma,restaurant palma,palma,0,1,1,1
894887,53a669fa498e5cd1fc612fdc,19.42371192,-99.1638426,19.423563422461623,-99.16404030474176,26.53424412133235,RESTAURANTE PANCHOS GYM,panchos gym,"Pancho,s GYM",pancho s gym,1,0.92,0.25,0.58
658850,5203ff3e498eb5697971394b,19.42423755,-99.16948925,19.424201810061604,-99.16948213853112,4.04799520541934,RESTAURANTE PAPILLON,papillon,Restaurante Papillón,papillon,0,1,1,1
1017872,540a0861498e8f0de52e19e6,19.42708119,-99.13844825,19.42703552099592,-99.13931680126346,91.32350961612644,RESTAURANTE PARIS,paris,París Restaurant Bar,paris bar,4,0.56,0.5,0.53
1021002,50e78ab7e4b048514a4ceafb,19.42868303,-99.17110231,19.428881691780436,-99.17126945947724,28.230877088609567,RESTAURANTE PATA NEGRA,pata negra,Pata Negra,pata negra,0,1,1,1
9546152,4dfbb834ae6059836c39fa5f,19.45563723,-99.12834014,19.45568289813088,-99.12840893716778,8.831180608455265,RESTAURANTE PATY,paty,"Restaurante ""Paty""",paty,0,1,1,1
888369,55556d21498eba1d919ad435,19.432705,-99.13422092,19.432471926333807,-99.1343207692218,27.982996563390792,RESTAURANTE PRIMER CUADRO,primer cuadro,Primer Cuadro,primer cuadro,0,1,1,1
888369,5681f941498e148ae0928c41,19.432705,-99.13422092,19.432459992198066,-99.13432980162158,29.57241737138047,RESTAURANTE PRIMER CUADRO,primer cuadro,Terraza Primer Cuadro,terraza primer cuadro,8,0.62,0.67,0.64
1028601,537bab0b498ef0000bc5f86c,19.42273567,-99.16094797,19.42278405628956,-99.1612291101007,30.002775198685935,RESTAURANTE PUNTO Y COMA,punto y coma,Quesadilla del punto y coma,quesadilla del punto y coma,15,0.44,0.6,0.52
1028601,4fda3abde4b0d5879e712d2e,19.42273567,-99.16094797,19.422764119878625,-99.16096876578555,3.8466294531650305,RESTAURANTE PUNTO Y COMA,punto y coma,Punto y Coma,punto y coma,0,1,1,1
1001679,4f6ce711e4b08d8da550f4a4,19.43811951,-99.1372132,19.43816482902761,-99.13706231158652,16.62342639073744,RESTAURANTE QUE RICO,que rico,Q’Rico,q rico,2,0.75,0.33,0.54
9507328,52d5cad911d201adcb01c8c7,19.43005098,-99.16937245,19.43024145833954,-99.1697068808538,41.01473455583993,RESTAURANTE RAMEN HOUSE,ramen house,Ramen House,ramen house,0,1,1,1
658903,56166274498e673d34d4fffe,19.42417559,-99.16883933,19.424194,-99.16916,33.72736422290587,RESTAURANTE REAL DEL BARRO COCINA OAXAQUEÑA Y MEXICANA,real del barro cocina oaxaquena y mexicana,Cocina Oaxaqueña y Mexicana,cocina oaxaquena y mexicana,15,0.64,0.57,0.6
8327471,5a6168971ffed751c7a6b1cb,19.41082634,-99.16678689,19.410897242251536,-99.16678596956876,7.893394123400942,RESTAURANTE REBEL WINGS,rebel wings,Rebel Wings,rebel wings,0,1,1,1
1016209,4d0295c530a58cfa7ad292e7,19.4347744,-99.15457557,19.43455248830834,-99.15460036708974,24.839870989175814,RESTAURANTE RIO DEVA,rio deva,Rio Deva,rio deva,0,1,1,1
896544,57b77801498e6b5431c7a216,19.40729134,-99.17175696,19.407477505470084,-99.1711402493996,67.98663394415817,RESTAURANTE ROBERTA TRATTORIA,roberta trattoria,Roberta Trattoria,roberta trattoria,0,1,1,1
896544,510d69af16488ed2b6443e71,19.40729134,-99.17175696,19.40743245948468,-99.17110162962932,70.5765128417903,RESTAURANTE ROBERTA TRATTORIA,roberta trattoria,Roberto Trattoria,roberto trattoria,1,0.94,0.33,0.64
866791,4b91c059f964a520bed433e3,19.41462991,-99.16999796,19.414414227593223,-99.17011755819708,27.09485579882927,RESTAURANTE ROJO BISTROT,rojo bistrot,Rojo Bistro,rojo bistro,1,0.92,0.33,0.62
659436,62b67670258b1320fe6b597d,19.41978854,-99.16051885,19.419998,-99.159914,67.64649231127511,RESTAURANTE ROSETTA,rosetta,Salón Rosetta,salon rosetta,6,0.54,0.5,0.52
659436,4b6c7e94f964a520a93e2ce3,19.41978854,-99.16051885,19.41984640441713,-99.15982921202766,72.68849170487665,RESTAURANTE ROSETTA,rosetta,Rosetta,rosetta,0,1,1,1
659436,650e2a1757c51d14005cc3e6,19.41978854,-99.16051885,19.41991,-99.159779,78.8420955824267,RESTAURANTE ROSETTA,rosetta,Mesa Rosetta,mesa rosetta,5,0.58,0.5,0.54
1028469,50f4a4ede4b0dee1f434b04c,19.42205639,-99.17160884,19.42214629712572,-99.171715966769,15.055106550419456,RESTAURANTE ROSTI,rosti,El Rosti,el rosti,3,0.62,0.5,0.56
1028471,56b9041b498e2942e2ff8cc8,19.42212074,-99.17164528,19.422245,-99.171962,36.013237281655854,RESTAURANTE SAN FRANCISCO,san francisco,Fonda San Francisco,fonda san francisco,6,0.68,0.67,0.68
1028471,50f71602e4b0c3aa61fae6f4,19.42212074,-99.17164528,19.422281137748595,-99.17179747806172,23.960941957510258,RESTAURANTE SAN FRANCISCO,san francisco,Restaurante San Francisco,san francisco,0,1,1,1
1028471,51f0217d498e6ce606327e02,19.42212074,-99.17164528,19.42148780822754,-99.17189025878906,75.00500816026,RESTAURANTE SAN FRANCISCO,san francisco,don francisco,don francisco,2,0.85,0.33,0.59
857287,4be5d577cf200f4767ce133c,19.45270499,-99.14710439,19.452783071254512,-99.14698821960609,14.97463167159714,RESTAURANTE SAPPARI SUSHI,sappari sushi,Sappari Sushi,sappari sushi,0,1,1,1
9531719,64a30f3294062f1f452936ed,19.42296696,-99.15983476,19.423043327162603,-99.15985643863678,8.800534110130219,RESTAURANTE SARDE,sarde,Sarde,sarde,0,1,1,1
9531719,64a30e277579ae6859ad64ca,19.42296696,-99.15983476,19.423078741023907,-99.15983498096466,12.443428284980577,RESTAURANTE SARDE,sarde,Sarde,sarde,0,1,1,1
9094472,53c963fe498eabcaf33b3ae4,19.43108928,-99.13526896,19.431209,-99.135422,20.874125183532684,RESTAURANTE SAZON OAXAQUEÑO,sazon oaxaqueno,El Sazón Oaxaqueño,el sazon oaxaqueno,3,0.83,0.67,0.75
895276,4f3dc337e4b0d0c630e6f81f,19.41972276,-99.16080976,19.419801123090867,-99.16073146954568,11.98564171483579,RESTAURANTE SESAME,sesame,Sesame,sesame,0,1,1,1
1028458,55e61109498e0648d6b9b2eb,19.42221721,-99.17088414,19.422632458502243,-99.17025231310376,80.849980976803,RESTAURANTE SEVILLA,sevilla,Sevilla 40,sevilla 40,3,0.7,0.5,0.6
1028458,4ebdcd078b81127c0a4221a5,19.42221721,-99.17088414,19.42204382756612,-99.17096702391682,21.17166861007186,RESTAURANTE SEVILLA,sevilla,Restaurant Sevilla,sevilla,0,1,1,1
1028458,5320d083498e0b720561bb07,19.42221721,-99.17088414,19.422099527330836,-99.17100384194384,18.153409696985527,RESTAURANTE SEVILLA,sevilla,Restaurant Sevilla,sevilla,0,1,1,1
1028458,4cb87989f50e224bc2f0e6fb,19.42221721,-99.17088414,19.422403107761927,-99.17056049314364,39.78372663835788,RESTAURANTE SEVILLA,sevilla,IMSS Sevilla,imss sevilla,5,0.58,0.5,0.54
1028458,555dfd32498e4946561513c9,19.42221721,-99.17088414,19.422819363013293,-99.17065240671803,71.30971607445788,RESTAURANTE SEVILLA,sevilla,sevilla 37,sevilla 37,3,0.7,0.5,0.6
1028458,519fbb54498ef7bb1c2b79e9,19.42221721,-99.17088414,19.422907872467228,-99.17058326683492,83.11990743642572,RESTAURANTE SEVILLA,sevilla,Sevilla 33,sevilla 33,3,0.7,0.5,0.6
1028458,4caca8ad14c33704873cf23b,19.42221721,-99.17088414,19.4227851134497,-99.17030745392434,87.53328711995997,RESTAURANTE SEVILLA,sevilla,Sevilla 40,sevilla 40,3,0.7,0.5,0.6
1040491,4ec56a767ee571eed6a6d905,19.42892486,-99.15931924,19.42891924850155,-99.15934749528763,3.0313127240328703,RESTAURANTE TAKE A WOK,take a wok,Take a Wok,take a wok,0,1,1,1
966958,4c9fbe9e54c8a1cdd2d9994b,19.4391948,-99.12903257,19.439185530315285,-99.1290608464978,3.1425397574830316,RESTAURANTE TAURINO EL TAQUITO,taurino el taquito,El Taquito Restaurante Taurino,el taquito taurino,12,0.33,1,0.66
10959304,630901d3d4717d11f4c0fd33,19.42436454,-99.16802467,19.424322,-99.16786,17.924470259578687,RESTAURANTE TELOTENGO,telotengo,Telotengo Restaurante,telotengo,0,1,1,1
1013868,4df7cb8c62847bdf4fea6209,19.43654846,-99.14960719,19.436549656871197,-99.1493096589985,31.233737200379547,RESTAURANTE THAI WONG,thai wong,Thai Wong,thai wong,0,1,1,1
988567,4e1a0f69b0fb8567c67c68e9,19.43153938,-99.14542068,19.431571147942403,-99.1453750288922,5.955929488540264,RESTAURANTE TIPICO OAXACA EN MEXICO,tipico oaxaca en,Oaxaca en México,oaxaca en,7,0.56,0.67,0.62
1013487,4d851c6161676dcb9db082e4,19.44165647,-99.14883105,19.441686077166587,-99.14871916826849,12.198160757730195,RESTAURANTE TIPICO OAXACA EN MEXICO,tipico oaxaca en,Oaxaca en Mexico,oaxaca en,7,0.56,0.67,0.62
989813,4b931a76f964a520473534e3,19.43278334,-99.14143243,19.432891668815778,-99.14153698029148,16.30591746580376,RESTAURANTE TLAQUEPAQUE,tlaquepaque,Taquería Tlaquepaque,taqueria tlaquepaque,9,0.55,0.5,0.52
989813,4ceef23b3b03f04d38543cdc,19.43278334,-99.14143243,19.43289796555207,-99.14187238782216,47.91607068609402,RESTAURANTE TLAQUEPAQUE,tlaquepaque,Mariscos Tlaquepaque,mariscos tlaquepaque,9,0.55,0.5,0.52
989813,546845aa498e96205f61dc32,19.43278334,-99.14143243,19.432797451876517,-99.14198048274504,57.554862133093906,RESTAURANTE TLAQUEPAQUE,tlaquepaque,Restaurante Bar Tlaquepaque,bar tlaquepaque,4,0.73,0.5,0.62
7732817,5ab429a4037be16b30c35664,19.40561812,-99.15855457,19.405701,-99.158408,17.942931960262744,RESTAURANTE TOKIO RYU,tokio ryu,Tokio Ryu,tokio ryu,0,1,1,1
10698339,544d6836498e5b1f7aec350d,19.43303309,-99.14315608,19.433013,-99.143003,16.22486257749816,RESTAURANTE TONG FONG,tong fong,Tong Fong Bufé,tong fong bufe,5,0.64,0.67,0.66
10698339,4bb7ba0e53649c74ee2c46fb,19.43303309,-99.14315608,19.43315955593018,-99.14300347799724,21.326690321139107,RESTAURANTE TONG FONG,tong fong,Tong Fong,tong fong,0,1,1,1
1043032,4d8ce92d788c5481c5e314fd,19.42213294,-99.14013407,19.42231624033203,-99.14016276697517,20.626113392896762,RESTAURANTE TOÑO Y JULIO,tono y julio,Toño y Julio Restaurante,tono y julio,0,1,1,1
887985,50e4aebce4b003353b3fdfc1,19.43268637,-99.13851648,19.432654111988285,-99.1385726369301,6.902807161338574,RESTAURANTE TORIBIO,toribio,Restaurante Don Toribio,don toribio,4,0.64,0.5,0.57
7732533,53263ccf498ed60f4549f2a6,19.4134853,-99.16157819,19.41405878456027,-99.1609534020876,91.53392652157451,RESTAURANTE TRES TONALA,tres tonala,Trolebus Tonala,trolebus tonala,4,0.73,0.33,0.53
7732533,5caab55a3092be002cc0e18f,19.4134853,-99.16157819,19.413542,-99.16166,10.659005369696086,RESTAURANTE TRES TONALA,tres tonala,Tres Tonalá,tres tonala,0,1,1,1
989342,5206b6b811d2a2360408f18c,19.43317145,-99.13734943,19.43259845209971,-99.13717580443596,66.33890389286377,RESTAURANTE VEGETARIANO,vegetariano,Restaurante Vegetariano Motolinia,vegetariano motolinia,10,0.52,0.5,0.51
989342,4f04a8a90aafe497fe099f52,19.43317145,-99.13734943,19.433069151134163,-99.13739013933282,12.163334726893238,RESTAURANTE VEGETARIANO,vegetariano,Restaurante Vegetariano,vegetariano,0,1,1,1
6707443,51159801e4b00c19560d9b9a,19.41066536,-99.16243848,19.41098204761958,-99.162465949327,35.37127924441374,RESTAURANTE VEGETARIANO ELIHIR,vegetariano elihir,Vegetariano Elihir,vegetariano elihir,0,1,1,1
11152846,5fae117f3263d34d4c65a1ba,19.41464877,-99.16034268,19.414612,-99.160302,5.915714842126836,RESTAURANTE VIGNERON,vigneron,Vigneron,vigneron,0,1,1,1
896731,54c82d55498e717a37547dc1,19.41058228,-99.17456971,19.410520192511463,-99.17480523313506,25.675838236200494,RESTAURANTE WICHITOS,wichitos,Wichitos,wichitos,0,1,1,1
1025282,4dc0273a93a0b5a1562559d1,19.43143465,-99.16518236,19.43150025777036,-99.1651157052832,10.114474786601127,RESTAURANTE Y CAFETERIA DEL RHIN,y del rhin,Restaurant y Cafetería del Rhin,y del rhin,0,1,1,1
986083,4d9b81e9b8b2224bb3fe8155,19.43356703,-99.1466702,19.43411141803737,-99.14676681929905,61.44394177025014,RESTAURANTE Y CAFETERIA GLORIA,y gloria,Gloria Restaurante,gloria,2,0.75,0.5,0.62
986083,4bf2f59f98ac0f47445762a8,19.43356703,-99.1466702,19.433507,-99.146231,46.587833045323926,RESTAURANTE Y CAFETERIA GLORIA,y gloria,Restaurante y Cafeteria Gloria,y gloria,0,1,1,1
1029024,589b8a0ce72ef64c59d3b77b,19.42508413,-99.16454659,19.42545734990694,-99.16398167671836,72.41093388448287,RESTAURANTE YI PIN JU,yi pin ju,Yi Pin Ju,yi pin ju,0,1,1,1
6304343,4ca4a93f7f84224bb735cf58,19.43469167,-99.14726944,19.435295685275197,-99.14784094245424,90.11301747763626,RESTAURANTES SANBORNS CAFE,restaurantes sanborns cafe,Sanborns Café,sanborns cafe,13,0.5,0.67,0.58
6304343,53129772498e80f3aa237ada,19.43469167,-99.14726944,19.434787249840525,-99.1474448713117,21.26883670783332,RESTAURANTES SANBORNS CAFE,restaurantes sanborns cafe,Sanborns Café,sanborns cafe,13,0.5,0.67,0.58
897904,4cd9cb5a3ac03704ce44f827,19.41598324,-99.15432601,19.41601738206534,-99.15440831832105,9.440325596057908,RETAURANTE EL TIO PEDRO,retaurante el tio pedro,Caldos El Tio Pedro,caldos el tio pedro,9,0.61,0.6,0.6
10375910,525702eb498e37155cc19a27,19.41065283,-99.16543159,19.410793850520484,-99.165375656721,16.76080382872813,RICO MC TACO,rico mc taco,Rico Mactaco,rico mactaco,2,0.83,0.25,0.54
10375910,51424fd2e4b001dd0a77cc45,19.41065283,-99.16543159,19.41079872917319,-99.16541069766204,16.38887907686601,RICO MC TACO,rico mc taco,Rico Mac Taco,rico mac taco,1,0.92,0.5,0.71
11690774,63cb3eb04271b3759826a8b8,19.45760066,-99.12572157,19.457626,-99.12571,3.0711403266205166,RICO RICO,rico rico,Rico Rico,rico rico,0,1,1,1
9443979,5198259e498e8d409e4dc4d0,19.40680278,-99.16665108,19.406607850256773,-99.16698675874264,41.388915382582795,RINCON AZUL METROPOLITANO,rincon azul metropolitano,El Rincon Azul Hospital Angeles Metropolitano,el rincon azul hospital angeles metropolitano,20,0.56,0.5,0.53
9443979,4fc78569e4b0ed35a3e66b06,19.40680278,-99.16665108,19.406544168800803,-99.16676633092256,31.228253370791816,RINCON AZUL METROPOLITANO,rincon azul metropolitano,Rincon Azul Mexico,rincon azul,14,0.44,0.67,0.56
1042641,51350b83e4b0ed273e354f5f,19.42649305,-99.15480196,19.425990164734554,-99.1544664283846,66.14115719007599,RINCON GALLARDO,rincon gallardo,El Rincón Gallardo,el rincon gallardo,3,0.83,0.67,0.75
9802097,6731102c6ed15d13b3e10ce8,19.4140631,-99.16441382,19.414268,-99.164554999999993,27.202442841525496,RINCON LATINO,rincon latino,Rincón Latino,rincon latino,0,1,1,1
1029377,4e42d252d4c0f73c52e3362f,19.41759299,-99.16725483,19.417553336219935,-99.16733901745084,9.879636141128241,RINCONCITO DE LA ROMA,rinconcito de la roma,Rinconcito de iguala,rinconcito de iguala,6,0.71,0.4,0.55
882026,520c34ab11d2486cc9893197,19.42860165,-99.1694026,19.428724187070944,-99.16945438194028,14.684059405511062,ROKAI,rokai,Rokai,rokai,0,1,1,1
6803349,5be39d351acf11002c753424,19.42860165,-99.1694026,19.428688,-99.16946,11.345053958739115,ROKAI RAMEN,rokai ramen,Rokai Ramen-Ya,rokai ramen ya,3,0.79,0.67,0.73
8859089,62d4a284e5ee1960f049d14b,19.42026385,-99.1711926,19.420189,-99.17109,13.61812092954043,ROLDAN 37,roldan 37,Roldán 37 Roma,roldan 37 roma,5,0.64,0.67,0.66
11035317,6098080c1bb4b253dcff80e1,19.41445758,-99.16018516,19.414126,-99.159769,57.19690653532998,ROMAQUIL,romaquil,Romaquil,romaquil,0,1,1,1
11419573,651f69ee51748a3f50beed7b,19.41243973,-99.16171713,19.412378,-99.161522,21.608661221551053,ROSELLE,roselle,Roselle,roselle,0,1,1,1
11670692,62b67670258b1320fe6b597d,19.41980565,-99.15990075,19.419998,-99.159914,21.457442375472912,ROSETTA RESTAURANT,rosetta,Salón Rosetta,salon rosetta,6,0.54,0.5,0.52
11670692,4b6c7e94f964a520a93e2ce3,19.41980565,-99.15990075,19.41984640441713,-99.15982921202766,8.77438762110317,ROSETTA RESTAURANT,rosetta,Rosetta,rosetta,0,1,1,1
11670692,650e2a1757c51d14005cc3e6,19.41980565,-99.15990075,19.41991,-99.159779,17.271864158192688,ROSETTA RESTAURANT,rosetta,Mesa Rosetta,mesa rosetta,5,0.58,0.5,0.54
1040413,5b2c4c739411f200337b05e8,19.42707369,-99.16366067,19.427093,-99.163596,7.12133167383105,ROUGE BOHEME,rouge boheme,Rouge Bohéme,rouge boheme,0,1,1,1
9852854,5e582982602d7c0007c79065,19.42744599,-99.15567893,19.427431,-99.15544,25.138636922753587,SABANA GRANDE FOOD,sabana grande food,Sabana Grande,sabana grande,5,0.72,0.67,0.7
895478,52d84369498e69b172f996c2,19.42797288,-99.16408456,19.428188788658893,-99.1639677161656,26.984024404683314,SABOR DE HOGAR SANTA CECILIA,sabor de hogar santa cecilia,Sabor De Hogar,sabor de hogar,14,0.5,0.6,0.55
10139772,5528287f498eabb7668255da,19.42956941,-99.13588361,19.43001055292468,-99.13554368466656,60.70434421929722,SABOR INKA,sabor inka,Sabor Inka,sabor inka,0,1,1,1
11834878,65ad811e82b8eb10d7a260ee,19.41413402,-99.1686253,19.414286,-99.168348,33.672503037435604,SAIKO SUSHI,saiko sushi,Saiko Sushi,saiko sushi,0,1,1,1
847484,6609e25aaefceb0357763d0c,19.42136206,-99.17186462,19.421337,-99.171796,7.725357662748396,SAKANAYA JAMES,sakanaya james,Sakanaya James,sakanaya james,0,1,1,1
872171,4d5d5b7bb9b2a1434c46818c,19.45290931,-99.16042966,19.453000793256415,-99.16038300359968,11.300202139130134,SALON BAR PUEBLA,salon bar puebla,Salon Puebla,salon puebla,4,0.75,0.67,0.71
1016236,4f8dcccbe4b0a59081a53250,19.43420814,-99.15746945,19.433946495468778,-99.15682330143343,73.81968362843895,SALON CANTINA ISABEL,salon cantina isabel,Salon Isabel,salon isabel,8,0.6,0.67,0.64
1016236,4f592628e4b04068f11ae3ab,19.43420814,-99.15746945,19.43413559794282,-99.15684761303844,65.77616269186268,SALON CANTINA ISABEL,salon cantina isabel,Cantina Isabel,cantina isabel,6,0.7,0.67,0.69
8368396,5bbf9f94838e59002ccb5b4f,19.41934684,-99.15238992,19.419461,-99.152093,33.66348688684274,SALON COHIBA,salon cohiba,Salon Cohiba,salon cohiba,0,1,1,1
989358,4cba18bb4c60a093cb2844ca,19.43350613,-99.1382771,19.43383014171256,-99.13876686055929,62.803928875195716,SALON CORONA,salon corona,Salon China Restaurant,salon china,3,0.75,0.33,0.54
989797,59b49c6ea8eb60405676bfd5,19.43430488,-99.13927656,19.433854,-99.139624,62.04438975701604,SALON CORONA,salon corona,Salón Corona,salon corona,0,1,1,1
989797,5403a8ec498e9e7e7ebf9c06,19.43430488,-99.13927656,19.433580982362432,-99.13953955819004,85.18223602328017,SALON CORONA,salon corona,Salón Corona,salon corona,0,1,1,1
989797,4cba18bb4c60a093cb2844ca,19.43430488,-99.13927656,19.43383014171256,-99.13876686055929,75.2053433712248,SALON CORONA,salon corona,Salon China Restaurant,salon china,3,0.75,0.33,0.54
989797,4b5b7497f964a52058ff28e3,19.43430488,-99.13927656,19.434012509085942,-99.13938203211028,34.37837067656317,SALON CORONA,salon corona,Salón Corona,salon corona,0,1,1,1
8529300,59b49c6ea8eb60405676bfd5,19.43389502,-99.13979461,19.433854,-99.139624,18.483102591275035,SALON CORONA MADERO,salon corona madero,Salón Corona,salon corona,7,0.63,0.67,0.65
8529300,5403a8ec498e9e7e7ebf9c06,19.43389502,-99.13979461,19.433580982362432,-99.13953955819004,44.03383896245488,SALON CORONA MADERO,salon corona madero,Salón Corona,salon corona,7,0.63,0.67,0.65
8529300,4b5b7497f964a52058ff28e3,19.43389502,-99.13979461,19.434012509085942,-99.13938203211028,45.24289570135057,SALON CORONA MADERO,salon corona madero,Salón Corona,salon corona,7,0.63,0.67,0.65
865235,4d0e9503bd72f04d632fa651,19.44643581,-99.14486907,19.446617,-99.145008,24.88979618556155,SALON FAMILIAR ANAHUAC,salon familiar anahuac,Salon Familiar Anahuac,salon familiar anahuac,0,1,1,1
865235,510c9a85e4b0bdbff73516f2,19.44643581,-99.14486907,19.446709287354885,-99.1449092489643,30.73411532524503,SALON FAMILIAR ANAHUAC,salon familiar anahuac,Salon Bar Anahuac,salon bar anahuac,6,0.73,0.5,0.62
865235,514651d8e4b03910406b81fa,19.44643581,-99.14486907,19.446853032059533,-99.14479100198582,47.16234185793719,SALON FAMILIAR ANAHUAC,salon familiar anahuac,Salón Anahuac,salon anahuac,9,0.59,0.67,0.63
1017519,51c4b183498e562c1d55498f,19.44052313,-99.15865008,19.440299428016587,-99.15876398976454,27.624437863068554,SALON VERACRUZ,salon veracruz,Salón Veracruz,salon veracruz,0,1,1,1
8530208,4f5a8eb1e4b086681a4b0c74,19.41474763,-99.1391373,19.414886194942664,-99.1391071216528,15.747024866721679,SALON VERACRUZ,salon veracruz,Salón Veracruz,salon veracruz,0,1,1,1
7765947,5c9ebb34e96d0c002c3d3d1c,19.45000659,-99.14657322,19.450083,-99.14665,11.717668864434062,SALON VICTORIA S,salon victoria s,Cantina Salón Victoria's,cantina salon victoria s,8,0.67,0.75,0.71
7765947,5c9ffd81838e59002cb0be3f,19.45000659,-99.14657322,19.450066,-99.14666,11.256659582398969,SALON VICTORIA S,salon victoria s,Salón Victoria,salon victoria,2,0.88,0.67,0.78
9675178,59ea872264c8e16a717bf951,19.41245052,-99.16036735,19.412342254923004,-99.1602350299984,18.391582107184252,SAMBUCA,sambuca,Sambuca,sambuca,0,1,1,1
9426166,5df076d5bb553000086b45c6,19.42002457,-99.15949503,19.419991,-99.1598,32.234972783788635,SAN TO,san to,San-tō,san to,0,1,1,1
6795040,5339a112498e068eedda1f03,19.43420486,-99.14164171,19.434190014686862,-99.14183604956294,20.46800287648008,SANBORNS CAFE SUC BELLAS ARTES,sanborns cafe suc bellas artes,Sanborns Cafe Bellas Artes,sanborns cafe bellas artes,4,0.87,0.8,0.84
6795039,4ca4a93f7f84224bb735cf58,19.43574353,-99.14798609,19.435295685275197,-99.14784094245424,52.13034637759803,SANBORNS CAFE SUC JUAREZ,sanborns cafe suc juarez,Sanborns Café,sanborns cafe,11,0.54,0.5,0.52
7743583,687714d0c2043b78f8387dbc,19.4461788,-99.16153462,19.445929,-99.16142,30.29887923653033,SANTA COCHINA,santa cochina,La Cochina,la cochina,4,0.69,0.33,0.51
9449847,631d33122f2fad5576bac697,19.42666296,-99.16391468,19.426851,-99.163735,28.17778996931257,SANTA LEYENDA CONDESA,santa leyenda condesa,Santa Leyenda,santa leyenda,8,0.62,0.67,0.64
7756198,63ddb531bc268d555da27d32,19.42736231,-99.17426253,19.427532,-99.174065,28.050782457163944,SANTO POZOLE,santo pozole,Santo Pozole,santo pozole,0,1,1,1
10551107,597aa08d5455b250bd6fbc49,19.42183818,-99.16052691,19.421849513165288,-99.16065963338484,13.99095655951532,SARTORIA,sartoria,Sartoria,sartoria,0,1,1,1
7732442,587d397013bb770a917131f5,19.42408078,-99.17091024,19.424231,-99.170801,20.277159262778927,SAZON,sazon,Sazón,sazon,0,1,1,1
855790,535ea544498e1b67040ef444,19.45144503,-99.13565082,19.45147132873535,-99.13579559326172,15.475672253759663,SECRETOS Y DELICIA DE LA ABUELA,secretos y delicia de la abuela,Las delicias de la abuela,las delicias de la abuela,10,0.68,0.38,0.53
855790,5313af74498e09220e4d1d5b,19.45144503,-99.13565082,19.451491,-99.136198,57.66271346441912,SECRETOS Y DELICIA DE LA ABUELA,secretos y delicia de la abuela,Secretos y delicias de la abuela,secretos y delicias de la abuela,1,0.97,0.71,0.84
894855,4cccbf4d2dc4370457d0c908,19.42564397,-99.16526805,19.42552157395443,-99.1651851757585,16.165966686114576,SEÑOR GRILL RESTAURANTE,senor grill,Señor Grill,senor grill,0,1,1,1
894855,500b6bcce4b0ba42c22ab082,19.42564397,-99.16526805,19.42565351492517,-99.16478096281008,51.14667027597022,SEÑOR GRILL RESTAURANTE,senor grill,Sr. Grill,sr grill,3,0.73,0.33,0.53
8386348,5993b1c19ad60e467636d18b,19.41972974,-99.17131593,19.419792537321133,-99.17124929850436,9.88956807103074,SEPIA COCINA DE MAR,sepia cocina de mar,Sepia / Cocina De Mar,sepia cocina de mar,0,1,1,1
1016298,4c95686082b56dcb29d6d8aa,19.43258202,-99.15852481,19.432806306722917,-99.1586006340286,26.205619157532894,SEPS DE PARIS,seps de paris,Seps De Paris,seps de paris,0,1,1,1
10783810,6427c14029605753e149db34,19.42735218,-99.14203168,19.4272,-99.141723,36.56653751999153,SEXTO PISO,sexto piso,Sexto Piso,sexto piso,0,1,1,1
11745965,5463d5dd498e2cad5ff5bbd6,19.43368134,-99.13410999,19.433536,-99.13418,17.770209080906778,SHELFISH HOUSE,shelfish house,Shellfish House,shellfish house,1,0.93,0.33,0.63
10809249,641269dcd68ecd3df2ef0825,19.41496181,-99.16776411,19.415112,-99.16779,16.938592584026395,SHOMA HAND ROLL,shoma hand roll,Shoma Hand Roll,shoma hand roll,0,1,1,1
9608550,62c3a4fe9deb761040636ef0,19.41603872,-99.16572017,19.416164,-99.165764,14.685676067062058,SIETE MOLES,siete moles,Siete Moles,siete moles,0,1,1,1
8617006,595ac08c2be425119f80bf09,19.44240435,-99.1248582,19.44217,-99.12499,29.52937764044301,SISHI MESHIDON,sishi meshidon,Sushi Meshidon,sushi meshidon,1,0.93,0.33,0.63
1044235,57c9cd45498ec171bb02d15f,19.41489454,-99.13217156,19.415014,-99.1321,15.273788958556388,SOMBRILLAS VERDES,sombrillas verdes,Las Sombrillas Verdes,las sombrillas verdes,4,0.81,0.67,0.74
11798611,65ac6959059ce74571323472,19.42855687,-99.16888835,19.428466,-99.169079,22.42561211171564,SOMMA WINE BAR,somma wine bar,Somma Wine Bar,somma wine bar,0,1,1,1
864005,4c708f4bd274b60cd742da0d,19.41382357,-99.16486905,19.413990682510235,-99.1646076532942,33.15484470730267,SON DE LA LOMA,son de la loma,Son de la Loma,son de la loma,0,1,1,1
9901826,6680b6480952733825e9a1a1,19.46013293,-99.12699888,19.459964,-99.126932,20.072677524330594,SON DE SIRLON,son de sirlon,Son De Sirloin,son de sirloin,1,0.93,0.5,0.72
6752400,56610579498e1e6beb230458,19.43500172,-99.15108126,19.435183445731607,-99.1506048340496,53.94984352856196,SONORA GRILL,sonora grill,Sonora Grill,sonora grill,0,1,1,1
6318328,5011ea8de4b00c78e34a0a6d,19.41978031,-99.16763035,19.419762026115816,-99.16762800430104,2.050196963491845,SONORA PRIME GRILL,sonora prime grill,Sonora Grill Prime,sonora grill prime,6,0.67,1,0.84
6318328,582fd1920b5656378a62d862,19.41978031,-99.16763035,19.419662,-99.167521,17.47142437664318,SONORA PRIME GRILL,sonora prime grill,Terraza Sonora Grill Prime,terraza sonora grill prime,14,0.46,0.75,0.6
9160927,5997aedaefa82a1384f8a499,19.40810619,-99.16176694,19.408114600433805,-99.16170989632644,6.061969710820942,SONORA STREET FOOD,sonora street food,Sonora Street Food “Percherones”,sonora street food percherones,12,0.6,0.75,0.68
6807808,572cf471498eb9a0668fd595,19.41971333,-99.15735276,19.419725,-99.157421,7.281097760004128,SOUL LA ROMA,soul la roma,Soul La Roma,soul la roma,0,1,1,1
11095569,5f947c0a56b6a04d7e0d9b03,19.43066451,-99.13369413,19.430714,-99.13376,8.841283323104662,SR. CHICHARRON,sr chicharron,Señor Chicharron,senor chicharron,3,0.81,0.33,0.57
7254720,4eebbb968231035d6cad2918,19.40324185,-99.17002983,19.403187969682712,-99.16996252377317,9.26914013033334,ST CAFE RESTAURANT BAR,st cafe bar,ST Cafe,st cafe,4,0.64,0.67,0.66
7254720,4fd6542fe4b0aa9a73737b6d,19.40324185,-99.17002983,19.403129895009172,-99.1699333209758,16.062428542212974,ST CAFE RESTAURANT BAR,st cafe bar,ST-Restaurante Bar,st bar,5,0.55,0.67,0.61
9288551,514e5790e4b06e0e43173747,19.43354188,-99.13676532,19.433615461265408,-99.13678766970249,8.520426763852678,STARBUCKS COFFE,starbucks coffe,Starbucks,starbucks,6,0.6,0.5,0.55
11595043,51afb46b498e3302ff967723,19.41760396,-99.1291159,19.41758854464602,-99.12928032894015,17.348098345233502,SU COCINA,su cocina,La Cocina,la cocina,2,0.78,0.33,0.56
11595043,544e9e06498e693acb4a8fbf,19.41760396,-99.1291159,19.417616265241552,-99.12991498530646,83.90530778919795,SU COCINA,su cocina,Su cocina,su cocina,0,1,1,1
10516402,51afb46b498e3302ff967723,19.41745033,-99.12925226,19.41758854464602,-99.12928032894015,15.665653331494749,SU COCINA,su cocina,La Cocina,la cocina,2,0.78,0.33,0.56
10516402,544e9e06498e693acb4a8fbf,19.41745033,-99.12925226,19.417616265241552,-99.12991498530646,71.98827322727838,SU COCINA,su cocina,Su cocina,su cocina,0,1,1,1
897045,51afb46b498e3302ff967723,19.41751226,-99.12989127,19.41758854464602,-99.12928032894015,64.70102159027832,SU COCINA,su cocina,La Cocina,la cocina,2,0.78,0.33,0.56
897045,544e9e06498e693acb4a8fbf,19.41751226,-99.12989127,19.417616265241552,-99.12991498530646,11.84250314909741,SU COCINA,su cocina,Su cocina,su cocina,0,1,1,1
11768427,57e43830498ea5b14f47e651,19.42568045,-99.16380183,19.426171659067393,-99.1639939629556,58.282751187427024,SUKIYA,sukiya,Sukiya すき家,sukiya すき家,4,0.6,0.5,0.55
11675904,59f78e05efa82a7ff9250ca3,19.42907267,-99.162143,19.428662,-99.161538,78.2549346745503,SUKIYA,sukiya,Sukiya,sukiya,0,1,1,1
11675904,59f78e852632ec2cd0f54c13,19.42907267,-99.162143,19.428451743530008,-99.1616466919534,86.55882549763805,SUKIYA,sukiya,Sukiya,sukiya,0,1,1,1
11695299,5ad9415c237dee6e3e0dd338,19.43500224,-99.14671647,19.434564,-99.147063,60.85448147767885,SUKIYA,sukiya,Sukiya,sukiya,0,1,1,1
866990,606bbb67856fbd6ebfe7e694,19.41060546,-99.1748649,19.410732,-99.17487,14.096541818894602,SUMO BUFFET,sumo buffet,Sumo Buffet Condesa,sumo buffet condesa,8,0.58,0.67,0.62
10312974,659f3e8f7144fa0687a98719,19.43848404,-99.15117081,19.438455,-99.150943,24.131686336005824,SUMO SAN COSME,sumo san cosme,Sumo San Cosme,sumo san cosme,0,1,1,1
857167,50d0e873e4b03d217c19004b,19.45402519,-99.14660543,19.45393110126706,-99.14674936844231,18.383850794451554,SUPER COCINA TERE,super cocina tere,Super Cocina Tere,super cocina tere,0,1,1,1
9761128,6584ac2034008728c6fecd87,19.43132945,-99.15155128,19.431068,-99.151565,29.140097830992715,SUPPLI,suppli,Suppli,suppli,0,1,1,1
9761128,6742497463d2a25eb98e25bd,19.43132945,-99.15155128,19.431265,-99.151785,25.56310869616572,SUPPLI,suppli,Suppli Café,suppli cafe,5,0.55,0.5,0.52
8337358,de9855dac49843e854c47bd9,19.44310926,-99.12474293,19.442495,-99.124949,71.71905446740135,SUSHI ALAN,sushi alan,Sushi Tai,sushi tai,3,0.7,0.33,0.52
897400,5abfed984a1cc0403590bb70,19.42158718,-99.14005639,19.42147,-99.14007,13.122440552235208,SUSHI DAI,sushi dai,Sushi San,sushi san,2,0.78,0.33,0.56
6257260,4b64a17cf964a520cfc32ae3,19.42907292,-99.16214313,19.428528549513057,-99.16172291345464,74.95555986497364,SUSHI ITTO,sushi itto,Sushi Itto,sushi itto,0,1,1,1
6317059,5ab41824d41bb7292b1d129a,19.41153281,-99.17650706,19.41153863488978,-99.17639540397974,11.740865594215864,SUSHI ITTO CONDESA,sushi itto condesa,Sushi Itto,sushi itto,8,0.56,0.67,0.62
6865246,57707fe4cd1092147b355993,19.44762047,-99.15283079,19.447165,-99.15215,87.62136715541715,SUSHI ITTO FORUM BUENAVISTA,sushi itto forum buenavista,tianguis forum buenavista,tianguis forum buenavista,9,0.67,0.4,0.54
6865246,5a22f27fdb1d811576a7b86e,19.44762047,-99.15283079,19.44814832877093,-99.15256543788328,65.02822331354626,SUSHI ITTO FORUM BUENAVISTA,sushi itto forum buenavista,Fiesta Inn Fórum Buenavista,fiesta inn forum buenavista,8,0.7,0.33,0.52
6865246,5701e474498e4260a41ff490,19.44762047,-99.15283079,19.447286,-99.152318,65.44935004805471,SUSHI ITTO FORUM BUENAVISTA,sushi itto forum buenavista,Cinépolis Fórum Buenavista,cinepolis forum buenavista,10,0.63,0.4,0.52
6865246,667626cbeb64ed79ebc955b9,19.44762047,-99.15283079,19.447554036933106,-99.15233665319792,52.393257417725515,SUSHI ITTO FORUM BUENAVISTA,sushi itto forum buenavista,Smart Fit Forum Buenavista,smart fit forum buenavista,7,0.74,0.33,0.54
6865246,58e56e0ff5957220e84b7a5d,19.44762047,-99.15283079,19.447388,-99.15199,91.97216172781174,SUSHI ITTO FORUM BUENAVISTA,sushi itto forum buenavista,Ticketmaster Forum Buenavista,ticketmaster forum buenavista,11,0.62,0.4,0.51
884901,4f6e5cf8e4b0d638a1f36ef0,19.4542131,-99.141673,19.4539633890196,-99.14161711812731,28.40980887247739,SUSHI JOHI,sushi johi,sushi johi,sushi johi,0,1,1,1
6879213,4fb80d1ee4b0cf0c83f94c10,19.4344775,-99.1392112,19.433965515933956,-99.13877012576832,73.43178937299506,SUSHI ROLL CENTRO HISTÓRICO,sushi roll centro historico,Restaurante Palacio centro histórico,palacio centro historico,9,0.67,0.4,0.54
9402298,4d5c9451b9b2a143b622788c,19.41097809,-99.177181,19.41145246489294,-99.17743605027776,59.208690758320174,SUSHI ROLL CONDESA,sushi roll condesa,Sushi Roll,sushi roll,8,0.56,0.67,0.62
877509,57707fe4cd1092147b355993,19.44678872,-99.151835,19.447165,-99.15215,53.36524657509776,SUSHI ROLL FORUM BUENAVISTA,sushi roll forum buenavista,tianguis forum buenavista,tianguis forum buenavista,10,0.63,0.4,0.52
877509,57cca227498e231d1e026401,19.44678872,-99.151835,19.447018,-99.152115,38.92667834301314,SUSHI ROLL FORUM BUENAVISTA,sushi roll forum buenavista,iShop Forum Buenavista,ishop forum buenavista,7,0.74,0.4,0.57
877509,5701e474498e4260a41ff490,19.44678872,-99.151835,19.447286,-99.152318,75.06576740055743,SUSHI ROLL FORUM BUENAVISTA,sushi roll forum buenavista,Cinépolis Fórum Buenavista,cinepolis forum buenavista,9,0.67,0.4,0.54
9459929,4c4a007d712ac928719fd26a,19.41192523,-99.16491544,19.412371,-99.164738,53.00466717724592,SUSHI ROLL PLAZA INSURGENTES,sushi roll plaza insurgentes,Mamma Bella Plaza Insurgentes,mamma bella plaza insurgentes,8,0.72,0.33,0.52
9459929,4bbcf277593fef3b4fda0256,19.41192523,-99.16491544,19.41245710600797,-99.16548963609804,84.49824083539795,SUSHI ROLL PLAZA INSURGENTES,sushi roll plaza insurgentes,Nutrisa Plaza Insurgentes,nutrisa plaza insurgentes,8,0.71,0.4,0.55
9459929,4bf77d495efe2d7f7b2d6934,19.41192523,-99.16491544,19.412117481441133,-99.1650048851389,23.37107613752476,SUSHI ROLL PLAZA INSURGENTES,sushi roll plaza insurgentes,Plaza Insurgentes,plaza insurgentes,11,0.61,0.5,0.55
896268,4d5c9451b9b2a143b622788c,19.41148859,-99.17751352,19.41145246489294,-99.17743605027776,9.073508351160273,SUSHI ROLL RESTAURANTE CONDESA,sushi roll condesa,Sushi Roll,sushi roll,8,0.56,0.67,0.62
896268,56736ab0498ed898c65ac2d5,19.41148859,-99.17751352,19.411562507086888,-99.17794094759692,45.62445306736892,SUSHI ROLL RESTAURANTE CONDESA,sushi roll condesa,Sushi Roll,sushi roll,8,0.56,0.67,0.62
9906113,63867dcff2291038d5261f90,19.44300236,-99.16390519,19.443014,-99.163936,3.4840802778039413,SUSHI SAM,sushi sam,Sushi Sam,sushi sam,0,1,1,1
892039,530d1573498e140efeed02e1,19.42771012,-99.13508919,19.4277643720326,-99.13508109166509,6.098855813654646,SUSHI TAI,sushi tai,Sushi tai,sushi tai,0,1,1,1
9055697,4c75682d3adda143a93f07af,19.43140122,-99.1606014,19.431539946465048,-99.16067469662886,17.25374387327406,SUSHI ZEN,sushi zen,Sushi Zen,sushi zen,0,1,1,1
8327438,6632ec37d7010377e5b1b594,19.41564351,-99.16082028,19.415694,-99.160814,5.659061245005443,SUVAI,suvai,Suvai,suvai,0,1,1,1
10669206,641773d8ba05fa45fe257de8,19.42976011,-99.16593984,19.429546,-99.16647,60.5449929240638,SUVALAKI EL GRIEGO,suvalaki el griego,Suvlaki El Griego,suvlaki el griego,1,0.94,0.5,0.72
10125161,64fbc04a9d81161f9d603ece,19.43324324,-99.14444065,19.433174,-99.14428,18.542549682659054,SWAGAT,swagat,Swagat,swagat,0,1,1,1
11435947,58ba1c34bd87135007ac5c75,19.42685857,-99.16476928,19.427034,-99.16463,24.3961383826058,TAB GHA,tab gha,TAB-GHA,tab gha,0,1,1,1
895508,511f3119e4b0b14e2063fb28,19.42700037,-99.16319934,19.42705,-99.163229,6.3418240305362925,TABERNA DEL PACIFICO,taberna del pacifico,La Perla Del Pacifico,la perla del pacifico,4,0.81,0.4,0.6
895508,4e990f668b81f3191315645e,19.42700037,-99.16319934,19.426922835726135,-99.16347164662665,29.861739529659893,TABERNA DEL PACIFICO,taberna del pacifico,Taberna  Del Pacifico,taberna del pacifico,0,1,1,1
10262838,61d8e15fe9e04b4e25476405,19.40575672,-99.17733449,19.405727,-99.17722,12.467882715743679,TACO GAME,taco game,Taco Game,taco game,0,1,1,1
894786,4ebc280661aff66b68a2ce14,19.42478285,-99.16660005,19.424990301236136,-99.1666536527408,23.769116850084362,TACOS DELI,tacos deli,TACOS & deli,tacos deli,0,1,1,1
1029013,4d72899bec0754817cb78abf,19.42544394,-99.16368305,19.425029,-99.163911,52.021960518453746,TACOS LA TERCIA,tacos la tercia,La Tercia,la tercia,6,0.6,0.67,0.64
1029013,617aeca206a3e80c4ce5c42a,19.42544394,-99.16368305,19.425304,-99.163506,24.25199004701213,TACOS LA TERCIA,tacos la tercia,Tacos La Tercia,tacos la tercia,0,1,1,1
1022953,4d5098a2dcce224bbec2d91b,19.4327536,-99.13629451,19.433152426269903,-99.1363273141742,44.53049442248617,TAI LI BUFFET CHINO,tai li buffet chino,Tao Li Bufete Chino,tao li bufete chino,3,0.84,0.33,0.58
11190276,646a87184873d03e82c3e44f,19.44701652,-99.15698133,19.447245,-99.15715,30.98986083960443,TAKE KARE RAMEN,take kare ramen,Take Kare Ramen,take kare ramen,0,1,1,1
10318499,6039b6bb48e2ec797e1c95ef,19.41596523,-99.16539038,19.415983,-99.165374,2.6211618198361544,TAKOTL,takotl,Takotl Restaurante,takotl,0,1,1,1
8326270,5c5b9b460d8a0f002cb8bded,19.42710319,-99.15792607,19.427109,-99.157883,4.567578550311361,TAMALES MADRE,tamales madre,Tamales Madre,tamales madre,0,1,1,1
11041921,4e0edde4a8099e15260d318a,19.44093651,-99.13913156,19.4415394891667,-99.13912682573805,67.12517349000692,TAMASULA JALISCO,tamasula jalisco,Tamazula jalisco 1,tamazula jalisco 1,3,0.83,0.25,0.54
11480491,664193b919c257627ed05553,19.42568609,-99.15649226,19.42591,-99.15701,59.796285604708785,TANNIN ART BAR,tannin art bar,Tannin Art Bar,tannin art bar,0,1,1,1
875735,5998d064bed4833255211602,19.41062107,-99.14203225,19.410652,-99.142080000000007,6.081856098797092,TAQUERIA EL LIMONCITO,taqueria el limoncito,Taquería El Limoncito,taqueria el limoncito,0,1,1,1
1044384,62bcf6ac40b89b1ce0aa9dd4,19.41782648,-99.13139407,19.417694,-99.13068,76.40528212178,TAQUERIA LA CHINGADA,taqueria la chingada,Taquería La Chingada,taqueria la chingada,0,1,1,1
9935366,5a98cd373abcaf1d355daf4e,19.40417134,-99.16060096,19.404091393475433,-99.1606148210352,9.017819213984232,TAQURIA DON FRANK,taquria don frank,Tacos Don Frank,tacos don frank,5,0.71,0.5,0.6
7733475,58c81c35dc33290c38737dc8,19.41039318,-99.16957262,19.41076807671974,-99.16941723473448,44.80874873508727,TEA CONNETION,tea connetion,Tea Connection,tea connection,1,0.93,0.33,0.63
8326474,55df763a498e7d11ea6c77c1,19.42112009,-99.17297759,19.421245988440575,-99.17294787282106,14.35800884346602,TEIKIT,teikit,Teikit Roma,teikit roma,5,0.55,0.5,0.52
9920767,669c396a94e96e7a9c25a424,19.43585832,-99.13270445,19.436055,-99.133329,69.1218032446728,TEMPLO MEZCALERIA,templo mezcaleria,Templo Mezcaleria,templo mezcaleria,0,1,1,1
9520843,52e9b1dc498e1be1ebc780ba,19.4101995,-99.17304626,19.41032638038571,-99.17286215741736,23.939917142399736,TEMPORAL,temporal,Temporal,temporal,0,1,1,1
11411932,6330b5ae384fab0d979b2a10,19.45293424,-99.15932368,19.453048,-99.159495,21.994144236214716,TENCUI RESTAURANT,tencui,Tencüi,tencui,0,1,1,1
659642,54278322498e4c803e2a765c,19.41133107,-99.17383041,19.411384,-99.17395,13.86973290267583,TENNESSEE,tennessee,tennessee,tennessee,0,1,1,1
9154461,4fd4fda8e4b013c58145c3d5,19.41430544,-99.14609013,19.413705266921344,-99.1459044272841,69.59766491174763,TEPACHERIA EL OASIS,tepacheria el oasis,Tepacheria El Oasis,tepacheria el oasis,0,1,1,1
9154461,55033f4a498e1d8335663225,19.41430544,-99.14609013,19.413727416205223,-99.1466178924121,84.91503840329504,TEPACHERIA EL OASIS,tepacheria el oasis,Tepacheria El Oasis II,tepacheria el oasis ii,3,0.86,0.75,0.8
658798,52573dd511d26165840dd0b3,19.4128976,-99.17280426,19.41270439113863,-99.17297190765002,27.79211614775087,TEQUILERA LA PERLA DE OCCIDENTE,tequilera la perla de occidente,La Perla De Occidente,la perla de occidente,10,0.68,0.8,0.74
10995393,63979da159c11a6badf9422c,19.43398918,-99.14076781,19.434578,-99.140673,66.29847178261086,TERRAZA 56,terraza 56,La Terraza 56,la terraza 56,3,0.77,0.67,0.72
8337823,561abe23498eb9e9e56690c4,19.43454583,-99.1436977,19.43449940685752,-99.1432605507978,46.180570501196414,TERRAZA 5TA BAR JUAREZ,terraza 5ta bar juarez,Terraza 5a Bar,terraza 5a bar,8,0.64,0.4,0.52
9281157,5ac517de67e5f21e366ed0e7,19.43598934,-99.15265653,19.43616083527723,-99.1527556071466,21.740099474545204,TERRAZA CHA CHA CHA,terraza cha cha cha,Terraza Cha Cha Chá,terraza cha cha cha,0,1,1,1
10488953,596e7e546f706a4c5147339d,19.43693735,-99.13422934,19.43703330885832,-99.13402739493596,23.738448563440915,TERRAZA DOMINGO SANTO,terraza domingo santo,Restaurante Domingo Santo,domingo santo,8,0.62,0.67,0.64
9885835,63a63fa58f8a666f4d1347a0,19.43626534,-99.152838,19.436632,-99.152979,43.417332009888156,TERRAZA HOMEWORK,terraza homework,Terraza Homework,terraza homework,0,1,1,1
10677362,62d432529e32ab0283db429b,19.42198703,-99.16462072,19.421977,-99.164746,13.199811784341001,TESTAL ROMA,testal roma,Testal Roma,testal roma,0,1,1,1
11822261,62d432529e32ab0283db429b,19.42163752,-99.16495778,19.421977,-99.164746,43.84607617300322,TESTAL ROMA,testal roma,Testal Roma,testal roma,0,1,1,1
11820887,63a0de5004143c37448e347a,19.43526643,-99.16582008,19.435526,-99.165798,28.988017154201774,THE BEEER BOX SAN RAFAEL,the beeer box san rafael,Beer Box San Rafael,beer box san rafael,5,0.79,0.5,0.64
11820887,6573edc000ed1c1defe25a97,19.43526643,-99.16582008,19.435417,-99.16586,17.277305220621955,THE BEEER BOX SAN RAFAEL,the beeer box san rafael,Thebeerbox San Rafael,thebeerbox san rafael,3,0.88,0.33,0.6
11611636,5190266b498e2fe6009cbd2c,19.42311131,-99.16869831,19.423521689464845,-99.16815954210962,72.70639008477535,THE BEER BOX BAR,the beer box bar,The Beer Box,the beer box,4,0.75,0.75,0.75
11205454,5839e57ece593d42c3227be4,19.41508424,-99.16569981,19.414893485070973,-99.16564963742954,21.878339236927296,THE BEER BOX INSURGENTES,the beer box insurgentes,TheBeerBox Insurgentes,thebeerbox insurgentes,2,0.92,0.2,0.56
7755794,58000a9a38fab63bb33ede0d,19.43354662,-99.14555294,19.43355027328097,-99.1455052793026,5.019796841044898,THE BEER COMPANY,the beer company,The Beer Company Centro Histórico,the beer company centro historico,17,0.48,0.6,0.54
11399864,56f827e1498e11dd5d12d671,19.43373366,-99.15613207,19.433620632263825,-99.1561991155672,14.416957385903848,THE CAPITAL COFFEE,the capital coffee,The Capital Coffee,the capital coffee,0,1,1,1
6813198,51563b40e4b038a18e945514,19.42848782,-99.16316827,19.4285831728341,-99.163280144289,15.830564723215783,THE CAPITAL GRILLE EDIFICIO CAPITAL REFORMA,the capital grille edificio capital reforma,The Capital Grille,the capital grille,25,0.42,0.6,0.51
10219162,65013425c9011b4675a6cf33,19.45939386,-99.13761538,19.459372,-99.137833,22.970803446339897,THE CORN HOUSE,the corn house,The Corn House,the corn house,0,1,1,1
7756545,65a884b77dc3a5374737853e,19.43110512,-99.15560069,19.431283,-99.155606,19.809355768164288,THE DUKE OF LISBON,the duke of lisbon,The Duke of Lisbon,the duke of lisbon,0,1,1,1
7756545,616313a5906fa92a09bef788,19.43110512,-99.15560069,19.431201,-99.155562,11.420003846066445,THE DUKE OF LISBON,the duke of lisbon,The Duke of Lisbon • Public House,the duke of lisbon public house,13,0.58,0.67,0.62
7732235,60830c56d6c0d4650b370b8c,19.42073283,-99.15641563,19.420831,-99.156399,11.066820395790755,THE FOOD BOX,the food box,The Food Box,the food box,0,1,1,1
10991581,59079854cab41063598aa23a,19.42804076,-99.13783544,19.428051,-99.137873,4.10454806485601,THE GALERIA,the galeria,The Gallery,the gallery,3,0.73,0.33,0.53
11382009,64e80ad77d5ce6506d18b1a1,19.42712668,-99.15787629,19.427156,-99.15773,15.700745963194292,THE HANSIK KOREAN,the hansik korean,The Hansik,the hansik,7,0.59,0.67,0.63
8530410,5837403237da1d46fb3f1123,19.40619328,-99.17745844,19.406276923150035,-99.17731492082424,17.713430246357,THIAGO,thiago,Thiago,thiago,0,1,1,1
10885055,66cbeb16cfda4916aebdef11,19.43395172,-99.13831311,19.433906,-99.138693,40.203225588119416,THOOK RESTAURANTE,thook,Thook,thook,0,1,1,1
9170102,5cbb869f81a0ea002cb13d6a,19.4304725,-99.15665464,19.430575,-99.15662,11.975716115897395,TIERRA DENTRO CDMX,tierra dentro,Tierra Adentro Cdmx,tierra adentro,1,0.93,0.33,0.63
10688579,637718eaf6768b3147bd1e02,19.41999049,-99.15961036,19.42,-99.159637,2.990485082113166,TIGRE SILENCIOSO RESTAURANTE CANTINA,tigre silencioso cantina,El Tigre Silencioso,el tigre silencioso,11,0.54,0.5,0.52
10005821,5dacbd9716dff0000850ce33,19.42933838,-99.15217517,19.429623,-99.152084,33.097807036190716,TIRASAVIA,tirasavia,Tirasavia,tirasavia,0,1,1,1
11527282,5e3502c97bc3680008404ee5,19.41691639,-99.16551139,19.416919,-99.165486,2.6814362092339192,TLECAN,tlecan,Tlecan,tlecan,0,1,1,1
9061994,5861ddd49f25836f2bf394d5,19.429716289999998,-99.16477834,19.429844070659623,-99.16447352582584,35.018475202689515,TOKI DOKI SUSHI,toki doki sushi,Toki Doki Sushi,toki doki sushi,0,1,1,1
9061994,5c16a5bc31fd14002c284c75,19.429716289999998,-99.16477834,19.429837,-99.164565,26.118225693233416,TOKI DOKI SUSHI,toki doki sushi,Toki Doki Market,toki doki market,6,0.62,0.5,0.56
6304765,4ba1a660f964a520d4c537e3,19.42276651,-99.15380649,19.42265714480804,-99.15385468644656,13.184090315823292,TOKS,toks,Toks,toks,0,1,1,1
6304313,4c30cc8d452620a1f3a51f0f,19.44015077,-99.15582048,19.440252,-99.15573,14.737667060197433,TOKS,toks,Toks,toks,0,1,1,1
6813131,52bdffc0498e6452578ed174,19.43360665,-99.15489397,19.43347220830194,-99.15495293319826,16.195501380210988,TOKS,toks,Toks,toks,0,1,1,1
6813131,52b35b54498e3bf6bf9d243d,19.43360665,-99.15489397,19.43336674516101,-99.15493568746116,27.06277934486395,TOKS,toks,Toks,toks,0,1,1,1
6813131,52c9dd9c498ee3bb85521bfd,19.43360665,-99.15489397,19.433277956381435,-99.15470427481333,41.657950043119214,TOKS,toks,Toks,toks,0,1,1,1
6311418,51841736498e02f1cbeca9b2,19.43837587,-99.15067687,19.43838987743527,-99.1511707435684,51.867462325701645,TOKS,toks,Toks,toks,0,1,1,1
8483838,62297209ffb39937cfe180a5,19.45580936,-99.1420967,19.455285,-99.14248,70.8934076844992,TOKS,toks,Toks,toks,0,1,1,1
1021855,5c1067ad018cbb002dc45a3e,19.42955742,-99.16963106,19.42948,-99.169495,16.682226285773083,TOKYO BAR,tokyo bar,Tokyo Music Bar,tokyo music bar,6,0.6,0.67,0.64
10535820,5bb3d0d475eee4002ce00027,19.4095205,-99.17418111,19.409693,-99.174565,44.64628362190795,TOKYO ROSE,tokyo rose,Tokyo Rose Condesa,tokyo rose condesa,8,0.56,0.67,0.62
10935035,5e34999eb572da000808d5ce,19.40753362,-99.17250243,19.407246,-99.17254,32.25978965858906,TOP BEER,top beer,Top Beer,top beer,0,1,1,1
9363593,4bef6416f2712d7f90bffbd8,19.40975707,-99.16919218,19.409842065380698,-99.16884015691738,38.151730333168715,TORI TORI IZAKAYA,tori tori izakaya,Tori Tori Izakaya,tori tori izakaya,0,1,1,1
9514817,638186c688b1c95a98eac978,19.43681716,-99.15287451,19.436729,-99.152911,10.535001493278651,TOSCANACCIO RESTAURANTE ITALIANO,toscanaccio italiano,Toscanaccio,toscanaccio,9,0.55,0.5,0.52
8327609,63d1e12d664cbb07354d8bde,19.41297671,-99.15852465,19.412935,-99.158394,14.481566469537258,TRATTORIA BAROLO,trattoria barolo,Trattoria Barolo,trattoria barolo,0,1,1,1
10149821,525dcdec498e3c58921fd19b,19.41385974,-99.16841728,19.413750182450464,-99.16841685750292,12.19597129456114,TRES CONDESAS,tres condesas,Tres Condesas,tres condesas,0,1,1,1
866792,588ad7194ca49b633e6302cb,19.41448259,-99.17029087,19.414692,-99.17004,35.17317112004162,TUCCO CONDESA,tucco condesa,Human Condesa,human condesa,4,0.69,0.33,0.51
11701534,65bbf206b0eb475454fb8f5a,19.4234256,-99.15856451,19.423067,-99.15862,40.34200411113287,ULTRAMARINOS DE MAR,ultramarinos de mar,Ultramarinos Demar,ultramarinos demar,1,0.95,0.25,0.6
10743031,5f70fd1e4685cb3ff29d3b8b,19.41999694,-99.15961198,19.420534,-99.159764,61.87888340726542,UMAI,umai,Umai,umai,0,1,1,1
8326763,5a386b25724750721bff4c9a,19.41533937,-99.15893887,19.415355231323257,-99.1589742862788,4.116254256461358,UN LUGAR DE LA MANCHA,un lugar de la mancha,Un Lugar De La Mancha,un lugar de la mancha,0,1,1,1
10971098,66dbc430f62e1f1704e7bab0,19.42526923,-99.16653104,19.425271,-99.166469,6.516109342939082,URBAN SUSHIWORK RAMEN,urban sushiwork ramen,Urban Sushi Wok Ramen,urban sushi wok ramen,2,0.9,0.4,0.65
8327313,59f25162e2d4aa7257718f98,19.41632046,-99.17901592,19.416589,-99.178584,54.313445131192154,URBAN VEGGIE,urban veggie,Urban Veggie,urban veggie,0,1,1,1
9575076,673a880607844a6dd76ad666,19.45125121,-99.14459323,19.451003,-99.144635,27.976309428319535,V DE VEGANO,v de vegano,V De Vegano,v de vegano,0,1,1,1
1012031,65e01219703c356f3a6cc4a9,19.43954068,-99.16469957,19.440345,-99.164434,93.77607619936876,VACACIONES RESTAURANTE,vacaciones,Vacaciones,vacaciones,0,1,1,1
8131645,4bba37ff53649c74c1c648fb,19.41401802,-99.16023305,19.41404767441424,-99.16083042292576,62.805002952057386,VALET PARKING LAS COSTILLAS DE SAN LUIS,valet parking las costillas de san luis,Las Costillas De San Luis,las costillas de san luis,14,0.64,0.71,0.68
10097506,5ad66b220fc1727b985f128b,19.43693437,-99.15709816,19.437054,-99.157082,13.424763351263284,VALHALLA,valhalla,El Valhalla,el valhalla,3,0.73,0.5,0.62
890142,4ee2c89b722ea7b94390ea3f,19.43484484,-99.14815402,19.43482307021272,-99.148350196136,20.73599469075856,VALIANTS PUB,valiants pub,Valiant Pub,valiant pub,1,0.92,0.33,0.62
11246714,56c79332cd10b9311f84e934,19.43160497,-99.1465327,19.431670861362132,-99.1464943280442,8.368321296085226,VEGAMO,vegamo,VegAmo,vegamo,0,1,1,1
11135537,637e795dc0305b2ed71ec8e6,19.40885987,-99.1764586,19.408951,-99.17646,10.1456100594991,VENGAN RAMEN MEI,vengan ramen mei,Vegan Ramen Mei,vegan ramen mei,1,0.94,0.5,0.72
9014410,66ad635bf1bf44513c6362af,19.4081096,-99.17246362,19.40829,-99.172489,20.258060746931392,VETALIA,vetalia,Vetalia,vetalia,0,1,1,1
956444,52279635498e76e98c7473ac,19.41136608,-99.1618071,19.411526,-99.161654,23.985402242530526,VICTOR EL JAROCHO,victor el jarocho,Victor El Jarocho,victor el jarocho,0,1,1,1
7743184,5d166a2c7edcd200233bdddd,19.441113,-99.15489224,19.441101,-99.154785,11.336232847983315,VINGS CLUB,vings club,Wings Club,wings club,1,0.9,0.33,0.62
11303941,5b54c5b6bd4009003968c6ff,19.41176527,-99.17265463,19.411729,-99.172419,25.066453161395444,VINO PREMIER,vino premier,Vino Premier,vino premier,0,1,1,1
8326312,573a8b3138fa9ea0bfbf7e8e,19.42698298,-99.16447855,19.42709513692136,-99.16457084792196,15.804098801477215,VINTAGE RESTAURANT BAR,vintage bar,Vintage Bar,vintage bar,0,1,1,1
6304613,5a9ee36a418686244c491fb6,19.43370591,-99.13789558,19.433897,-99.138762,93.40876870640868,VIPS MADERO,vips madero,Missha Madero,missha madero,4,0.69,0.33,0.51
6812371,57d8ac9c498e691a25269f92,19.42982745,-99.16049643,19.429692110816756,-99.16059865353353,18.49714001586921,VIPS REFORMA,vips reforma,Vips Reforma 180,vips reforma 180,4,0.75,0.67,0.71
10201626,673e46ad4928a056696b36df,19.41138881,-99.16169147,19.411547,-99.161571,21.681322032865808,VIVE MEXICO RESTAURANTE,vive,Vive México,vive,0,1,1,1
10811627,60972f4b4a4c9a5f903dc56d,19.41062532,-99.16741662,19.410719,-99.167458,11.297215410379856,VOLON IZAKAYA TSUMUGUI,volon izakaya tsumugui,Udon Izakaya Tsumugui,udon izakaya tsumugui,3,0.86,0.5,0.68
9429121,910bb65ae7fe4fcc9726c7d4,19.42018192,-99.16009886,19.420312,-99.1601,14.48093396116842,WABI SUSHI,wabi sushi,Wabi Sushi,wabi sushi,0,1,1,1
874636,4ea5fd178b814c68acba8686,19.41335125,-99.17240197,19.412779554217828,-99.17277834257152,74.91090841762933,WALLACE BAR,wallace bar,Wallace•Whisky Bar,wallace whisky bar,7,0.61,0.67,0.64
8764646,4d09251c05216dcb70161fb6,19.42535083,-99.15390057,19.42501678713412,-99.15443940042604,67.69557302300453,WING WAG,wing wag,Wing Wah,wing wah,1,0.88,0.33,0.6
9408733,5de317e14c007a0008e78da1,19.44889627,-99.15826075,19.448907,-99.158473,22.31134142895087,XUVA,xuva,Xuva,xuva,0,1,1,1
6717018,54262241498e2d89dfa5abf0,19.41056055,-99.17490863,19.410570779754153,-99.17484894233873,6.369368071338951,YAMSAN RAMEN HOUSE TANARAH,yamsan ramen house tanarah,Yamassan Ramen House,yamassan ramen house,10,0.62,0.4,0.51
864433,5c40e6d09deb7d002c60e7fc,19.41158396,-99.16603192,19.411656,-99.165903,15.732824796536956,YECCAN,yeccan,Yeccan,yeccan,0,1,1,1
9595430,601efa536b50db3a57d52c2e,19.42764952,-99.17365454,19.42785,-99.17349,28.221276752235223,YERBA SANTA RESTAURANTE,yerba santa,Yerba Santa,yerba santa,0,1,1,1
9555225,65f76c4925f4566a71d0725d,19.40661952,-99.15828678,19.406548,-99.158242,9.246203406140337,YICO,yico,Yico,yico,0,1,1,1
1028049,4baa7be1f964a520106e3ae3,19.42512625,-99.16915016,19.425773242967097,-99.16865961789692,88.54031510361607,YUG VEGETARIANO,yug vegetariano,Yug Vegetariano,yug vegetariano,0,1,1,1
6723815,667ee4189abe6f60d06b359f,19.41327892,-99.17635408,19.413068,-99.17593,50.33596340958226,ZONA 2,zona 2,Zona 2 Café,zona 2 cafe,5,0.55,0.67,0.61
6708952,57cb0c82498e663d13fdadd0,19.41170304,-99.15492427,19.411367,-99.155843,103.45855600200788,1045 CHILIS PABELLON CUAUHTEMOC,1045 chilis pabellon cuauhtemoc,USA Shoes Pabellón Cuauhtémoc,usa shoes pabellon cuauhtemoc,8,0.74,0.33,0.54
6708952,5579e5ba498eb7077a0e7ff2,19.41170304,-99.15492427,19.411198572751992,-99.1556556675886,95.13368416962012,1045 CHILIS PABELLON CUAUHTEMOC,1045 chilis pabellon cuauhtemoc,BodyBrite Pabellón Cuauhtémoc,bodybrite pabellon cuauhtemoc,10,0.68,0.4,0.54
9392977,5a42d937acc5f55d420e7d2c,19.41770019,-99.13009055,19.41890439932323,-99.1303635321514,137.08138299827374,1070 CHILIS PORTAL CENTRO,1070 chilis portal centro,Recorcholis Portal Centro,recorcholis portal centro,6,0.76,0.4,0.58
6812948,58c4420bb21014507ba2fa55,19.429225249999998,-99.16181842,19.428504,-99.162692,121.88870648033625,1500 REFORMA 222,1500 reforma 222,TeaTique Reforma 222,teatique reforma 222,8,0.6,0.5,0.55
6323012,58c4420bb21014507ba2fa55,19.42919935,-99.16187363,19.428504,-99.162692,115.64041524689814,50244 REFORMA 222,50244 reforma 222,TeaTique Reforma 222,teatique reforma 222,8,0.6,0.5,0.55
6305361,5352c29b498e0bbe7891e9f3,19.43195553,-99.13491793,19.432297529177777,-99.13655429794836,175.95131649358837,81166 VIPS 16 DE SEPTIEMBRE,81166 vips 16 de septiembre,Corredor 16 de septiembre,corredor 16 de septiembre,10,0.63,0.5,0.56
11454909,5f0a95e1eeff8d4a9280deb6,19.43462599,-99.15189277,19.434189,-99.15288,114.48521841564306,ALAS K,alas k,Alas-k,alas k,0,1,1,1
10947117,5983654fc9a51745b63539f8,19.42690886,-99.16356857,19.427452220129517,-99.16220943136608,154.97571476216146,ANGUS ZONA ROSA,angus zona rosa,Nailkery Zona Rosa,nailkery zona rosa,7,0.61,0.5,0.55
10947117,bf9817c7932c4770da6f438c,19.42690886,-99.16356857,19.42607,-99.162956,113.3830684562138,ANGUS ZONA ROSA,angus zona rosa,Bellinghausen Zona Rosa,bellinghausen zona rosa,9,0.61,0.5,0.55
10947117,620db77cb447bd5effdee8e9,19.42690886,-99.16356857,19.426356,-99.164781,141.3813271302615,ANGUS ZONA ROSA,angus zona rosa,B-Bat Zona Rosa,b bat zona rosa,5,0.67,0.4,0.54
10947117,58d574e495383907dbe9c96f,19.42690886,-99.16356857,19.426354,-99.164517,117.17041664233912,ANGUS ZONA ROSA,angus zona rosa,Burgerfi Zona Rosa,burgerfi zona rosa,7,0.61,0.5,0.55
8131846,561878ca498ee34e4b4aab71,19.42295454,-99.1279428,19.42289352416992,-99.12944793701172,158.16161455688552,ANTOJITOS MARTINEZ,antojitos martinez,Antojitos Mary,antojitos mary,5,0.72,0.33,0.52
10423122,4e993e829a52ceeb881b90e0,19.44093651,-99.13913156,19.442305284515193,-99.13883025745184,155.61928644299337,AQUI ESTA PIT,aqui esta pit,Aquí Está Pit Birria,aqui esta pit birria,7,0.65,0.75,0.7
8327113,656764d6fb3e9f15e422d2ff,19.40676758,-99.17102537,19.407314,-99.171867,107.27811060772916,BANU BAERY,banu baery,Banú Bakery,banu bakery,1,0.91,0.33,0.62
991986,551ad8f3498ef6b883e52df3,19.43290898,-99.14225109,19.4334,-99.143571,148.9526484073542,BAR FLORIDA DEL CENTRO,bar florida del centro,Marroqui del Centro,marroqui del centro,8,0.64,0.4,0.52
986533,4ec6e5f95c5ce271bce081f2,19.43324549,-99.1498854,19.43249592546659,-99.15033389352357,95.80776361826803,BAR LA REFORMA DE BUCARELI,bar la reforma de bucareli,La Reforma de Bucareli,la reforma de bucareli,4,0.85,0.8,0.82
1014032,51e9d286498ee288cd4a9856,19.42998251,-99.13883931,19.430987749841645,-99.13813779791246,133.9616253072363,BAR LOS VILLAS,bar los villas,Restaurant bar Los Rebozos,bar los rebozos,6,0.6,0.5,0.55
992014,4e6afd8f1495acb0c70175b3,19.43296952,-99.14293121,19.432778004028087,-99.14203453026124,96.5155842221846,BAR RESTAURANTE LA MASCOTA,bar la mascota,Bar La Florida,bar la florida,6,0.57,0.5,0.53
7733596,4c2d584be116e21e018d8e60,19.40644215,-99.17763406,19.407223577775497,-99.17813565263394,101.68820605324605,BARRA GAVIA,barra gavia,Barra Gavia,barra gavia,0,1,1,1
1028139,4f397d03e4b0156e89a5a463,19.42683485,-99.16439891,19.425319888210137,-99.16433813111536,168.76543931378168,BOOMERS GRILL & BAR,boomers grill bar,Chili's Grill & Bar,chili s grill bar,6,0.65,0.4,0.52
9084914,4d5098a2dcce224bbec2d91b,19.43455059,-99.13551249,19.433152426269903,-99.1363273141742,177.59911946703545,BUFETE CHINO,bufete chino,Tao Li Bufete Chino,tao li bufete chino,7,0.63,0.5,0.56
852259,55ae7ba5498e14c69db5ad6e,19.45559867,-99.12874986,19.45652838081882,-99.12904796193844,108.12142323744253,CAFE EL QUETZAL,cafe el quetzal,Cafe Quetzal,cafe quetzal,3,0.8,0.67,0.74
8327061,6616ba663e672301ff296a57,19.40595684,-99.17676469,19.406674,-99.175497,155.20744752523743,CAFETERIA MOMO,momo,Momo Cafeteria,momo,0,1,1,1
868771,510fffc7e4b00af1ca7256fc,19.40354732,-99.16456657,19.40518375761624,-99.16413761709036,187.65240218849212,CAFETERIA Y RESTAURANTE LA CUIJI,y la cuiji,La cuiji,la cuiji,2,0.8,0.67,0.74
11159891,564cee48498e846248d9cf29,19.42944742,-99.14304102,19.42810704436989,-99.1424398877962,162.00653112508758,CALDOS DE GALLINA,caldos de gallina,caldos de gallina la doña,caldos de gallina la dona,8,0.68,0.6,0.64
867860,52deba9b498e998908da7a30,19.40559715,-99.16762644,19.406675395621704,-99.1679815493039,125.68728449556183,CALDOS DE GALLINA LUIS,caldos de gallina luis,caldos de gallina tepic,caldos de gallina tepic,4,0.83,0.6,0.72
9847149,564cee48498e846248d9cf29,19.42694266,-99.14280693,19.42810704436989,-99.1424398877962,135.22484777272828,CALDOS DE GALLINA LUPITA,caldos de gallina lupita,caldos de gallina la doña,caldos de gallina la dona,5,0.8,0.5,0.65
1013989,4e3883c2ae60f589a5d24694,19.42980847,-99.13759816,19.430518048468983,-99.13880819282338,149.5851207423127,CANTINA BAR PORTALES DE TLAQUEPAQUE,cantina bar portales de tlaquepaque,Portales De Tlaquepaque,portales de tlaquepaque,12,0.66,0.6,0.63
1030757,4c79401697028cfa4a58dafe,19.42607337,-99.15112952,19.42602984041652,-99.15252043867216,146.10214087095102,CANTINA LA CAMPANA,cantina la campana,La Campana,la campana,8,0.56,0.67,0.62
1030757,4d8d39e9d265236a6f09ee16,19.42607337,-99.15112952,19.424735426355735,-99.15132584062684,150.35847077370443,CANTINA LA CAMPANA,cantina la campana,Cantina La Estacion,cantina la estacion,7,0.63,0.5,0.56
1016966,514b8152e4b0db843af68222,19.43432312,-99.15825025,19.43407440185547,-99.1568603515625,148.5110452880969,CANTINA LA CASTELLANA,cantina la castellana,Cantina la Chabela,cantina la chabela,6,0.71,0.5,0.6
1001093,55b3e592498ef02a07770d39,19.43788016,-99.13550811,19.436480430418708,-99.13628407924264,175.82464129527733,CANTINA LA DOMINICA,cantina la dominica,La Dominica,la dominica,8,0.58,0.67,0.62
7732312,5657a29c498e89a64133debd,19.41617588,-99.16927912,19.41463622786561,-99.16998263204744,186.6309836899013,CANTINA LA LLORONA,cantina la llorona,Cantina La W,cantina la w,7,0.61,0.5,0.55
999853,4f5265f8e4b0d3a8f4a4f67c,19.43095013,-99.12723454,19.4310692536144,-99.1255949598304,172.63161971529505,CANTINA LA PENINSULAR,cantina la peninsular,Cantina La Peninsular,cantina la peninsular,0,1,1,1
6317816,4d95385cb188721edccbda36,19.41965692,-99.15403041,19.41866945129745,-99.15413947680211,110.51929234192544,CANTINA LA RIBERA,cantina la ribera,Cantina La Numero Uno,cantina la numero uno,8,0.62,0.4,0.51
6317816,4c702ed9b3ce224b8c1773c6,19.41965692,-99.15403041,19.41875245189792,-99.15408565302003,100.85183336746353,CANTINA LA RIBERA,cantina la ribera,Cantina La Ribera,cantina la ribera,0,1,1,1
6317816,51d0906b498ea1f4769b60a9,19.41965692,-99.15403041,19.421287,-99.153942,181.69690597346343,CANTINA LA RIBERA,cantina la ribera,La Ribera,la ribera,8,0.53,0.67,0.6
951352,4ed03be62c5bc35056ca8517,19.41786374,-99.14485963,19.41693984724298,-99.14523420825893,110.1095271904019,CANTINA LA VICTORIA SPEZZIAL,cantina la victoria spezzial,La Victoria Spezzial,la victoria spezzial,8,0.71,0.75,0.73
9947473,64a5ebf796c86e1117f10847,19.41841884,-99.15503017,19.419297,-99.15538,104.42802704931925,CANTINA MONTERREY,cantina monterrey,Cantina Monte Rey,cantina monte rey,1,0.94,0.25,0.6
10578312,567aee60498e24636576915b,19.40956047,-99.17023804,19.410636,-99.169229,159.8696416441004,CAPRICHO CAFE,capricho cafe,poncho cafe,poncho cafe,4,0.69,0.33,0.51
6318341,4b99524ef964a520d37235e3,19.42335671,-99.16898228,19.42486331161504,-99.16976836777803,186.9187217846383,CASA BELL,casa bell,Casa Bell,casa bell,0,1,1,1
865164,4d559d62fb65236a6189fbb3,19.44681318,-99.14526394,19.44743674361445,-99.1446245780819,96.55339749992525,CERVECERIA KANTINFLAS,cerveceria kantinflas,Kantinflas  Cerveceria,kantinflas cerveceria,20,0.05,1,0.52
8392474,57851f55498e5d2e962414fa,19.4105933,-99.14147891,19.41189,-99.141655,145.52713433996223,CHILAQUILES IRE,chilaquiles ire,Chilaquiles,chilaquiles,4,0.73,0.5,0.62
10828702,533c7da9498ee0515b3815e5,19.44491623,-99.14446424,19.445441523875846,-99.1436073289682,107.28631135355052,COCINA ECONOMICA EL EDEN,cocina economica el eden,"Cocina economica ""Adriana""",cocina economica adriana,7,0.71,0.4,0.55
10828702,532769ed498e3f9c496cf0c5,19.44491623,-99.14446424,19.44536018371582,-99.143402099609375,121.95509184180221,COCINA ECONOMICA EL EDEN,cocina economica el eden,"cocina economica ""moy""",cocina economica moy,7,0.71,0.4,0.55
10444014,533c7da9498ee0515b3815e5,19.44491623,-99.14446424,19.445441523875846,-99.1436073289682,107.28631135355052,COCINA ECONOMICA EL EDEN,cocina economica el eden,"Cocina economica ""Adriana""",cocina economica adriana,7,0.71,0.4,0.55
10444014,532769ed498e3f9c496cf0c5,19.44491623,-99.14446424,19.44536018371582,-99.143402099609375,121.95509184180221,COCINA ECONOMICA EL EDEN,cocina economica el eden,"cocina economica ""moy""",cocina economica moy,7,0.71,0.4,0.55
10074224,4f63a936e4b036e3e73eeb34,19.43245104,-99.1443334,19.432830958237233,-99.145154877309,96.04928260509632,COCINA FELI,cocina feli,Cocina emy,cocina emy,3,0.73,0.33,0.53
864216,4f9ffbffe4b08f85159ec803,19.41002604,-99.16405911,19.410956891748903,-99.16373209933734,109.16182052554036,COCINA LA ABUELITA,cocina la abuelita,Sopes La Abuelita,sopes la abuelita,5,0.72,0.5,0.61
11470561,590a20afaa6c9535c595671c,19.43328966,-99.13557577,19.434402,-99.135034,136.2617187124212,COCINA LUPITA,cocina lupita,Casa Lupita,casa lupita,4,0.69,0.33,0.51
11413319,5e2b7fd44ce734000c2d93cf,19.42673284,-99.13513322,19.427124,-99.136635,163.56202848099386,COCINA SAN JERONIMO,cocina san jeronimo,Mercado San Jerónimo,mercado san jeronimo,6,0.7,0.5,0.6
7743972,52bc950011d2a95bf3060d0b,19.44958027,-99.16187662,19.448616,-99.162314,116.74801653757682,COCINA VICKY,cocina vicky,Cocina Vicky,cocina vicky,0,1,1,1
893397,55f45a43498e28b2e4a33ad5,19.44491623,-99.14446424,19.444713242193387,-99.14317494136336,137.2112535884237,COMEDOR FAMILIAR CONCHITA,comedor familiar conchita,Comedor familiar Conchita,comedor familiar conchita,0,1,1,1
893399,55f45a43498e28b2e4a33ad5,19.44491623,-99.14446424,19.444713242193387,-99.14317494136336,137.2112535884237,COMEDOR FAMILIAR CONCHITA,comedor familiar conchita,Comedor familiar Conchita,comedor familiar conchita,0,1,1,1
872103,4f16019be4b0a6ade4d75f74,19.45452593,-99.1611275,19.453213818603704,-99.16159672225972,154.1437116294565,COMEDOR FAMILIAR EL TAPATIO,comedor familiar el tapatio,"Comedor Familiar. ""El Tapatió""",comedor familiar el tapatio,0,1,1,1
879588,55f45a43498e28b2e4a33ad5,19.44491623,-99.14446424,19.444713242193387,-99.14317494136336,137.2112535884237,COMEDOR FAMILIAR LOS GUEROS,comedor familiar los gueros,Comedor familiar Conchita,comedor familiar conchita,9,0.67,0.4,0.54
879589,55f45a43498e28b2e4a33ad5,19.44491623,-99.14446424,19.444713242193387,-99.14317494136336,137.2112535884237,COMEDOR FAMILIAR LOS GUEROS,comedor familiar los gueros,Comedor familiar Conchita,comedor familiar conchita,9,0.67,0.4,0.54
879590,55f45a43498e28b2e4a33ad5,19.44491623,-99.14446424,19.444713242193387,-99.14317494136336,137.2112535884237,COMEDOR FAMILIAR LOS GUEROS,comedor familiar los gueros,Comedor familiar Conchita,comedor familiar conchita,9,0.67,0.4,0.54
879591,55f45a43498e28b2e4a33ad5,19.44491623,-99.14446424,19.444713242193387,-99.14317494136336,137.2112535884237,COMEDOR FAMILIAR LOS GUEROS,comedor familiar los gueros,Comedor familiar Conchita,comedor familiar conchita,9,0.67,0.4,0.54
879605,55f45a43498e28b2e4a33ad5,19.44491623,-99.14446424,19.444713242193387,-99.14317494136336,137.2112535884237,COMEDOR FAMILIAR LOS LIMONES,comedor familiar los limones,Comedor familiar Conchita,comedor familiar conchita,9,0.68,0.4,0.54
879614,55f45a43498e28b2e4a33ad5,19.44491623,-99.14446424,19.444713242193387,-99.14317494136336,137.2112535884237,COMEDOR FAMILIAR LOS LIMONES,comedor familiar los limones,Comedor familiar Conchita,comedor familiar conchita,9,0.68,0.4,0.54
879612,55f45a43498e28b2e4a33ad5,19.44491623,-99.14446424,19.444713242193387,-99.14317494136336,137.2112535884237,COMEDOR FAMILIAR LOS LIMONES,comedor familiar los limones,Comedor familiar Conchita,comedor familiar conchita,9,0.68,0.4,0.54
880327,55f45a43498e28b2e4a33ad5,19.44491623,-99.14446424,19.444713242193387,-99.14317494136336,137.2112535884237,COMEDOR FAMILIAR LOS LIMONES,comedor familiar los limones,Comedor familiar Conchita,comedor familiar conchita,9,0.68,0.4,0.54
879739,55f45a43498e28b2e4a33ad5,19.44491623,-99.14446424,19.444713242193387,-99.14317494136336,137.2112535884237,COMEDOR FAMILIAR LOS LIMONES,comedor familiar los limones,Comedor familiar Conchita,comedor familiar conchita,9,0.68,0.4,0.54
880302,55f45a43498e28b2e4a33ad5,19.44491623,-99.14446424,19.444713242193387,-99.14317494136336,137.2112535884237,COMEDOR FAMILIAR LOS LIMONES,comedor familiar los limones,Comedor familiar Conchita,comedor familiar conchita,9,0.68,0.4,0.54
879547,5b956df1018cbb002c8852cf,19.44491448,-99.14445352,19.444473,-99.14366,96.71338030472089,COMEDOR YOLANDA,comedor yolanda,Comedor Yolsnda,comedor yolsnda,1,0.93,0.33,0.63
879559,5b956df1018cbb002c8852cf,19.44491448,-99.14445352,19.444473,-99.14366,96.71338030472089,COMEDOR YOLANDA,comedor yolanda,Comedor Yolsnda,comedor yolsnda,1,0.93,0.33,0.63
10812092,5b956df1018cbb002c8852cf,19.44491623,-99.14446424,19.444473,-99.14366,97.78237353128094,COMEDOR YOLANDA,comedor yolanda,Comedor Yolsnda,comedor yolsnda,1,0.93,0.33,0.63
7744837,5165c874e4b093be3d96031b,19.43880669,-99.14157273,19.438225798522083,-99.14236307144164,105.18920552602425,COMIDA CASERA ELI,comida casera eli,comida casera,comida casera,4,0.76,0.67,0.72
8327268,5736b5cc498e8349f5716ce1,19.41765959,-99.16181797,19.41773,-99.16323,148.45275936737633,DEPARTAMENTO RESTAURANTE BAR,departamento bar,Departamento,departamento,4,0.75,0.5,0.62
894656,5cd32e002bf29b002d5e6d58,19.42366406,-99.15402166,19.422591,-99.15422,121.25376998911831,DOÑA CHELA,dona chela,Doña Chela,dona chela,0,1,1,1
11527709,4c0ef35098102d7fe995e406,19.42942042,-99.16884135,19.429544,-99.16981466666668,103.10072844106118,EL 9 ARGENTINO,el 9 argentino,El Zulqui Argentino,el zulqui argentino,6,0.68,0.5,0.59
892030,56b55403498ef793fa4dd353,19.42783006,-99.1363117,19.428041,-99.137561,133.23831052381152,EL ALJIBE,el aljibe,El Ajibe,el ajibe,1,0.89,0.33,0.61
11280070,4f217bb3e4b07fb24914e1ac,19.46090995,-99.13747887,19.4623008,-99.1384907,187.75133864629103,EL COMEDOR,el comedor,El contador,el contador,3,0.73,0.33,0.53
6258673,617073a9de6bad399b0dad85,19.43107472,-99.14112435,19.431916,-99.1409,96.56696857304254,EL DANUBIO,el danubio,Restaurante El Danubio,el danubio,0,1,1,1
6258675,5bad0b94031320002ca1e13e,19.43054036,-99.14279325,19.431393,-99.142665,95.86558484327264,EL HUEQUITO,el huequito,El Taquito,el taquito,3,0.73,0.33,0.53
986081,5101c500e4b0d7901f5756e2,19.43356315,-99.14749014,19.433660321236587,-99.14635283352364,119.880446960323,EL HUEQUITO,el huequito,El Uekito,el uekito,3,0.73,0.33,0.53
986081,56f1b060cd10dd27cda66309,19.43356315,-99.14749014,19.4336645507434,-99.14623413386364,132.33449830491094,EL HUEQUITO,el huequito,El Huequito,el huequito,0,1,1,1
11772854,5bad0b94031320002ca1e13e,19.43054108,-99.14279808,19.431393,-99.142665,95.8588143969512,EL HUEQUITO RESTAURANTE,el huequito,El Taquito,el taquito,3,0.73,0.33,0.53
1043707,5604c45c498e00e624e3ee3a,19.4269423,-99.16298107,19.425625132504155,-99.16353752615537,157.83523147300778,EL LUGAR DEL MARIACHI,el lugar del mariachi,El Mejor Lugar Del Mariachi,el mejor lugar del mariachi,6,0.78,0.8,0.79
9221672,4e2dd29718a8ea95b0956bc6,19.42521562,-99.14802954,19.425275345851,-99.14949012463296,153.48028608573586,EL RINCON DEL PAISANO,el rincon del paisano,El Mesón Del Rincón,el meson del rincon,10,0.52,0.6,0.56
1040502,50e8b1abe4b018065c0a7c32,19.42943369,-99.15764572,19.430310038102185,-99.15750162962308,98.72040334478949,EL RINCON PATAGONICO,el rincon patagonico,El Rincón Patagónico,el rincon patagonico,0,1,1,1
986104,5376e2bb498e8b55636065d0,19.43304946,-99.14623527,19.434175491333008,-99.1467742919922,137.52928619956933,EL RINCONSITO,el rinconsito,El Tizoncito,el tizoncito,4,0.69,0.33,0.51
870689,4f160aabe4b01eeff2c9a528,19.4092666,-99.13494248,19.41024574075871,-99.13486714108753,109.284093087216,EL SABOR DE MEXICO,el sabor de,Pozoleria El Sabor De Mexico,pozoleria el sabor de,10,0.52,0.75,0.64
1046167,55baf13d498ef1a60321a304,19.45679485,-99.14010673,19.455963169336755,-99.14029516840075,94.6714571174029,ESTACIONAMIENTO LA TERRAZA DE LOS AMIGO,estacionamiento la terraza de los amigo,"Restaurante ""La Terraza de los Amigos""",la terraza de los amigos,17,0.56,0.57,0.56
6735928,4ea5b92077c8d0ce5f514da3,19.42950909,-99.16999461,19.42935562133789,-99.16898345947266,107.51661935201435,FONDA DOÑA BLANCA,fonda dona blanca,Doña Blanca 2,dona blanca 2,8,0.53,0.5,0.52
867685,4cf806a2c28df04df873d315,19.40410465,-99.1687471,19.404915,-99.167369,170.51140545395293,FONDA LA LUPITA,fonda la lupita,Fonda la poblanita,fonda la poblanita,5,0.72,0.5,0.61
867685,51f96961498e0a770efcbebc,19.40410465,-99.1687471,19.402619,-99.169461,181.57569970817693,FONDA LA LUPITA,fonda la lupita,Fonda La Poblanota,fonda la poblanota,6,0.67,0.5,0.58
867685,4e52bbf5aeb7560ca4b11d65,19.40410465,-99.1687471,19.40267695435187,-99.169389687133,172.65865059236998,FONDA LA LUPITA,fonda la lupita,Fonda La Poblanita,fonda la poblanita,5,0.72,0.5,0.61
953005,503948afe4b0fbecfd8e7e33,19.41430544,-99.14609013,19.4138099668633,-99.14693138667594,104.1307362212999,FONDA LOS PERICOS,fonda los pericos,Fonda los pericos,fonda los pericos,0,1,1,1
10111111,4e0238f262843b639cfe0c06,19.44022587,-99.16411529,19.441719213710673,-99.16377377187354,170.05994614191889,FONDA SAN RAFAEL,fonda san rafael,Verificentro San Rafael,verificentro san rafael,10,0.57,0.5,0.53
10111111,4f5ba9e7e4b09a78bf9b1336,19.44022587,-99.16411529,19.44039,-99.163081,110.09915404668261,FONDA SAN RAFAEL,fonda san rafael,Pastes San Rafael,pastes san rafael,6,0.65,0.5,0.58
10111111,4f9312cde4b0c98ce0645c31,19.44022587,-99.16411529,19.439510504788434,-99.16254279071366,183.2753239823223,FONDA SAN RAFAEL,fonda san rafael,Hotelito San Rafael,hotelito san rafael,7,0.63,0.5,0.56
10111111,4f54e7cee4b09298108e2f9c,19.44022587,-99.16411529,19.43945143365,-99.16345638695708,110.52713710562274,FONDA SAN RAFAEL,fonda san rafael,San Rafael,san rafael,6,0.62,0.67,0.64
10111111,4c8011ba47cc224bfab86f9f,19.44022587,-99.16411529,19.43894504685434,-99.16384441895184,145.38820517125924,FONDA SAN RAFAEL,fonda san rafael,Oxxo San Rafael,oxxo san rafael,4,0.75,0.5,0.62
10111111,4e610522a80951b317e009fa,19.44022587,-99.16411529,19.43894326,-99.163886,144.7940539525293,FONDA SAN RAFAEL,fonda san rafael,Panaderia San Rafael,panaderia san rafael,6,0.7,0.5,0.6
10104124,4fc1aca5e4b06f6d234e1f89,19.41926925,-99.15586488,19.42062370973834,-99.15616573500932,154.05059832694354,FRONTERA BAR,frontera bar,Frontera 96,frontera 96,3,0.75,0.33,0.54
7757186,59ea79ae61e53b0ea5c4a77e,19.42787907,-99.13668361,19.426855,-99.13586,143.07947621977448,GALERIA DOÑA INES RESTAURANTE,galeria dona ines,Doña Ines,dona ines,8,0.53,0.67,0.6
6320886,567b48ae498e51586b69190c,19.44694868,-99.15285735,19.446556,-99.15387,114.93394889643466,GINOS BUENAVISTA,ginos buenavista,Bar Buenavista,bar buenavista,5,0.69,0.33,0.51
6320886,57c387fb498e5d14b22e416a,19.44694868,-99.15285735,19.446012,-99.153507,124.59009125823972,GINOS BUENAVISTA,ginos buenavista,Wingstop Buenavista,wingstop buenavista,5,0.74,0.33,0.54
6320886,51bb4413498e56dd0e44ba0c,19.44694868,-99.15285735,19.44629674103442,-99.15422401693864,160.77000135382943,GINOS BUENAVISTA,ginos buenavista,KIO Buenavista,kio buenavista,3,0.81,0.33,0.57
6320886,66a83008cf194301def5920c,19.44694868,-99.15285735,19.448554,-99.153023,179.54734458961184,GINOS BUENAVISTA,ginos buenavista,Mazda Buenavista,mazda buenavista,5,0.69,0.33,0.51
6320886,557703e4498e3331560f2e18,19.44694868,-99.15285735,19.448540061240593,-99.15292008919944,177.2741174505157,GINOS BUENAVISTA,ginos buenavista,Nissan Buenavista,nissan buenavista,5,0.71,0.33,0.52
6320886,5b6daf3c286fda002c93f3b6,19.44694868,-99.15285735,19.448143724949407,-99.15201232691902,159.89142653223584,GINOS BUENAVISTA,ginos buenavista,Parfois Buenavista,parfois buenavista,5,0.72,0.33,0.52
6320886,64c1bbff4ca78c47685d25fb,19.44694868,-99.15285735,19.447631,-99.151867,128.7478148935546,GINOS BUENAVISTA,ginos buenavista,HINODE Buenavista,hinode buenavista,3,0.82,0.33,0.58
6320886,537539a2498e6d66f3568f13,19.44694868,-99.15285735,19.44770854730659,-99.15200151606568,123.3919386300458,GINOS BUENAVISTA,ginos buenavista,VCafe Buenavista,vcafe buenavista,5,0.69,0.33,0.51
6320886,4ec44cbbe300e6894ed51342,19.44694868,-99.15285735,19.447902555922667,-99.15193429195904,143.74734748333492,GINOS BUENAVISTA,ginos buenavista,Mirador Buenavista,mirador buenavista,5,0.72,0.33,0.52
6320886,4b1480adf964a520f4a323e3,19.44694868,-99.15285735,19.448298289265505,-99.15182854261056,185.0235327710645,GINOS BUENAVISTA,ginos buenavista,Forum Buenavista,forum buenavista,5,0.69,0.33,0.51
9389111,505513b9e4b0b914257ee5f2,19.44722572,-99.1528983,19.44649124145508,-99.15185546875,136.62912030336344,HOOTERS BUENAVISTA,hooters buenavista,Postres Buenavista,postres buenavista,4,0.78,0.33,0.56
9389111,4ea84b76d5fbe8dfe8b006a4,19.44722572,-99.1528983,19.4463748300994,-99.1523474640965,110.97395885390405,HOOTERS BUENAVISTA,hooters buenavista,Buenavista,buenavista,8,0.56,0.5,0.53
9389111,64c1bbff4ca78c47685d25fb,19.44722572,-99.1528983,19.447631,-99.151867,117.27884797610491,HOOTERS BUENAVISTA,hooters buenavista,HINODE Buenavista,hinode buenavista,5,0.72,0.33,0.52
11409007,63535d5cd7a58222f14f9c7a,19.40897569,-99.17635118,19.409442,-99.174663,184.69213872741028,INDIAN GRILL,indian grill,Indian Grill,indian grill,0,1,1,1
11248736,4e873e08d3e393c4a790e0b8,19.44093651,-99.13913156,19.44181802872747,-99.13892281951615,100.54687446297646,ISLAS ISLAS ESPOSA E HIJOS,islas islas esposa e hijos,Blas Islas E Hijos,blas islas e hijos,9,0.65,0.6,0.62
893047,5c4b728b8194fc00397bc9a0,19.42732842,-99.15115664,19.426445868826956,-99.15219851022204,147.022123749354,JARDIN JUAREZ,jardin juarez,Jardín Juárez,jardin juarez,0,1,1,1
9865631,517ff974498ee87b3d8d1b6a,19.44686779,-99.15237156,19.447962351163948,-99.15202414605294,127.18617827799535,KOALA EXPRESS,koala express,Panda Express,panda express,4,0.69,0.33,0.51
897683,4f1f28e0e4b01a2ba1285130,19.42372935,-99.14828064,19.425146061733983,-99.14774215339544,167.53379874577212,LA BANANA FELIZ,la banana feliz,La Ranita Feliz,la ranita feliz,3,0.8,0.5,0.65
7732621,4e7d5fa0cc214cc1abe6f554,19.42473191,-99.16529231,19.423594,-99.165798,137.34677194210016,LA BOHEMIA,la bohemia,La Bomba,la bomba,3,0.7,0.33,0.52
10432736,51157d85e4b083a3d04a7eeb,19.43373763,-99.14281523,19.434425598401116,-99.14221829208932,98.9546803591275,LA BTK BELLAS ARTES,la btk bellas artes,librería bellas artes,libreria bellas artes,7,0.67,0.4,0.54
1003120,4f36b3bee4b0aa62a16610c7,19.43497442,-99.13251187,19.434056006361153,-99.13118252142164,172.99386622795953,LA CASA DE LAS SIRENAS,la casa de las sirenas,La casa de las aguilas,la casa de las aguilas,5,0.77,0.67,0.72
8859783,56f4c805498eabd4fd8bdfe8,19.4385256,-99.15136061,19.437666,-99.151785,105.55251414234257,LA CASA DE LOS ABUELOS,la casa de los abuelos,La Casa de Carlos Vives,la casa de carlos vives,8,0.65,0.43,0.54
10085274,4dd81d45d4c05d5096fb4d76,19.41964335,-99.16466214,19.418435,-99.165163,144.42563819850687,LA CASA DE LOS SOLES,la casa de los soles,La Casa de Don Porfirio,la casa de don porfirio,9,0.61,0.43,0.52
989254,56ace24f498eaae82abc8c8e,19.43253853,-99.13739518,19.433472,-99.13681,120.71349813914078,LA CASA DEL PAVO,la casa del pavo,La Casa Del Diseñador,la casa del disenador,7,0.67,0.6,0.64
11436025,5af2105cb9ac38002c9ec266,19.40450734,-99.170357,19.405815,-99.16971,160.6388654956812,LA CASA DEL URUGUAYO,la casa del uruguayo,La Casa Del Buen Comer,la casa del buen comer,9,0.59,0.5,0.54
8738200,4c943d3cf7cfa1cd615db215,19.41100776,-99.17460675,19.412423,-99.173682,185.05860999619946,LA CERVECERIA DE BARRIO CONDESA,la cerveceria de barrio condesa,La Ksita De La Condesa,la ksita de la condesa,14,0.55,0.5,0.52
896011,4f99f8a6e4b0ca76e63564b7,19.41445881,-99.15888278,19.416063,-99.159245,182.58199176020156,LA CHICHA,la chicha,La China,la china,2,0.78,0.33,0.56
890162,52113d8611d2ef513d439f01,19.43396567,-99.14915897,19.434636725783403,-99.14782863566344,158.37826751983906,LA CHIRINDONGUERIA,la chirindongueria,Chirindongueria,chirindongueria,3,0.83,0.5,0.66
10824037,530a870011d216fe49cb6524,19.43070783,-99.13881878,19.4315248075873,-99.1393099632114,104.54628539217008,LA ESQUINA DEL PIBE,la esquina del pibe,La esquina Beatle,la esquina beatle,6,0.68,0.4,0.54
11324196,515b429de4b06ba4b2d2a151,19.43241373,-99.13748636,19.431543551241685,-99.13752168839888,96.93882698656105,LA FLACA,la flaca,La Flamita,la flamita,3,0.7,0.33,0.52
8385889,5a29683e1213845b17ebd43f,19.40970626,-99.16567107,19.410295,-99.164215,166.33253551701293,LA FLOR DE MEDELLIN,la flor de medellin,La Palomiux Medellin,la palomiux medellin,6,0.7,0.4,0.55
8385889,4df3d46988772e1f815555b7,19.40970626,-99.16567107,19.410120443661206,-99.16413221084566,168.01888909776326,LA FLOR DE MEDELLIN,la flor de medellin,La Flor De Medellin,la flor de medellin,0,1,1,1
980919,4fe53b28e4b0e1967e4c604e,19.44093651,-99.13913156,19.440692054181163,-99.13768382202134,154.3901315339175,LA GUERA,la guera,La Vaquera,la vaquera,3,0.7,0.33,0.52
866953,4feb5f3ee4b0040bee501958,19.41164249,-99.17550071,19.412916763024917,-99.17454818453876,173.5602869565434,LA KI K,la ki k,La Ki-K,la ki k,0,1,1,1
10570790,60971201c3d8de616507841b,19.417624,-99.16364359,19.419167,-99.1642,181.42758843970705,LA LUPITA,la lupita,La Juanita,la juanita,3,0.7,0.33,0.52
10920595,54a8646a498ee54470ed70e5,19.43172595,-99.12799427,19.43088160909596,-99.12656762138592,176.8187014265276,LA MEXICANA,la mexicana,La Mexicana,la mexicana,0,1,1,1
11635241,501975c5e4b0b36b999c467f,19.43560286,-99.16662007,19.435509,-99.168402,187.35163880383317,LA PIRINOLA RESTAURANTE,la pirinola,La Piraña,la pirana,3,0.73,0.33,0.53
10741019,62aa2bed14362e238e9fdc0e,19.41973035,-99.16785892,19.418203,-99.16773,170.56170249420853,LA PROSPERIDAD,la prosperidad,La Trompería,la tromperia,4,0.71,0.33,0.52
1031209,4f552610e4b0a06c23e5f3dd,19.42592472,-99.12883772,19.427302633909488,-99.12783209910778,186.20828838286712,LA REINA DE SAN PABLO,la reina de san pablo,Tienda Veterinaria De San Pablo,veterinaria de san pablo,8,0.67,0.5,0.58
11759496,58754e47e0adac165bea4fd2,19.43322537,-99.14431773,19.433475,-99.145653,142.90128196270376,LA RESERVA DE LA CASA,la reserva de la casa,La casa de bolsa,la casa de bolsa,10,0.52,0.6,0.56
11759496,59a9ae789be5225c7b11a7d2,19.43322537,-99.14431773,19.43373767862091,-99.14291233056434,158.17414226947622,LA RESERVA DE LA CASA,la reserva de la casa,La Casa De Toño,la casa de tono,12,0.43,0.6,0.52
11759496,5993591a16ef673277acd56b,19.43322537,-99.14431773,19.433805249122347,-99.14293974819635,158.406379212465,LA RESERVA DE LA CASA,la reserva de la casa,La Casa De Toño,la casa de tono,12,0.43,0.6,0.52
11759496,53096796498ea17f80847ef1,19.43322537,-99.14431773,19.434535004329405,-99.14325823418284,183.3701743121348,LA RESERVA DE LA CASA,la reserva de la casa,La casa de la Doña,la casa de la dona,8,0.62,0.6,0.61
896541,505a35f2e4b06d30e8ca1bb0,19.40727717,-99.17114917,19.40727420104686,-99.17207563945578,97.27463806812985,LA TABERNA DEL CHANCLAS,la taberna del chanclas,La Taberna Del Chanclas,la taberna del chanclas,0,1,1,1
11173013,511d90d9e4b0a3ad035bcf78,19.42604775,-99.16561601,19.426159119046464,-99.163942894098,176.08438180546642,LA TROMPERIA,la tromperia,La CHOPERIA,la choperia,3,0.75,0.33,0.54
10215711,56ce5b3dcd10d4bd4a4f208a,19.43307373,-99.14513504,19.431634093194177,-99.14439103745562,178.27896605990287,LA VITRINA,la vitrina,La Victoria,la victoria,3,0.73,0.33,0.53
878866,d7dc4343fb0e4f2fef8f5fd8,19.44597218,-99.14664737,19.445797,-99.145674,104.018414770215,LAS BRISAS,las brisas,Las Brasas,las brasas,1,0.9,0.33,0.62
9075712,53348c44498e0f06ce29fced,19.42539972,-99.17493792,19.425981378515385,-99.17423509984148,98.16619888183634,LAS CAZUELAS DE FRIDA,las cazuelas de frida,Las Cazuelas de Frida,las cazuelas de frida,0,1,1,1
863917,506091f2e4b0a06085ce526a,19.41394193,-99.16061624,19.413882960486983,-99.16154806761249,98.05264603633461,LAS COSTILLAS DE SAN LUIS,las costillas de san luis,Las Quecas de San Luis,las quecas de san luis,7,0.72,0.67,0.7
10988368,ece1169968cb47dc2ee0c63a,19.43035205,-99.13247455,19.430572,-99.130884,168.76060877149988,LAS CREPAS DEL CENTRO,las crepas del centro,Gorras del Centro,gorras del centro,7,0.67,0.4,0.54
867241,4c699fde897b1b8d00b6af17,19.40841921,-99.17932038,19.4097627155536,-99.17892942479362,155.0890383325147,LAS DELICIAS,las delicias,Las Delicias,las delicias,0,1,1,1
9185009,50a47053e4b0521a6c61af30,19.41888557,-99.12752992,19.418052253051357,-99.12882099947264,164.25028753592696,LAS DELICIAS DEL 48,las delicias del 48,las delicias del 48,las delicias del 48,0,1,1,1
11144979,506091f2e4b0a06085ce526a,19.41408277,-99.16009457,19.413882960486983,-99.16154806761249,154.2152492958504,LAS ORIGINALES DE SAN LUIS,las originales de san luis,Las Quecas de San Luis,las quecas de san luis,8,0.69,0.67,0.68
863082,4d39b2b781258cfa60f89d5f,19.41546497,-99.16371313,19.414407605179512,-99.16298609520145,140.2888338189478,LONCHERIA ARA,loncheria ara,Loncheria Mely,loncheria mely,4,0.71,0.33,0.52
863833,4d23940814f2b1f7ed2767be,19.41435203,-99.16293686,19.41551824287343,-99.16368076286038,151.50485652968965,LONCHERIA MELI,loncheria meli,Loncheria Ara,loncheria ara,4,0.71,0.33,0.52
10998752,51d72ef0498ee4693ec74883,19.43501192,-99.14693616,19.434511191993657,-99.1486448166679,187.83042859959326,LONCHERIA PELTRE,loncheria peltre,Loncheria Caro,loncheria caro,5,0.69,0.33,0.51
7732072,505a0649e4b0af989fa284c5,19.41901742,-99.16424437,19.417672769963488,-99.16466743083748,156.13649605922998,LOS INSURGENTES,los insurgentes,IMSS Insurgentes,imss insurgentes,3,0.81,0.33,0.57
6715853,5fa85c81f25c827ac5e7fc51,19.42689539,-99.17094737,19.427909,-99.170165,139.56243938285576,MARISCOS EL PECHOCO,mariscos el pechoco,Mariscos El Pechocho,mariscos el pechocho,1,0.95,0.5,0.72
6876585,589a909d45005e3db8102da3,19.41422416,-99.1635933,19.414222,-99.165253,174.25187611398528,MCCARTHYS LA ROMA,mccarthys la roma,Starwings La Roma,starwings la roma,7,0.59,0.5,0.54
9006502,5740cfa7498e1f63328732b4,19.44517266,-99.127359,19.446533,-99.1277,155.6053032232019,MICHELADAS LA DEL BARRIO,micheladas la del barrio,"Micheladas ""La Güera""",micheladas la guera,9,0.62,0.4,0.51
657658,54dcec83498ef3a97de74888,19.41029448,-99.18136943,19.410330612287357,-99.18279624546985,149.85878171755263,MICHEVICHE,micheviche,Micheviche,micheviche,0,1,1,1
10861143,643c7ca948a8ea06d7532a6f,19.43242068,-99.16381166,19.433179,-99.164312,99.42265206483899,MICHIS MICHES,michis miches,Michis Miches,michis miches,0,1,1,1
855735,4d1b9809c17ff04d7bc3bf41,19.45384167,-99.14503426,19.452443087544896,-99.14585998606884,178.18886306155025,MINI VIPS,mini vips,Mini Vps,mini vps,1,0.89,0.33,0.61
980915,5c1493d9bf7dde002ca8eb31,19.44093651,-99.13913156,19.441878103254897,-99.1390424966812,105.23380450589667,NOYOLO,noyolo,Noyolo,noyolo,0,1,1,1
7733137,5946e3cb9411f241f59ac973,19.41657272,-99.17808319,19.417637,-99.1774,138.49577706704463,OH MADRID SUCURSAL CONDESA,oh madrid condesa,Oh Madrid!,oh madrid,8,0.53,0.67,0.6
11457657,55b3bea3498ebf908b7bfc69,19.43198473,-99.16449179,19.4319739932641,-99.1657324751842,130.25064385814903,PANUCO 36,panuco 36,Pánuco 63,panuco 63,2,0.78,0.33,0.56
9773060,66e498649490ab1318e5975d,19.42774022,-99.16354649,19.42692,-99.164926,171.20323693162175,PAT PATZ,pat patz,Pát Paz,pat paz,1,0.88,0.33,0.6
8625789,4f7a30d5e4b0a76294c8c455,19.43405529,-99.13556032,19.433658,-99.13717,174.6713700371614,PATA NEGRA CENTRO HISTORICO,pata negra centro historico,Optiker Centro Historico,optiker centro historico,7,0.74,0.4,0.57
8625789,f9c9847a860d4937e62c7aa3,19.43405529,-99.13556032,19.433281,-99.136103,103.318965837311,PATA NEGRA CENTRO HISTORICO,pata negra centro historico,Mixup Centro Histórico,mixup centro historico,10,0.63,0.4,0.52
8625789,579042d7498e605e9d8de872,19.43405529,-99.13556032,19.43321,-99.134153,175.15829885316828,PATA NEGRA CENTRO HISTORICO,pata negra centro historico,bizarro centro historico,bizarro centro historico,8,0.7,0.4,0.55
6751113,4bd2387e462cb713f7f0db07,19.41033593,-99.17322837,19.40928137522292,-99.17369833585438,127.34100245061893,PATAGONIA PARRILLA DE CAMPO,patagonia parrilla de campo,Patagonia Parrilla de Campo,patagonia parrilla de campo,0,1,1,1
6304508,505513b9e4b0b914257ee5f2,19.44560318,-99.15326786,19.44649124145508,-99.15185546875,178.1947556187924,PORTON BUENAVISTA,porton buenavista,Postres Buenavista,postres buenavista,4,0.78,0.33,0.56
6304508,4ea84b76d5fbe8dfe8b006a4,19.44560318,-99.15326786,19.4463748300994,-99.1523474640965,129.2783802969045,PORTON BUENAVISTA,porton buenavista,Buenavista,buenavista,7,0.59,0.5,0.54
6304508,567b48ae498e51586b69190c,19.44560318,-99.15326786,19.446556,-99.15387,123.4719658066854,PORTON BUENAVISTA,porton buenavista,Bar Buenavista,bar buenavista,5,0.71,0.33,0.52
6304508,5a4f7515a35dce5caa322476,19.44560318,-99.15326786,19.444339,-99.153048,142.6077178401844,PORTON BUENAVISTA,porton buenavista,Urbvan Buenavista,urbvan buenavista,5,0.71,0.33,0.52
6304508,51bb4413498e56dd0e44ba0c,19.44560318,-99.15326786,19.44629674103442,-99.15422401693864,126.62730403077309,PORTON BUENAVISTA,porton buenavista,KIO Buenavista,kio buenavista,5,0.71,0.33,0.52
7733253,51b0ab00498ecdf2036e920a,19.41654788,-99.17561313,19.41514778137207,-99.17493438720705,171.37632827829069,POSTALES DE CAFE,postales de cafe,Flor de Café,flor de cafe,7,0.56,0.5,0.53
894240,627e9ee29689df69eb8df775,19.42643165,-99.17334675,19.427490196424277,-99.174125790596,143.43745838046632,POTROS GRILL,potros grill,Potro's Grill,potro s grill,1,0.92,0.25,0.58
9656293,4d3a064d687ca35d1f4885c4,19.43462484,-99.13558971,19.435522,-99.136436,133.66722711347268,PULQUERIA EL CALLEJON,pulqueria el callejon,Mariscos El Callejon,mariscos el callejon,9,0.57,0.5,0.53
10858491,4ec1871102d5a63a3fdeffcb,19.42997508,-99.12630433,19.43102548611907,-99.12711339777748,144.52269298256363,PULQUERIA EL RECREO DE MANZANARES,pulqueria el recreo de manzanares,Pulqueria el recreo,pulqueria el recreo,14,0.58,0.6,0.59
6256976,4e42eba9a8090a1994619294,19.42455645,-99.16595314,19.42375564312522,-99.16659659517931,111.84899873340147,RAFAELLO ZONA ROSA,rafaello zona rosa,Mercado Zona Rosa,mercado zona rosa,7,0.61,0.5,0.55
6256976,52744084498e1444c40e3c3a,19.42455645,-99.16595314,19.423696121268794,-99.16504046506527,135.47257882405515,RAFAELLO ZONA ROSA,rafaello zona rosa,DIM Zona Rosa,dim zona rosa,8,0.56,0.5,0.53
6256976,6303b2f7ad14876b45fe83a9,19.42455645,-99.16595314,19.424951862417423,-99.16514736415591,95.35959779072569,RAFAELLO ZONA ROSA,rafaello zona rosa,Cotorritos Zona Rosa,cotorritos zona rosa,9,0.55,0.5,0.52
6256976,5778b911498e47ab013d1854,19.42455645,-99.16595314,19.425031,-99.164706,141.18408666133197,RAFAELLO ZONA ROSA,rafaello zona rosa,Zona rosa,zona rosa,9,0.5,0.67,0.58
6256976,4c2fa97d213c2d7fb549315d,19.42455645,-99.16595314,19.425180094601615,-99.1645484927528,162.98871868282401,RAFAELLO ZONA ROSA,rafaello zona rosa,Zona Rosa,zona rosa,9,0.5,0.67,0.58
1019066,50de766be4b0f2166e545bfa,19.42763211,-99.13553285,19.42755,-99.134456,113.41797447768134,REGINA,regina,Regina 70,regina 70,3,0.67,0.5,0.58
1019066,516396cae4b0d9e61378d84c,19.42763211,-99.13553285,19.427519,-99.134551,103.84205545417359,REGINA,regina,Regina 61,regina 61,3,0.67,0.5,0.58
1019066,56710621498ee3307d72eb8f,19.42763211,-99.13553285,19.42788609470309,-99.13648944537572,104.3286274019885,REGINA,regina,Regina 42,regina 42,3,0.67,0.5,0.58
893636,4fa6ee3ce4b0cbe2e123a627,19.44885453,-99.146748,19.4476075,-99.1460301,157.95328272351009,RESTAURAN BAR LUNA Y SOL,restauran bar luna y sol,Restaurante Bar Sol y Luna,bar sol y luna,17,0.29,0.8,0.54
1013934,51d8748d498e1ce6cc66e2c2,19.42980062,-99.1368345,19.428389,-99.137638,178.34920336557408,RESTAURANT BAR ISABEL,bar isabel,Reaturant-bar Isabel,reaturant bar isabel,10,0.5,0.67,0.58
866901,545574c0498ea31a1f2d57ee,19.4115774,-99.17244129,19.410665,-99.173128,124.55641984531256,RESTAURANT BAR NUEVO LEON,bar nuevo leon,bar nuevo león,bar nuevo leon,0,1,1,1
866901,554d305a498e0d932278af02,19.4115774,-99.17244129,19.41040191622268,-99.17266904953424,133.0212917435291,RESTAURANT BAR NUEVO LEON,bar nuevo leon,Casa Nuevo Leon,casa nuevo leon,3,0.8,0.5,0.65
11434293,4d7560828796f04dbe154a16,19.42508086,-99.16167363,19.42662175,-99.16115,180.12447592360144,RESTAURANT EL BUEN CAFE,el buen cafe,El Buen Menudo,el buen menudo,6,0.57,0.5,0.53
892853,511838dee4b02ebafc313056,19.42694266,-99.14280693,19.42535586313598,-99.1432452041902,182.53547908386616,RESTAURANT EL PARAISO,el paraiso,el paisa,el paisa,3,0.7,0.33,0.52
1013360,4d5f1ca214963704ff20d394,19.44313624,-99.15050839,19.44215009256759,-99.1503907152226,110.4702149730059,RESTAURANT LA FAMA,la fama,Cantina La Fama,cantina la fama,8,0.47,0.67,0.57
9006550,5020c5fae4b0d6074d34a512,19.44177595,-99.13952552,19.442890793885155,-99.1396456648966,124.74303341969693,RESTAURANT SANTA MARIA,santa maria,Santa María,santa maria,0,1,1,1
980904,51eb00cd498e2d6520a00dc5,19.44191259,-99.13950276,19.442843231233606,-99.13957000064308,103.83867973399146,RESTAURANTE ALFRED,alfred,Restaurant Alfred,alfred,0,1,1,1
889312,5130018ee4b090128669c7c3,19.42608346,-99.13291947,19.42649323734739,-99.13187964306786,118.31079145907832,RESTAURANTE AZTECA,azteca,"Restaurante "" El Azteca""",el azteca,3,0.67,0.5,0.58
1019067,4e2c3d2bfa76bbf847e14662,19.427825,-99.13694205,19.427764024292856,-99.13574863321834,125.46996633030959,RESTAURANTE BAR ARCOS DE REGINA,bar arcos de regina,Barbacoa de regina,barbacoa de regina,3,0.84,0.4,0.62
1019067,50e79c06e4b0124eb6121b87,19.427825,-99.13694205,19.4277406921064,-99.13578726314309,121.59355472460453,RESTAURANTE BAR ARCOS DE REGINA,bar arcos de regina,Los Arcos De Regina,los arcos de regina,3,0.84,0.6,0.72
1019067,517ed2c3498e36216779d252,19.427825,-99.13694205,19.427825405067424,-99.1380999664898,121.55935114805597,RESTAURANTE BAR ARCOS DE REGINA,bar arcos de regina,Las De Regina,las de regina,7,0.63,0.4,0.52
1024325,4ca63c0ff47ea1431aa05e21,19.43071597,-99.13444664,19.431272561233577,-99.13542968430316,120.37034031460314,RESTAURANTE BAR BOLAÑOS,bar bolanos,Restaurante Bolaños,bolanos,4,0.64,0.5,0.57
1024325,51f816fe498e910b7f77fc54,19.43071597,-99.13444664,19.431225,-99.135428,117.57764480082795,RESTAURANTE BAR BOLAÑOS,bar bolanos,G Bolaños,g bolanos,3,0.73,0.33,0.53
1013778,5139be73e4b00e6c3ee8ed02,19.43924204,-99.14925262,19.44027570225962,-99.15047179502768,172.10309667241896,RESTAURANTE BAR DON RAMON,bar don ramon,Don Ramon,don ramon,4,0.69,0.67,0.68
895488,52fe7485498eb686d55e495e,19.42674487,-99.163747420000007,19.42588012892398,-99.16373755596808,96.26810604790427,RESTAURANTE BAR EL DRAGON,bar el dragon,Restaurante Chino El Dragón,chino el dragon,5,0.67,0.5,0.58
863667,505d1674e4b0c1f8b6671dc8,19.41474915,-99.15590962,19.414444332418356,-99.15749361743858,169.7297435351356,RESTAURANTE BAR SAN LUIS,bar san luis,Farmacia San Luis,farmacia san luis,6,0.65,0.5,0.58
863667,4e42c2d818a8f06e90d17302,19.41474915,-99.15590962,19.414356892029225,-99.15713142986854,135.5057609963837,RESTAURANTE BAR SAN LUIS,bar san luis,Foro San Luis,foro san luis,3,0.77,0.5,0.64
9168392,520be87511d2e8dc91680f7b,19.43502352,-99.13604676,19.435217454451777,-99.13448834149295,165.01543544524284,RESTAURANTE BARRO MESTIZO,barro mestizo,Barro Mestizo,barro mestizo,0,1,1,1
1040499,4f7695d4e4b03b459c9c9fbb,19.42943369,-99.15764572,19.430350075052505,-99.15693141653892,126.607506984123,RESTAURANTE BRODY,brody,el brody,el brody,3,0.62,0.5,0.56
1040499,4e14d4be18384368edca30df,19.42943369,-99.15764572,19.430172529812996,-99.15702011742474,105.25162237339475,RESTAURANTE BRODY,brody,Restaurante Brody,brody,0,1,1,1
8327127,55980d59498e4c9b8b643622,19.41014572,-99.16216427,19.410965853416005,-99.16240223126589,94.65366689831022,RESTAURANTE CARBON 2-54,carbon 2 54,carbón-254,carbon 254,1,0.91,0.25,0.58
10806303,8a8efbdd7ffe446696713aa1,19.43128829,-99.16229408,19.432339,-99.161755,129.93586436146407,RESTAURANTE CAYENA CUAUHTEMOC,cayena cuauhtemoc,Chokis cuauhtemoc,chokis cuauhtemoc,5,0.71,0.33,0.52
6308088,55f48fd8498ec37de6b0a0a0,19.43099485,-99.13986982,19.42991460118633,-99.13882957565284,162.43856068573697,RESTAURANTE CENTRO CASTELLANO,centro castellano,Centro Castellano,centro castellano,0,1,1,1
7733532,4bd35e9977b29c7461ae9082,19.40991263,-99.16462564,19.410729915407664,-99.16565378444588,141.17349232199047,RESTAURANTE CIENAGA,cienaga,Ciénaga,cienaga,0,1,1,1
6318264,551098fb498e7a0677a41d59,19.42843292,-99.17199477,19.427428713697378,-99.17128776790076,134.18410568886256,RESTAURANTE DAIKOKU,daikoku,Daikoku,daikoku,0,1,1,1
867677,4d4b113f2c42a0936d51f0e6,19.40428026,-99.16857748,19.40509452759157,-99.16705787027296,183.50332282469162,RESTAURANTE DON CARRETINO,don carretino,Carretino,carretino,4,0.69,0.5,0.6
9454647,52ec5338498e8561c975cad7,19.43490563,-99.13807725,19.43390581026667,-99.13883498018998,136.80215368881505,RESTAURANTE EL BAJIO,el bajio,El Bajon,el bajon,2,0.75,0.33,0.54
984409,503c1b98e4b00777f0147a1a,19.44061388,-99.14462199,19.441837,-99.145593,170.08331313355006,RESTAURANTE EL BUEN COMER,el buen comer,El Buen Martin,el buen martin,6,0.57,0.5,0.53
11576059,52a517e3498e499244b09b65,19.43489702,-99.13606814,19.433868746074815,-99.13739198173754,180.04472265638708,RESTAURANTE EL CUATRO 20,el cuatro 20,El Cuatro veinte,el cuatro veinte,6,0.62,0.5,0.56
11576059,50ca5058e4b05a8a09417b53,19.43489702,-99.13606814,19.435126937881147,-99.13767301310295,170.4069235995291,RESTAURANTE EL CUATRO 20,el cuatro 20,Restaurante El Cuatro 20,el cuatro 20,0,1,1,1
10320842,5b4a6cf9005ac10039b0ee1f,19.42208741,-99.1468444,19.423368,-99.1469,142.6740821207923,RESTAURANTE EL GUERO,el guero,Tacos El Güero,tacos el guero,6,0.57,0.67,0.62
896297,4b327dfdf964a520130d25e3,19.41029875,-99.17516354,19.4114007908008,-99.17483490009386,127.43865244790501,RESTAURANTE EL JAPONES,el japones,El Japonez,el japonez,1,0.9,0.33,0.62
8528953,50f4a029e4b0c40b544a481d,19.44320102,-99.13190976,19.44219452291715,-99.13151216733397,119.56362666803325,RESTAURANTE EL LAUREL,el laurel,El Laurel Restaurante,el laurel,0,1,1,1
1024002,4ba14ce2f964a5207baa37e3,19.43246111,-99.13524362,19.433087306455253,-99.136224,124.30345768768609,RESTAURANTE EL REY DEL PAVO,el rey del pavo,rey del pavo,rey del pavo,3,0.8,0.75,0.78
992019,534c4613498e7f2890c4dd8b,19.43194725,-99.14140252,19.43188370626943,-99.1403590742333,109.76748033933018,RESTAURANTE EL SAZON 2,el sazon 2,El Sazon 3,el sazon 3,1,0.9,0.5,0.7
1017568,4ea9e2c52c5b5d71e69163a6,19.43799304,-99.15904599,19.439008,-99.159127,113.3044095523439,RESTAURANTE EL SOL,el sol,El Sol Naciente,el sol naciente,9,0.4,0.67,0.54
1030653,556623ae498e86ba245a4b9e,19.42733028,-99.14649536,19.42675432852707,-99.14746108666962,119.95543308233316,RESTAURANTE EL VALLE,el valle,El Gallo,el gallo,2,0.75,0.33,0.54
1030653,5606b3d3498e2b2f6049a623,19.42733028,-99.14649536,19.42626756041227,-99.14711675284208,135.0955811581849,RESTAURANTE EL VALLE,el valle,Restaurante El Valle,el valle,0,1,1,1
863158,541c7705498ee38559928a75,19.40567765,-99.17054854,19.4064220226912,-99.17167427648944,144.3496154832561,RESTAURANTE FLORES DE LA CONDESA,flores de la condesa,Flores  condesa,flores condesa,6,0.7,0.5,0.6
863158,4f343457e4b03aa3cae0102a,19.40567765,-99.17054854,19.40684504660549,-99.17150666732796,164.34147311847278,RESTAURANTE FLORES DE LA CONDESA,flores de la condesa,En el corazón de la condesa,en el corazon de la condesa,10,0.63,0.43,0.53
9431024,5cede965a22db7002c8ac90f,19.41825965,-99.15854064,19.417177,-99.158237,124.66481772579942,RESTAURANTE GIN GIN,gin gin,Gin Chan,gin chan,3,0.62,0.5,0.56
865305,529cdbf8498e9200f14ec490,19.41544489,-99.16599969,19.416475296020508,-99.16536712646484,132.54294549909807,RESTAURANTE HIPODROMO,hipodromo,El hipodromo,el hipodromo,3,0.75,0.5,0.62
1030252,530f9d5a498ebae4cbe4aaa8,19.43174358,-99.15105378,19.430323,-99.151282,159.94281603620655,RESTAURANTE HOSTERIA DE LA LEONA,hosteria de la leona,Histeria de La Leona,histeria de la leona,1,0.95,0.6,0.77
11253308,5b9ac07b2f97ec002cdb2810,19.43418345,-99.136789340000007,19.434432,-99.135135,175.85773420732033,RESTAURANTE LA CAPILLA,la capilla,La familia,la familia,3,0.7,0.33,0.52
956420,54307d5a498ef7f7cf5f8359,19.41228465,-99.1600923,19.411178,-99.16144,187.61025942269924,RESTAURANTE LA CASA DE BENELL,la casa de benell,Casa de bebé,casa de bebe,6,0.65,0.4,0.52
991957,59a9ae789be5225c7b11a7d2,19.43322441,-99.14204957,19.43373767862091,-99.14291233056434,107.08693084396786,RESTAURANTE LA CASA DE TODOS,la casa de todos,La Casa De Toño,la casa de tono,2,0.88,0.6,0.74
991957,5993591a16ef673277acd56b,19.43322441,-99.14204957,19.433805249122347,-99.14293974819635,113.63710708809128,RESTAURANTE LA CASA DE TODOS,la casa de todos,La Casa De Toño,la casa de tono,2,0.88,0.6,0.74
1026600,57cebbfc498ec171c55e099c,19.42771209,-99.17029031,19.426695,-99.16909,169.4042922552184,RESTAURANTE LA CASITA,la casita,La Casita,la casita,0,1,1,1
1026600,57cebef3498e5f203b9c4530,19.42771209,-99.17029031,19.426674,-99.16931,154.74304648517375,RESTAURANTE LA CASITA,la casita,La Casita,la casita,0,1,1,1
1028072,56aa7b74498eb96807d5929c,19.42408078,-99.17091024,19.423007,-99.171771,149.8467563060651,RESTAURANTE LA CAZADORA,la cazadora,la cazona,la cazona,3,0.73,0.33,0.53
864476,5a29683e1213845b17ebd43f,19.40971566,-99.16562342,19.410295,-99.164215,161.32521275119117,RESTAURANTE LA FLOR DE MEDELLIN,la flor de medellin,La Palomiux Medellin,la palomiux medellin,6,0.7,0.4,0.55
864476,4df3d46988772e1f815555b7,19.40971566,-99.16562342,19.410120443661206,-99.16413221084566,162.92130208442046,RESTAURANTE LA FLOR DE MEDELLIN,la flor de medellin,La Flor De Medellin,la flor de medellin,0,1,1,1
8529033,4f15e4e4e4b0aabf1c30a065,19.44125295,-99.14824678,19.44241561572848,-99.14879616240424,141.69419743453557,RESTAURANTE LA FONDA,la fonda,La Fonda,la fonda,0,1,1,1
1000937,5255b890498e56a5082edf5c,19.43556414,-99.13679907,19.43483326764581,-99.13804592163132,154.11577770142935,RESTAURANTE LA ROSITA,la rosita,La Fondita,la fondita,3,0.7,0.33,0.52
876995,57899682498efcb21f9afb7b,19.44857002,-99.15575476,19.447645,-99.157139,178.08911860426045,RESTAURANTE LA SANTA MARIA,la santa maria,Postres Santa Maria,postres santa maria,7,0.63,0.5,0.56
876995,5009f72ae4b05322f101d947,19.44857002,-99.15575476,19.447538048245622,-99.15685033019612,162.54859912494732,RESTAURANTE LA SANTA MARIA,la santa maria,Pronósticos Santa María,pronosticos santa maria,11,0.52,0.5,0.51
876995,529b4c89498e11615352f2b9,19.44857002,-99.15575476,19.449976,-99.155182,167.66290708835285,RESTAURANTE LA SANTA MARIA,la santa maria,Hotel Santa Maria,hotel santa maria,5,0.71,0.5,0.6
876995,56a2d33a498e6a6b87a27810,19.44857002,-99.15575476,19.44973927611875,-99.15497455570298,153.78176168754715,RESTAURANTE LA SANTA MARIA,la santa maria,Lavandería Santa Maria,lavanderia santa maria,8,0.64,0.5,0.57
10277122,55afe87a498ea715963ed1e6,19.40622755,-99.13954524,19.406239,-99.137968,165.6072862820051,RESTAURANTE LA TERRAZA,la terraza,Carnitas La Terraza,carnitas la terraza,9,0.53,0.67,0.6
8483787,55baf13d498ef1a60321a304,19.45679485,-99.14010673,19.455963169336755,-99.14029516840075,94.6714571174029,RESTAURANTE LA TERRAZA DE LOS AMIGOS,la terraza de los amigos,"Restaurante ""La Terraza de los Amigos""",la terraza de los amigos,0,1,1,1
6200597,500c5de9e4b02f47f7b2ef5a,19.43465543,-99.14437409,19.434641260973404,-99.14339745716744,102.5358108502317,RESTAURANTE LA TRAINERA,la trainera,La Trainera,la trainera,0,1,1,1
1003311,4fb7f13fe4b0df0c04e3f81b,19.43594111,-99.13391514,19.43468392659025,-99.13367921774052,142.1235159787383,RESTAURANTE LA VIKINA,la vikina,La Vikina,la vikina,0,1,1,1
896283,4bad8f31f964a5207c5b3be3,19.41175486,-99.17570092,19.413037397699863,-99.17493568082595,163.82529395135793,RESTAURANTE LA VINIERIA,la vinieria,La Vineria,la vineria,1,0.91,0.33,0.62
1025360,5c7753dfa30619002ca9432e,19.43115317,-99.16134069,19.431309,-99.1625,122.93313607628356,RESTAURANTE LAS BANQUITAS,las banquitas,Lad Banquitas,lad banquitas,1,0.92,0.33,0.62
867014,4b8d7723f964a52050fd32e3,19.41064316,-99.17621614,19.41115700334715,-99.177070069474,106.3489052555596,RESTAURANTE LOS GOLOSOS,los golosos,Los Golosos,los golosos,0,1,1,1
7733484,5ab934c7f427de75cd3f84df,19.41206082,-99.17847464,19.413097,-99.178728,118.37450841058082,RESTAURANTE MANDARINO,mandarino,Mandarino,mandarino,0,1,1,1
6258321,5a62b47b3af98804e7e0bb98,19.411661,-99.16774788,19.41304684613621,-99.16733655742811,160.20210716577157,RESTAURANTE MATISSE CONDESA,matisse condesa,Miniso Condesa,miniso condesa,4,0.73,0.33,0.53
658055,55f746ba498eccb33826c66f,19.40969089,-99.16932007,19.410629,-99.169205,105.12645769705445,RESTAURANTE MEROTORO,merotoro,Merotoro,merotoro,0,1,1,1
857477,5cc6336932b61d002c0d579a,19.45055115,-99.15635434,19.451166,-99.15771,157.903601229641,RESTAURANTE MI JACALITO,mi jacalito,El Jacalito,el jacalito,2,0.82,0.33,0.58
8484927,5053ae45e4b04ed4f02b5c8c,19.44648674,-99.15244331,19.447929338879455,-99.1519354210174,169.2074354284686,RESTAURANTE MURALLA CHINA,muralla china,La Muralla China,la muralla china,3,0.81,0.67,0.74
8327023,51fc282b498ec88cc36f9bba,19.41167337,-99.15647025,19.41144305871319,-99.15500838088036,155.61056376006795,RESTAURANTE PERROS Y BURROS,perros y burros,Perros y burros,perros y burros,0,1,1,1
1028458,51e8537a498ef2df373d0c05,19.42221721,-99.17088414,19.42176724523292,-99.17185769355336,113.82243935255704,RESTAURANTE SEVILLA,sevilla,Fonda Sevilla,fonda sevilla,6,0.54,0.5,0.52
1028458,56ca2cab498e815bf1c28858,19.42221721,-99.17088414,19.423717707272356,-99.17089663431727,167.03974256672504,RESTAURANTE SEVILLA,sevilla,Sevilla 12,sevilla 12,3,0.7,0.5,0.6
1028458,521cc52911d26fe328581d79,19.42221721,-99.17088414,19.423667009501084,-99.17141172085564,170.6306873888289,RESTAURANTE SEVILLA,sevilla,Sevilla 15,sevilla 15,3,0.7,0.5,0.6
1028458,531a7b1d498ec4f3dd24501f,19.42221721,-99.17088414,19.42287254333496,-99.17005920410156,113.23609719488324,RESTAURANTE SEVILLA,sevilla,Sevilla 275,sevilla 275,4,0.64,0.5,0.57
866989,4b7322ddf964a520819d2de3,19.41046786,-99.17569869,19.410777,-99.174738,106.57399746599575,RESTAURANTE SHALALA,shalala,Shalala (Sushi),shalala sushi,6,0.54,0.5,0.52
7743523,5a66a3d05455b22d4fbe4320,19.44778472,-99.16278356,19.44876,-99.162288,120.38604371786026,RESTAURANTE ZONA VEGANA,zona vegana,Luna Vegana,luna vegana,2,0.82,0.33,0.58
9449283,4e1500998877cd57120a86dd,19.42151531,-99.15818854,19.421934360816117,-99.15714399832,119.17077705744187,RINCON AZUL CLINICA LONDRES,rincon azul clinica londres,Farmacia Clinica Londres,farmacia clinica londres,10,0.63,0.4,0.52
11613979,5744a02e498e29f793b6c30d,19.43762668,-99.13922904,19.437712,-99.138076,121.41213074281444,RUTA 57 RESTAURANTE,ruta 57,Ruta 57,ruta 57,0,1,1,1
989358,59b49c6ea8eb60405676bfd5,19.43350613,-99.1382771,19.433854,-99.139624,146.60098936990502,SALON CORONA,salon corona,Salón Corona,salon corona,0,1,1,1
989358,5403a8ec498e9e7e7ebf9c06,19.43350613,-99.1382771,19.433580982362432,-99.13953955819004,132.7912660580126,SALON CORONA,salon corona,Salón Corona,salon corona,0,1,1,1
989358,4b5b7497f964a52058ff28e3,19.43350613,-99.1382771,19.434012509085942,-99.13938203211028,128.96464092578657,SALON CORONA,salon corona,Salón Corona,salon corona,0,1,1,1
989358,4bef5d25ac3cef3b9bd8f4f9,19.43350613,-99.1382771,19.432338098744687,-99.13743036222633,157.5042982033825,SALON CORONA,salon corona,Salón Corona,salon corona,0,1,1,1
989358,5957f6f25c683826dbf392a8,19.43350613,-99.1382771,19.433014,-99.137449,102.75412989381222,SALON CORONA,salon corona,Salón China,salon china,3,0.75,0.33,0.54
865235,510c97cee4b036b55418f1d2,19.44643581,-99.14486907,19.445074,-99.145479,164.56131042211078,SALON FAMILIAR ANAHUAC,salon familiar anahuac,Salon Cantina Anahuac,salon cantina anahuac,6,0.73,0.5,0.62
865729,5709799f498eee895046cec4,19.44554077,-99.14375309,19.445782,-99.144719,104.8869947680019,SALON LA TEXANA,salon la texana,La Texana,la texana,6,0.6,0.67,0.64
865729,5708388f498ed4f91e775e2b,19.44554077,-99.14375309,19.445862,-99.144855,121.0684471473979,SALON LA TEXANA,salon la texana,La Texana,la texana,6,0.6,0.67,0.64
980977,4b0586fef964a520c57922e3,19.44086657,-99.13778109,19.4409049044255,-99.13900326707272,128.36612162875718,SALON TENAMPA INTERNACIONAL,salon tenampa internacional,Salón Tenampa,salon tenampa,14,0.48,0.67,0.58
991979,4d44cb1e14aa8cfaba466b3d,19.43403442,-99.14267776,19.435389,-99.142607,150.97400456195737,SAN REMO BAR,san remo bar,Bar San Remo,bar san remo,8,0.33,1,0.66
6795040,67157689cab5d76bfd46a652,19.43420486,-99.14164171,19.435324,-99.14144,126.36879321221387,SANBORNS CAFE SUC BELLAS ARTES,sanborns cafe suc bellas artes,El Café De Bellas Artes,el cafe de bellas artes,11,0.63,0.43,0.53
6795040,67157689ad798e50b46550df,19.43420486,-99.14164171,19.435324,-99.14144,126.36879321221387,SANBORNS CAFE SUC BELLAS ARTES,sanborns cafe suc bellas artes,El Café de Bellas Artes,el cafe de bellas artes,11,0.63,0.43,0.53
6795039,53129772498e80f3aa237ada,19.43574353,-99.14798609,19.434787249840525,-99.1474448713117,120.66531908756984,SANBORNS CAFE SUC JUAREZ,sanborns cafe suc juarez,Sanborns Café,sanborns cafe,11,0.54,0.5,0.52
6795039,53308170498e0f24d5b4322e,19.43574353,-99.14798609,19.4348403338954,-99.14727948626958,124.94451919541675,SANBORNS CAFE SUC JUAREZ,sanborns cafe suc juarez,Sanborns Cafe Balderas,sanborns cafe balderas,9,0.62,0.4,0.51
6318328,4b7881d0f964a520e1d22ee3,19.41978031,-99.16763035,19.418314382251335,-99.16781703257752,164.35907984286763,SONORA PRIME GRILL,sonora prime grill,Sonora Grill,sonora grill,6,0.67,0.67,0.67
6807808,53af6449498ed1411b9268d8,19.41971333,-99.15735276,19.4202331047922,-99.15857313098596,140.58153903867216,SOUL LA ROMA,soul la roma,Lust La Roma,lust la roma,4,0.67,0.5,0.58
9288551,56ace816498e3861fae1f76f,19.43354188,-99.13676532,19.433858,-99.138413,176.51241398082735,STARBUCKS COFFE,starbucks coffe,Starbucks,starbucks,6,0.6,0.5,0.55
9288551,568301e1498e7df436750138,19.43354188,-99.13676532,19.433772491504644,-99.1383520869805,168.54112724467362,STARBUCKS COFFE,starbucks coffe,Starbucks,starbucks,6,0.6,0.5,0.55
9288551,58585ce8d43907399f68fa23,19.43354188,-99.13676532,19.43369,-99.138457,178.35191334318554,STARBUCKS COFFE,starbucks coffe,Starbucks,starbucks,6,0.6,0.5,0.55
9288551,5684bbce498e55b3a5d37df2,19.43354188,-99.13676532,19.43371,-99.138405,173.14367879734198,STARBUCKS COFFE,starbucks coffe,Starbucks,starbucks,6,0.6,0.5,0.55
10312974,2c212aaa2b6841b2e8e65674,19.43848404,-99.15117081,19.438833,-99.152478,142.61361042309454,SUMO SAN COSME,sumo san cosme,Automotriz San Cosme,automotriz san cosme,7,0.65,0.5,0.58
10312974,62f52effdab7042bf6ae95b5,19.43848404,-99.15117081,19.43881,-99.152383,132.32099994861844,SUMO SAN COSME,sumo san cosme,Renault San Cosme,renault san cosme,6,0.65,0.5,0.58
10312974,4e20720e1f6effe84f668f54,19.43848404,-99.15117081,19.438681330062835,-99.15234098512724,124.78600042251767,SUMO SAN COSME,sumo san cosme,Nissan San Cosme,nissan san cosme,5,0.69,0.5,0.6
10641672,5e4c5bff2e444e00086cd484,19.44364164,-99.1368678,19.4437,-99.135402,154.00336554550128,SUSHI AMAZUNI,sushi amazuni,Sushi Amazuni,sushi amazuni,0,1,1,1
897400,4cf56d6bc28df04d7c66c515,19.42158718,-99.14005639,19.422440782005506,-99.14058606944712,110.09799389313915,SUSHI DAI,sushi dai,Sushi Maki,sushi maki,2,0.8,0.33,0.57
6865246,57cca227498e231d1e026401,19.44762047,-99.15283079,19.447018,-99.152115,100.71377241596471,SUSHI ITTO FORUM BUENAVISTA,sushi itto forum buenavista,iShop Forum Buenavista,ishop forum buenavista,8,0.7,0.4,0.55
6865246,572c0259cd10e413c2f4251b,19.44762047,-99.15283079,19.445993,-99.152613,182.60582389310065,SUSHI ITTO FORUM BUENAVISTA,sushi itto forum buenavista,baños forum buenavista,banos forum buenavista,10,0.63,0.4,0.52
6865246,03874c17123b46f974f22bcb,19.44762047,-99.15283079,19.447476,-99.15394,117.53738667851762,SUSHI ITTO FORUM BUENAVISTA,sushi itto forum buenavista,dentalia Forum Buenavista,dentalia forum buenavista,9,0.67,0.4,0.54
6865246,5fd6609c9bdd6e3d77fa2c1f,19.44762047,-99.15283079,19.447978,-99.151997,96.14594963615302,SUSHI ITTO FORUM BUENAVISTA,sushi itto forum buenavista,Chatime Forum Buenavista,chatime forum buenavista,8,0.7,0.4,0.55
6865246,4b1480adf964a520f4a323e3,19.44762047,-99.15283079,19.448298289265505,-99.15182854261056,129.4652804765783,SUSHI ITTO FORUM BUENAVISTA,sushi itto forum buenavista,Forum Buenavista,forum buenavista,11,0.59,0.5,0.54
6865246,674a50a8f9204c0cff5cf2ee,19.44762047,-99.15283079,19.44839,-99.151825,135.9577870545241,SUSHI ITTO FORUM BUENAVISTA,sushi itto forum buenavista,Wingstop Forum Buenavista,wingstop forum buenavista,8,0.7,0.4,0.55
6865246,625c719c4ab20c60c4cbd208,19.44762047,-99.15283079,19.448631,-99.15157,173.69206803999407,SUSHI ITTO FORUM BUENAVISTA,sushi itto forum buenavista,Crocs Forum Buenavista,crocs forum buenavista,10,0.63,0.4,0.52
9402298,56736ab0498ed898c65ac2d5,19.41097809,-99.177181,19.411562507086888,-99.17794094759692,102.94941063830946,SUSHI ROLL CONDESA,sushi roll condesa,Sushi Roll,sushi roll,8,0.56,0.67,0.62
877509,572c0259cd10e413c2f4251b,19.44678872,-99.151835,19.445993,-99.152613,120.48067512471862,SUSHI ROLL FORUM BUENAVISTA,sushi roll forum buenavista,baños forum buenavista,banos forum buenavista,9,0.67,0.4,0.54
877509,5fd6609c9bdd6e3d77fa2c1f,19.44678872,-99.151835,19.447978,-99.151997,133.47767605683765,SUSHI ROLL FORUM BUENAVISTA,sushi roll forum buenavista,Chatime Forum Buenavista,chatime forum buenavista,9,0.67,0.4,0.54
877509,667626cbeb64ed79ebc955b9,19.44678872,-99.151835,19.447554036933106,-99.15233665319792,100.15479154211536,SUSHI ROLL FORUM BUENAVISTA,sushi roll forum buenavista,Smart Fit Forum Buenavista,smart fit forum buenavista,8,0.7,0.33,0.52
877509,4b1480adf964a520f4a323e3,19.44678872,-99.151835,19.448298289265505,-99.15182854261056,168.04584897250422,SUSHI ROLL FORUM BUENAVISTA,sushi roll forum buenavista,Forum Buenavista,forum buenavista,11,0.59,0.5,0.54
877509,674a50a8f9204c0cff5cf2ee,19.44678872,-99.151835,19.44839,-99.151825,178.2567648274576,SUSHI ROLL FORUM BUENAVISTA,sushi roll forum buenavista,Wingstop Forum Buenavista,wingstop forum buenavista,9,0.67,0.4,0.54
9459929,5c689da695d986002d46b359,19.41192523,-99.16491544,19.412857,-99.16523,108.85503104961194,SUSHI ROLL PLAZA INSURGENTES,sushi roll plaza insurgentes,Sushi Roll Plaza Insurgentes,sushi roll plaza insurgentes,0,1,1,1
896129,5cd483bf491be70039c41ff5,19.42104702,-99.1693127,19.421635,-99.170819,171.14972398019762,SUSHI ROMA,sushi roma,Sushi Roma,sushi roma,0,1,1,1
894323,5f95dcd491dd1e2893d78fea,19.4313521,-99.16608054,19.430883,-99.166832,94.60529895290155,SUSHI ROMANITO,sushi romanito,Sushi Roma.Ito,sushi roma ito,1,0.93,0.25,0.59
892039,4d8914d01508a143d336061e,19.42771012,-99.13508919,19.42738109,-99.13399641,120.4266542980655,SUSHI TAI,sushi tai,Sushi Tai,sushi tai,0,1,1,1
892039,4bcf60e8046076b076316e71,19.42771012,-99.13508919,19.426205205997537,-99.13570040995388,179.39464009317348,SUSHI TAI,sushi tai,Sushi Town,sushi town,3,0.7,0.33,0.52
8385991,4eaf149277c8d1e761ae72d5,19.44141805,-99.12585276,19.44211925430596,-99.124899644099,126.89807041959222,SUSHI TANOSHINI,sushi tanoshini,Sushi Tanoshimi,sushi tanoshimi,1,0.93,0.33,0.63
1022953,4cc9d1c6d54fa1cdb8d43929,19.4327536,-99.13629451,19.43152508422807,-99.13725146642506,169.69038521930594,TAI LI BUFFET CHINO,tai li buffet chino,Buffet Chino,buffet chino,7,0.63,0.5,0.56
8337823,54f11774498edb39ef38efec,19.43454583,-99.1436977,19.43605882220806,-99.1432343945205,175.30722921928353,TERRAZA 5TA BAR JUAREZ,terraza 5ta bar juarez,Terraza Juárez,terraza juarez,8,0.64,0.5,0.57
9950669,4d1ec5def7a9a1435c8e1e9f,19.41963787,-99.16829992,19.42112358901071,-99.16882496835572,174.33356222423183,TERRAZA MARGOT,terraza margot,Terraza Mágica,terraza magica,4,0.71,0.33,0.52
884944,51b38e52498ee7d06204eaef,19.45238721,-99.1560289,19.450863796400505,-99.15652057991409,177.26485311957842,TERRAZA SANTA MARIA,terraza santa maria,Plaza Santa María,plaza santa maria,4,0.79,0.5,0.64
884944,50a2a883e4b0b0f794762512,19.45238721,-99.1560289,19.450909,-99.155934,164.85481052315453,TERRAZA SANTA MARIA,terraza santa maria,Estetica Plaza Santa María,estetica plaza santa maria,9,0.65,0.4,0.52
884944,5647f39e498eefbc5636c324,19.45238721,-99.1560289,19.45266523760497,-99.1545853515107,154.65085458986724,TERRAZA SANTA MARIA,terraza santa maria,Alitas Santa María,alitas santa maria,6,0.68,0.5,0.59
877394,61aa7fadfb5e7333bf9c925d,19.45162232,-99.15209431,19.450775,-99.15143,117.29935255801394,TEXAS RIBS FORUM BUENAVISTA,texas ribs forum buenavista,Xiaomi Forúm Buenavista,xiaomi forum buenavista,8,0.7,0.4,0.55
877394,58571f06bf1a6d722710907f,19.45162232,-99.15209431,19.450617,-99.151429,131.9134241566311,TEXAS RIBS FORUM BUENAVISTA,texas ribs forum buenavista,Trender Forum Buenavista,trender forum buenavista,8,0.7,0.4,0.55
10991581,4c3ce1757d00d13a05863950,19.42804076,-99.13783544,19.428924483333333,-99.1391164,166.61803779158345,THE GALERIA,the galeria,Rjd Galeria,rjd galeria,3,0.73,0.33,0.53
896218,4b586341f964a520825528e3,19.41516368,-99.1767388,19.41430373921004,-99.17714161594448,104.65395751355193,THE GREEN CORNER RESTAURANTE,the green corner,The Green Corner,the green corner,0,1,1,1
896218,51db00157dd2c156bba44b2c,19.41516368,-99.1767388,19.41431179624807,-99.17721033096312,106.97567739549433,THE GREEN CORNER RESTAURANTE,the green corner,ATOCTLI - The Green Corner (Condesa),atoctli the green corner condesa,16,0.5,0.6,0.55
6309740,4c070c068b4520a1416f8697,19.44690089,-99.15255192,19.44796263947298,-99.15208701243112,127.87174098634128,TOKS,toks,Toks,toks,0,1,1,1
866792,4c819a7dd4e2370475c55f88,19.41448259,-99.17029087,19.415952384926427,-99.1699441342475,167.61766385012518,TUCCO CONDESA,tucco condesa,Tráfico Condesa,trafico condesa,4,0.73,0.33,0.53
866792,581e40fc89cfe560cb75ae44,19.41448259,-99.17029087,19.414558,-99.168655,171.95451648306394,TUCCO CONDESA,tucco condesa,Zoco Condesa,zoco condesa,3,0.77,0.33,0.55
890142,56627a42498e16a3d508a214,19.43484484,-99.14815402,19.433696746826172,-99.14847564697266,132.18972629708276,VALIANTS PUB,valiants pub,Valiant Pub,valiant pub,1,0.92,0.33,0.62
6304613,5058c911e4b018504b120f15,19.43370591,-99.13789558,19.434164,-99.139564,182.41857076753456,VIPS MADERO,vips madero,Tienda Madero,madero,5,0.55,0.5,0.52
6304613,5c32eeaea30619002c98b313,19.43370591,-99.13789558,19.43394,-99.139512,171.67653381365187,VIPS MADERO,vips madero,Miniso Madero,miniso madero,4,0.69,0.33,0.51
8337614,4b33388bf964a520281825e3,19.43389383,-99.13621293,19.43425132862883,-99.13711420745706,102.64245098527522,ZINCO JAZZ CLUB,zinco jazz club,Zinco Jazz Club,zinco jazz club,0,1,1,1
6708952,56915a9a38faabbd10048ba4,19.41170304,-99.15492427,19.409296488681544,-99.15620164240754,299.5912806769136,1045 CHILIS PABELLON CUAUHTEMOC,1045 chilis pabellon cuauhtemoc,Bazar Pabellón Cuauhtémoc,bazar pabellon cuauhtemoc,11,0.65,0.4,0.52
9392977,59a6eff965211f0ee28f79d4,19.41770019,-99.13009055,19.41947016015128,-99.13005326351757,197.0710593776086,1070 CHILIS PORTAL CENTRO,1070 chilis portal centro,Portal Centro,portal centro,12,0.52,0.5,0.51
6812948,57fea1fa498e1c70f0f5f5d1,19.429225249999998,-99.16181842,19.428671,-99.15914,287.8711434818478,1500 REFORMA 222,1500 reforma 222,Vips reforma 222,vips reforma 222,4,0.75,0.5,0.62
6812948,51fd73ed498ef86626bf67a3,19.429225249999998,-99.16181842,19.427515986713576,-99.16131020087325,197.61296175199604,1500 REFORMA 222,1500 reforma 222,Residencial Reforma 222,residencial reforma 222,11,0.52,0.5,0.51
6323012,57fea1fa498e1c70f0f5f5d1,19.42919935,-99.16187363,19.428671,-99.15914,292.94261308172344,50244 REFORMA 222,50244 reforma 222,Vips reforma 222,vips reforma 222,5,0.71,0.5,0.6
6323012,51fd73ed498ef86626bf67a3,19.42919935,-99.16187363,19.427515986713576,-99.16131020087325,196.5046316894612,50244 REFORMA 222,50244 reforma 222,Residencial Reforma 222,residencial reforma 222,11,0.52,0.5,0.51
6304601,520cf7ad11d2486ccef2ab9d,19.43449057,-99.15461777,19.43709,-99.155432,301.7271810289292,81023 VIPS COLON,81023 vips colon,Vips Colón,vips colon,6,0.62,0.67,0.64
6305361,50b783a4e4b0c9f8dc743f98,19.43195553,-99.13491793,19.432220979369458,-99.13705150275212,225.91977449167746,81166 VIPS 16 DE SEPTIEMBRE,81166 vips 16 de septiembre,Sala De Juntas 16 De Septiembre,sala de juntas 16 de septiembre,12,0.61,0.43,0.52
6305361,50fc493ee4b0b707d987e22c,19.43195553,-99.13491793,19.43239,-99.13791,317.80414984117243,81166 VIPS 16 DE SEPTIEMBRE,81166 vips 16 de septiembre,16 de Septiembre,16 de septiembre,11,0.59,0.6,0.6
9230372,665b598f7bc9724180fcf827,19.41771692,-99.13026265,19.419527,-99.130486,202.8570037358136,81267 VIPS PORTAL CENTRO,81267 vips portal centro,Kavak Portal Centro,kavak portal centro,9,0.62,0.4,0.51
9230372,59a6eff965211f0ee28f79d4,19.41771692,-99.13026265,19.41947016015128,-99.13005326351757,196.40391495795365,81267 VIPS PORTAL CENTRO,81267 vips portal centro,Portal Centro,portal centro,11,0.54,0.5,0.52
9230372,5b086051f15b51002ca10daf,19.41771692,-99.13026265,19.419435948712177,-99.12997327713168,193.75798068019725,81267 VIPS PORTAL CENTRO,81267 vips portal centro,Starbucks Portal Centro,starbucks portal centro,9,0.62,0.4,0.51
9230372,5aa3e31b8fb09e48e79ff329,19.41771692,-99.13026265,19.419454224169588,-99.13004651969928,194.72241209851975,81267 VIPS PORTAL CENTRO,81267 vips portal centro,"chaMukos Portal Centro, CDMX",chamukos portal centro,9,0.62,0.4,0.51
10477067,18096c7a0627443c399e36b9,19.4296291,-99.13258842,19.43263,-99.133178,339.74401111490806,A LA MEXICANA,a la mexicana,Ads Mexicana,ads mexicana,3,0.77,0.25,0.51
10477067,545d80a0498ea1eb62154174,19.4296291,-99.13258842,19.427492,-99.133142,244.8963122557171,A LA MEXICANA,a la mexicana,La Mexicana,la mexicana,2,0.85,0.67,0.76
10477067,5492149a498e025da3eaa1f9,19.4296291,-99.13258842,19.427371,-99.132972,254.57552923519867,A LA MEXICANA,a la mexicana,La Mejicana,la mejicana,3,0.77,0.25,0.51
10477067,4f356a58e4b064bef385571d,19.4296291,-99.13258842,19.429570479299137,-99.13579228354092,336.4047317106914,A LA MEXICANA,a la mexicana,La Hispano Mexicana,la hispano mexicana,7,0.63,0.5,0.56
10947117,54c79daf498eeda167c359b8,19.42690886,-99.16356857,19.426045702035072,-99.16022899731686,363.5235477319725,ANGUS ZONA ROSA,angus zona rosa,MediAccess Zona Rosa,mediaccess zona rosa,8,0.6,0.5,0.55
10947117,575cede5498e2739e24d8794,19.42690886,-99.16356857,19.426807,-99.16584,238.7280715068783,ANGUS ZONA ROSA,angus zona rosa,Cocktail Zona Rosa,cocktail zona rosa,8,0.56,0.5,0.53
10947117,491139307f304a87a8c7a657,19.42690886,-99.16356857,19.424717,-99.165287,303.4474200284993,ANGUS ZONA ROSA,angus zona rosa,Inmuebles Zona Rosa,inmuebles zona rosa,6,0.68,0.5,0.59
10947117,6303b2f7ad14876b45fe83a9,19.42690886,-99.16356857,19.424951862417423,-99.16514736415591,273.73535609010094,ANGUS ZONA ROSA,angus zona rosa,Cotorritos Zona Rosa,cotorritos zona rosa,9,0.55,0.5,0.52
10947117,5778b911498e47ab013d1854,19.42690886,-99.16356857,19.425031,-99.164706,240.74360628375823,ANGUS ZONA ROSA,angus zona rosa,Zona rosa,zona rosa,6,0.6,0.67,0.64
10947117,4c2fa97d213c2d7fb549315d,19.42690886,-99.16356857,19.425180094601615,-99.1645484927528,218.2162884127376,ANGUS ZONA ROSA,angus zona rosa,Zona Rosa,zona rosa,6,0.6,0.67,0.64
10947117,52cc5c4111d29de3a3629611,19.42690886,-99.16356857,19.4245662689209,-99.16326141357422,262.7621601906077,ANGUS ZONA ROSA,angus zona rosa,Studio Zona Rosa,studio zona rosa,6,0.62,0.5,0.56
8131846,502802a6e4b043587a699ef2,19.42295454,-99.1279428,19.421586,-99.126812,193.1390778646629,ANTOJITOS MARTINEZ,antojitos martinez,Antojitos More,antojitos more,5,0.72,0.33,0.52
9088428,52f7b58011d2f1ea9da6571f,19.43568395,-99.1672206,19.43388976676434,-99.16613254625786,230.0811795598097,APICULTOR LA CASA DEL APICULTOR RESTAURANTE,apicultor la casa del apicultor,"La Ermita ""La Casa del Sabor""",la ermita la casa del sabor,15,0.52,0.5,0.51
11143813,4dced9da52b1f8915ba1a081,19.41433309,-99.17825943,19.411499,-99.176779,351.69947964492275,ASADOR CONDESA,asador condesa,Ashram Condesa,ashram condesa,4,0.71,0.33,0.52
11143813,52eaafef498e9611f9a30511,19.41433309,-99.17825943,19.411457061767575,-99.17766571044922,326.16989911422536,ASADOR CONDESA,asador condesa,Paradero Condesa,paradero condesa,4,0.75,0.33,0.54
11143813,511d9e54e4b0eecc084b403b,19.41433309,-99.17825943,19.413388920536015,-99.17543957138624,314.16057347474646,ASADOR CONDESA,asador condesa,Aquastar condesa,aquastar condesa,5,0.69,0.33,0.51
11143813,4e8b303c93ad2e858ab34445,19.41433309,-99.17825943,19.41361509968653,-99.17547710712569,302.8532514666975,ASADOR CONDESA,asador condesa,Natacion Condesa,natacion condesa,5,0.69,0.33,0.51
9589528,4ced83663b03f04d01ba34dc,19.42816046,-99.1430592,19.430743409741183,-99.14429649314982,315.5102537915451,AUXILIAR CALDOS DE GALLINA,auxiliar caldos de gallina,Los Caldos De Gallina,los caldos de gallina,7,0.73,0.6,0.66
6258324,8594bc2553df0864bbaa5626,19.41284409,-99.17161474,19.41206,-99.168417,346.8946644994926,AZUL CONDESA,azul condesa,Mamba condesa,mamba condesa,4,0.69,0.33,0.51
6258324,4e67c1a0b9939a72b32e0f98,19.41284409,-99.17161474,19.41363816050764,-99.16819240323558,370.02639874197007,AZUL CONDESA,azul condesa,Zafra Condesa,zafra condesa,4,0.69,0.33,0.51
6258324,5ce9770a1fa7630039fc84af,19.41284409,-99.17161474,19.415588,-99.17363,371.5737047099748,AZUL CONDESA,azul condesa,Aavi Condesa,aavi condesa,3,0.75,0.33,0.54
9974296,516a59b2e4b06f7885f564b5,19.41825633,-99.16731781,19.416904988735304,-99.1649431516212,291.17834216937337,BAR LA DINA,bar la dina,Bar La Diabla,bar la diabla,3,0.77,0.5,0.64
11694850,4ff79f57e4b05ae524393d60,19.42778373,-99.14375328,19.43085588954492,-99.1444721111854,350.21803028994617,BAR LOS AMIGOS,bar los amigos,Bar Los Balcones,bar los balcones,6,0.62,0.5,0.56
8625299,4c507aa05ee81b8d1ebdadfe,19.42780312,-99.13615061,19.43068601719262,-99.13760415554064,355.35350452271274,BARRIO MESTIZO,barrio mestizo,Barro Mestizo,barro mestizo,1,0.93,0.33,0.63
9499738,4c507aa05ee81b8d1ebdadfe,19.43007047,-99.13415384,19.43068601719262,-99.13760415554064,368.6366891682832,BARRO MESTIZO,barro mestizo,Barro Mestizo,barro mestizo,0,1,1,1
11050271,5bba35777c891c002d2f40a4,19.42938857,-99.17339399,19.429582863761784,-99.17010515928268,345.9383196163296,BODEGA DOÑA BLANCA,bodega dona blanca,Doña Blanca,dona blanca,7,0.61,0.67,0.64
11050271,5603feee498e69e29802f7ee,19.42938857,-99.17339399,19.42648677524398,-99.17350351810454,323.23089659354594,BODEGA DOÑA BLANCA,bodega dona blanca,Doña Blanca,dona blanca,7,0.61,0.67,0.64
11614104,509d7b5fe4b05e06b45f021f,19.41800823,-99.15960381,19.41616456151609,-99.1622076108988,341.83613447359784,BOLUDO PARRILLA URBANA,boludo parrilla urbana,Chorimovil - Parrilla Urbana,chorimovil parrilla urbana,8,0.69,0.5,0.6
1028139,4b6f8327f964a520c6f32ce3,19.42683485,-99.16439891,19.42863699424604,-99.16207757207653,315.64851824286137,BOOMERS GRILL & BAR,boomers grill bar,Chili's Grill & Bar,chili s grill bar,6,0.65,0.4,0.52
1028139,50973696e4b00a7cdf18c69f,19.42683485,-99.16439891,19.424705505371097,-99.164398193359375,237.03757175210134,BOOMERS GRILL & BAR,boomers grill bar,Bboombers Grill & Bar,bboombers grill bar,2,0.89,0.5,0.7
9084914,4f57c8ffe4b08e27a0268a47,19.43455059,-99.13551249,19.435538,-99.133869,204.5672846205049,BUFETE CHINO,bufete chino,Buffet Chino,buffet chino,2,0.83,0.33,0.58
1026571,4e3ef0e752b1a04aff2c30a8,19.42486699,-99.17466676,19.425493027441924,-99.17167968324242,321.2420793733058,BULLA REFORMA,bulla reforma,Bicis Reforma,bicis reforma,4,0.69,0.33,0.51
1026571,500b3263e4b03bf18fd1d74a,19.42486699,-99.17466676,19.427085574896044,-99.17438851228648,248.69324106121513,BULLA REFORMA,bulla reforma,pizza reforma,pizza reforma,4,0.69,0.33,0.51
7756519,4d7fd5002ff9b60cad9dc547,19.43461581,-99.13559038,19.4333049427327,-99.13837411083163,326.636459523633,CAFE DEL JARDIN,cafe del jardin,Café del Centro,cafe del centro,6,0.6,0.5,0.55
7756519,4f8ee79be4b0bdaf06d915c4,19.43461581,-99.13559038,19.43582474495147,-99.1328368385403,318.8494715909053,CAFE DEL JARDIN,cafe del jardin,Café del Centro,cafe del centro,6,0.6,0.5,0.55
6304651,4d89304d7139b1f73f93b0d4,19.4341946,-99.13540273,19.43596093570172,-99.13367760046,267.3179010853511,CAFÉ EL POPULAR,cafe el popular,Café el Cordobés,cafe el cordobes,7,0.56,0.5,0.53
9276612,4d89304d7139b1f73f93b0d4,19.434194,-99.13539592,19.43596093570172,-99.13367760046,266.8833305877426,CAFE EL POPULAR,cafe el popular,Café el Cordobés,cafe el cordobes,7,0.56,0.5,0.53
852259,56511c97498edc1812bc5407,19.45559867,-99.12874986,19.45426470654044,-99.12999441783988,197.77801318040147,CAFE EL QUETZAL,cafe el quetzal,El Quetzal,el quetzal,5,0.67,0.67,0.67
6325279,51054e1be4b0a4e92f3b7429,19.43469574,-99.13982189,19.43748716986955,-99.13811617995448,358.63843687887544,CAFE LA PAGODA,cafe la pagoda,Café La Pergola,cafe la pergola,3,0.8,0.5,0.65
6325279,4bb76e832f70c9b625a68630,19.43469574,-99.13982189,19.43423611353119,-99.13642552077609,360.19253065437533,CAFE LA PAGODA,cafe la pagoda,Café La Blanca,cafe la blanca,5,0.64,0.5,0.57
6325279,4bcb7f22fb84c9b62f021f3e,19.43469574,-99.13982189,19.432652,-99.138693,256.5229864109527,CAFE LA PAGODA,cafe la pagoda,Café La Selva,cafe la selva,5,0.64,0.5,0.57
1016802,4e7e39c1b8033f084697b082,19.43882891,-99.15387407,19.437656,-99.156082,266.02268820070026,CAFE RESTAURANTE LAGO ORIENTAL,cafe lago oriental,Restaurante Lago Oriental,lago oriental,5,0.72,0.67,0.7
1003262,4f6e0f6fe4b09e7355333f41,19.43596912,-99.13478405,19.437657,-99.137444,336.56050859389916,CAFE RESTAURANTE MANOLO,cafe manolo,Manolo,manolo,5,0.55,0.5,0.52
6256957,4d7fd5002ff9b60cad9dc547,19.43564816,-99.13741543,19.4333049427327,-99.13837411083163,279.5867739860522,CAFÉ TACUBA CENTRO,cafe tacuba centro,Café del Centro,cafe del centro,6,0.67,0.5,0.58
11159891,4ced83663b03f04d01ba34dc,19.42944742,-99.14304102,19.430743409741183,-99.14429649314982,195.40861044549507,CALDOS DE GALLINA,caldos de gallina,Los Caldos De Gallina,los caldos de gallina,4,0.81,0.75,0.78
9134417,56f73ca9498ef2a29392bc58,19.42026222,-99.14859471,19.419842624392235,-99.14621251371844,254.4219463159874,CALDOS DE GALLINA CELLY,caldos de gallina celly,Caldos de gallina Nueva Indianilla,caldos de gallina nueva indianilla,13,0.62,0.5,0.56
867860,636757784c3f1179288c7861,19.40559715,-99.16762644,19.40827,-99.1664,324.2095491340093,CALDOS DE GALLINA LUIS,caldos de gallina luis,Caldos De Gallina Los Carnales,caldos de gallina los carnales,10,0.67,0.5,0.58
6803694,5681e193498e0c71a81ae97b,19.43631994,-99.14616818,19.43471791950398,-99.14452075546266,248.41918983925729,CANCINO ALAMEDA,cancino alameda,Carso Alameda,carso alameda,4,0.73,0.33,0.53
6803694,4df52abb45dd4e2693467503,19.43631994,-99.14616818,19.43349282854116,-99.14497831134712,338.5943022725285,CANCINO ALAMEDA,cancino alameda,Spuntino Alameda,spuntino alameda,4,0.75,0.33,0.54
1030757,4e7d3ea45c5c7d2166dda240,19.42607337,-99.15112952,19.42851174588662,-99.15266950306396,315.9368200920757,CANTINA LA CAMPANA,cantina la campana,Cantina La Vizcaya,cantina la vizcaya,5,0.72,0.5,0.61
1001093,4d3a603397e0a1cd879b6d3e,19.43788016,-99.13550811,19.439532869075563,-99.13745819716496,275.23403430841825,CANTINA LA DOMINICA,cantina la dominica,Cantina La Esperanza,cantina la esperanza,8,0.6,0.5,0.55
1001093,4f9788ebf2294700d8854fd1,19.43788016,-99.13550811,19.436663,-99.133569,244.52894590590938,CANTINA LA DOMINICA,cantina la dominica,Cantina la Valenciana,cantina la valenciana,7,0.67,0.5,0.58
1060479,5515bebe498e650d9ae07039,19.42884592,-99.13896542,19.42886,-99.136403,269.00852560777213,CANTINA LA MASCOTA,cantina la mascota,"Cantina ""La Resurrección""",cantina la resurreccion,10,0.57,0.5,0.53
1060479,570efb08498ec67139eaaab7,19.42884592,-99.13896542,19.431591,-99.137625,336.42365779390036,CANTINA LA MASCOTA,cantina la mascota,cantina la legendaria,cantina la legendaria,9,0.57,0.5,0.53
1031034,4f36ef53e4b08533d1cb873a,19.42023966,-99.14687741,19.41875736095672,-99.1445693997695,293.1586001527012,CANTINA LA NUEVA REINA,cantina la nueva reina,Cantina La Nueva Reina,cantina la nueva reina,0,1,1,1
1031034,5079ecc3e4b0753d59d7b514,19.42023966,-99.14687741,19.417945,-99.144856,332.095837749528,CANTINA LA NUEVA REINA,cantina la nueva reina,"Cantina ""La Victoria""",cantina la victoria,8,0.64,0.4,0.52
999853,56e48d54cd10a13a7bf5b736,19.43095013,-99.12723454,19.428643,-99.129133,325.08673431897637,CANTINA LA PENINSULAR,cantina la peninsular,LA PENINSULAR,la peninsular,8,0.62,0.67,0.64
999853,581e546308396928a3b02971,19.43095013,-99.12723454,19.43152,-99.129133,209.15094527479923,CANTINA LA PENINSULAR,cantina la peninsular,Cantina La Potosina,cantina la potosina,7,0.67,0.5,0.58
872200,507105bae4b0c9f5d00faaa5,19.4531527,-99.16132393,19.454958028914874,-99.16123451614963,201.18732234525328,CANTINA LA PERLA,cantina la perla,La perla,la perla,8,0.5,0.67,0.58
1008151,4f5265f8e4b0d3a8f4a4f67c,19.43307479,-99.12792652,19.4310692536144,-99.1255949598304,331.28842198203466,CANTINA LA POTOSINA,cantina la potosina,Cantina La Peninsular,cantina la peninsular,7,0.67,0.5,0.58
1008151,581e546308396928a3b02971,19.43307479,-99.12792652,19.43152,-99.129133,214.4700582668298,CANTINA LA POTOSINA,cantina la potosina,Cantina La Potosina,cantina la potosina,0,1,1,1
883516,4e488c4acc3f7ae3e1adacf9,19.44724362,-99.13040079,19.450042376468762,-99.13114070892334,321.091074758875,CANTINA LA PRINCIPAL,cantina la principal,La Principal,la principal,8,0.6,0.67,0.64
6317816,3a93f55d936344338d106bf9,19.41965692,-99.15403041,19.416828,-99.154413,317.46524312904864,CANTINA LA RIBERA,cantina la ribera,Cantina la Ribera,cantina la ribera,0,1,1,1
986526,4f66139ce4b09ff9bdff6d12,19.4339834,-99.14915599,19.436233715318867,-99.14818537600618,270.43320812827426,CANTINA LAS AMERICAS,cantina las americas,Las Américas,las americas,8,0.6,0.67,0.64
1003340,4c787b0793ef236a81a3ac0f,19.43652084,-99.13168722,19.437736608776735,-99.13399528770668,277.5262687921841,CANTINA SALON ESPAÑA,cantina salon espana,Cantina Salón Madrid,cantina salon madrid,6,0.7,0.5,0.6
1003340,9e87b8cda45b4a511445fa83,19.43652084,-99.13168722,19.435827,-99.133552,210.44319084094508,CANTINA SALON ESPAÑA,cantina salon espana,Cantina Salón Diligencia,cantina salon diligencia,8,0.67,0.5,0.58
10578312,54c2b00c498e0d94d1c4836c,19.40956047,-99.17023804,19.40963524270143,-99.1673327714517,305.14603043051267,CAPRICHO CAFE,capricho cafe,Capital Cafe,capital cafe,4,0.69,0.33,0.51
887990,547a415b498e09763053eddf,19.43260589,-99.13922976,19.43080587013798,-99.13870243883072,207.88339378446645,CASA CHURRA,casa churra,Casa Churra,casa churra,0,1,1,1
1021647,51df0a75498ea6eb21ac6618,19.4323256,-99.16682386,19.430424560301063,-99.16500802723748,284.8186915320378,CASA DE FUEGO,casa de fuego,Casa De Cambio,casa de cambio,5,0.64,0.5,0.57
1021647,5703c347498e91af0d6d6fe0,19.4323256,-99.16682386,19.431502,-99.168943,240.6158204066532,CASA DE FUEGO,casa de fuego,Casa de Paco,casa de paco,4,0.69,0.5,0.6
8337225,58c727d372efa420d228ee0a,19.43348062,-99.14510454,19.436224,-99.14609,322.4376091077773,CASA DE ITALIA,casa de italia,Casa De Suiza,casa de suiza,5,0.64,0.5,0.57
10739543,54e01790498e6ac8197e7404,19.41802591,-99.17549483,19.414831161499023,-99.17461395263672,367.46583568171644,CASA DE ITALIA,casa de italia,Casa de Kiki,casa de kiki,5,0.64,0.5,0.57
10739543,5778c77e498ec87e80ac4f17,19.41802591,-99.17549483,19.416826,-99.172796,313.2504077484702,CASA DE ITALIA,casa de italia,Casa de Vene,casa de vene,6,0.57,0.5,0.53
8326583,60282d8c17280533881027c4,19.41920491,-99.17030529,19.420362,-99.168414,236.67919868932645,CASA JARANA,casa jarana,Casa Bruna,casa bruna,3,0.73,0.33,0.53
8131260,50f86561e4b06589fc5f8a48,19.45329242,-99.15910456,19.450592,-99.157274,356.77156464035295,CASA SANTA MARIA,casa santa maria,Optica Santa Maria,optica santa maria,5,0.72,0.5,0.61
8131260,2b7419857c144522d453c229,19.45329242,-99.15910456,19.451321,-99.159534,224.03895361529692,CASA SANTA MARIA,casa santa maria,Papelera Santa María,papelera santa maria,6,0.7,0.5,0.6
8131260,5a7488c31f8ed616f3b96498,19.45329242,-99.15910456,19.451113,-99.161782,371.2722963050116,CASA SANTA MARIA,casa santa maria,Consultorios Santa Maria,consultorios santa maria,10,0.58,0.5,0.54
11433624,56675761498e3978049bfb94,19.43286433,-99.13639749,19.43361929279442,-99.13824048329272,210.93808020953804,CASINO ESPAÑOL RESTAURANT,casino espanol,Correo Español,correo espanol,4,0.71,0.33,0.52
6697987,592784c90d173f5887c289ef,19.4140631,-99.16441382,19.415587,-99.163572,191.28271108022972,CERVECERIA,cerveceria,Cerveceria Drakonus,cerveceria drakonus,9,0.53,0.5,0.52
6697987,52edf90c11d2949b0ae6ba4b,19.4140631,-99.16441382,19.417445576173016,-99.1643808984784,376.5513887889078,CERVECERIA,cerveceria,cervecería 243,cerveceria 243,4,0.71,0.5,0.6
1013788,5271eb5511d2f03e54923bee,19.43912344,-99.14880083,19.441917,-99.149411,317.50541017379084,COCINA ECONOMICA MAYMAR,cocina economica maymar,Cocina Economica Liz,cocina economica liz,6,0.74,0.5,0.62
1013788,50f09538e4b0bbc47d9622e2,19.43912344,-99.14880083,19.441952520476157,-99.15010423390206,343.3690628366804,COCINA ECONOMICA MAYMAR,cocina economica maymar,"Cocina económica ""Don Toño""",cocina economica don tono,8,0.68,0.4,0.54
10074224,515a1fe6e4b011b45ea92111,19.43245104,-99.1443334,19.429863,-99.144585,289.3075086902233,COCINA FELI,cocina feli,Cocina Adela,cocina adela,3,0.75,0.33,0.54
1042070,51ed883d454a4d6923e315dc,19.42694266,-99.14280693,19.429544921857683,-99.14495944976804,367.396059108041,COCINA JORGE,cocina jorge,Cocina Jomardy,cocina jomardy,4,0.71,0.33,0.52
980894,52d0f93911d2ad381422bffe,19.44093651,-99.13913156,19.437766344146407,-99.13905656652732,352.9890436526,COCINA LA GUERA,cocina la guera,Quesadillas La Güera,quesadillas la guera,9,0.55,0.5,0.52
896962,530527cd11d21c94318af8b7,19.42488747,-99.13148497,19.422611988114248,-99.13112848123782,256.05534204449174,COCINA LAS GUERAS,cocina las gueras,cocina las patis,cocina las patis,5,0.71,0.5,0.6
11413319,586ab8a60bc55b5379610b89,19.42673284,-99.13513322,19.426565,-99.13267,259.2675026244443,COCINA SAN JERONIMO,cocina san jeronimo,Fashionalia San Jerónimo,fashionalia san jeronimo,8,0.67,0.5,0.58
998619,534c56bb498e91db11867d69,19.43704084,-99.13559245,19.434472,-99.135409,286.60967787472094,COCINA VERONICA,cocina veronica,cocina america,cocina america,4,0.73,0.33,0.53
9801699,5242e90d11d262c05213b645,19.43877644,-99.15794568,19.440798109753864,-99.155390790056245,350.1097429353169,COMEDOR ALEX,comedor alex,Comedor IAMSA,comedor iamsa,4,0.69,0.33,0.51
11837457,514ce1a9e4b0c471e888fb33,19.4317421,-99.15427099,19.43213206946037,-99.15605568837876,192.31841357696857,COMIDA CHINA,comida china,Comida Corrida,comida corrida,4,0.71,0.33,0.52
11778678,58505663cf11d40d08f1bdcd,19.4277909,-99.14607143,19.427537,-99.148243,229.7194186793323,COMIDA CHINA,comida china,Comida China,comida china,0,1,1,1
1019220,58d19cb144689a0e046b404f,19.42820601,-99.13319973,19.42808185948793,-99.12993420250012,343.09644932420474,COMIDA CHINA CHANG TONG,comida china chang tong,Comida China,comida china,11,0.52,0.5,0.51
1019220,5144eafbe4b0b5c893b117bc,19.42820601,-99.13319973,19.430088628237986,-99.13247949679176,222.79447369377792,COMIDA CHINA CHANG TONG,comida china chang tong,Comida China Lam Tiam,comida china lam tiam,7,0.7,0.33,0.52
8616410,5a3d920e002f4c20b3511e11,19.42946625,-99.14065272,19.427130698837303,-99.1426026561239,330.90861240264496,COMIDA CORRIDA SIN NOMBRE,comida corrida sin nombre,Comida Corrida Juanito,comida corrida juanito,9,0.64,0.4,0.52
8616410,5058cb6fe4b089b5387f3ed4,19.42946625,-99.14065272,19.42731285095215,-99.14295196533205,340.1852618163186,COMIDA CORRIDA SIN NOMBRE,comida corrida sin nombre,comida corrida Mary,comida corrida mary,8,0.68,0.4,0.54
1030063,588d2a4fcc5b6a43d6749f01,19.42203856,-99.14924219,19.419368,-99.148755,301.6532991018737,COMIDA JAPONESA KIODAY,comida japonesa kioday,Comida Japonesa,comida japonesa,7,0.68,0.67,0.68
9916152,56f6e442cd108dca763d67ad,19.42606825,-99.13642522,19.427282644502213,-99.1343709569193,254.52812581231643,COMIDA MEXICANA Y ARABE,comida mexicana y arabe,Comida Mexicana Regina,comida mexicana regina,7,0.7,0.4,0.55
7743545,4fb3dc25e4b076d9e9cfdecb,19.43711579,-99.15008231,19.4359364,-99.1480313,252.17729781778309,DESAYUNOS COMIDA CORRIDA,desayunos comida corrida,El rincon comida corrida,el rincon comida corrida,7,0.71,0.4,0.55
9813666,53e3e0ed498e741fec4bc8a2,19.43631994,-99.14616818,19.433399840350024,-99.14532068781784,337.0188429028975,DON TORIBIO,don toribio,don toribio,don toribio,0,1,1,1
9813666,4d939b89578ba093bf289157,19.43631994,-99.14616818,19.434434,-99.14328,368.78163449384573,DON TORIBIO,don toribio,Don Toribio,don toribio,0,1,1,1
11681592,52d041eb498e7b98e6d7d770,19.42202043,-99.1712961,19.42334367880461,-99.1724839071832,192.99919152537856,EL ABUELO,el abuelo,Cafe El Abuelo,cafe el abuelo,5,0.64,0.67,0.66
1017707,5a20d971b3c96127b78577c9,19.42823516,-99.13700236,19.428921,-99.13884,207.47462872703952,EL BALCON,el balcon,El Balcon Verde,el balcon verde,6,0.6,0.67,0.64
894975,5e6c0ddc43333e0008bc8283,19.42663987,-99.16362874,19.424808,-99.161076,336.7561773814669,EL BAR DE LA SALUD,el bar de la salud,El Arte De La Ratona,el arte de la ratona,8,0.6,0.43,0.52
10687351,511eccc3e4b0d2f60d455884,19.42659535,-99.16937586,19.428719796533255,-99.17169607749574,339.4988237873487,EL BODEGON RESTAURANT,el bodegon,El Orgón,el orgon,3,0.7,0.33,0.52
1017491,51da200e498e81059768b981,19.43927903,-99.15934109,19.441808,-99.161605,368.41916509760983,EL CHIVITO,el chivito,El Carrito,el carrito,3,0.7,0.33,0.52
7756039,4fad7e2fe4b070611ddf0edf,19.42592439,-99.14461502,19.4233659,-99.1446832,284.8997329893003,EL COMEDOR DEL BARRIO,el comedor del barrio,El comedor de Chucho.,el comedor de chucho,6,0.71,0.33,0.52
8625762,4be4ce50bcef2d7f602703e5,19.41548772,-99.15644899,19.418354202901813,-99.15594577789308,323.43937888501,EL FESTIN DE LA ROMA,el festin de la roma,El Don de la Combi,el don de la combi,8,0.6,0.43,0.52
8625762,51156a55e4b03bd260b1d97f,19.41548772,-99.15644899,19.4173520177571,-99.15763416827971,241.97654632602897,EL FESTIN DE LA ROMA,el festin de la roma,Tianguis de la roma,tianguis de la roma,8,0.6,0.5,0.55
8625762,4c4216b2cc410f47603fac61,19.41548772,-99.15644899,19.417456,-99.157122,230.2191871500333,EL FESTIN DE LA ROMA,el festin de la roma,El Tuch de la Roma,el tuch de la roma,6,0.7,0.67,0.69
8625762,4f2d5a63e4b094acc499afc5,19.41548772,-99.15644899,19.41348565218396,-99.15721482932298,236.92967579348866,EL FESTIN DE LA ROMA,el festin de la roma,Barbacoa De La Roma,barbacoa de la roma,9,0.55,0.5,0.52
1001230,6341dcbc7b04802c0dd32cd8,19.4381931,-99.13692408,19.436752,-99.137898,190.23094453075132,EL MESON DE BELISARIO 38,el meson de belisario 38,El Meson De Allende,el meson de allende,11,0.54,0.5,0.52
1042682,57994171498ee0f664822d2b,19.42649305,-99.15480196,19.425451,-99.15271,248.37171737356385,EL MESON DE LA GUERITA,el meson de la guerita,El Mesón De Frida,el meson de frida,7,0.68,0.5,0.59
1042682,4e27a0bcae60078b2fc3a53f,19.42649305,-99.15480196,19.425010827976724,-99.15373085537372,199.67331580660965,EL MESON DE LA GUERITA,el meson de la guerita,El Mesón de la Condesa,el meson de la condesa,6,0.73,0.67,0.7
11055543,5862e29524ca6a618fec77d0,19.41909534,-99.15619133,19.416252208303213,-99.15519244401672,333.41800173930625,EL PALANQUITO,el palanquito,El Habanerito,el habanerito,4,0.69,0.33,0.51
11055543,563cc748cd1003308832690b,19.41909534,-99.15619133,19.416316986083984,-99.15770721435548,347.8298664652169,EL PALANQUITO,el palanquito,El Palacio,el palacio,4,0.69,0.33,0.51
1028410,4d5993f956f2b60cd6a97a2f,19.42160039,-99.17427774,19.419134,-99.171892,371.64024034426996,EL PIALADERO DE GUADALAJARA,el pialadero de guadalajara,El 61 de Guadalajara,el 61 de guadalajara,9,0.67,0.6,0.64
9596565,50fb4693e4b06b7fe0a64740,19.41359626,-99.16498775,19.41182526497913,-99.16458930957351,201.535644663955,EL PORTEÑO 2,el porteno 2,El Porteño,el porteno,2,0.83,0.67,0.75
9538970,5854507a2eb979557cce5ebc,19.42897541,-99.1712495,19.43000820075429,-99.16900246698118,262.4191641048165,EL REY DE LA COMIDA LIBANESA,el rey de la comida libanesa,El Rey de la comida libanesa,el rey de la comida libanesa,0,1,1,1
896202,54964a9f498ecc2164e47347,19.41487997,-99.17795164,19.417038403061262,-99.1785627751166,248.69499496128086,EL RINCON,el rincon,El Rincón del Mal,el rincon del mal,8,0.53,0.5,0.52
11630915,5058ce5ee4b0b36648775d40,19.43572841,-99.16674935,19.43455019503729,-99.16937427775972,305.17743557985676,EL RINCON DE LOS TELEFONISTAS,el rincon de los telefonistas,El Rincón de Los Girasoles,el rincon de los girasoles,10,0.66,0.67,0.66
11630915,52b3229011d29e2f72d8fed1,19.43572841,-99.16674935,19.435410577031774,-99.16488368235235,199.02068345480407,EL RINCON DE LOS TELEFONISTAS,el rincon de los telefonistas,El rincon de los perrijos,el rincon de los perrijos,9,0.69,0.67,0.68
1026703,54d6725b498ee1bc7e48a18a,19.42897049,-99.16712306,19.430471152953068,-99.164775556522045,297.7241888915422,EL RINCON DE VIANCA,el rincon de vianca,el rincon libanes,el rincon libanes,7,0.63,0.4,0.52
1026703,4e9a4b2a7ee539c85723b0d2,19.42897049,-99.16712306,19.42953014602401,-99.169381846051,245.17532586981295,EL RINCON DE VIANCA,el rincon de vianca,El Rincon de los Borrachos,el rincon de los borrachos,12,0.54,0.5,0.52
986104,55355fe6498efd221f7cd1f1,19.43304946,-99.14623527,19.432964324951172,-99.1438980102539,245.54322630671348,EL RINCONSITO,el rinconsito,El Rinconcito,el rinconcito,1,0.92,0.33,0.62
870689,5627ff5b498ea8cbdea0c19b,19.4092666,-99.13494248,19.408413035051705,-99.13689769853868,226.20878766869942,EL SABOR DE MEXICO,el sabor de,El Sabor De La Vida,el sabor de la vida,8,0.58,0.6,0.59
7732554,53b70feb498e02ac53a39bb2,19.42457883,-99.16561745,19.42616081237793,-99.16497039794922,188.7525416008253,EL SABOR DE MI HOGAR,el sabor de mi hogar,el Sazon de hogar,el sazon de hogar,5,0.75,0.5,0.62
1013935,5750bd11498ed2dde67c68c7,19.43144926,-99.13786878,19.43353813929628,-99.13687807068384,254.73154673489896,EL SAZON 3,el sazon 3,Restaurante El sazón 4,el sazon 4,1,0.9,0.5,0.7
1013935,52e4393f498ee20cebc1f85f,19.43144926,-99.13786878,19.43343830339799,-99.1369189569276,242.83475005271444,EL SAZON 3,el sazon 3,El Sazón del 43,el sazon del 43,5,0.67,0.4,0.54
1013935,534c4613498e7f2890c4dd8b,19.43144926,-99.13786878,19.43188370626943,-99.1403590742333,265.86335769118864,EL SAZON 3,el sazon 3,El Sazon 3,el sazon 3,0,1,1,1
9006395,4ecc2317775b4671dc670fef,19.44013865,-99.15894321,19.44314506554582,-99.1573992420625,371.8516521323654,EL SAZON DE LAS XHUNCAS,el sazon de las xhuncas,El Sazon De Anita,el sazon de anita,9,0.61,0.5,0.55
866967,56620452498efe11e9657b54,19.41139575,-99.17471759,19.409275338456524,-99.17584389345268,264.0079597468429,EL SAZON DE PAU,el sazon de pau,El Sazón De La Condesa,el sazon de la condesa,9,0.59,0.5,0.54
9825320,5953fdda491be7022c04d426,19.42070503,-99.17488752,19.419141,-99.17261,295.7802817074531,EL SAZON DE TAVI,el sazon de tavi,El Sazon De Tavi,el sazon de tavi,0,1,1,1
7744193,4d9a22dc8163a35d5599547e,19.43722059,-99.13774132,19.434763845770867,-99.136069458441,324.95422880399326,EL SAZON OAXAQUEÑO,el sazon oaxaqueno,El Sazón Oaxaqueño,el sazon oaxaqueno,0,1,1,1
1006654,62fd6be05745b95da54972eb,19.43467039,-99.13548051,19.437085,-99.137918,371.11069877731643,EL SAZON OAXAQUEÑO,el sazon oaxaqueno,El Oaxaqueño 1,el oaxaqueno 1,8,0.56,0.5,0.53
1006654,53c1a1ef498e95ba0292be9c,19.43467039,-99.13548051,19.43707894267403,-99.13297667626202,375.4646924587489,EL SAZON OAXAQUEÑO,el sazon oaxaqueno,El Sazón,el sazon,10,0.44,0.67,0.56
9921727,54061d37498e69efd3ee179a,19.42113027,-99.15227378,19.421577,-99.155596,352.3115952805886,EL TAPANQUILLO,el tapanquillo,El Tucancillo,el tucancillo,4,0.71,0.33,0.52
10627430,4cf7fa916658548114b0d198,19.43329868,-99.14482243,19.432901782264455,-99.14169355929064,331.419852647002,ENSALADAS ALVITA,ensaladas alvita,Ensaladas Alvita,ensaladas alvita,0,1,1,1
6877006,5573231a498e17b863639ab6,19.41729223,-99.16080548,19.417752094772585,-99.16308881244468,245.1269504001499,FARINA ROMA,farina roma,ACIA Roma,acia roma,3,0.73,0.33,0.53
7733030,4f0c743ae4b087b6f771ced0,19.41036719,-99.17269372,19.40846495087941,-99.17096276347884,279.0511334468843,FARMACIA INTERNACIONAL,farmacia internacional,Enlace Internacional,enlace internacional,6,0.73,0.33,0.53
865529,4b0586fef964a520017a22e3,19.41138959,-99.17216801,19.408316762106804,-99.17082614728596,369.94284337279004,FLORA LOUNGE,flora lounge,Hookah Lounge,hookah lounge,4,0.69,0.33,0.51
1013388,54c17750498e8d9e26f37a03,19.4415961,-99.14469577,19.444053259550255,-99.14440155029295,275.26784406837277,FONDA ALEJANDRA,fonda alejandra,Fonda Alejandra,fonda alejandra,0,1,1,1
10226739,5249dd1f498ecf784fd5a16c,19.44037801,-99.14466743,19.438116436545496,-99.14291550992172,311.7738664567462,FONDA CARMELITA,fonda carmelita,"Fonda ""Carmelitas""",fonda carmelitas,1,0.94,0.33,0.64
892246,566dae70498e30e47907f838,19.43047888,-99.14832338,19.429835,-99.145056,350.4170921623056,FONDA CARMELITA,fonda carmelita,Fonda Adelina,fonda adelina,4,0.73,0.33,0.53
892246,51c4b4a0498e89b98e8d0b6b,19.43047888,-99.14832338,19.432427686526253,-99.15094527344272,350.4594030940704,FONDA CARMELITA,fonda carmelita,Fonda Margarita,fonda margarita,4,0.73,0.33,0.53
1020941,5bba35777c891c002d2f40a4,19.42936452,-99.1731145,19.429582863761784,-99.17010515928268,316.85431203201006,FONDA DOÑA BLANCA,fonda dona blanca,Doña Blanca,dona blanca,6,0.65,0.67,0.66
1020941,5603feee498e69e29802f7ee,19.42936452,-99.1731145,19.42648677524398,-99.17350351810454,322.94179067939973,FONDA DOÑA BLANCA,fonda dona blanca,Doña Blanca,dona blanca,6,0.65,0.67,0.66
894196,5bba35777c891c002d2f40a4,19.42943051,-99.17295835,19.429582863761784,-99.17010515928268,300.00776023354206,FONDA DOÑA BLANCA,fonda dona blanca,Doña Blanca,dona blanca,6,0.65,0.67,0.66
894196,5603feee498e69e29802f7ee,19.42943051,-99.17295835,19.42648677524398,-99.17350351810454,332.65535384352773,FONDA DOÑA BLANCA,fonda dona blanca,Doña Blanca,dona blanca,6,0.65,0.67,0.66
6735928,4d52c3813062a1cdd8eb74a3,19.42950909,-99.16999461,19.42933244703096,-99.17317628860474,334.5911451759442,FONDA DOÑA BLANCA,fonda dona blanca,Doña Blanca,dona blanca,6,0.65,0.67,0.66
11815768,4dab588893a04642f093fc82,19.44587545,-99.13959117,19.4487189,-99.140888,344.5613196029084,FONDA LA PETITE,fonda la petite,Fonda La Fuente,fonda la fuente,4,0.73,0.5,0.62
899842,4cf806a2c28df04df873d315,19.40252294,-99.16926785,19.404915,-99.167369,332.65018284242234,FONDA LA POBLANITA,fonda la poblanita,Fonda la poblanita,fonda la poblanita,0,1,1,1
899842,4d65831f6d943704643278bf,19.40252294,-99.16926785,19.40445737866096,-99.16889181316232,218.9303765684806,FONDA LA POBLANITA,fonda la poblanita,Fonda La Lupita,fonda la lupita,5,0.72,0.5,0.61
892315,587938f1debdf62597d2abbd,19.43241171,-99.15089284,19.43087917027013,-99.14882548859364,276.05418767991387,FONDA MARGARITA,fonda margarita,Fonda Carmelita,fonda carmelita,4,0.73,0.33,0.53
892315,5106f3bde4b0252f6014964f,19.43241171,-99.15089284,19.43068485075401,-99.14894210320664,280.8750307860144,FONDA MARGARITA,fonda margarita,Joyería Margarita,joyeria margarita,5,0.71,0.33,0.52
1017286,54c94bf5498ecc6670c78338,19.42851006,-99.13534239,19.425232,-99.134839,368.71876037599117,FONDA MONY,fonda mony,Fonda Male,fonda male,3,0.7,0.33,0.52
10111111,4bb7c5993db7b713df88209a,19.44022587,-99.16411529,19.441605502451353,-99.16588024896606,240.65051430729284,FONDA SAN RAFAEL,fonda san rafael,Teatro San Rafael,teatro san rafael,6,0.65,0.5,0.58
10111111,d26ee72748024f069fe7731e,19.44022587,-99.16411529,19.441616,-99.165354,202.12641403959898,FONDA SAN RAFAEL,fonda san rafael,Llantas San Rafael,llantas san rafael,5,0.72,0.5,0.61
10111111,4d9fa2c383f0b1f7efa29ec7,19.44022587,-99.16411529,19.43872316661452,-99.16318016429646,193.9554741350701,FONDA SAN RAFAEL,fonda san rafael,Iglesia San Rafael,iglesia san rafael,6,0.67,0.5,0.58
10111111,50e49dd9e4b0f94bf1226620,19.44022587,-99.16411529,19.437879845133267,-99.16438630473984,262.70330399205426,FONDA SAN RAFAEL,fonda san rafael,Portal San Rafael,portal san rafael,4,0.76,0.5,0.63
10111111,4f4272b2e4b0e9ea7c4b2fb5,19.44022587,-99.16411529,19.438422214923673,-99.16538106304952,240.7666657725545,FONDA SAN RAFAEL,fonda san rafael,Automotriz san Rafael,automotriz san rafael,9,0.57,0.5,0.53
10111111,550dbd93498e91dc804dbd3f,19.44022587,-99.16411529,19.439930309460788,-99.16730573915504,336.5238251430001,FONDA SAN RAFAEL,fonda san rafael,Paseo San Rafael,paseo san rafael,5,0.69,0.5,0.6
10111111,535958c2498e22a333f8e192,19.44022587,-99.16411529,19.438148067621317,-99.16671415005042,357.66755749350244,FONDA SAN RAFAEL,fonda san rafael,Vita San Rafael,vita san rafael,4,0.75,0.5,0.62
10111111,54359868498e5fa49e56b43b,19.44022587,-99.16411529,19.437152,-99.165253,362.4249089892906,FONDA SAN RAFAEL,fonda san rafael,TheBeerBox San Rafael,thebeerbox san rafael,10,0.52,0.5,0.51
10111111,0e875899628d4891c154eb4f,19.44022587,-99.16411529,19.439111,-99.161374,313.38447131959947,FONDA SAN RAFAEL,fonda san rafael,Papeleria San Rafael,papeleria san rafael,8,0.6,0.5,0.55
10111111,55c6a9e7498e846e81dd4a83,19.44022587,-99.16411529,19.438976,-99.160842,370.70935647013226,FONDA SAN RAFAEL,fonda san rafael,Condominio San Rafael,condominio san rafael,7,0.67,0.5,0.58
10111111,4d205996756e8cfac2836b54,19.44022587,-99.16411529,19.43942514993125,-99.16099124430778,339.83939522187006,FONDA SAN RAFAEL,fonda san rafael,San Rafael,san rafael,6,0.62,0.67,0.64
989804,58ffa1dd4c9be61977c0c3a6,19.43286111,-99.14195552,19.432852,-99.138402,373.0422489497978,FONDA SANTA RITA,fonda santa rita,Santa Rita,santa rita,6,0.62,0.67,0.64
10104124,4e472dcd227128e1e8d65efc,19.41926925,-99.15586488,19.41679603520025,-99.155390790056245,279.7800147300968,FRONTERA BAR,frontera bar,Frontera Beach,frontera beach,3,0.79,0.33,0.56
10104124,54c34647498ed61fce85851d,19.41926925,-99.15586488,19.416952,-99.155357,263.408344840466,FRONTERA BAR,frontera bar,frontera 163,frontera 163,3,0.75,0.33,0.54
10104124,5852f17c19b1ad1b267aeddb,19.41926925,-99.15586488,19.417563,-99.155545,192.88498247949357,FRONTERA BAR,frontera bar,Frontera 151,frontera 151,3,0.75,0.33,0.54
10104124,52dc133e498e74fefa6fc2d3,19.41926925,-99.15586488,19.422180817951823,-99.15620164240754,326.03687999772524,FRONTERA BAR,frontera bar,Frontera 36,frontera 36,3,0.75,0.33,0.54
10104124,53892120498e636caebc64f7,19.41926925,-99.15586488,19.42136573791504,-99.1559600830078,233.59389686953344,FRONTERA BAR,frontera bar,frontera,frontera,4,0.67,0.5,0.58
10104124,562985ab498e4c9faf8e68c5,19.41926925,-99.15586488,19.418505,-99.158955,335.3916614494552,FRONTERA BAR,frontera bar,frontera 129,frontera 129,3,0.75,0.33,0.54
1042717,5bb8f1b520dc640025cb5c51,19.42649305,-99.15480196,19.424538,-99.15726,337.5730944692292,FRUTAS Y VERDURAS SIN NOMBRE,frutas y verduras sin nombre,Frutas Y Verduras  Express,frutas y verduras express,10,0.64,0.5,0.57
10621047,4d645024b470a14354ef17fe,19.43266659,-99.14066153,19.43323,-99.143299,283.8904687345932,FUGU GOURMET,fugu gourmet,Mumu Gourmet,mumu gourmet,2,0.83,0.33,0.58
7757186,520c67e5498e9f38995e40d0,19.42787907,-99.13668361,19.425724029541016,-99.1374740600586,253.84484383033663,GALERIA DOÑA INES RESTAURANTE,galeria dona ines,Galería Juana Inés,galeria juana ines,3,0.83,0.5,0.66
10903178,4f19042ee4b0338aedcbf802,19.41261801,-99.17101968,19.415523108032705,-99.16947375827526,361.8384090865034,GIGI,gigi,Gigi's,gigi s,2,0.67,0.5,0.58
6320886,55b28c5e498e09d932d33a0c,19.44694868,-99.15285735,19.44430043261585,-99.15133124600771,335.5148798403832,GINOS BUENAVISTA,ginos buenavista,WM BUENAVISTA,wm buenavista,5,0.69,0.33,0.51
6320886,552edecb498ef9bc6b22fa71,19.44694868,-99.15285735,19.44992027941866,-99.15160300973729,356.0370251439022,GINOS BUENAVISTA,ginos buenavista,Sanborns Buenavista,sanborns buenavista,5,0.74,0.33,0.54
6320886,56bf6322cd104fc36260fa20,19.44694868,-99.15285735,19.449534,-99.151647,314.5917925597641,GINOS BUENAVISTA,ginos buenavista,FZ Buenavista,fz buenavista,5,0.69,0.33,0.51
10026886,5bf90d6a6e6c49fa6b6ae40e,19.42577306,-99.17512466,19.423877,-99.172492,347.7619179118081,GRUPO LOF,grupo lof,Grupo Hong,grupo hong,3,0.7,0.33,0.52
10042230,600dcf332c36ee5dc0e53c72,19.4140837,-99.16354443,19.415224,-99.16216,192.9766865414421,HOT CHICKEN,hot chicken,Luchos Hot Chicken,luchos hot chicken,7,0.61,0.67,0.64
8152779,54e7f954498e405c83785fc0,19.44648674,-99.15244331,19.448346181136593,-99.15186638054558,215.66905942228416,ICHIBAN SUSHI HOUSE,ichiban sushi house,Ichiban Sushi House,ichiban sushi house,0,1,1,1
9470583,4fc793a5e4b0fa8954711acd,19.43057526,-99.16337732,19.429763922433033,-99.1607237813283,292.8430788160964,KUN REFORMA,kun reforma,Punta Reforma,punta reforma,3,0.77,0.33,0.55
9470583,503239a7e4b0a20c8a40f143,19.43057526,-99.16337732,19.429407065451137,-99.16120517175128,262.50616064661324,KUN REFORMA,kun reforma,Cafeteria EBC Reforma,ebc reforma,3,0.73,0.33,0.53
897683,5504c989498ef840233255a9,19.42372935,-99.14828064,19.425278256561107,-99.14979613249348,234.6126353368196,LA BANANA FELIZ,la banana feliz,La Cucaracha Feliz,la cucaracha feliz,6,0.67,0.5,0.58
10432736,56049cd3498e93e8533ea7e7,19.43373763,-99.14281523,19.43540600295634,-99.14160755587817,224.86752151874032,LA BTK BELLAS ARTES,la btk bellas artes,TEATRO BELLAS ARTES,teatro bellas artes,6,0.68,0.4,0.54
10432736,513120dfe4b006d9c5941937,19.43373763,-99.14281523,19.435264882137965,-99.14166700787094,208.40701456992122,LA BTK BELLAS ARTES,la btk bellas artes,restaurante de bellas Artes,de bellas artes,6,0.68,0.4,0.54
10432736,4fb97d4de4b0582ed280db59,19.43373763,-99.14281523,19.436396240931437,-99.14172550410736,317.29453819699876,LA BTK BELLAS ARTES,la btk bellas artes,Metrobus Bellas Artes,metrobus bellas artes,7,0.67,0.4,0.54
10432736,55e2246b498e7d81323d7540,19.43373763,-99.14281523,19.43600273132324,-99.14207458496094,263.8649331585801,LA BTK BELLAS ARTES,la btk bellas artes,Estación Bellas Artes,estacion bellas artes,7,0.67,0.4,0.54
10366264,4dcc8189c65bf2a59c1838e6,19.41634839,-99.16393196,19.41457016904365,-99.164252938124,200.79864651262432,LA CALLE DE LAS SIRENAS,la calle de las sirenas,La Jaula De Las Locas,la jaula de las locas,8,0.65,0.43,0.54
10123457,565a6835498e511a2a3778ed,19.42257249,-99.16873539,19.420253310204156,-99.16714895201416,307.2319381241946,LA CASA COREANA,la casa coreana,La Casa Roma,la casa roma,5,0.67,0.5,0.58
11481669,5e680ba60301d30008a494b2,19.43338182,-99.15080064,19.434112,-99.148313,273.5032390074138,LA CASA DE LA YEYA,la casa de la yeya,La Casa De Oaxaca,la casa de oaxaca,5,0.72,0.6,0.66
8859783,54c96693498eca052ff8004f,19.4385256,-99.15136061,19.439836889634456,-99.15308870993758,232.8426022055701,LA CASA DE LOS ABUELOS,la casa de los abuelos,La casa de la costilla,la casa de la costilla,9,0.59,0.5,0.54
8859783,4bd2639da8b3a59397ec675f,19.4385256,-99.15136061,19.438096232730736,-99.15456941759652,340.21661341705004,LA CASA DE LOS ABUELOS,la casa de los abuelos,Casa De Los Amigos,casa de los amigos,7,0.68,0.5,0.59
6317520,68586eafc797ec7458674908,19.42780774,-99.16331268,19.426007,-99.160541,353.34122579998575,LA CASA DE LOS ABUELOS ZONA ROSA,la casa de los abuelos zona rosa,La Casa De Las Vibras Rosa,la casa de las vibras rosa,12,0.62,0.44,0.53
10085274,8d8e3ddf1c4e418a6d0ead30,19.41964335,-99.16466214,19.420183,-99.16151,336.3395760436848,LA CASA DE LOS SOLES,la casa de los soles,La Casa de la Virgen,la casa de la virgen,7,0.65,0.5,0.58
989254,4e5ac1cc18a8c204751db4ad,19.43253853,-99.13739518,19.434058710163335,-99.14012162139824,332.5003015766569,LA CASA DEL PAVO,la casa del pavo,La Casa de Madero,la casa de madero,5,0.71,0.33,0.52
989254,5ad289180dd31f29a5565347,19.43253853,-99.13739518,19.433986,-99.138917,226.90459253374922,LA CASA DEL PAVO,la casa del pavo,La Casa de Toño,la casa de tono,4,0.75,0.33,0.54
989254,55b49e6a498e113809466155,19.43253853,-99.13739518,19.434321,-99.137081,201.14608275760278,LA CASA DEL PAVO,la casa del pavo,la casa del pk,la casa del pk,3,0.81,0.6,0.71
989254,5a7b2f772bf9a962f98b38fc,19.43253853,-99.13739518,19.434538,-99.13589,272.9633189533061,LA CASA DEL PAVO,la casa del pavo,La Casa Del Tatuador,la casa del tatuador,6,0.7,0.6,0.65
989254,55fd961d498e02b9697f1314,19.43253853,-99.13739518,19.4293212890625,-99.13707733154295,359.6926580274721,LA CASA DEL PAVO,la casa del pavo,La Casa De Tayo,la casa de tayo,3,0.81,0.33,0.57
989254,4d39d962cc48224b7397374f,19.43253853,-99.13739518,19.43079283741265,-99.13763069521733,195.89608594225157,LA CASA DEL PAVO,la casa del pavo,La Casa del Cine,la casa del cine,4,0.75,0.6,0.68
989254,595928d34420d86b18c42eb7,19.43253853,-99.13739518,19.430335312811035,-99.1388389146291,288.3120640651049,LA CASA DEL PAVO,la casa del pavo,La Casa de Toño,la casa de tono,4,0.75,0.33,0.54
989254,4e63b4001f6ef7d07b3f7e0f,19.43253853,-99.13739518,19.430138770345856,-99.13969971083576,360.40593304411016,LA CASA DEL PAVO,la casa del pavo,La Casa Del Cable,la casa del cable,4,0.76,0.6,0.68
989254,572a43cd498e94c1e2b096ad,19.43253853,-99.13739518,19.429819,-99.138447,322.245012488773,LA CASA DEL PAVO,la casa del pavo,La Casa del Sobre,la casa del sobre,5,0.71,0.6,0.66
8738200,56141ef1498e14a8f167ed9f,19.41100776,-99.17460675,19.409257632412817,-99.1739235171685,207.61006335019414,LA CERVECERIA DE BARRIO CONDESA,la cerveceria de barrio condesa,La Cocina de la Condesa,la cocina de la condesa,12,0.61,0.5,0.55
7732793,60aaa284d2310a5f1698189e,19.42608489,-99.16401243,19.427427,-99.165206,194.99263280539645,LA CHOPERIA. RESTAURANT BAR,la choperia bar,La Choperia Argentina,la choperia argentina,8,0.62,0.5,0.56
1017875,4ec2a3c1d3e3700a5ccb0c8b,19.42796275,-99.13600614,19.427442525013245,-99.13781893362444,198.92535974394605,LA CUEVA RESTAURANTE,la cueva,La Güera,la guera,2,0.75,0.33,0.54
9548101,4bb11250f964a520cf773ce3,19.41065836,-99.17386019,19.412250276679316,-99.17208807201548,256.9461142906604,LA ESQUITERIA,la esquiteria,La Flautería,la flauteria,4,0.69,0.33,0.51
11324196,56d8ed34498e86540d4141d9,19.43241373,-99.13748636,19.431860310304263,-99.1399104903474,261.83197267616407,LA FLACA,la flaca,La Flaca,la flaca,0,1,1,1
8385889,51fd23f4498ea33ff112c69d,19.40970626,-99.16567107,19.41037218646448,-99.16348887033044,240.80890767832054,LA FLOR DE MEDELLIN,la flor de medellin,La Flor De Xochimilco,la flor de xochimilco,9,0.57,0.6,0.58
10023591,33a580cb7da945fc6b1c86a4,19.42350916,-99.15686251,19.422841,-99.155081,201.2773597403271,LA FLOR DEL SON,la flor del son,La Palapa del Son,la palapa del son,5,0.71,0.6,0.66
980919,52d0f93911d2ad381422bffe,19.44093651,-99.13913156,19.437766344146407,-99.13905656652732,352.9890436526,LA GUERA,la guera,Quesadillas La Güera,quesadillas la guera,12,0.4,0.67,0.54
887667,54c456d7498e896848b23d43,19.43450426,-99.13947637,19.432742682542777,-99.13740279061794,292.98204273146166,LA ISLA DEL DRAGON,la isla del dragon,"La Isla Del Dragón, Motolinia, Centro",la isla del dragon motolinia centro,17,0.51,0.67,0.59
887667,52ed975a498e1eb098ec3920,19.43450426,-99.13947637,19.432959798037757,-99.1373955545306,277.98344422364835,LA ISLA DEL DRAGON,la isla del dragon,la isla del dragon,la isla del dragon,0,1,1,1
887667,54c45706498eb66c4d1af02e,19.43450426,-99.13947637,19.433195689215925,-99.13747304837624,255.82606897005678,LA ISLA DEL DRAGON,la isla del dragon,"La Isla Del Dragón, Motolinia, Centro",la isla del dragon motolinia centro,17,0.51,0.67,0.59
887667,53b9e700498e69be2ef8fc46,19.43450426,-99.13947637,19.432743672100894,-99.14042392994298,219.7861279821909,LA ISLA DEL DRAGON,la isla del dragon,isla del dragon,isla del dragon,3,0.83,0.75,0.79
989265,4ba442e2f964a520fb9038e3,19.43283599,-99.1373457,19.43425481240106,-99.13936133177836,264.0428675107811,LA ISLA DEL DRAGON RESTAURANT BAR,la isla del dragon bar,La Isla Del Dragón,la isla del dragon,4,0.82,0.8,0.81
989265,53b9e700498e69be2ef8fc46,19.43283599,-99.1373457,19.432743672100894,-99.14042392994298,323.3094487329681,LA ISLA DEL DRAGON RESTAURANT BAR,la isla del dragon bar,isla del dragon,isla del dragon,7,0.68,0.6,0.64
866953,5146352ae4b0d65ff5d12b04,19.41164249,-99.17550071,19.414434,-99.176801,339.4149053260561,LA KI K,la ki k,La KI-K,la ki k,0,1,1,1
9744155,4f8879ade4b0183204eacd7b,19.41703613,-99.15953317,19.41512454359221,-99.1588217605417,225.52400436981287,LA MADRE CAFE RESTAURANTE,la madre cafe,La Roma Cafe,la roma cafe,5,0.62,0.5,0.56
10735362,54a8646a498ee54470ed70e5,19.43196209,-99.12506851,19.43088160909596,-99.12656762138592,198.07520855247014,LA MEXICANITA,la mexicanita,La Mexicana,la mexicana,2,0.85,0.33,0.59
10735362,5ddd9de493ec3900088de08d,19.43196209,-99.12506851,19.431496,-99.12784,295.5372032813322,LA MEXICANITA,la mexicanita,La Mexicana,la mexicana,2,0.85,0.33,0.59
855775,4faa9c48e4b03532c7d5a204,19.45218655,-99.13582743,19.455002572744984,-99.13573393682698,313.63178591589076,LA MICHOACANA,la michoacana,Paleteria La Michoacana,paleteria la michoacana,10,0.57,0.67,0.62
7732359,505759afe4b0feb29b64c098,19.41327943,-99.15730792,19.416316,-99.158688,367.7745817027088,LA MORENITA,la morenita,La Teresita,la teresita,3,0.73,0.33,0.53
897754,56886c2e498e4c2af7e2b3df,19.42077857,-99.15067268,19.418812708119766,-99.14973667446334,239.88944345050956,LA NUEVA CASA DEL ABOGADO,la nueva casa del abogado,La Casa del Ferras,la casa del ferras,12,0.52,0.5,0.51
897754,576aa76e498e962a5dd989dd,19.42077857,-99.15067268,19.421782,-99.148418,261.74034816166113,LA NUEVA CASA DEL ABOGADO,la nueva casa del abogado,La casa del Ermitaño,la casa del ermitano,12,0.52,0.5,0.51
8327713,563ed983cd102b8e3b027aaf,19.41410804,-99.16291356,19.414507,-99.160201,288.233346382355,LA PARNITA,la parnita,La carreta,la carreta,3,0.7,0.33,0.52
1027933,581d5dd63c94c10b921d835f,19.42062108,-99.1673256,19.420787,-99.169576,236.98068587222986,LA PIPORRA,la piporra,La Papería,la paperia,3,0.7,0.33,0.52
8485080,517feca0e4b08c34b1c7d107,19.45920535,-99.12760699,19.458466685210283,-99.129528908341,217.84170804144412,LA POBLANITA,la poblanita,la poblanita,la poblanita,0,1,1,1
10741019,5467a8f9498ed11faf7a35b3,19.41973035,-99.16785892,19.419094696377854,-99.17026700777237,262.5326534299545,LA PROSPERIDAD,la prosperidad,"Lonchería ""La Prosperidad""",loncheria la prosperidad,10,0.58,0.67,0.62
11759496,4e024491a8091704343b79c9,19.43322537,-99.14431773,19.433128282375584,-99.14203319498998,240.06849101805585,LA RESERVA DE LA CASA,la reserva de la casa,La casa de todos,la casa de todos,11,0.48,0.6,0.54
11759496,56e1a405498e12f8f215c7cb,19.43322537,-99.14431773,19.43114376743088,-99.14543959736388,259.9340195856454,LA RESERVA DE LA CASA,la reserva de la casa,La Casa De Paquita,la casa de paquita,10,0.52,0.6,0.56
9983618,525898da11d21dbca0e40197,19.42798158,-99.13600365,19.42712020874023,-99.1343231201172,200.79811344870737,LA SORIANITA,la sorianita,la suruanita,la suruanita,2,0.83,0.33,0.58
896541,4f9f7901e4b0bf270bffd78b,19.40727717,-99.17114917,19.40475831079257,-99.16973868233424,317.1041817726128,LA TABERNA DEL CHANCLAS,la taberna del chanclas,La Taberna De Diana,la taberna de diana,6,0.74,0.33,0.54
10457370,4e86aed3d22d92558b802264,19.42449279,-99.16478664,19.427024989315196,-99.16446611496234,283.8844701595617,LA TERRAZA AMBERES,la terraza amberes,La Terraza,la terraza,8,0.56,0.67,0.62
10457370,4e6f5fbfd1647b1137eac11a,19.42449279,-99.16478664,19.427102223490937,-99.1644241485802,292.9629659319215,LA TERRAZA AMBERES,la terraza amberes,La Terraza Genove,la terraza genove,6,0.67,0.5,0.58
10457370,51f4789f498eb71077180d3e,19.42449279,-99.16478664,19.426969028374785,-99.16427277332592,280.88286049731386,LA TERRAZA AMBERES,la terraza amberes,la terraza,la terraza,8,0.56,0.67,0.62
10457370,4fd29b69e4b02d3b867180f3,19.42449279,-99.16478664,19.425291348343173,-99.16660830905109,210.8950212838242,LA TERRAZA AMBERES,la terraza amberes,la Terraza Magica,la terraza magica,6,0.67,0.5,0.58
10215711,5c3f40c135811b002c3ca07c,19.43307373,-99.14513504,19.434945,-99.146208,236.81107651223562,LA VITRINA,la vitrina,La Piscina,la piscina,3,0.7,0.33,0.52
878866,4d9be861cbc96ea88d30f625,19.44597218,-99.14664737,19.448293258838557,-99.14683461908749,259.12783244245816,LAS BRISAS,las brisas,Las Brasitas,las brasitas,3,0.75,0.33,0.54
878866,563a1f1fcd10490634c754f5,19.44597218,-99.14664737,19.447392741974973,-99.14379109440758,338.96780565080945,LAS BRISAS,las brisas,"Cafetería ""Las Brisas""",las brisas,0,1,1,1
1020866,530fa085498e6faea5be4df7,19.43373951,-99.16682095,19.435660107670756,-99.168219435831,259.35133656429633,LAS CASEROLAS,las caserolas,Las Panelas,las panelas,4,0.69,0.33,0.51
867241,797545c93bdf49bae196dd3b,19.40841921,-99.17932038,19.407712,-99.177078,248.24986500575523,LAS DELICIAS,las delicias,Las Delicias,las delicias,0,1,1,1
867241,4c5ce75c7735c9b6e3d98d72,19.40841921,-99.17932038,19.411294,-99.178773,325.13967331456126,LAS DELICIAS,las delicias,Las Helodias,las helodias,3,0.75,0.33,0.54
9185009,51d06f8f498ee9ad2692f954,19.41888557,-99.12752992,19.41756624963278,-99.1297755824446,277.7683665944794,LAS DELICIAS DEL 48,las delicias del 48,Las delicias de Jalisco,las delicias de jalisco,7,0.7,0.33,0.52
865168,4d9be861cbc96ea88d30f625,19.44683828,-99.14539802,19.448293258838557,-99.14683461908749,221.29918998747218,LAS MARGARITAS,las margaritas,Las Brasitas,las brasitas,4,0.71,0.33,0.52
867293,5972710db2958f7669cf4c89,19.40724865,-99.17840466,19.407278,-99.176297,221.31656801176587,LAS QUECAS FACTORY,las quecas factory,Las Quekas Factory Condesa,las quekas factory condesa,9,0.65,0.4,0.52
990851,4edabd166da1642c5d2cc57c,19.43678816,-99.13947604,19.43490219116211,-99.13703918457033,330.93242754409783,LONCHERIA LUPITA,loncheria lupita,Lonchería Anita,loncheria anita,3,0.81,0.33,0.57
990851,4fff5e7de4b06b792e406a40,19.43678816,-99.13947604,19.437247,-99.136446,322.1539121124831,LONCHERIA LUPITA,loncheria lupita,Loncheria Cuba,loncheria cuba,4,0.75,0.33,0.54
10998752,9b273cf820414ed03e4456e8,19.43501192,-99.14693616,19.434119,-99.148979,236.36695262857327,LONCHERIA PELTRE,loncheria peltre,Loncheria,loncheria,7,0.56,0.5,0.53
10528431,517ed2c3498e36216779d252,19.4276594,-99.13573216,19.427825405067424,-99.1380999664898,249.26100831450952,LOS ARCOS DE REGINA,los arcos de regina,Las De Regina,las de regina,6,0.68,0.4,0.54
867234,4bb26d4e14cfd13ae3eb14ab,19.40954443,-99.1788988,19.41142,-99.17795,231.334616355145,LOS CEREZOS,los cerezos,Los aderezos,los aderezos,2,0.83,0.33,0.58
876027,51211dd0e4b0a7323efd7b41,19.40838023,-99.14380817,19.405406070914506,-99.14284806101932,346.08830213011976,LOS CONCHITOS,los conchitos,Los Pollitos,los pollitos,4,0.69,0.33,0.51
7732072,501c921be4b035a21fdaec2c,19.41901742,-99.16424437,19.42196472400315,-99.16372133731602,332.65572419136623,LOS INSURGENTES,los insurgentes,Foro Insurgentes,foro insurgentes,3,0.81,0.33,0.57
892509,0e2000da411e4c8529c62eca,19.4297037,-99.14438187,19.430446,-99.142493,214.82131258903965,LOS SIRENOS,los sirenos,Los Viñedos,los vinedos,3,0.73,0.33,0.53
8626055,532cb059498ec227b0a3d370,19.41330701,-99.16503338,19.41076051656431,-99.1645755241202,287.5213354730221,LOS TURCOS,los turcos,Los Eternos,los eternos,3,0.73,0.33,0.53
866797,508ae746e4b0cc37031e4771,19.41431625,-99.17352093,19.412735996622185,-99.17457234830866,207.68019218855352,LOS URUGUAYOS RESTAURANTE,los uruguayos,Los Mariguanos,los mariguanos,4,0.71,0.33,0.52
9428148,5121655ae4b0d10dcba1d6e6,19.4206507,-99.16334611,19.42076692926254,-99.1666623731834,348.400527437094,MAISON ARTEMISIA,maison artemisia,Artemisia restaurante,artemisia,7,0.56,0.5,0.53
6876585,504184efe4b00a5804375c30,19.41422416,-99.1635933,19.41230005654309,-99.16133182509309,319.7687670018322,MCCARTHYS LA ROMA,mccarthys la roma,Billar la roma,billar la roma,8,0.53,0.5,0.52
9752601,52a0028a498e74c437274fe6,19.42273828,-99.15679988,19.424066988712266,-99.15843423160878,226.53399546287145,MERIDA 50,merida 50,Merida 12,merida 12,2,0.78,0.33,0.56
9752601,58b0e856e6160c515f666692,19.42273828,-99.15679988,19.419958,-99.157698,323.5434088824372,MERIDA 50,merida 50,Merida 87,merida 87,2,0.78,0.33,0.56
659676,4bb3dfbb87aa95212996acd1,19.42868981,-99.15961022,19.431009,-99.162163,372.11704346715135,MEZZO MEZZO,mezzo mezzo,Mezzo Mezzo,mezzo mezzo,0,1,1,1
883741,56761b3a498e41010231726f,19.44576101,-99.1289217,19.445101,-99.125843,331.41687838587416,MICHELADAS DOÑA MAGOS,micheladas dona magos,Quesadillas doña magos,quesadillas dona magos,8,0.64,0.5,0.57
7744419,55eb7d24498eadce4afac226,19.44495159,-99.12872777,19.44383748165105,-99.1272536701396,198.30515945532807,MICHELADAS EL GUERO,micheladas el guero,Micheladas el Chimue,micheladas el chimue,6,0.7,0.5,0.6
7744419,5206b20b11d27aedce515ba6,19.44495159,-99.12872777,19.443045156033826,-99.12760553314416,242.72619165146705,MICHELADAS EL GUERO,micheladas el guero,Tacos El Güero,tacos el guero,8,0.58,0.5,0.54
7744419,53363551498e0f514e21f26b,19.44495159,-99.12872777,19.443840356947785,-99.12580570216272,330.73525495779063,MICHELADAS EL GUERO,micheladas el guero,Micheladas La Guera,micheladas la guera,3,0.84,0.2,0.52
7744419,5740cfa7498e1f63328732b4,19.44495159,-99.12872777,19.446533,-99.1277,206.4697765194901,MICHELADAS EL GUERO,micheladas el guero,"Micheladas ""La Güera""",micheladas la guera,3,0.84,0.2,0.52
9006502,53363551498e0f514e21f26b,19.44517266,-99.127359,19.443840356947785,-99.12580570216272,220.41232971988546,MICHELADAS LA DEL BARRIO,micheladas la del barrio,Micheladas La Guera,micheladas la guera,9,0.62,0.4,0.51
11599762,5d3136f9ec65e000077ac62d,19.4240597,-99.15223743,19.425112,-99.15506,318.63630826821526,MILA Y NESA,mila y nesa,Mila & Nesa,mila nesa,2,0.82,0.67,0.74
10260216,4bba90cbb35776b04121cb01,19.4168159,-99.15896987,19.418033909318247,-99.16067197021546,224.31622009715574,NONSOLO,nonsolo,NonSolo,nonsolo,0,1,1,1
896355,4f470c4ce4b0d6373f750a2f,19.4091508,-99.17163829,19.40693566102366,-99.17157154825216,246.68769104186882,OJO DE AGUA,ojo de agua,Ojo de Sauron,ojo de sauron,5,0.62,0.5,0.56
10350633,509c14d1e4b0da36383f0730,19.41515689,-99.16327372,19.41698093589572,-99.16538106304952,300.300477789958,OJO DE AGUA,ojo de agua,Puestito de agua,puestito de agua,7,0.56,0.5,0.53
11721386,4f470c4ce4b0d6373f750a2f,19.40880933,-99.17177972,19.40693566102366,-99.17157154825216,209.71794173754424,OJO DE MAIZ,ojo de maiz,Ojo de Sauron,ojo de sauron,5,0.62,0.5,0.56
10513089,562d2de45ca147151c7ad6b7,19.41709607,-99.16470421,19.417164,-99.161308,356.6414946369436,OPERADORA DE RESTAURANTES DURASNOS,operadora de restaurantes durasnos,Operadora de Restaurantes Regios,operadora de restaurantes regios,5,0.85,0.6,0.72
11383729,5012b6fbe4b0ad6ab1f9cac0,19.41415687,-99.13338222,19.416223705524285,-99.13216329709122,263.2749115518833,PANCITA LA GUERA,pancita la guera,pancita la güera,pancita la guera,0,1,1,1
8625789,4fb80d1ee4b0cf0c83f94c10,19.43405529,-99.13556032,19.433965515933956,-99.13877012576832,337.10426210613855,PATA NEGRA CENTRO HISTORICO,pata negra centro historico,Restaurante Palacio centro histórico,palacio centro historico,7,0.74,0.4,0.57
8625789,5e6ff72b9b1950000854d49c,19.43405529,-99.13556032,19.435109639777988,-99.13834512233734,315.02061862363394,PATA NEGRA CENTRO HISTORICO,pata negra centro historico,Wings Secret Centro Histórico,wings secret centro historico,9,0.69,0.33,0.51
8625789,5e6fed435e46ac000852e171,19.43405529,-99.13556032,19.43601,-99.138086,342.99586700196755,PATA NEGRA CENTRO HISTORICO,pata negra centro historico,Wings Secret Centro Histórico,wings secret centro historico,9,0.69,0.33,0.51
8625789,5e6fbb02db13760008cd5611,19.43405529,-99.13556032,19.436075,-99.138052,344.9167251811484,PATA NEGRA CENTRO HISTORICO,pata negra centro historico,Wings Secret Centro Histórico,wings secret centro historico,9,0.69,0.33,0.51
8625789,4d93f7515ce96a31d931099f,19.43405529,-99.13556032,19.43595373333333,-99.13346221666666,305.2419600494119,PATA NEGRA CENTRO HISTORICO,pata negra centro historico,digital centro historico,digital centro historico,10,0.63,0.4,0.52
8625789,5e6fb6895232340008a03722,19.43405529,-99.13556032,19.43527151962695,-99.13408041000363,206.07272048125134,PATA NEGRA CENTRO HISTORICO,pata negra centro historico,Wings Secret Centro Histórico,wings secret centro historico,9,0.69,0.33,0.51
8625789,54ac6e92498ea4e6cfedfdae,19.43405529,-99.13556032,19.43457414864034,-99.13383910833991,189.6946818334632,PATA NEGRA CENTRO HISTORICO,pata negra centro historico,Tranvía Centro Histórico,tranvia centro historico,7,0.74,0.4,0.57
8625789,4e287117149554c77439a44d,19.43405529,-99.13556032,19.432222658227897,-99.13386296037623,270.8670419381693,PATA NEGRA CENTRO HISTORICO,pata negra centro historico,Centro Histórico,centro historico,11,0.59,0.5,0.54
8625789,5e6fb531caec930008a8969d,19.43405529,-99.13556032,19.43110306209445,-99.13644075393675,341.3900820726015,PATA NEGRA CENTRO HISTORICO,pata negra centro historico,Wings Secret Centro Histórico,wings secret centro historico,9,0.69,0.33,0.51
8625789,5c6c1f10345cbe0039e1392f,19.43405529,-99.13556032,19.430977,-99.13665,361.2629115190969,PATA NEGRA CENTRO HISTORICO,pata negra centro historico,Casa Telmex Centro Histórico,casa telmex centro historico,7,0.75,0.33,0.54
8625789,59e9106a3af9884c48b55b90,19.43405529,-99.13556032,19.431839360262405,-99.13784636645984,344.15330765494525,PATA NEGRA CENTRO HISTORICO,pata negra centro historico,Aeromexico Centro Histórico,aeromexico centro historico,9,0.67,0.4,0.54
8625789,4fb6c857e5e89701148d229b,19.43405529,-99.13556032,19.43224636327969,-99.13773894309998,304.7231012226439,PATA NEGRA CENTRO HISTORICO,pata negra centro historico,Florsheim - Centro Histórico,florsheim centro historico,9,0.67,0.4,0.54
9208167,50c38c22e4b0291713946b97,19.40811885,-99.17409661,19.4097238578904,-99.17183647923711,297.0405995257597,PELTRE CONDESA,peltre condesa,Depelle Condesa,depelle condesa,4,0.73,0.33,0.53
9208167,4fa328cce4b04e7681b2b76e,19.40811885,-99.17409661,19.408936934300947,-99.17729208923213,347.64485743845484,PELTRE CONDESA,peltre condesa,Papelería Condesa,papeleria condesa,5,0.71,0.33,0.52
9208167,5c27b5a518d43b002c2f1c43,19.40811885,-99.17409661,19.405797,-99.175969,324.73560348012234,PELTRE CONDESA,peltre condesa,Prime Condesa,prime condesa,4,0.71,0.33,0.52
9208167,541c7705498ee38559928a75,19.40811885,-99.17409661,19.4064220226912,-99.17167427648944,316.80257120318134,PELTRE CONDESA,peltre condesa,Flores  condesa,flores condesa,4,0.71,0.33,0.52
6304508,557703e4498e3331560f2e18,19.44560318,-99.15326786,19.448540061240593,-99.15292008919944,328.9638752797865,PORTON BUENAVISTA,porton buenavista,Nissan Buenavista,nissan buenavista,5,0.71,0.33,0.52
6304508,5b6daf3c286fda002c93f3b6,19.44560318,-99.15326786,19.448143724949407,-99.15201232691902,312.01249337245855,PORTON BUENAVISTA,porton buenavista,Parfois Buenavista,parfois buenavista,4,0.78,0.33,0.56
6304508,5e605ec2c237e8000811cf77,19.44560318,-99.15326786,19.448087,-99.152102,302.36982578526744,PORTON BUENAVISTA,porton buenavista,Sportico Buenavista,sportico buenavista,4,0.79,0.33,0.56
6304508,4ec44cbbe300e6894ed51342,19.44560318,-99.15326786,19.447902555922667,-99.15193429195904,291.7422433377344,PORTON BUENAVISTA,porton buenavista,Mirador Buenavista,mirador buenavista,5,0.72,0.33,0.52
6304508,4b1480adf964a520f4a323e3,19.44560318,-99.15326786,19.448298289265505,-99.15182854261056,335.9123166588684,PORTON BUENAVISTA,porton buenavista,Forum Buenavista,forum buenavista,4,0.76,0.33,0.54
7733253,6239f114b349395894286944,19.41654788,-99.17561313,19.413366,-99.175545,354.2774782072222,POSTALES DE CAFE,postales de cafe,Casa De Cafe,casa de cafe,6,0.62,0.5,0.56
9656293,4e6194121f6ef7d07a57b0da,19.43462484,-99.13558971,19.433722895795956,-99.13390619399895,203.2599523092886,PULQUERIA EL CALLEJON,pulqueria el callejon,Pulqueria El MaI-Güey,pulqueria el mai guey,7,0.67,0.4,0.54
6258696,6771b746639f1262f5d779af,19.42813306,-99.1697826,19.425732,-99.171899,347.5723409126472,QUEBRACHO PARRILLA ARGENTINA,quebracho parrilla argentina,"El Diez, Parrilla Argentina",el diez parrilla argentina,8,0.71,0.4,0.55
6256976,58d574e495383907dbe9c96f,19.42455645,-99.16595314,19.426354,-99.164517,250.54434473940952,RAFAELLO ZONA ROSA,rafaello zona rosa,Burgerfi Zona Rosa,burgerfi zona rosa,7,0.61,0.5,0.55
6256976,e953a7860e83471f748c9581,19.42455645,-99.16595314,19.426914,-99.164366,310.8669422196186,RAFAELLO ZONA ROSA,rafaello zona rosa,Interlingua Zona Rosa,interlingua zona rosa,10,0.52,0.5,0.51
6256976,575cede5498e2739e24d8794,19.42455645,-99.16595314,19.426807,-99.16584,250.81148532626622,RAFAELLO ZONA ROSA,rafaello zona rosa,Cocktail Zona Rosa,cocktail zona rosa,8,0.56,0.5,0.53
6256976,52cc5c4111d29de3a3629611,19.42455645,-99.16595314,19.4245662689209,-99.16326141357422,282.58818266563463,RAFAELLO ZONA ROSA,rafaello zona rosa,Studio Zona Rosa,studio zona rosa,7,0.61,0.5,0.55
6256976,54edfd62498e19d7bbb44fec,19.42455645,-99.16595314,19.425451509498217,-99.1685600473138,291.2538288425568,RAFAELLO ZONA ROSA,rafaello zona rosa,V Zona Rosa,v zona rosa,8,0.56,0.5,0.53
6256976,5106e34de4b09fdea8755cf4,19.42455645,-99.16595314,19.425061016925017,-99.16843029038792,266.055322710849,RAFAELLO ZONA ROSA,rafaello zona rosa,restaurante zona rosa,zona rosa,9,0.5,0.67,0.58
11598209,679456279af10252dd9a4438,19.4237873,-99.15558719,19.425931,-99.155275,240.87574274846244,RECUERDO DE MIS AMORES,recuerdo de mis amores,El Recuerdo De Mis Amores,el recuerdo de mis amores,3,0.88,0.8,0.84
1019066,55a5d9f9498edacfa98c7a79,19.42763211,-99.13553285,19.42919488530065,-99.13844585444868,351.82945189686103,REGINA,regina,Regina Casa,regina casa,5,0.55,0.5,0.52
1019066,4dc44b04c65b89d3ca5103d9,19.42763211,-99.13553285,19.428113780423416,-99.13825560470748,290.8233406365783,REGINA,regina,Regina 18,regina 18,3,0.67,0.5,0.58
1019066,563fcb67cd1003308fea008b,19.42763211,-99.13553285,19.428038561969416,-99.1379878775972,261.6729162651213,REGINA,regina,Café Regina,cafe regina,5,0.55,0.5,0.52
1019066,4e3cd849b0fb875af85ab774,19.42763211,-99.13553285,19.428,-99.13766,227.034749953639,REGINA,regina,Regina 17,regina 17,3,0.67,0.5,0.58
9117530,54a99bad498e6b7e2d2300ed,19.423172,-99.1375973,19.424813,-99.138088,189.80015810891283,RESTAURANT BAR EL NUEVO CENTAURO,bar el nuevo centauro,restauran el nuevo centauro,restauran el nuevo centauro,7,0.74,0.6,0.67
1028087,664d8bd29eaa956fe5d63209,19.42698298,-99.16447855,19.424661,-99.16476,260.1649404976056,RESTAURANT BAR LA TERRAZA DE GENOVA,bar la terraza de genova,La Terraza De Amberes,la terraza de amberes,11,0.54,0.5,0.52
8337855,4dd2ada0d22d67839c615e4b,19.4338984,-99.13912624,19.433303186152273,-99.14251555476343,361.9182604523526,RESTAURANT BAR MR DUCK,bar mr duck,Bar Mr Lee,bar mr lee,4,0.64,0.5,0.57
866901,4cf227c4899c6ea8e1f7f4c1,19.4115774,-99.17244129,19.413311296621742,-99.17186351306025,202.3244181406016,RESTAURANT BAR NUEVO LEON,bar nuevo leon,Hochos Nuevo León,hochos nuevo leon,6,0.65,0.5,0.58
866901,4e19e0f552b123a586e45468,19.4115774,-99.17244129,19.409544725912504,-99.17263127743948,227.15375825986007,RESTAURANT BAR NUEVO LEON,bar nuevo leon,Lavanderia Nuevo León,lavanderia nuevo leon,8,0.62,0.5,0.56
866901,4f88e81ae4b0c71a714b4252,19.4115774,-99.17244129,19.40888160155875,-99.17259883654243,300.5504386035223,RESTAURANT BAR NUEVO LEON,bar nuevo leon,La Nuevo Leon,la nuevo leon,2,0.86,0.5,0.68
11434293,4e3423aeb0fb17f64f8a6f83,19.42508086,-99.16167363,19.424779323156383,-99.16486205717464,336.40938902564204,RESTAURANT EL BUEN CAFE,el buen cafe,El Buen Café,el buen cafe,0,1,1,1
1040347,509c2831498efdffc56ddaf9,19.42959957,-99.14249317,19.427257537841797,-99.14251708984376,260.72592020256656,RESTAURANT EL PAISA,el paisa,el paraíso,el paraiso,3,0.7,0.33,0.52
1040347,4e1b0d5daeb7d09fc834aa96,19.42959957,-99.14249317,19.430715445411476,-99.14425379484987,222.6932628138885,RESTAURANT EL PAISA,el paisa,Caldos El Paisa,caldos el paisa,7,0.53,0.67,0.6
1040347,529b7f8011d2702e01634fd1,19.42959957,-99.14249317,19.43076515197754,-99.14466094970705,261.96347537395565,RESTAURANT EL PAISA,el paisa,el paisa,el paisa,0,1,1,1
892853,52c5e86a498e61edcdd3879a,19.42694266,-99.14280693,19.429596,-99.142679,295.6736307847915,RESTAURANT EL PARAISO,el paraiso,El Paisa,el paisa,3,0.7,0.33,0.52
892853,52bf35d0498ec248e1ca1cb0,19.42694266,-99.14280693,19.429796,-99.144659,372.4164266576877,RESTAURANT EL PARAISO,el paraiso,Frutería El Paraíso,fruteria el paraiso,9,0.53,0.67,0.6
1042487,4bcf60e8046076b076316e71,19.42520999,-99.1375051,19.426205205997537,-99.13570040995388,219.47470009322814,RESTAURANT SUSHI SAN,sushi san,Sushi Town,sushi town,3,0.7,0.33,0.52
1020219,4e8dfa30775b89b050a75d73,19.432329,-99.16545713,19.43296870110435,-99.16770486915362,246.47439235100856,RESTAURANTE ARLES,arles,Arles,arles,0,1,1,1
1020219,4dcc039f1838cc2cc659d35b,19.432329,-99.16545713,19.433061723247317,-99.16754939641986,234.29812374089585,RESTAURANTE ARLES,arles,Restaurante Arles,arles,0,1,1,1
6257054,55dfc0e8498ea6ed77a60f89,19.41838207,-99.15413691,19.41950225830078,-99.15234375,225.81172770310965,RESTAURANTE BAR CANTINA LA NUMERO UNO,bar cantina la numero uno,"Restaurant Bar Cantina ""La Alegre """,bar cantina la alegre,9,0.64,0.5,0.57
890624,672bd884de849f7cccce3f22,19.43239694,-99.14525778,19.43205,-99.14773,262.3872587376516,RESTAURANTE BAR EL FAROLITO,bar el farolito,Restaurante Bar El Negresco,bar el negresco,7,0.53,0.5,0.52
1013524,668374051ff0122ff0c0fb15,19.43763045,-99.14936119,19.437742,-99.14741,205.20169857897892,RESTAURANTE BAR EL MIRADOR,bar el mirador,Bar El Hormiguero,bar el hormiguero,8,0.53,0.5,0.52
884937,51ce51a6498ef74866ebbd91,19.45291583,-99.15916618,19.454863901675026,-99.15776390773648,262.0915504880111,RESTAURANTE BAR EL PARAISO,bar el paraiso,El Paraíso,el paraiso,4,0.71,0.67,0.69
865855,a9f4b579e1bd4d1120b8dcb1,19.44832891,-99.14105736,19.446158,-99.141192,242.07750314040265,RESTAURANTE BAR LA MAS BARATA,bar la mas barata,La Barata,la barata,8,0.53,0.5,0.52
1016942,4d79702715958cfa18500e25,19.43652722,-99.15584426,19.438254911420625,-99.15687195321284,220.51692289855743,RESTAURANTE BAR LA QUIMERA,bar la quimera,Bar La Arena,bar la arena,5,0.64,0.5,0.57
1016942,51844245498e995ad1e52cdb,19.43652722,-99.15584426,19.439259,-99.156205,306.4491048669533,RESTAURANTE BAR LA QUIMERA,bar la quimera,Bar La Ruta,bar la ruta,5,0.64,0.5,0.57
8326441,55c52a3c498e846e7e580ed0,19.4212045,-99.15441967,19.41978,-99.155963,226.71328256973544,RESTAURANTE BAR TLACHIQUERO,bar tlachiquero,Tlachiquero,tlachiquero,4,0.73,0.5,0.62
1028519,50d0ed82e4b019a4930c1969,19.42390866,-99.16698874,19.425864089703857,-99.16700297805504,217.682570963978,RESTAURANTE BEATRICITA,beatricita,La Beatricita,la beatricita,3,0.77,0.5,0.64
865419,510d92d7e4b0681bb1d76ea2,19.41174581,-99.16836933,19.41055762383609,-99.16966916443008,190.0513517865588,RESTAURANTE BISTRO DEL PARQUE,bistro del parque,Tortas del Parque México,tortas del parque,5,0.71,0.5,0.6
865419,4d471b6f1b62b1f738aa0de3,19.41174581,-99.16836933,19.413582,-99.168323,204.46160500865315,RESTAURANTE BISTRO DEL PARQUE,bistro del parque,Copias del Parque,copias del parque,6,0.65,0.5,0.58
1010484,57b1317e498e8531b5aa6638,19.44241958,-99.15824084,19.44327,-99.155778,275.3155973584564,RESTAURANTE BLANQUITA,blanquita,tacos blanquita,tacos blanquita,6,0.6,0.5,0.55
10806303,5390d9ea498e7bcca1f7b4fc,19.43128829,-99.16229408,19.43315079819029,-99.16013168971205,307.4377397479091,RESTAURANTE CAYENA CUAUHTEMOC,cayena cuauhtemoc,Cuauhtémoc,cuauhtemoc,7,0.59,0.5,0.54
10806303,575dcd6f498e5384590b0342,19.43128829,-99.16229408,19.429247,-99.16386,280.4635928212664,RESTAURANTE CAYENA CUAUHTEMOC,cayena cuauhtemoc,Bazar Cuauhtémoc,bazar cuauhtemoc,5,0.71,0.33,0.52
884669,4fe2684ae4b03e90635afed7,19.46229149,-99.14703273,19.4613,-99.1493,262.3205220432057,RESTAURANTE CHIQUIS,chiquis,Chiquis Store,chiquis store,6,0.54,0.5,0.52
8626062,555d3d0a498e67b298a86ff2,19.43732958,-99.15159674,19.437510953228937,-99.15428161699936,282.56693805130277,RESTAURANTE EDISON,edison,EDISON 92,edison 92,3,0.67,0.5,0.58
8626062,4ed54a7f61af8b867d980fce,19.43732958,-99.15159674,19.43741054607093,-99.15394749317282,246.9346858385409,RESTAURANTE EDISON,edison,Restaurante Edison,edison,0,1,1,1
984409,5702b4dd498e2e898ea19940,19.44061388,-99.14462199,19.43905,-99.14214,313.35279653951403,RESTAURANTE EL BUEN COMER,el buen comer,El Buen Sazón,el buen sazon,5,0.62,0.5,0.56
890020,51e5b0e5498ea73b62453343,19.44229163,-99.15092984,19.43940684038493,-99.15041423438608,325.662501843485,RESTAURANTE EL BUEN SABOR,el buen sabor,El Buen Comer,el buen comer,4,0.69,0.5,0.6
1025302,55ad4a79498e8903082a48a5,19.43064503,-99.16410874,19.428794,-99.165069,229.39312495318904,RESTAURANTE EL COCINERO,el cocinero,El Caminero,el caminero,2,0.82,0.33,0.58
1030806,56997142498e8b276a07e26c,19.42592439,-99.14461502,19.42527155187971,-99.14667131274363,227.7792657380055,RESTAURANTE EL COMEDOR,el comedor,El Comedor,el comedor,0,1,1,1
11669875,4eceba0499114b48863a58e3,19.42533526,-99.1464799,19.426231731815395,-99.1446937131324,212.41958330253058,RESTAURANTE EL COMEDOR,el comedor,El Comedor,el comedor,0,1,1,1
631809,64519dc654585f470b12249d,19.43247351,-99.15652,19.433969,-99.153317,375.19887717267034,RESTAURANTE EL DIEZ REFORMA,el diez reforma,El Globo Reforma,el globo reforma,5,0.69,0.5,0.6
1016817,4f943fcfe4b0b2dfd11fdddc,19.43846131,-99.15492727,19.437324572886276,-99.1570503433234,256.2871496424312,RESTAURANTE EL FORTIN,el fortin,El Fortin Oaxaqueño,el fortin oaxaqueno,10,0.47,0.67,0.57
11001677,4d858d9a5e70224b8eba2509,19.42442774,-99.16463252,19.424977,-99.1668223,237.88208382811567,RESTAURANTE EL GALERO,el galero,El Vaquero,el vaquero,3,0.7,0.33,0.52
1040485,5903b2a40f013c76255d3bec,19.43000567,-99.15689362,19.42763,-99.158719,326.58841229404857,RESTAURANTE EL NUEVO TEHUACAN,el nuevo tehuacan,El Tehuacan,el tehuacan,6,0.65,0.67,0.66
1040485,4eaf14fe9a521bacdb29a513,19.43000567,-99.15689362,19.427515684334992,-99.1586072193246,330.4435893145798,RESTAURANTE EL NUEVO TEHUACAN,el nuevo tehuacan,El Nuevo Cafesito,el nuevo cafesito,8,0.53,0.5,0.52
1040485,4d8a5eba4757721eb0cab569,19.43000567,-99.15689362,19.427765194671043,-99.15880528627392,320.1251529355838,RESTAURANTE EL NUEVO TEHUACAN,el nuevo tehuacan,Nuevo Tehuacán,nuevo tehuacan,3,0.82,0.67,0.74
8337460,5bad0b94031320002ca1e13e,19.43323644,-99.14439386,19.431393,-99.142665,273.9544449018011,RESTAURANTE EL OAXAQUITO,el oaxaquito,El Taquito,el taquito,3,0.75,0.33,0.54
1024002,92d80e80d5f94e5e1f115600,19.43246111,-99.13524362,19.43263,-99.133178,217.6582506225354,RESTAURANTE EL REY DEL PAVO,el rey del pavo,El Rey del Tornillo,el rey del tornillo,7,0.63,0.6,0.62
7733316,54964a9f498ecc2164e47347,19.41548659,-99.17759879,19.417038403061262,-99.1785627751166,200.21109047756963,RESTAURANTE EL RINCON GOURMET,el rincon gourmet,El Rincón del Mal,el rincon del mal,6,0.65,0.4,0.52
855693,4e87d7862c5bfb0a491f3f40,19.45434283,-99.1412579,19.451335705035667,-99.14161296060296,336.8198605623475,RESTAURANTE EL SOL JAROCHO,el sol jarocho,El jarocho,el jarocho,4,0.71,0.67,0.69
9219942,4ec7e9a9775bf65c03f49251,19.43035849,-99.16248539,19.432293051421624,-99.1640673359593,271.95043484794684,RESTAURANTE EL TRECE,el trece,El Trece,el trece,0,1,1,1
863158,4c261dcd905a0f47d69c6260,19.40567765,-99.17054854,19.407592782040663,-99.1708550895269,215.6074461302379,RESTAURANTE FLORES DE LA CONDESA,flores de la condesa,Montessori De La Condesa,montessori de la condesa,8,0.67,0.6,0.64
865305,546f6c95498e3b3bd926f805,19.41544489,-99.16599969,19.417517,-99.165065,250.67254895721433,RESTAURANTE HIPODROMO,hipodromo,Hipódromo,hipodromo,0,1,1,1
11253308,4dab2bea4b22f071eac844e1,19.43418345,-99.136789340000007,19.43205754834088,-99.1379540454557,266.37329804939293,RESTAURANTE LA CAPILLA,la capilla,La Villa,la villa,3,0.7,0.33,0.52
956420,4c4605e0342c1b8de258b589,19.41228465,-99.1600923,19.414156833333333,-99.160224,208.86868480296062,RESTAURANTE LA CASA DE BENELL,la casa de benell,la casa de mi general,la casa de mi general,6,0.71,0.5,0.6
991957,5be79b864aa3f8002c68d911,19.43322441,-99.14204957,19.433333984114363,-99.14422625001298,228.82791463259366,RESTAURANTE LA CASA DE TODOS,la casa de todos,La Reserva de la Casa,la reserva de la casa,11,0.48,0.6,0.54
991957,53096796498ea17f80847ef1,19.43322441,-99.14204957,19.434535004329405,-99.14325823418284,193.35031534400468,RESTAURANTE LA CASA DE TODOS,la casa de todos,La casa de la Doña,la casa de la dona,5,0.72,0.6,0.66
991957,4e5ac1cc18a8c204751db4ad,19.43322441,-99.14204957,19.434058710163335,-99.14012162139824,222.68281535008634,RESTAURANTE LA CASA DE TODOS,la casa de todos,La Casa de Madero,la casa de madero,5,0.71,0.6,0.66
991957,5bfc6e85d1a402002ce7b741,19.43322441,-99.14204957,19.43414,-99.140076,230.89366065680545,RESTAURANTE LA CASA DE TODOS,la casa de todos,La Casa De Los Abuelos,la casa de los abuelos,8,0.64,0.5,0.57
991957,4cdf08f170bba1cd743c64c4,19.43322441,-99.14204957,19.433427187938772,-99.13922951238776,296.9020635228972,RESTAURANTE LA CASA DE TODOS,la casa de todos,La Casa de la Yeya,la casa de la yeya,7,0.61,0.6,0.6
991957,5ad289180dd31f29a5565347,19.43322441,-99.14204957,19.433986,-99.138917,339.6015837004675,RESTAURANTE LA CASA DE TODOS,la casa de todos,La Casa de Toño,la casa de tono,2,0.88,0.6,0.74
991957,57395ad6498e268998e2d892,19.43322441,-99.14204957,19.430784,-99.141335,281.8317620824241,RESTAURANTE LA CASA DE TODOS,la casa de todos,La Casa De Rosalinda,la casa de rosalinda,8,0.6,0.6,0.6
991957,38d21e6eac844943d66d1974,19.43322441,-99.14204957,19.431533,-99.141273,205.17781899841953,RESTAURANTE LA CASA DE TODOS,la casa de todos,Comercial la Casa de Todos,comercial la casa de todos,10,0.62,0.8,0.71
991957,578e6765498e854236914cef,19.43322441,-99.14204957,19.431054,-99.143222,271.15216198918364,RESTAURANTE LA CASA DE TODOS,la casa de todos,La Casa de los Focos,la casa de los focos,6,0.7,0.5,0.6
956051,4fa6d386e4b0d90526abb00a,19.41690305,-99.15417714,19.41759526186011,-99.15641246536286,247.00902201792306,RESTAURANTE LA CASA GALLEGA,la casa gallega,La Casa Azul,la casa azul,6,0.6,0.5,0.55
956051,51283a2ae4b03158b10ae3e3,19.41690305,-99.15417714,19.41790898656968,-99.15742099285126,358.50266656219094,RESTAURANTE LA CASA GALLEGA,la casa gallega,La Casa Tropical,la casa tropical,7,0.56,0.5,0.53
1026600,4c18c4f6d4d9c9282fd8ef29,19.42771209,-99.17029031,19.425045,-99.169917,299.47453665287156,RESTAURANTE LA CASITA,la casita,La casita acci,la casita acci,5,0.64,0.67,0.66
1026600,4c7595023adda143f1c507af,19.42771209,-99.17029031,19.42456720426143,-99.16982542438863,353.4725765620572,RESTAURANTE LA CASITA,la casita,La Casita - Accival,la casita accival,8,0.53,0.67,0.6
1026600,5c40f82c031320002c2b2bc0,19.42771209,-99.17029031,19.426213,-99.171504,209.95922071341522,RESTAURANTE LA CASITA,la casita,Pastelería La Casita,pasteleria la casita,11,0.45,0.67,0.56
864476,51fd23f4498ea33ff112c69d,19.40971566,-99.16562342,19.41037218646448,-99.16348887033044,235.72745884768707,RESTAURANTE LA FLOR DE MEDELLIN,la flor de medellin,La Flor De Xochimilco,la flor de xochimilco,9,0.57,0.6,0.58
8529033,57aceb16498e29987526d7fd,19.44125295,-99.14824678,19.44054,-99.15,200.42358713133004,RESTAURANTE LA FONDA,la fonda,La Otra Fonda,la otra fonda,5,0.62,0.67,0.64
9508919,4d0d649e95c1a1cd531602ff,19.43694369,-99.15669355,19.43709726219999,-99.15419546644718,262.79335425269727,RESTAURANTE LA FRONTERA,la frontera,La Cantera,la cantera,3,0.73,0.33,0.53
1060916,6739676e582b2d784ee7ebbf,19.42686423,-99.16077604,19.426148,-99.163775,324.7753933774331,RESTAURANTE LA NORIA,la noria,La Penería,la peneria,3,0.7,0.33,0.52
864652,549a1c4a498e59f586111de0,19.40606562,-99.16748392,19.40814627259143,-99.16545734925678,314.51758855236835,RESTAURANTE LA PARRILLA,la parrilla,La Parrilla Argentina,la parrilla argentina,10,0.52,0.67,0.6
864652,4c7ade112d3ba14395ba92d0,19.40606562,-99.16748392,19.408158687385065,-99.16539658381852,319.87370998564353,RESTAURANTE LA PARRILLA,la parrilla,La Parrilla Argentina,la parrilla argentina,10,0.52,0.67,0.6
864652,5983802a018cbb749c6ac94c,19.40606562,-99.16748392,19.408297,-99.167005,253.4345854788021,RESTAURANTE LA PARRILLA,la parrilla,Tacos A La Parrilla,tacos a la parrilla,8,0.58,0.5,0.54
876995,53e6faa7498e8d111a14ee0e,19.44857002,-99.15575476,19.45108027155278,-99.15805626966026,369.38958298081565,RESTAURANTE LA SANTA MARIA,la santa maria,Colonia Santa María la Ribera,colonia santa maria la ribera,15,0.48,0.6,0.54
876995,50f86561e4b06589fc5f8a48,19.44857002,-99.15575476,19.450592,-99.157274,275.85200029141913,RESTAURANTE LA SANTA MARIA,la santa maria,Optica Santa Maria,optica santa maria,5,0.72,0.5,0.61
876995,685433034ee004712337f17a,19.44857002,-99.15575476,19.449057,-99.158596,303.12477406632485,RESTAURANTE LA SANTA MARIA,la santa maria,La Santa,la santa,6,0.57,0.67,0.62
876995,516c6db7498ef5fba83d4818,19.44857002,-99.15575476,19.44860154788985,-99.1586845844934,307.5568859610516,RESTAURANTE LA SANTA MARIA,la santa maria,URBS Santa Maria la Ribera,urbs santa maria la ribera,14,0.46,0.6,0.53
876995,5265acdd498e399356adfcfd,19.44857002,-99.15575476,19.449082659959675,-99.15838356621322,281.7784563720491,RESTAURANTE LA SANTA MARIA,la santa maria,CasaMax Santa Maria La Rivera,casamax santa maria la rivera,16,0.45,0.6,0.52
876995,4ee984627ee58961e50e0053,19.44857002,-99.15575476,19.44920243541415,-99.15830449106691,276.7430803310152,RESTAURANTE LA SANTA MARIA,la santa maria,Crepas Santa María,crepas santa maria,5,0.72,0.5,0.61
876995,585ed3aa9f25836f2ba91697,19.44857002,-99.15575476,19.449549,-99.15728,193.6716035021101,RESTAURANTE LA SANTA MARIA,la santa maria,Santa María La Ratera,santa maria la ratera,13,0.38,0.75,0.56
876995,50039475e4b0bc51704b92b7,19.44857002,-99.15575476,19.448776947999107,-99.15758011023472,192.98237580747488,RESTAURANTE LA SANTA MARIA,la santa maria,Santa María La Ribera,santa maria la ribera,12,0.43,0.75,0.59
876995,5bb15c424a1cc0002c361e37,19.44857002,-99.15575476,19.448456,-99.15775,209.82005448058646,RESTAURANTE LA SANTA MARIA,la santa maria,La Ribera De Santa Maria,la ribera de santa maria,10,0.58,0.6,0.59
876995,687e96aa542cd13f548c54a9,19.44857002,-99.15575476,19.447195,-99.15698,199.92545910912222,RESTAURANTE LA SANTA MARIA,la santa maria,"Belle Santa María La Ribera, Cdmx",belle santa maria la ribera,14,0.48,0.6,0.54
876995,64f23efeef87292fcc9d4d02,19.44857002,-99.15575476,19.447259,-99.15718,208.9992111333761,RESTAURANTE LA SANTA MARIA,la santa maria,La Santa Tattoo,la santa tattoo,5,0.67,0.5,0.58
876995,53160995498ebb9640958c48,19.44857002,-99.15575476,19.44668615617888,-99.15781256008692,301.0585135752495,RESTAURANTE LA SANTA MARIA,la santa maria,Avícola Santa María,avicola santa maria,5,0.74,0.5,0.62
876995,57787d49498e8006a5e569fd,19.44857002,-99.15575476,19.446314,-99.15755,313.9773026151272,RESTAURANTE LA SANTA MARIA,la santa maria,Pizzas D' Santa María,pizzas d santa maria,7,0.65,0.4,0.52
876995,5689a938498e434cee847ede,19.44857002,-99.15575476,19.44652412053593,-99.1572341396102,275.65149239117267,RESTAURANTE LA SANTA MARIA,la santa maria,Calle Santa Maria La Ribera,calle santa maria la ribera,14,0.48,0.6,0.54
876995,5292a0f011d26379de6f91c9,19.44857002,-99.15575476,19.44649071531022,-99.15726116851144,280.32235606156496,RESTAURANTE LA SANTA MARIA,la santa maria,Abarrotes santa maria,abarrotes santa maria,8,0.62,0.5,0.56
876995,4f84ec49e4b0f0cddffb2928,19.44857002,-99.15575476,19.44628790624772,-99.1573314436974,303.19817602665734,RESTAURANTE LA SANTA MARIA,la santa maria,Ciber Santa Maria,ciber santa maria,5,0.71,0.5,0.6
876995,5cd6fcfef62e09002c2a2b74,19.44857002,-99.15575476,19.446091,-99.157423,326.8335108417748,RESTAURANTE LA SANTA MARIA,la santa maria,Podología Santa María,podologia santa maria,7,0.67,0.5,0.58
876995,4e27033ae4cd60a2c62b1250,19.44857002,-99.15575476,19.45042663682489,-99.1559291769709,207.4869418544728,RESTAURANTE LA SANTA MARIA,la santa maria,Cafeteria Santa Maria,santa maria,3,0.79,0.67,0.73
876995,50198f74e4b07f42d70aa1d2,19.44857002,-99.15575476,19.45086,-99.156101,257.4971316475242,RESTAURANTE LA SANTA MARIA,la santa maria,Pizzas Santa Maria La Ribera,pizzas santa maria la ribera,15,0.46,0.6,0.53
876995,51b38e52498ee7d06204eaef,19.44857002,-99.15575476,19.450863796400505,-99.15652057991409,267.6965078529033,RESTAURANTE LA SANTA MARIA,la santa maria,Plaza Santa María,plaza santa maria,3,0.82,0.5,0.66
876995,54260c8c498e4aff3699caf7,19.44857002,-99.15575476,19.451068805711316,-99.15645030543918,287.5853091929226,RESTAURANTE LA SANTA MARIA,la santa maria,Santa María la Ravera,santa maria la ravera,13,0.38,0.75,0.56
865596,4e617a6cd4c06542aa89733d,19.40951114,-99.16887224,19.406755846877235,-99.16684078507863,373.58872683595257,RESTAURANTE LA SELVA CAFE,la selva cafe,La Huerta Cafe,la huerta cafe,4,0.71,0.5,0.6
969406,523cae5b11d22fddac331721,19.43724284,-99.13091705,19.43651008605957,-99.13356018066406,289.2049612663562,RESTAURANTE LA TARASCA,la tarasca,La Tarasca,la tarasca,0,1,1,1
8483787,5276a194498e0d297a958e12,19.45679485,-99.14010673,19.459852,-99.13942,347.86995570375444,RESTAURANTE LA TERRAZA DE LOS AMIGOS,la terraza de los amigos,La Terraza De Mario,la terraza de mario,7,0.71,0.5,0.6
8483787,55e9db28498e0bee101cc0dc,19.45679485,-99.14010673,19.455461547719445,-99.13794705028522,270.95349623004927,RESTAURANTE LA TERRAZA DE LOS AMIGOS,la terraza de los amigos,La Casa de los Abuelos,la casa de los abuelos,9,0.62,0.43,0.52
896283,4d8ab9a576e1236a75122143,19.41175486,-99.17570092,19.412467,-99.173515,242.8083987320932,RESTAURANTE LA VINIERIA,la vinieria,La Vinateria,la vinateria,2,0.83,0.33,0.58
1025360,54c106c3498ecb20e859d837,19.43115317,-99.16134069,19.430523820148014,-99.1644349694252,332.30394388027366,RESTAURANTE LAS BANQUITAS,las banquitas,las Salsitas,las salsitas,4,0.69,0.33,0.51
1003568,55a032c6498eb4cecda6cb90,19.43718884,-99.13461175,19.43765351987153,-99.13812698893274,372.6197949081411,RESTAURANTE LAS TORRES,las torres,Restaurante las torres,las torres,0,1,1,1
880385,54e7e10d498ea80f9ee450a6,19.44512374,-99.14702883,19.447856990188995,-99.14701246297844,304.2688696501289,RESTAURANTE LOON CHIY,loon chiy,Restaurant Loon Chiu,loon chiu,1,0.89,0.33,0.61
868731,5408bcff498ed2a03e85d383,19.40508543,-99.16648226,19.407702901480647,-99.16507290290625,326.7972514478392,RESTAURANTE LOS ANGELES,los angeles,Los Angeles,los angeles,0,1,1,1
868731,57a2669a498e4c19021e24b6,19.40508543,-99.16648226,19.407124,-99.16786,269.116605100244,RESTAURANTE LOS ANGELES,los angeles,Tacos Los Ángeles,tacos los angeles,6,0.65,0.67,0.66
885005,4e46ec1a7d8b91a06596493f,19.46228098,-99.13729722,19.464930678510388,-99.13601926579672,324.0285044041217,RESTAURANTE LOS COMPADRES,los compadres,Restaurant Mexicano Los compadres,mexicano los compadres,9,0.59,0.67,0.63
6258626,5078661de4b02a5a81df1eb2,19.43603298,-99.13891873,19.434270938056187,-99.14174807884136,355.9387993546764,RESTAURANTE LOS GIRASOLES,los girasoles,Los Girasoles,los girasoles,0,1,1,1
863737,4e0f9370a8099e152614363e,19.41179062,-99.15621924,19.414522,-99.156239,304.0629083646625,RESTAURANTE LUPITA,lupita,Mi Lupita,mi lupita,3,0.67,0.5,0.58
6872056,53af80a0498e7d85f5289808,19.41846252,-99.15937102,19.42027021269994,-99.1575692986301,276.1779903869455,RESTAURANTE NUEVE,nueve,El Nueve,el nueve,3,0.62,0.5,0.56
1023940,50d24262498ec019de146117,19.43275041,-99.13520051,19.43485641479492,-99.13617706298828,255.87363868917424,RESTAURANTE OASIS,oasis,el oasis,el oasis,3,0.62,0.5,0.56
1020922,4e7b7a40aeb70c2b1bf8db50,19.43059207,-99.17079285,19.43270971844269,-99.1705550864661,237.05327211887624,RESTAURANTE PIPIRIN,pipirin,El Pipirin,el pipirin,3,0.7,0.5,0.6
847624,50cb8bcfe4b05e3eef1643ad,19.41967125,-99.17556927,19.41992266719382,-99.1729058827058,281.01631230416,RESTAURANTE RICO SAZON,rico sazon,Rico Sazón,rico sazon,0,1,1,1
847624,5060b4d2e4b06825098a1c59,19.41967125,-99.17556927,19.419850191019325,-99.17306382398624,263.7906949575988,RESTAURANTE RICO SAZON,rico sazon,Restaurante El Rico Sazon,el rico sazon,3,0.77,0.67,0.72
1028469,4efb7f094690a04b1314026d,19.42205639,-99.17160884,19.423262033904223,-99.17332335303324,224.52562539346633,RESTAURANTE ROSTI,rosti,el rosti,el rosti,3,0.62,0.5,0.56
1028471,50c795b2e4b0c8e85ad63dba,19.42212074,-99.17164528,19.420407,-99.173761,292.7991035944383,RESTAURANTE SAN FRANCISCO,san francisco,Restaurante San Francisco,san francisco,0,1,1,1
1028458,55ff78bb498e203b29296c06,19.42221721,-99.17088414,19.425173812465452,-99.1717715980987,342.06038058626154,RESTAURANTE SEVILLA,sevilla,Sevilla,sevilla,0,1,1,1
11586394,4fa00866e4b0db1b85b0f7f3,19.42654097,-99.13910914,19.424686723200693,-99.13780272022,247.82478800799495,RESTAURANTE SIN NOMBRE,sin nombre,Tacos sin nombre,tacos sin nombre,6,0.62,0.67,0.64
989813,5036e41ae4b05a29673b4c32,19.43278334,-99.14143243,19.434048866136767,-99.13885119380362,305.40495106606085,RESTAURANTE TLAQUEPAQUE,tlaquepaque,Tacos Tlaquepaque,tacos tlaquepaque,6,0.65,0.5,0.58
989342,4d055359c2e5370487a5bd67,19.43317145,-99.13734943,19.434306443256485,-99.13936205300912,246.17602252216182,RESTAURANTE VEGETARIANO,vegetariano,El Vegetariano,el vegetariano,3,0.79,0.5,0.64
989342,504fa6c0e4b0269ba9a43c42,19.43317145,-99.13734943,19.4332,-99.1341,341.1322714079048,RESTAURANTE VEGETARIANO,vegetariano,comedor vegetariano,comedor vegetariano,8,0.58,0.5,0.54
9584622,4ee56fd0b634710b8be69464,19.4270515,-99.16356021,19.42878433404932,-99.16333749684163,194.30999018411842,RESTAURANTE YOUNG BIN KWAN,young bin kwan,Young Bin Kwan,young bin kwan,0,1,1,1
9802097,560ededb498e9a97ed1678bb,19.4140631,-99.16441382,19.41128753058522,-99.1645755241202,309.4410583617937,RINCON LATINO,rincon latino,Rincón Argentino,rincon argentino,5,0.69,0.33,0.51
9802097,4d9f9006a428a1cd8e69cb04,19.4140631,-99.16441382,19.413412,-99.166082,189.54756607459964,RINCON LATINO,rincon latino,Rincon Cubano,rincon cubano,4,0.69,0.33,0.51
1029377,62882607d6117e2150d4acda,19.41759299,-99.16725483,19.420091,-99.16499,365.87574498403376,RINCONCITO DE LA ROMA,rinconcito de la roma,La Estrella De La Roma,la estrella de la roma,11,0.5,0.6,0.55
1029377,6287f1aa03803758b634632e,19.41759299,-99.16725483,19.419996,-99.165085,351.35709418867657,RINCONCITO DE LA ROMA,rinconcito de la roma,La Estrella De La Roma,la estrella de la roma,11,0.5,0.6,0.55
1029377,4f243b43e4b08842e3d114e9,19.41759299,-99.16725483,19.418157638915904,-99.16930074711708,223.80383260411583,RINCONCITO DE LA ROMA,rinconcito de la roma,El Dentista De La Roma,el dentista de la roma,8,0.64,0.5,0.57
1029377,5d4c958859d6f400081c3cac,19.41759299,-99.16725483,19.419493,-99.16911,287.5249948896264,RINCONCITO DE LA ROMA,rinconcito de la roma,Las Costras De La Roma,las costras de la roma,9,0.59,0.5,0.54
989358,4cfb1a1ac671721ebac3c118,19.43350613,-99.1382771,19.43441215681339,-99.1349708293328,361.4400420182501,SALON CORONA,salon corona,Salón Corona,salon corona,0,1,1,1
989358,4d3b6d29687ca35dc9e793c4,19.43350613,-99.1382771,19.43266871991104,-99.13534372526313,321.73958209875815,SALON CORONA,salon corona,Salón China Restaurant,salon china,3,0.75,0.33,0.54
989358,53812a70498ebd1e825d0660,19.43350613,-99.1382771,19.431609910956062,-99.13731091518098,234.19016801789604,SALON CORONA,salon corona,Salon China,salon china,3,0.75,0.33,0.54
989358,4fb82d46e4b056d06a376aa9,19.43350613,-99.1382771,19.430769674731515,-99.13840955582572,304.9380015782765,SALON CORONA,salon corona,Salón China Restaurante,salon china,3,0.75,0.33,0.54
989797,53812a70498ebd1e825d0660,19.43430488,-99.13927656,19.431609910956062,-99.13731091518098,364.11738558437867,SALON CORONA,salon corona,Salon China,salon china,3,0.75,0.33,0.54
989797,4bef5d25ac3cef3b9bd8f4f9,19.43430488,-99.13927656,19.432338098744687,-99.13743036222633,292.39912429910896,SALON CORONA,salon corona,Salón Corona,salon corona,0,1,1,1
989797,5957f6f25c683826dbf392a8,19.43430488,-99.13927656,19.433014,-99.137449,239.70199933776445,SALON CORONA,salon corona,Salón China,salon china,3,0.75,0.33,0.54
8529300,4bef5d25ac3cef3b9bd8f4f9,19.43389502,-99.13979461,19.432338098744687,-99.13743036222633,302.71803522066097,SALON CORONA MADERO,salon corona madero,Salón Corona,salon corona,7,0.63,0.67,0.65
11637207,53d193f2498ec91db2062e15,19.44712175,-99.15725096,19.444962,-99.1575,241.83930437977116,SANTA CHELA,santa chela,Santa Cochina,santa cochina,4,0.69,0.33,0.51
7732442,589b853ec0df763852532ac8,19.42408078,-99.17091024,19.422963,-99.17334,283.8162707478094,SAZON,sazon,Sazón Restaurante,sazon,0,1,1,1
6807808,5127e9c7e4b01d58fd632eb9,19.41971333,-99.15735276,19.417645127633488,-99.15718115031544,230.93511179007567,SOUL LA ROMA,soul la roma,Omnilife la Roma,omnilife la roma,7,0.56,0.5,0.53
9288551,4e5fe8a462e13e3bcd89c6bf,19.43354188,-99.13676532,19.433759065852755,-99.13944029066069,281.85014480206064,STARBUCKS COFFE,starbucks coffe,Starbucks,starbucks,6,0.6,0.5,0.55
9288551,51fadcb0498e90d14341554f,19.43354188,-99.13676532,19.434544730196695,-99.13890331429924,250.6716163819647,STARBUCKS COFFE,starbucks coffe,Starbucks,starbucks,6,0.6,0.5,0.55
9288551,4bb2455ba32876b0a95f00fe,19.43354188,-99.13676532,19.432026466575746,-99.1351382837678,240.06588237030772,STARBUCKS COFFE,starbucks coffe,Starbucks,starbucks,6,0.6,0.5,0.55
9288551,505b6ffae4b0b951797b6963,19.43354188,-99.13676532,19.430635098452857,-99.13721965881687,327.0777163947258,STARBUCKS COFFE,starbucks coffe,Starbucks,starbucks,6,0.6,0.5,0.55
11675904,57e43830498ea5b14f47e651,19.42907267,-99.162143,19.426171659067393,-99.1639939629556,376.89320170092304,SUKIYA,sukiya,Sukiya すき家,sukiya すき家,4,0.6,0.5,0.55
6257260,327396d529ef41b22bd1ecb8,19.42907292,-99.16214313,19.426913,-99.161389,253.13977974646554,SUSHI ITTO,sushi itto,Sushi Itto - Juárez,sushi itto juarez,7,0.59,0.67,0.63
6865246,56f85e84498e64a80e853359,19.44762047,-99.15283079,19.44888491541497,-99.151044761323,234.43501037283926,SUSHI ITTO FORUM BUENAVISTA,sushi itto forum buenavista,+Visión Forum Buenavista,+vision forum buenavista,8,0.7,0.4,0.55
6865246,60fc9deaa9710208d737a45a,19.44762047,-99.15283079,19.449265,-99.15151,229.64131811168664,SUSHI ITTO FORUM BUENAVISTA,sushi itto forum buenavista,Xtampalo Forum Buenavista,xtampalo forum buenavista,9,0.67,0.4,0.54
6865246,5b16fcb3364d97002c649dd8,19.44762047,-99.15283079,19.449305,-99.151687,222.6629587594396,SUSHI ITTO FORUM BUENAVISTA,sushi itto forum buenavista,Innvictus Fórum buenavista,innvictus forum buenavista,8,0.7,0.4,0.55
6865246,5d10983fe937f3002360f8ef,19.44762047,-99.15283079,19.44990527,-99.15166038,282.4599382682483,SUSHI ITTO FORUM BUENAVISTA,sushi itto forum buenavista,Lux Forum Buenavista,lux forum buenavista,9,0.67,0.4,0.54
6865246,5c719cbe8ad62e002ccfd799,19.44762047,-99.15283079,19.449727,-99.151604,267.5290319567769,SUSHI ITTO FORUM BUENAVISTA,sushi itto forum buenavista,Panini Point-Forum Buenavista,panini point forum buenavista,9,0.69,0.33,0.51
6865246,585754cd4287c920bed261aa,19.44762047,-99.15283079,19.449934,-99.15143,296.5592380426186,SUSHI ITTO FORUM BUENAVISTA,sushi itto forum buenavista,Samba Fórum Buenavista,samba forum buenavista,9,0.67,0.4,0.54
6865246,58571f06bf1a6d722710907f,19.44762047,-99.15283079,19.450617,-99.151429,364.5836271010976,SUSHI ITTO FORUM BUENAVISTA,sushi itto forum buenavista,Trender Forum Buenavista,trender forum buenavista,10,0.63,0.4,0.52
6879213,4f7a30d5e4b0a76294c8c455,19.4344775,-99.1392112,19.433658,-99.13717,232.8901204956105,SUSHI ROLL CENTRO HISTÓRICO,sushi roll centro historico,Optiker Centro Historico,optiker centro historico,9,0.67,0.4,0.54
6879213,f9c9847a860d4937e62c7aa3,19.4344775,-99.1392112,19.433281,-99.136103,352.4284297783955,SUSHI ROLL CENTRO HISTÓRICO,sushi roll centro historico,Mixup Centro Histórico,mixup centro historico,9,0.67,0.4,0.54
6879213,59e9106a3af9884c48b55b90,19.4344775,-99.1392112,19.431839360262405,-99.13784636645984,326.7630872778721,SUSHI ROLL CENTRO HISTÓRICO,sushi roll centro historico,Aeromexico Centro Histórico,aeromexico centro historico,10,0.63,0.4,0.52
6879213,4fb6c857e5e89701148d229b,19.4344775,-99.1392112,19.43224636327969,-99.13773894309998,292.53044674486983,SUSHI ROLL CENTRO HISTÓRICO,sushi roll centro historico,Florsheim - Centro Histórico,florsheim centro historico,10,0.63,0.4,0.52
6879213,4e8364060aaf371d66bf98fe,19.4344775,-99.1392112,19.431785327997417,-99.13936084343575,300.10265706024256,SUSHI ROLL CENTRO HISTÓRICO,sushi roll centro historico,CFE Centro Histórico,cfe centro historico,10,0.63,0.4,0.52
877509,56f85e84498e64a80e853359,19.44678872,-99.151835,19.44888491541497,-99.151044761323,247.65237243947982,SUSHI ROLL FORUM BUENAVISTA,sushi roll forum buenavista,+Visión Forum Buenavista,+vision forum buenavista,8,0.7,0.4,0.55
877509,03874c17123b46f974f22bcb,19.44678872,-99.151835,19.447476,-99.15394,233.8295774885964,SUSHI ROLL FORUM BUENAVISTA,sushi roll forum buenavista,dentalia Forum Buenavista,dentalia forum buenavista,10,0.63,0.4,0.52
877509,625c719c4ab20c60c4cbd208,19.44678872,-99.151835,19.448631,-99.15157,206.95954751099825,SUSHI ROLL FORUM BUENAVISTA,sushi roll forum buenavista,Crocs Forum Buenavista,crocs forum buenavista,8,0.7,0.4,0.55
877509,60fc9deaa9710208d737a45a,19.44678872,-99.151835,19.449265,-99.15151,277.76116671301855,SUSHI ROLL FORUM BUENAVISTA,sushi roll forum buenavista,Xtampalo Forum Buenavista,xtampalo forum buenavista,9,0.67,0.4,0.54
877509,5b16fcb3364d97002c649dd8,19.44678872,-99.151835,19.449305,-99.151687,280.5414790990588,SUSHI ROLL FORUM BUENAVISTA,sushi roll forum buenavista,Innvictus Fórum buenavista,innvictus forum buenavista,9,0.67,0.4,0.54
877509,5d10983fe937f3002360f8ef,19.44678872,-99.151835,19.44990527,-99.15166038,347.41662194309583,SUSHI ROLL FORUM BUENAVISTA,sushi roll forum buenavista,Lux Forum Buenavista,lux forum buenavista,9,0.67,0.4,0.54
877509,5c719cbe8ad62e002ccfd799,19.44678872,-99.151835,19.449727,-99.151604,327.9853593884055,SUSHI ROLL FORUM BUENAVISTA,sushi roll forum buenavista,Panini Point-Forum Buenavista,panini point forum buenavista,9,0.69,0.33,0.51
877509,585754cd4287c920bed261aa,19.44678872,-99.151835,19.449934,-99.15143,352.70237034385343,SUSHI ROLL FORUM BUENAVISTA,sushi roll forum buenavista,Samba Fórum Buenavista,samba forum buenavista,9,0.67,0.4,0.54
9459929,52066091498ec4bb0f0c7f5a,19.41192523,-99.16491544,19.41031,-99.162218,335.4667293235201,SUSHI ROLL PLAZA INSURGENTES,sushi roll plaza insurgentes,Inbursa Plaza Insurgentes,inbursa plaza insurgentes,9,0.68,0.4,0.54
896129,4d0a88fbd823b1f73f5ee45c,19.42104702,-99.1693127,19.420667508489032,-99.17198816916624,284.0450774045585,SUSHI ROMA,sushi roma,Sushi Time,sushi time,3,0.7,0.33,0.52
896129,535ab9e711d2f0b681d33289,19.42104702,-99.1693127,19.420651329360172,-99.17200129706724,285.6802262989002,SUSHI ROMA,sushi roma,Sushi Roma,sushi roma,0,1,1,1
892039,52f555a9498e318c47fbe7e2,19.42771012,-99.13508919,19.42534,-99.137546,368.96464548275924,SUSHI TAI,sushi tai,Sushi San,sushi san,2,0.78,0.33,0.56
894786,4c62c87ceb82d13a2a2706d6,19.42478285,-99.16660005,19.427614717161124,-99.16854923422862,375.8334422343634,TACOS DELI,tacos deli,Tacos Vero,tacos vero,3,0.7,0.33,0.52
10320576,5b0dec18da2e00002c54e530,19.43689688,-99.14026619,19.436663,-99.138417,195.85745091027943,TACOS DONCELES,tacos donceles,Casa Donceles,casa donceles,4,0.71,0.33,0.52
10546174,5b01cdeb9d6a19002c1c6fe4,19.43323953,-99.12953047,19.435476,-99.129807,250.64940539054425,TACOS EL MALUMA,tacos el maluma,Tacos El Justo,tacos el justo,6,0.6,0.5,0.55
1029013,6529d7e61b594a0f34f9bdf7,19.42544394,-99.16368305,19.425308,-99.16173,205.59410250758094,TACOS LA TERCIA,tacos la tercia,Tacos La Chula,tacos la chula,5,0.67,0.5,0.58
1029013,5b19e66d69e77b002e28e923,19.42544394,-99.16368305,19.424212,-99.16693,367.4270280345729,TACOS LA TERCIA,tacos la tercia,Tacos La Periquita,tacos la periquita,5,0.72,0.5,0.61
1022953,529a5888498e0d992a6b70ce,19.4327536,-99.13629451,19.43428576849931,-99.13942407692764,370.169255546075,TAI LI BUFFET CHINO,tai li buffet chino,Gran Buffet Chino,gran buffet chino,6,0.68,0.4,0.54
1022953,503a98fbe4b07c3e083e70c6,19.4327536,-99.13629451,19.434688898707932,-99.136040883188,217.07548157381459,TAI LI BUFFET CHINO,tai li buffet chino,Buffet Chino,buffet chino,7,0.63,0.5,0.56
10995393,566cec81498eb66b00db7633,19.43398918,-99.14076781,19.437028400727385,-99.14026793241842,342.3698554879129,TERRAZA 56,terraza 56,Terraza Bar,terraza bar,3,0.73,0.33,0.53
10995393,5715b6d3498e5cd5ce121bd4,19.43398918,-99.14076781,19.437025282780652,-99.14023236285831,342.6196201804295,TERRAZA 56,terraza 56,Terraza VIP,terraza vip,3,0.73,0.33,0.53
10995393,4dfd49d5fa76c83b6e7fe5b8,19.43398918,-99.14076781,19.433915923833545,-99.13869661563773,217.5809262286295,TERRAZA 56,terraza 56,Terraza Bar,terraza bar,3,0.73,0.33,0.53
9950669,636da7c5b130fc6296b1ec2a,19.41963787,-99.16829992,19.422283,-99.16753,305.34739315549865,TERRAZA MARGOT,terraza margot,Terraza Karaoke,terraza karaoke,4,0.73,0.33,0.53
884944,5167120ee4b0e55922984dfe,19.45238721,-99.1560289,19.453137743242525,-99.15866668393812,289.2060686925958,TERRAZA SANTA MARIA,terraza santa maria,Veterinaria Santa María,veterinaria santa maria,6,0.74,0.5,0.62
884944,65e39bb1d245685476e0ba22,19.45238721,-99.1560289,19.453339,-99.159072,336.53276282046124,TERRAZA SANTA MARIA,terraza santa maria,Casa Santa Maria,casa santa maria,5,0.74,0.5,0.62
884944,5cc48d09ee7120002cd8263b,19.45238721,-99.1560289,19.452583,-99.15937,351.3756769838029,TERRAZA SANTA MARIA,terraza santa maria,Carniceria Santa María,carniceria santa maria,8,0.64,0.5,0.57
884944,50f86561e4b06589fc5f8a48,19.45238721,-99.1560289,19.450592,-99.157274,238.7831802827719,TERRAZA SANTA MARIA,terraza santa maria,Optica Santa Maria,optica santa maria,6,0.68,0.5,0.59
884944,529b4c89498e11615352f2b9,19.45238721,-99.1560289,19.449976,-99.155182,282.752330254326,TERRAZA SANTA MARIA,terraza santa maria,Hotel Santa Maria,hotel santa maria,7,0.63,0.5,0.56
884944,56a2d33a498e6a6b87a27810,19.45238721,-99.1560289,19.44973927611875,-99.15497455570298,314.8576047089059,TERRAZA SANTA MARIA,terraza santa maria,Lavandería Santa Maria,lavanderia santa maria,9,0.59,0.5,0.54
884944,4e27033ae4cd60a2c62b1250,19.45238721,-99.1560289,19.45042663682489,-99.1559291769709,218.50088007873197,TERRAZA SANTA MARIA,terraza santa maria,Cafeteria Santa Maria,santa maria,8,0.58,0.67,0.62
884944,515c25abe4b0acd92146ed5d,19.45238721,-99.1560289,19.4545955657959,-99.1549072265625,272.57223789656115,TERRAZA SANTA MARIA,terraza santa maria,Gas Santa Maria,gas santa maria,6,0.68,0.5,0.59
884944,51361fc7e4b01b8cd92d7c81,19.45238721,-99.1560289,19.45456817082304,-99.1539420876154,326.99062022769135,TERRAZA SANTA MARIA,terraza santa maria,Habitum Santa Maria,habitum santa maria,7,0.63,0.5,0.56
877394,56f85e84498e64a80e853359,19.45162232,-99.15209431,19.44888491541497,-99.151044761323,324.02950399526065,TEXAS RIBS FORUM BUENAVISTA,texas ribs forum buenavista,+Visión Forum Buenavista,+vision forum buenavista,8,0.7,0.4,0.55
877394,4b1480adf964a520f4a323e3,19.45162232,-99.15209431,19.448298289265505,-99.15182854261056,371.07949538392893,TEXAS RIBS FORUM BUENAVISTA,texas ribs forum buenavista,Forum Buenavista,forum buenavista,11,0.59,0.5,0.54
877394,674a50a8f9204c0cff5cf2ee,19.45162232,-99.15209431,19.44839,-99.151825,360.9289427890255,TEXAS RIBS FORUM BUENAVISTA,texas ribs forum buenavista,Wingstop Forum Buenavista,wingstop forum buenavista,9,0.67,0.4,0.54
877394,625c719c4ab20c60c4cbd208,19.45162232,-99.15209431,19.448631,-99.15157,337.50952263485965,TEXAS RIBS FORUM BUENAVISTA,texas ribs forum buenavista,Crocs Forum Buenavista,crocs forum buenavista,8,0.7,0.4,0.55
877394,60fc9deaa9710208d737a45a,19.45162232,-99.15209431,19.449265,-99.15151,269.4878689737395,TEXAS RIBS FORUM BUENAVISTA,texas ribs forum buenavista,Xtampalo Forum Buenavista,xtampalo forum buenavista,9,0.67,0.4,0.54
877394,5b16fcb3364d97002c649dd8,19.45162232,-99.15209431,19.449305,-99.151687,261.48182279416363,TEXAS RIBS FORUM BUENAVISTA,texas ribs forum buenavista,Innvictus Fórum buenavista,innvictus forum buenavista,9,0.67,0.4,0.54
877394,5d0b527d52fae70023ac3d17,19.45162232,-99.15209431,19.44930096,-99.15177523,260.57405751598475,TEXAS RIBS FORUM BUENAVISTA,texas ribs forum buenavista,Lux Sears Forum Buenavista,lux sears forum buenavista,7,0.74,0.33,0.54
877394,5d10983fe937f3002360f8ef,19.45162232,-99.15209431,19.44990527,-99.15166038,196.49313861634377,TEXAS RIBS FORUM BUENAVISTA,texas ribs forum buenavista,Lux Forum Buenavista,lux forum buenavista,9,0.67,0.4,0.54
877394,585754cd4287c920bed261aa,19.45162232,-99.15209431,19.449934,-99.15143,200.4615514546661,TEXAS RIBS FORUM BUENAVISTA,texas ribs forum buenavista,Samba Fórum Buenavista,samba forum buenavista,8,0.7,0.4,0.55
11820887,54359868498e5fa49e56b43b,19.43526643,-99.16582008,19.437152,-99.165253,218.17899699043323,THE BEEER BOX SAN RAFAEL,the beeer box san rafael,TheBeerBox San Rafael,thebeerbox san rafael,3,0.88,0.33,0.6
9442681,50a2cda8e4b069a7bfd60158,19.40645265,-99.17279588,19.405099749575974,-99.17014958668685,316.04016798746375,TOKS,toks,Toks,toks,0,1,1,1
6309740,52373fb0498eaa43325b013f,19.44690089,-99.15255192,19.44669387276704,-99.15556377120268,316.9892922396922,TOKS,toks,Toks,toks,0,1,1,1
6309740,5532ff49498eade00eb21438,19.44690089,-99.15255192,19.44887351989746,-99.15198516845705,227.50796846032105,TOKS,toks,Toks,toks,0,1,1,1
10935035,53e18920498e1c99b378edfc,19.40753362,-99.17250243,19.40585025149833,-99.16991169443676,330.31359344159023,TOP BEER,top beer,Betos Beer,betos beer,3,0.7,0.33,0.52
866792,4fcae9a9e4b0d9a5effecd0e,19.41448259,-99.17029087,19.414620721913696,-99.16745712013358,297.9115705285339,TUCCO CONDESA,tucco condesa,hut condesa,hut condesa,4,0.69,0.33,0.51
866792,5534369a498ee80699306698,19.41448259,-99.17029087,19.41253093418568,-99.17291783926612,351.098171024031,TUCCO CONDESA,tucco condesa,Foro Condesa,foro condesa,4,0.69,0.33,0.51
866792,4fd5021ce4b0352ac4df9131,19.41448259,-99.17029087,19.4142,-99.1722,202.89273266236367,TUCCO CONDESA,tucco condesa,Jugos Condesa,jugos condesa,4,0.69,0.33,0.51
11701534,4b63b1ecf964a520958c2ae3,19.4234256,-99.15856451,19.42277,-99.160793,245.0748990648236,ULTRAMARINOS DE MAR,ultramarinos de mar,Stampa de Mar,stampa de mar,9,0.53,0.5,0.52
7743184,5bc0f1993149b9002b5fc19a,19.441113,-99.15489224,19.439688,-99.156146,206.1188853966592,VINGS CLUB,vings club,Wings Club,wings club,1,0.9,0.33,0.62
6304613,539a0dbf498e9ff3736c5cd7,19.43370591,-99.13789558,19.43429904536574,-99.14119139316551,352.22890274100007,VIPS MADERO,vips madero,restaurante madero,madero,5,0.55,0.5,0.52
6304613,659b409a79cb8022af614613,19.43370591,-99.13789558,19.433336,-99.135307,274.84467581407387,VIPS MADERO,vips madero,Madero,madero,5,0.55,0.5,0.52
6304613,580bfa9bd67c58094d24931d,19.43370591,-99.13789558,19.430906,-99.138155,312.87205473054377,VIPS MADERO,vips madero,Vips Madero,vips madero,0,1,1,1
6812371,51f2cedf498e119336c47b53,19.42982745,-99.16049643,19.42864064330395,-99.1590991551819,197.41107121504766,VIPS REFORMA,vips reforma,Crepas Reforma,crepas reforma,4,0.71,0.33,0.52
6812371,57fea1fa498e1c70f0f5f5d1,19.42982745,-99.16049643,19.428671,-99.15914,191.96373162296035,VIPS REFORMA,vips reforma,Vips reforma 222,vips reforma 222,4,0.75,0.67,0.71
11076196,55e37151498e84aea329c1a6,19.43411533,-99.14266375,19.43323683411692,-99.14112810598525,188.55121481483843,WASABI FISH,wasabi fish,Wasabi Fish,wasabi fish,0,1,1,1
7732111,58b87fbd158b962d98e17e38,19.4205236,-99.16643921,19.41780357679817,-99.16775721132692,332.91099146232136,WINS.STOP,wins stop,Wing Stop,wing stop,1,0.89,0.33,0.61
9632232,4da134a27aee5481490fbdfe,19.42411387,-99.16655735,19.427379047199462,-99.16616358427788,365.8210320293831,XUNI MEZCALERIA,xuni mezcaleria,La Mezcaleria,la mezcaleria,4,0.73,0.33,0.53
